regalia;Regalia;;;;;;;;;;;;;
regalia_adj;Regalia;;;;;;;;;;;;;
regalia_desc;Regalia;;;;;;;;;;;;;
e_regalia;Regalia;;;;;;;;;;;;;
e_regalia_adj;Regalian;;;;;;;;;;;;;
e_regalia_desc;Regalia;;;;;;;;;;;;;
k_regalia;Regalia;;;;;;;;;;;;;
k_regalia_adj;Regalian;;;;;;;;;;;;;
k_regalia_desc;Regalia;;;;;;;;;;;;;
d_regalia;Regalia;;;;;;;;;;;;;
d_regalia_adj;Regalian;;;;;;;;;;;;;
d_regalia_desc;Regalia;;;;;;;;;;;;;
c_regalia;Regalia;;;;;;;;;;;;;
c_regalia_adj;Regalian;;;;;;;;;;;;;
c_regalia_desc;Regalia;;;;;;;;;;;;;
k_kyntir;Kintyr;;;;;;;;;;;;;
k_kyntir_adj;Kintyr;;;;;;;;;;;;;
k_kyntir_desc;Kintyr;;;;;;;;;;;;;
PROV1;Regalia;;;;;;;;;;;;;
PROV1_adj;Regalia;;;;;;;;;;;;;
PROV1_desc;Regalia;;;;;;;;;;;;;
b_regalia;Regalia;;;;;;;;;;;;;
b_regalia_adj;Regalia;;;;;;;;;;;;;
b_regalia_desc;Regalia;;;;;;;;;;;;;
b_regalia2;Regalia2;;;;;;;;;;;;;
b_regalia2_adj;Regalia2;;;;;;;;;;;;;
b_regalia2_desc;Regalia2;;;;;;;;;;;;;
kroonstaat;Kroonstaat;;;;;;;;;;;;;
kroonstaat_adj;Kroonstaat;;;;;;;;;;;;;
kroonstaat_desc;Kroonstaat;;;;;;;;;;;;;
e_kroonstaat;Kroonstaat;;;;;;;;;;;;;
e_kroonstaat_adj;Kroonstaat;;;;;;;;;;;;;
e_kroonstaat_desc;Kroonstaat;;;;;;;;;;;;;
verreland;Verreland;;;;;;;;;;;;;
verreland_adj;Verreland;;;;;;;;;;;;;
verreland_desc;Verreland;;;;;;;;;;;;;
k_verreland;Verreland;;;;;;;;;;;;;
k_verreland_adj;Verreland;;;;;;;;;;;;;
k_verreland_desc;Verreland;;;;;;;;;;;;;
ruisterbroek;Ruisterbroek;;;;;;;;;;;;;
ruisterbroek_adj;Ruisterbroek;;;;;;;;;;;;;
ruisterbroek_desc;Ruisterbroek;;;;;;;;;;;;;
d_ruisterbroek;Ruisterbroek;;;;;;;;;;;;;
d_ruisterbroek_adj;Ruisterbroek;;;;;;;;;;;;;
d_ruisterbroek_desc;Ruisterbroek;;;;;;;;;;;;;
de_paaj;De Paaj;;;;;;;;;;;;;
de_paaj_adj;De Paaj;;;;;;;;;;;;;
de_paaj_desc;De Paaj;;;;;;;;;;;;;
c_de_paaj;De Paaj;;;;;;;;;;;;;
c_de_paaj_adj;De Paaj;;;;;;;;;;;;;
c_de_paaj_desc;De Paaj;;;;;;;;;;;;;
PROV2;De Paaj;;;;;;;;;;;;;
PROV2_adj;De Paaj;;;;;;;;;;;;;
PROV2_desc;De Paaj;;;;;;;;;;;;;
b_de_paaj;De Paaj;;;;;;;;;;;;;
b_de_paaj_adj;De Paaj;;;;;;;;;;;;;
b_de_paaj_desc;De Paaj;;;;;;;;;;;;;
b_de_paaj2;De Paaj2;;;;;;;;;;;;;
b_de_paaj2_adj;De Paaj2;;;;;;;;;;;;;
b_de_paaj2_desc;De Paaj2;;;;;;;;;;;;;
oostmuur;Oostmuur;;;;;;;;;;;;;
oostmuur_adj;Oostmuur;;;;;;;;;;;;;
oostmuur_desc;Oostmuur;;;;;;;;;;;;;
c_oostmuur;Oostmuur;;;;;;;;;;;;;
c_oostmuur_adj;Oostmuur;;;;;;;;;;;;;
c_oostmuur_desc;Oostmuur;;;;;;;;;;;;;
PROV3;Oostmuur;;;;;;;;;;;;;
PROV3_adj;Oostmuur;;;;;;;;;;;;;
PROV3_desc;Oostmuur;;;;;;;;;;;;;
b_oostmuur;Oostmuur;;;;;;;;;;;;;
b_oostmuur_adj;Oostmuur;;;;;;;;;;;;;
b_oostmuur_desc;Oostmuur;;;;;;;;;;;;;
b_oostmuur2;Oostmuur2;;;;;;;;;;;;;
b_oostmuur2_adj;Oostmuur2;;;;;;;;;;;;;
b_oostmuur2_desc;Oostmuur2;;;;;;;;;;;;;
lageland;Lageland;;;;;;;;;;;;;
lageland_adj;Lageland;;;;;;;;;;;;;
lageland_desc;Lageland;;;;;;;;;;;;;
c_lageland;Lageland;;;;;;;;;;;;;
c_lageland_adj;Lageland;;;;;;;;;;;;;
c_lageland_desc;Lageland;;;;;;;;;;;;;
PROV4;Lageland;;;;;;;;;;;;;
PROV4_adj;Lageland;;;;;;;;;;;;;
PROV4_desc;Lageland;;;;;;;;;;;;;
b_lageland;Lageland;;;;;;;;;;;;;
b_lageland_adj;Lageland;;;;;;;;;;;;;
b_lageland_desc;Lageland;;;;;;;;;;;;;
b_lageland2;Lageland2;;;;;;;;;;;;;
b_lageland2_adj;Lageland2;;;;;;;;;;;;;
b_lageland2_desc;Lageland2;;;;;;;;;;;;;
hogeland;Hogeland;;;;;;;;;;;;;
hogeland_adj;Hogeland;;;;;;;;;;;;;
hogeland_desc;Hogeland;;;;;;;;;;;;;
c_hogeland;Hogeland;;;;;;;;;;;;;
c_hogeland_adj;Hogeland;;;;;;;;;;;;;
c_hogeland_desc;Hogeland;;;;;;;;;;;;;
PROV5;Hogeland;;;;;;;;;;;;;
PROV5_adj;Hogeland;;;;;;;;;;;;;
PROV5_desc;Hogeland;;;;;;;;;;;;;
b_hogeland;Hogeland;;;;;;;;;;;;;
b_hogeland_adj;Hogeland;;;;;;;;;;;;;
b_hogeland_desc;Hogeland;;;;;;;;;;;;;
b_hogeland2;Hogeland2;;;;;;;;;;;;;
b_hogeland2_adj;Hogeland2;;;;;;;;;;;;;
b_hogeland2_desc;Hogeland2;;;;;;;;;;;;;
westbroek;Westbroek;;;;;;;;;;;;;
westbroek_adj;Westbroek;;;;;;;;;;;;;
westbroek_desc;Westbroek;;;;;;;;;;;;;
c_westbroek;Westbroek;;;;;;;;;;;;;
c_westbroek_adj;Westbroek;;;;;;;;;;;;;
c_westbroek_desc;Westbroek;;;;;;;;;;;;;
PROV6;Westbroek;;;;;;;;;;;;;
PROV6_adj;Westbroek;;;;;;;;;;;;;
PROV6_desc;Westbroek;;;;;;;;;;;;;
b_westbroek;Westbroek;;;;;;;;;;;;;
b_westbroek_adj;Westbroek;;;;;;;;;;;;;
b_westbroek_desc;Westbroek;;;;;;;;;;;;;
b_westbroek2;Westbroek2;;;;;;;;;;;;;
b_westbroek2_adj;Westbroek2;;;;;;;;;;;;;
b_westbroek2_desc;Westbroek2;;;;;;;;;;;;;
tonkheere;Tonkheere;;;;;;;;;;;;;
tonkheere_adj;Tonkheere;;;;;;;;;;;;;
tonkheere_desc;Tonkheere;;;;;;;;;;;;;
d_tonkheere;Tonkheere;;;;;;;;;;;;;
d_tonkheere_adj;Tonkheere;;;;;;;;;;;;;
d_tonkheere_desc;Tonkheere;;;;;;;;;;;;;
skaarme;Skaarme;;;;;;;;;;;;;
skaarme_adj;Skaarme;;;;;;;;;;;;;
skaarme_desc;Skaarme;;;;;;;;;;;;;
c_skaarme;Skaarme;;;;;;;;;;;;;
c_skaarme_adj;Skaarme;;;;;;;;;;;;;
c_skaarme_desc;Skaarme;;;;;;;;;;;;;
PROV7;Skaarme;;;;;;;;;;;;;
PROV7_adj;Skaarme;;;;;;;;;;;;;
PROV7_desc;Skaarme;;;;;;;;;;;;;
b_skaarme;Skaarme;;;;;;;;;;;;;
b_skaarme_adj;Skaarme;;;;;;;;;;;;;
b_skaarme_desc;Skaarme;;;;;;;;;;;;;
b_skaarme2;Skaarme2;;;;;;;;;;;;;
b_skaarme2_adj;Skaarme2;;;;;;;;;;;;;
b_skaarme2_desc;Skaarme2;;;;;;;;;;;;;
waddenzuid;Waddenzuid;;;;;;;;;;;;;
waddenzuid_adj;Waddenzuid;;;;;;;;;;;;;
waddenzuid_desc;Waddenzuid;;;;;;;;;;;;;
c_waddenzuid;Waddenzuid;;;;;;;;;;;;;
c_waddenzuid_adj;Waddenzuid;;;;;;;;;;;;;
c_waddenzuid_desc;Waddenzuid;;;;;;;;;;;;;
PROV8;Waddenzuid;;;;;;;;;;;;;
PROV8_adj;Waddenzuid;;;;;;;;;;;;;
PROV8_desc;Waddenzuid;;;;;;;;;;;;;
b_waddenzuid;Waddenzuid;;;;;;;;;;;;;
b_waddenzuid_adj;Waddenzuid;;;;;;;;;;;;;
b_waddenzuid_desc;Waddenzuid;;;;;;;;;;;;;
b_waddenzuid2;Waddenzuid2;;;;;;;;;;;;;
b_waddenzuid2_adj;Waddenzuid2;;;;;;;;;;;;;
b_waddenzuid2_desc;Waddenzuid2;;;;;;;;;;;;;
passenaar;Passenaar;;;;;;;;;;;;;
passenaar_adj;Passenaar;;;;;;;;;;;;;
passenaar_desc;Passenaar;;;;;;;;;;;;;
c_passenaar;Passenaar;;;;;;;;;;;;;
c_passenaar_adj;Passenaar;;;;;;;;;;;;;
c_passenaar_desc;Passenaar;;;;;;;;;;;;;
PROV9;Passenaar;;;;;;;;;;;;;
PROV9_adj;Passenaar;;;;;;;;;;;;;
PROV9_desc;Passenaar;;;;;;;;;;;;;
b_passenaar;Passenaar;;;;;;;;;;;;;
b_passenaar_adj;Passenaar;;;;;;;;;;;;;
b_passenaar_desc;Passenaar;;;;;;;;;;;;;
b_passenaar2;Passenaar2;;;;;;;;;;;;;
b_passenaar2_adj;Passenaar2;;;;;;;;;;;;;
b_passenaar2_desc;Passenaar2;;;;;;;;;;;;;
c_tonkheere;Tonkheere;;;;;;;;;;;;;
c_tonkheere_adj;Tonkheere;;;;;;;;;;;;;
c_tonkheere_desc;Tonkheere;;;;;;;;;;;;;
PROV10;Tonkheere;;;;;;;;;;;;;
PROV10_adj;Tonkheere;;;;;;;;;;;;;
PROV10_desc;Tonkheere;;;;;;;;;;;;;
b_tonkheere;Tonkheere;;;;;;;;;;;;;
b_tonkheere_adj;Tonkheere;;;;;;;;;;;;;
b_tonkheere_desc;Tonkheere;;;;;;;;;;;;;
b_tonkheere2;Tonkheere2;;;;;;;;;;;;;
b_tonkheere2_adj;Tonkheere2;;;;;;;;;;;;;
b_tonkheere2_desc;Tonkheere2;;;;;;;;;;;;;
vierenpoort;Vierenpoort;;;;;;;;;;;;;
vierenpoort_adj;Vierenpoort;;;;;;;;;;;;;
vierenpoort_desc;Vierenpoort;;;;;;;;;;;;;
d_vierenpoort;Vierenpoort;;;;;;;;;;;;;
d_vierenpoort_adj;Vierenpoort;;;;;;;;;;;;;
d_vierenpoort_desc;Vierenpoort;;;;;;;;;;;;;
terschaik;Terschaik;;;;;;;;;;;;;
terschaik_adj;Terschaik;;;;;;;;;;;;;
terschaik_desc;Terschaik;;;;;;;;;;;;;
c_terschaik;Terschaik;;;;;;;;;;;;;
c_terschaik_adj;Terschaik;;;;;;;;;;;;;
c_terschaik_desc;Terschaik;;;;;;;;;;;;;
PROV11;Terschaik;;;;;;;;;;;;;
PROV11_adj;Terschaik;;;;;;;;;;;;;
PROV11_desc;Terschaik;;;;;;;;;;;;;
b_terschaik;Terschaik;;;;;;;;;;;;;
b_terschaik_adj;Terschaik;;;;;;;;;;;;;
b_terschaik_desc;Terschaik;;;;;;;;;;;;;
b_terschaik2;Terschaik2;;;;;;;;;;;;;
b_terschaik2_adj;Terschaik2;;;;;;;;;;;;;
b_terschaik2_desc;Terschaik2;;;;;;;;;;;;;
c_vierenpoort;Vierenpoort;;;;;;;;;;;;;
c_vierenpoort_adj;Vierenpoort;;;;;;;;;;;;;
c_vierenpoort_desc;Vierenpoort;;;;;;;;;;;;;
PROV12;Vierenpoort;;;;;;;;;;;;;
PROV12_adj;Vierenpoort;;;;;;;;;;;;;
PROV12_desc;Vierenpoort;;;;;;;;;;;;;
b_vierenpoort;Vierenpoort;;;;;;;;;;;;;
b_vierenpoort_adj;Vierenpoort;;;;;;;;;;;;;
b_vierenpoort_desc;Vierenpoort;;;;;;;;;;;;;
b_vierenpoort2;Vierenpoort2;;;;;;;;;;;;;
b_vierenpoort2_adj;Vierenpoort2;;;;;;;;;;;;;
b_vierenpoort2_desc;Vierenpoort2;;;;;;;;;;;;;
grootburg;Grootburg;;;;;;;;;;;;;
grootburg_adj;Grootburg;;;;;;;;;;;;;
grootburg_desc;Grootburg;;;;;;;;;;;;;
c_grootburg;Grootburg;;;;;;;;;;;;;
c_grootburg_adj;Grootburg;;;;;;;;;;;;;
c_grootburg_desc;Grootburg;;;;;;;;;;;;;
PROV13;Grootburg;;;;;;;;;;;;;
PROV13_adj;Grootburg;;;;;;;;;;;;;
PROV13_desc;Grootburg;;;;;;;;;;;;;
b_grootburg;Grootburg;;;;;;;;;;;;;
b_grootburg_adj;Grootburg;;;;;;;;;;;;;
b_grootburg_desc;Grootburg;;;;;;;;;;;;;
b_grootburg2;Grootburg2;;;;;;;;;;;;;
b_grootburg2_adj;Grootburg2;;;;;;;;;;;;;
b_grootburg2_desc;Grootburg2;;;;;;;;;;;;;
vierheere;Vierheere;;;;;;;;;;;;;
vierheere_adj;Vierheere;;;;;;;;;;;;;
vierheere_desc;Vierheere;;;;;;;;;;;;;
d_vierheere;Vierheere;;;;;;;;;;;;;
d_vierheere_adj;Vierheere;;;;;;;;;;;;;
d_vierheere_desc;Vierheere;;;;;;;;;;;;;
de_pier;De Pier;;;;;;;;;;;;;
de_pier_adj;De Pier;;;;;;;;;;;;;
de_pier_desc;De Pier;;;;;;;;;;;;;
c_de_pier;De Pier;;;;;;;;;;;;;
c_de_pier_adj;De Pier;;;;;;;;;;;;;
c_de_pier_desc;De Pier;;;;;;;;;;;;;
PROV14;De Pier;;;;;;;;;;;;;
PROV14_adj;De Pier;;;;;;;;;;;;;
PROV14_desc;De Pier;;;;;;;;;;;;;
b_de_pier;De Pier;;;;;;;;;;;;;
b_de_pier_adj;De Pier;;;;;;;;;;;;;
b_de_pier_desc;De Pier;;;;;;;;;;;;;
b_de_pier2;De Pier2;;;;;;;;;;;;;
b_de_pier2_adj;De Pier2;;;;;;;;;;;;;
b_de_pier2_desc;De Pier2;;;;;;;;;;;;;
leerme;Leerme;;;;;;;;;;;;;
leerme_adj;Leerme;;;;;;;;;;;;;
leerme_desc;Leerme;;;;;;;;;;;;;
c_leerme;Leerme;;;;;;;;;;;;;
c_leerme_adj;Leerme;;;;;;;;;;;;;
c_leerme_desc;Leerme;;;;;;;;;;;;;
PROV15;Leerme;;;;;;;;;;;;;
PROV15_adj;Leerme;;;;;;;;;;;;;
PROV15_desc;Leerme;;;;;;;;;;;;;
b_leerme;Leerme;;;;;;;;;;;;;
b_leerme_adj;Leerme;;;;;;;;;;;;;
b_leerme_desc;Leerme;;;;;;;;;;;;;
b_leerme2;Leerme2;;;;;;;;;;;;;
b_leerme2_adj;Leerme2;;;;;;;;;;;;;
b_leerme2_desc;Leerme2;;;;;;;;;;;;;
c_vierheere;Vierheere;;;;;;;;;;;;;
c_vierheere_adj;Vierheere;;;;;;;;;;;;;
c_vierheere_desc;Vierheere;;;;;;;;;;;;;
PROV16;Vierheere;;;;;;;;;;;;;
PROV16_adj;Vierheere;;;;;;;;;;;;;
PROV16_desc;Vierheere;;;;;;;;;;;;;
b_vierheere;Vierheere;;;;;;;;;;;;;
b_vierheere_adj;Vierheere;;;;;;;;;;;;;
b_vierheere_desc;Vierheere;;;;;;;;;;;;;
b_vierheere2;Vierheere2;;;;;;;;;;;;;
b_vierheere2_adj;Vierheere2;;;;;;;;;;;;;
b_vierheere2_desc;Vierheere2;;;;;;;;;;;;;
waddenland;Waddenland;;;;;;;;;;;;;
waddenland_adj;Waddenland;;;;;;;;;;;;;
waddenland_desc;Waddenland;;;;;;;;;;;;;
k_waddenland;Waddenland;;;;;;;;;;;;;
k_waddenland_adj;Waddenland;;;;;;;;;;;;;
k_waddenland_desc;Waddenland;;;;;;;;;;;;;
borkum;Borkum;;;;;;;;;;;;;
borkum_adj;Borkum;;;;;;;;;;;;;
borkum_desc;Borkum;;;;;;;;;;;;;
d_borkum;Borkum;;;;;;;;;;;;;
d_borkum_adj;Borkum;;;;;;;;;;;;;
d_borkum_desc;Borkum;;;;;;;;;;;;;
schierkum;Schierkum;;;;;;;;;;;;;
schierkum_adj;Schierkum;;;;;;;;;;;;;
schierkum_desc;Schierkum;;;;;;;;;;;;;
c_schierkum;Schierkum;;;;;;;;;;;;;
c_schierkum_adj;Schierkum;;;;;;;;;;;;;
c_schierkum_desc;Schierkum;;;;;;;;;;;;;
PROV17;Schierkum;;;;;;;;;;;;;
PROV17_adj;Schierkum;;;;;;;;;;;;;
PROV17_desc;Schierkum;;;;;;;;;;;;;
b_schierkum;Schierkum;;;;;;;;;;;;;
b_schierkum_adj;Schierkum;;;;;;;;;;;;;
b_schierkum_desc;Schierkum;;;;;;;;;;;;;
b_schierkum2;Schierkum2;;;;;;;;;;;;;
b_schierkum2_adj;Schierkum2;;;;;;;;;;;;;
b_schierkum2_desc;Schierkum2;;;;;;;;;;;;;
texellen;Texellen;;;;;;;;;;;;;
texellen_adj;Texellen;;;;;;;;;;;;;
texellen_desc;Texellen;;;;;;;;;;;;;
d_texellen;Texellen;;;;;;;;;;;;;
d_texellen_adj;Texellen;;;;;;;;;;;;;
d_texellen_desc;Texellen;;;;;;;;;;;;;
kooge;Kooge;;;;;;;;;;;;;
kooge_adj;Kooge;;;;;;;;;;;;;
kooge_desc;Kooge;;;;;;;;;;;;;
c_kooge;Kooge;;;;;;;;;;;;;
c_kooge_adj;Kooge;;;;;;;;;;;;;
c_kooge_desc;Kooge;;;;;;;;;;;;;
PROV18;Kooge;;;;;;;;;;;;;
PROV18_adj;Kooge;;;;;;;;;;;;;
PROV18_desc;Kooge;;;;;;;;;;;;;
b_kooge;Kooge;;;;;;;;;;;;;
b_kooge_adj;Kooge;;;;;;;;;;;;;
b_kooge_desc;Kooge;;;;;;;;;;;;;
b_kooge2;Kooge2;;;;;;;;;;;;;
b_kooge2_adj;Kooge2;;;;;;;;;;;;;
b_kooge2_desc;Kooge2;;;;;;;;;;;;;
c_texellen;Texellen;;;;;;;;;;;;;
c_texellen_adj;Texellen;;;;;;;;;;;;;
c_texellen_desc;Texellen;;;;;;;;;;;;;
PROV19;Texellen;;;;;;;;;;;;;
PROV19_adj;Texellen;;;;;;;;;;;;;
PROV19_desc;Texellen;;;;;;;;;;;;;
b_texellen;Texellen;;;;;;;;;;;;;
b_texellen_adj;Texellen;;;;;;;;;;;;;
b_texellen_desc;Texellen;;;;;;;;;;;;;
b_texellen2;Texellen2;;;;;;;;;;;;;
b_texellen2_adj;Texellen2;;;;;;;;;;;;;
b_texellen2_desc;Texellen2;;;;;;;;;;;;;
wangeroog;Wangeroog;;;;;;;;;;;;;
wangeroog_adj;Wangeroog;;;;;;;;;;;;;
wangeroog_desc;Wangeroog;;;;;;;;;;;;;
d_wangeroog;Wangeroog;;;;;;;;;;;;;
d_wangeroog_adj;Wangeroog;;;;;;;;;;;;;
d_wangeroog_desc;Wangeroog;;;;;;;;;;;;;
nordenoog;Nordenoog;;;;;;;;;;;;;
nordenoog_adj;Nordenoog;;;;;;;;;;;;;
nordenoog_desc;Nordenoog;;;;;;;;;;;;;
c_nordenoog;Nordenoog;;;;;;;;;;;;;
c_nordenoog_adj;Nordenoog;;;;;;;;;;;;;
c_nordenoog_desc;Nordenoog;;;;;;;;;;;;;
PROV20;Nordenoog;;;;;;;;;;;;;
PROV20_adj;Nordenoog;;;;;;;;;;;;;
PROV20_desc;Nordenoog;;;;;;;;;;;;;
b_nordenoog;Nordenoog;;;;;;;;;;;;;
b_nordenoog_adj;Nordenoog;;;;;;;;;;;;;
b_nordenoog_desc;Nordenoog;;;;;;;;;;;;;
b_nordenoog2;Nordenoog2;;;;;;;;;;;;;
b_nordenoog2_adj;Nordenoog2;;;;;;;;;;;;;
b_nordenoog2_desc;Nordenoog2;;;;;;;;;;;;;
langeoog;Langeoog;;;;;;;;;;;;;
langeoog_adj;Langeoog;;;;;;;;;;;;;
langeoog_desc;Langeoog;;;;;;;;;;;;;
c_langeoog;Langeoog;;;;;;;;;;;;;
c_langeoog_adj;Langeoog;;;;;;;;;;;;;
c_langeoog_desc;Langeoog;;;;;;;;;;;;;
PROV21;Langeoog;;;;;;;;;;;;;
PROV21_adj;Langeoog;;;;;;;;;;;;;
PROV21_desc;Langeoog;;;;;;;;;;;;;
b_langeoog;Langeoog;;;;;;;;;;;;;
b_langeoog_adj;Langeoog;;;;;;;;;;;;;
b_langeoog_desc;Langeoog;;;;;;;;;;;;;
b_langeoog2;Langeoog2;;;;;;;;;;;;;
b_langeoog2_adj;Langeoog2;;;;;;;;;;;;;
b_langeoog2_desc;Langeoog2;;;;;;;;;;;;;
zandhoven;Zandhoven;;;;;;;;;;;;;
zandhoven_adj;Zandhoven;;;;;;;;;;;;;
zandhoven_desc;Zandhoven;;;;;;;;;;;;;
k_zandhoven;Zandhoven;;;;;;;;;;;;;
k_zandhoven_adj;Zandhoven;;;;;;;;;;;;;
k_zandhoven_desc;Zandhoven;;;;;;;;;;;;;
borghout;Borghout;;;;;;;;;;;;;
borghout_adj;Borghout;;;;;;;;;;;;;
borghout_desc;Borghout;;;;;;;;;;;;;
d_borghout;Borghout;;;;;;;;;;;;;
d_borghout_adj;Borghout;;;;;;;;;;;;;
d_borghout_desc;Borghout;;;;;;;;;;;;;
brandwoud;Brandwoud;;;;;;;;;;;;;
brandwoud_adj;Brandwoud;;;;;;;;;;;;;
brandwoud_desc;Brandwoud;;;;;;;;;;;;;
c_brandwoud;Brandwoud;;;;;;;;;;;;;
c_brandwoud_adj;Brandwoud;;;;;;;;;;;;;
c_brandwoud_desc;Brandwoud;;;;;;;;;;;;;
PROV22;Brandwoud;;;;;;;;;;;;;
PROV22_adj;Brandwoud;;;;;;;;;;;;;
PROV22_desc;Brandwoud;;;;;;;;;;;;;
b_brandwoud;Brandwoud;;;;;;;;;;;;;
b_brandwoud_adj;Brandwoud;;;;;;;;;;;;;
b_brandwoud_desc;Brandwoud;;;;;;;;;;;;;
b_brandwoud2;Brandwoud2;;;;;;;;;;;;;
b_brandwoud2_adj;Brandwoud2;;;;;;;;;;;;;
b_brandwoud2_desc;Brandwoud2;;;;;;;;;;;;;
frelmeer;Frelmeer;;;;;;;;;;;;;
frelmeer_adj;Frelmeer;;;;;;;;;;;;;
frelmeer_desc;Frelmeer;;;;;;;;;;;;;
c_frelmeer;Frelmeer;;;;;;;;;;;;;
c_frelmeer_adj;Frelmeer;;;;;;;;;;;;;
c_frelmeer_desc;Frelmeer;;;;;;;;;;;;;
PROV23;Frelmeer;;;;;;;;;;;;;
PROV23_adj;Frelmeer;;;;;;;;;;;;;
PROV23_desc;Frelmeer;;;;;;;;;;;;;
b_frelmeer;Frelmeer;;;;;;;;;;;;;
b_frelmeer_adj;Frelmeer;;;;;;;;;;;;;
b_frelmeer_desc;Frelmeer;;;;;;;;;;;;;
b_frelmeer2;Frelmeer2;;;;;;;;;;;;;
b_frelmeer2_adj;Frelmeer2;;;;;;;;;;;;;
b_frelmeer2_desc;Frelmeer2;;;;;;;;;;;;;
flinmeer;Flinmeer;;;;;;;;;;;;;
flinmeer_adj;Flinmeer;;;;;;;;;;;;;
flinmeer_desc;Flinmeer;;;;;;;;;;;;;
c_flinmeer;Flinmeer;;;;;;;;;;;;;
c_flinmeer_adj;Flinmeer;;;;;;;;;;;;;
c_flinmeer_desc;Flinmeer;;;;;;;;;;;;;
PROV24;Flinmeer;;;;;;;;;;;;;
PROV24_adj;Flinmeer;;;;;;;;;;;;;
PROV24_desc;Flinmeer;;;;;;;;;;;;;
b_flinmeer;Flinmeer;;;;;;;;;;;;;
b_flinmeer_adj;Flinmeer;;;;;;;;;;;;;
b_flinmeer_desc;Flinmeer;;;;;;;;;;;;;
b_flinmeer2;Flinmeer2;;;;;;;;;;;;;
b_flinmeer2_adj;Flinmeer2;;;;;;;;;;;;;
b_flinmeer2_desc;Flinmeer2;;;;;;;;;;;;;
erdam;Erdam;;;;;;;;;;;;;
erdam_adj;Erdam;;;;;;;;;;;;;
erdam_desc;Erdam;;;;;;;;;;;;;
c_erdam;Erdam;;;;;;;;;;;;;
c_erdam_adj;Erdam;;;;;;;;;;;;;
c_erdam_desc;Erdam;;;;;;;;;;;;;
PROV25;Erdam;;;;;;;;;;;;;
PROV25_adj;Erdam;;;;;;;;;;;;;
PROV25_desc;Erdam;;;;;;;;;;;;;
b_erdam;Erdam;;;;;;;;;;;;;
b_erdam_adj;Erdam;;;;;;;;;;;;;
b_erdam_desc;Erdam;;;;;;;;;;;;;
b_erdam2;Erdam2;;;;;;;;;;;;;
b_erdam2_adj;Erdam2;;;;;;;;;;;;;
b_erdam2_desc;Erdam2;;;;;;;;;;;;;
dordam;Dordam;;;;;;;;;;;;;
dordam_adj;Dordam;;;;;;;;;;;;;
dordam_desc;Dordam;;;;;;;;;;;;;
d_dordam;Dordam;;;;;;;;;;;;;
d_dordam_adj;Dordam;;;;;;;;;;;;;
d_dordam_desc;Dordam;;;;;;;;;;;;;
gerveld;Gerveld;;;;;;;;;;;;;
gerveld_adj;Gerveld;;;;;;;;;;;;;
gerveld_desc;Gerveld;;;;;;;;;;;;;
c_gerveld;Gerveld;;;;;;;;;;;;;
c_gerveld_adj;Gerveld;;;;;;;;;;;;;
c_gerveld_desc;Gerveld;;;;;;;;;;;;;
PROV26;Gerveld;;;;;;;;;;;;;
PROV26_adj;Gerveld;;;;;;;;;;;;;
PROV26_desc;Gerveld;;;;;;;;;;;;;
b_gerveld;Gerveld;;;;;;;;;;;;;
b_gerveld_adj;Gerveld;;;;;;;;;;;;;
b_gerveld_desc;Gerveld;;;;;;;;;;;;;
b_gerveld2;Gerveld2;;;;;;;;;;;;;
b_gerveld2_adj;Gerveld2;;;;;;;;;;;;;
b_gerveld2_desc;Gerveld2;;;;;;;;;;;;;
felmeer;Felmeer;;;;;;;;;;;;;
felmeer_adj;Felmeer;;;;;;;;;;;;;
felmeer_desc;Felmeer;;;;;;;;;;;;;
c_felmeer;Felmeer;;;;;;;;;;;;;
c_felmeer_adj;Felmeer;;;;;;;;;;;;;
c_felmeer_desc;Felmeer;;;;;;;;;;;;;
PROV27;Felmeer;;;;;;;;;;;;;
PROV27_adj;Felmeer;;;;;;;;;;;;;
PROV27_desc;Felmeer;;;;;;;;;;;;;
b_felmeer;Felmeer;;;;;;;;;;;;;
b_felmeer_adj;Felmeer;;;;;;;;;;;;;
b_felmeer_desc;Felmeer;;;;;;;;;;;;;
b_felmeer2;Felmeer2;;;;;;;;;;;;;
b_felmeer2_adj;Felmeer2;;;;;;;;;;;;;
b_felmeer2_desc;Felmeer2;;;;;;;;;;;;;
erveld;Erveld;;;;;;;;;;;;;
erveld_adj;Erveld;;;;;;;;;;;;;
erveld_desc;Erveld;;;;;;;;;;;;;
d_erveld;Erveld;;;;;;;;;;;;;
d_erveld_adj;Erveld;;;;;;;;;;;;;
d_erveld_desc;Erveld;;;;;;;;;;;;;
galwoud;Galwoud;;;;;;;;;;;;;
galwoud_adj;Galwoud;;;;;;;;;;;;;
galwoud_desc;Galwoud;;;;;;;;;;;;;
c_galwoud;Galwoud;;;;;;;;;;;;;
c_galwoud_adj;Galwoud;;;;;;;;;;;;;
c_galwoud_desc;Galwoud;;;;;;;;;;;;;
PROV28;Galwoud;;;;;;;;;;;;;
PROV28_adj;Galwoud;;;;;;;;;;;;;
PROV28_desc;Galwoud;;;;;;;;;;;;;
b_galwoud;Galwoud;;;;;;;;;;;;;
b_galwoud_adj;Galwoud;;;;;;;;;;;;;
b_galwoud_desc;Galwoud;;;;;;;;;;;;;
b_galwoud2;Galwoud2;;;;;;;;;;;;;
b_galwoud2_adj;Galwoud2;;;;;;;;;;;;;
b_galwoud2_desc;Galwoud2;;;;;;;;;;;;;
c_dordam;Dordam;;;;;;;;;;;;;
c_dordam_adj;Dordam;;;;;;;;;;;;;
c_dordam_desc;Dordam;;;;;;;;;;;;;
PROV29;Dordam;;;;;;;;;;;;;
PROV29_adj;Dordam;;;;;;;;;;;;;
PROV29_desc;Dordam;;;;;;;;;;;;;
b_dordam;Dordam;;;;;;;;;;;;;
b_dordam_adj;Dordam;;;;;;;;;;;;;
b_dordam_desc;Dordam;;;;;;;;;;;;;
b_dordam2;Dordam2;;;;;;;;;;;;;
b_dordam2_adj;Dordam2;;;;;;;;;;;;;
b_dordam2_desc;Dordam2;;;;;;;;;;;;;
garveld;Garveld;;;;;;;;;;;;;
garveld_adj;Garveld;;;;;;;;;;;;;
garveld_desc;Garveld;;;;;;;;;;;;;
d_garveld;Garveld;;;;;;;;;;;;;
d_garveld_adj;Garveld;;;;;;;;;;;;;
d_garveld_desc;Garveld;;;;;;;;;;;;;
fisdam;Fisdam;;;;;;;;;;;;;
fisdam_adj;Fisdam;;;;;;;;;;;;;
fisdam_desc;Fisdam;;;;;;;;;;;;;
c_fisdam;Fisdam;;;;;;;;;;;;;
c_fisdam_adj;Fisdam;;;;;;;;;;;;;
c_fisdam_desc;Fisdam;;;;;;;;;;;;;
PROV30;Fisdam;;;;;;;;;;;;;
PROV30_adj;Fisdam;;;;;;;;;;;;;
PROV30_desc;Fisdam;;;;;;;;;;;;;
b_fisdam;Fisdam;;;;;;;;;;;;;
b_fisdam_adj;Fisdam;;;;;;;;;;;;;
b_fisdam_desc;Fisdam;;;;;;;;;;;;;
b_fisdam2;Fisdam2;;;;;;;;;;;;;
b_fisdam2_adj;Fisdam2;;;;;;;;;;;;;
b_fisdam2_desc;Fisdam2;;;;;;;;;;;;;
doornmeer;Doornmeer;;;;;;;;;;;;;
doornmeer_adj;Doornmeer;;;;;;;;;;;;;
doornmeer_desc;Doornmeer;;;;;;;;;;;;;
c_doornmeer;Doornmeer;;;;;;;;;;;;;
c_doornmeer_adj;Doornmeer;;;;;;;;;;;;;
c_doornmeer_desc;Doornmeer;;;;;;;;;;;;;
PROV31;Doornmeer;;;;;;;;;;;;;
PROV31_adj;Doornmeer;;;;;;;;;;;;;
PROV31_desc;Doornmeer;;;;;;;;;;;;;
b_doornmeer;Doornmeer;;;;;;;;;;;;;
b_doornmeer_adj;Doornmeer;;;;;;;;;;;;;
b_doornmeer_desc;Doornmeer;;;;;;;;;;;;;
b_doornmeer2;Doornmeer2;;;;;;;;;;;;;
b_doornmeer2_adj;Doornmeer2;;;;;;;;;;;;;
b_doornmeer2_desc;Doornmeer2;;;;;;;;;;;;;
doldermeer;Doldermeer;;;;;;;;;;;;;
doldermeer_adj;Doldermeer;;;;;;;;;;;;;
doldermeer_desc;Doldermeer;;;;;;;;;;;;;
c_doldermeer;Doldermeer;;;;;;;;;;;;;
c_doldermeer_adj;Doldermeer;;;;;;;;;;;;;
c_doldermeer_desc;Doldermeer;;;;;;;;;;;;;
PROV32;Doldermeer;;;;;;;;;;;;;
PROV32_adj;Doldermeer;;;;;;;;;;;;;
PROV32_desc;Doldermeer;;;;;;;;;;;;;
b_doldermeer;Doldermeer;;;;;;;;;;;;;
b_doldermeer_adj;Doldermeer;;;;;;;;;;;;;
b_doldermeer_desc;Doldermeer;;;;;;;;;;;;;
b_doldermeer2;Doldermeer2;;;;;;;;;;;;;
b_doldermeer2_adj;Doldermeer2;;;;;;;;;;;;;
b_doldermeer2_desc;Doldermeer2;;;;;;;;;;;;;
alba;Alba;;;;;;;;;;;;;
alba_adj;Alba;;;;;;;;;;;;;
alba_desc;Alba;;;;;;;;;;;;;
e_alba;Alba;;;;;;;;;;;;;
e_alba_adj;Alba;;;;;;;;;;;;;
e_alba_desc;Alba;;;;;;;;;;;;;
clannadh_alba;Clannadh Alba;;;;;;;;;;;;;
clannadh_alba_adj;Clannadh Alba;;;;;;;;;;;;;
clannadh_alba_desc;Clannadh Alba;;;;;;;;;;;;;
k_clannadh_alba;Clannadh Alba;;;;;;;;;;;;;
k_clannadh_alba_adj;Clannadh Alba;;;;;;;;;;;;;
k_clannadh_alba_desc;Clannadh Alba;;;;;;;;;;;;;
glaick;Glaick;;;;;;;;;;;;;
glaick_adj;Glaick;;;;;;;;;;;;;
glaick_desc;Glaick;;;;;;;;;;;;;
d_glaick;Glaick;;;;;;;;;;;;;
d_glaick_adj;Glaick;;;;;;;;;;;;;
d_glaick_desc;Glaick;;;;;;;;;;;;;
dundarne;Dundarne;;;;;;;;;;;;;
dundarne_adj;Dundarne;;;;;;;;;;;;;
dundarne_desc;Dundarne;;;;;;;;;;;;;
c_dundarne;Dundarne;;;;;;;;;;;;;
c_dundarne_adj;Dundarne;;;;;;;;;;;;;
c_dundarne_desc;Dundarne;;;;;;;;;;;;;
PROV33;Dundarne;;;;;;;;;;;;;
PROV33_adj;Dundarne;;;;;;;;;;;;;
PROV33_desc;Dundarne;;;;;;;;;;;;;
b_dundarne;Dundarne;;;;;;;;;;;;;
b_dundarne_adj;Dundarne;;;;;;;;;;;;;
b_dundarne_desc;Dundarne;;;;;;;;;;;;;
b_dundarne2;Dundarne2;;;;;;;;;;;;;
b_dundarne2_adj;Dundarne2;;;;;;;;;;;;;
b_dundarne2_desc;Dundarne2;;;;;;;;;;;;;
wickthur;Wickthur;;;;;;;;;;;;;
wickthur_adj;Wickthur;;;;;;;;;;;;;
wickthur_desc;Wickthur;;;;;;;;;;;;;
c_wickthur;Wickthur;;;;;;;;;;;;;
c_wickthur_adj;Wickthur;;;;;;;;;;;;;
c_wickthur_desc;Wickthur;;;;;;;;;;;;;
PROV34;Wickthur;;;;;;;;;;;;;
PROV34_adj;Wickthur;;;;;;;;;;;;;
PROV34_desc;Wickthur;;;;;;;;;;;;;
b_wickthur;Wickthur;;;;;;;;;;;;;
b_wickthur_adj;Wickthur;;;;;;;;;;;;;
b_wickthur_desc;Wickthur;;;;;;;;;;;;;
b_wickthur2;Wickthur2;;;;;;;;;;;;;
b_wickthur2_adj;Wickthur2;;;;;;;;;;;;;
b_wickthur2_desc;Wickthur2;;;;;;;;;;;;;
c_glaick;Glaick;;;;;;;;;;;;;
c_glaick_adj;Glaick;;;;;;;;;;;;;
c_glaick_desc;Glaick;;;;;;;;;;;;;
PROV35;Glaick;;;;;;;;;;;;;
PROV35_adj;Glaick;;;;;;;;;;;;;
PROV35_desc;Glaick;;;;;;;;;;;;;
b_glaick;Glaick;;;;;;;;;;;;;
b_glaick_adj;Glaick;;;;;;;;;;;;;
b_glaick_desc;Glaick;;;;;;;;;;;;;
b_glaick2;Glaick2;;;;;;;;;;;;;
b_glaick2_adj;Glaick2;;;;;;;;;;;;;
b_glaick2_desc;Glaick2;;;;;;;;;;;;;
norrackal;Norrackal;;;;;;;;;;;;;
norrackal_adj;Norrackal;;;;;;;;;;;;;
norrackal_desc;Norrackal;;;;;;;;;;;;;
c_norrackal;Norrackal;;;;;;;;;;;;;
c_norrackal_adj;Norrackal;;;;;;;;;;;;;
c_norrackal_desc;Norrackal;;;;;;;;;;;;;
PROV36;Norrackal;;;;;;;;;;;;;
PROV36_adj;Norrackal;;;;;;;;;;;;;
PROV36_desc;Norrackal;;;;;;;;;;;;;
b_norrackal;Norrackal;;;;;;;;;;;;;
b_norrackal_adj;Norrackal;;;;;;;;;;;;;
b_norrackal_desc;Norrackal;;;;;;;;;;;;;
b_norrackal2;Norrackal2;;;;;;;;;;;;;
b_norrackal2_adj;Norrackal2;;;;;;;;;;;;;
b_norrackal2_desc;Norrackal2;;;;;;;;;;;;;
kerrickwayle;Kerrickwayle;;;;;;;;;;;;;
kerrickwayle_adj;Kerrickwayle;;;;;;;;;;;;;
kerrickwayle_desc;Kerrickwayle;;;;;;;;;;;;;
d_kerrickwayle;Kerrickwayle;;;;;;;;;;;;;
d_kerrickwayle_adj;Kerrickwayle;;;;;;;;;;;;;
d_kerrickwayle_desc;Kerrickwayle;;;;;;;;;;;;;
ben_alder;Ben Alder;;;;;;;;;;;;;
ben_alder_adj;Ben Alder;;;;;;;;;;;;;
ben_alder_desc;Ben Alder;;;;;;;;;;;;;
c_ben_alder;Ben Alder;;;;;;;;;;;;;
c_ben_alder_adj;Ben Alder;;;;;;;;;;;;;
c_ben_alder_desc;Ben Alder;;;;;;;;;;;;;
PROV37;Ben Alder;;;;;;;;;;;;;
PROV37_adj;Ben Alder;;;;;;;;;;;;;
PROV37_desc;Ben Alder;;;;;;;;;;;;;
b_ben_alder;Ben Alder;;;;;;;;;;;;;
b_ben_alder_adj;Ben Alder;;;;;;;;;;;;;
b_ben_alder_desc;Ben Alder;;;;;;;;;;;;;
b_ben_alder2;Ben Alder2;;;;;;;;;;;;;
b_ben_alder2_adj;Ben Alder2;;;;;;;;;;;;;
b_ben_alder2_desc;Ben Alder2;;;;;;;;;;;;;
mull;Mull;;;;;;;;;;;;;
mull_adj;Mull;;;;;;;;;;;;;
mull_desc;Mull;;;;;;;;;;;;;
c_mull;Mull;;;;;;;;;;;;;
c_mull_adj;Mull;;;;;;;;;;;;;
c_mull_desc;Mull;;;;;;;;;;;;;
PROV38;Mull;;;;;;;;;;;;;
PROV38_adj;Mull;;;;;;;;;;;;;
PROV38_desc;Mull;;;;;;;;;;;;;
b_mull;Mull;;;;;;;;;;;;;
b_mull_adj;Mull;;;;;;;;;;;;;
b_mull_desc;Mull;;;;;;;;;;;;;
b_mull2;Mull2;;;;;;;;;;;;;
b_mull2_adj;Mull2;;;;;;;;;;;;;
b_mull2_desc;Mull2;;;;;;;;;;;;;
c_kerrickwayle;Kerrickwayle;;;;;;;;;;;;;
c_kerrickwayle_adj;Kerrickwayle;;;;;;;;;;;;;
c_kerrickwayle_desc;Kerrickwayle;;;;;;;;;;;;;
PROV39;Kerrickwayle;;;;;;;;;;;;;
PROV39_adj;Kerrickwayle;;;;;;;;;;;;;
PROV39_desc;Kerrickwayle;;;;;;;;;;;;;
b_kerrickwayle;Kerrickwayle;;;;;;;;;;;;;
b_kerrickwayle_adj;Kerrickwayle;;;;;;;;;;;;;
b_kerrickwayle_desc;Kerrickwayle;;;;;;;;;;;;;
b_kerrickwayle2;Kerrickwayle2;;;;;;;;;;;;;
b_kerrickwayle2_adj;Kerrickwayle2;;;;;;;;;;;;;
b_kerrickwayle2_desc;Kerrickwayle2;;;;;;;;;;;;;
ben_stropaidh;Ben Stropaidh;;;;;;;;;;;;;
ben_stropaidh_adj;Ben Stropaidh;;;;;;;;;;;;;
ben_stropaidh_desc;Ben Stropaidh;;;;;;;;;;;;;
c_ben_stropaidh;Ben Stropaidh;;;;;;;;;;;;;
c_ben_stropaidh_adj;Ben Stropaidh;;;;;;;;;;;;;
c_ben_stropaidh_desc;Ben Stropaidh;;;;;;;;;;;;;
PROV40;Ben Stropaidh;;;;;;;;;;;;;
PROV40_adj;Ben Stropaidh;;;;;;;;;;;;;
PROV40_desc;Ben Stropaidh;;;;;;;;;;;;;
b_ben_stropaidh;Ben Stropaidh;;;;;;;;;;;;;
b_ben_stropaidh_adj;Ben Stropaidh;;;;;;;;;;;;;
b_ben_stropaidh_desc;Ben Stropaidh;;;;;;;;;;;;;
b_ben_stropaidh2;Ben Stropaidh2;;;;;;;;;;;;;
b_ben_stropaidh2_adj;Ben Stropaidh2;;;;;;;;;;;;;
b_ben_stropaidh2_desc;Ben Stropaidh2;;;;;;;;;;;;;
ballywydgown;Ballywydgown;;;;;;;;;;;;;
ballywydgown_adj;Ballywydgown;;;;;;;;;;;;;
ballywydgown_desc;Ballywydgown;;;;;;;;;;;;;
c_ballywydgown;Ballywydgown;;;;;;;;;;;;;
c_ballywydgown_adj;Ballywydgown;;;;;;;;;;;;;
c_ballywydgown_desc;Ballywydgown;;;;;;;;;;;;;
PROV41;Ballywydgown;;;;;;;;;;;;;
PROV41_adj;Ballywydgown;;;;;;;;;;;;;
PROV41_desc;Ballywydgown;;;;;;;;;;;;;
b_ballywydgown;Ballywydgown;;;;;;;;;;;;;
b_ballywydgown_adj;Ballywydgown;;;;;;;;;;;;;
b_ballywydgown_desc;Ballywydgown;;;;;;;;;;;;;
b_ballywydgown2;Ballywydgown2;;;;;;;;;;;;;
b_ballywydgown2_adj;Ballywydgown2;;;;;;;;;;;;;
b_ballywydgown2_desc;Ballywydgown2;;;;;;;;;;;;;
ultaniss;Ultaniss;;;;;;;;;;;;;
ultaniss_adj;Ultaniss;;;;;;;;;;;;;
ultaniss_desc;Ultaniss;;;;;;;;;;;;;
d_ultaniss;Ultaniss;;;;;;;;;;;;;
d_ultaniss_adj;Ultaniss;;;;;;;;;;;;;
d_ultaniss_desc;Ultaniss;;;;;;;;;;;;;
c_ultaniss;Ultaniss;;;;;;;;;;;;;
c_ultaniss_adj;Ultaniss;;;;;;;;;;;;;
c_ultaniss_desc;Ultaniss;;;;;;;;;;;;;
PROV42;Ultaniss;;;;;;;;;;;;;
PROV42_adj;Ultaniss;;;;;;;;;;;;;
PROV42_desc;Ultaniss;;;;;;;;;;;;;
b_ultaniss;Ultaniss;;;;;;;;;;;;;
b_ultaniss_adj;Ultaniss;;;;;;;;;;;;;
b_ultaniss_desc;Ultaniss;;;;;;;;;;;;;
b_ultaniss2;Ultaniss2;;;;;;;;;;;;;
b_ultaniss2_adj;Ultaniss2;;;;;;;;;;;;;
b_ultaniss2_desc;Ultaniss2;;;;;;;;;;;;;
atherdin;Atherdin;;;;;;;;;;;;;
atherdin_adj;Atherdin;;;;;;;;;;;;;
atherdin_desc;Atherdin;;;;;;;;;;;;;
c_atherdin;Atherdin;;;;;;;;;;;;;
c_atherdin_adj;Atherdin;;;;;;;;;;;;;
c_atherdin_desc;Atherdin;;;;;;;;;;;;;
PROV43;Atherdin;;;;;;;;;;;;;
PROV43_adj;Atherdin;;;;;;;;;;;;;
PROV43_desc;Atherdin;;;;;;;;;;;;;
b_atherdin;Atherdin;;;;;;;;;;;;;
b_atherdin_adj;Atherdin;;;;;;;;;;;;;
b_atherdin_desc;Atherdin;;;;;;;;;;;;;
b_atherdin2;Atherdin2;;;;;;;;;;;;;
b_atherdin2_adj;Atherdin2;;;;;;;;;;;;;
b_atherdin2_desc;Atherdin2;;;;;;;;;;;;;
ben_hur;Ben Hur;;;;;;;;;;;;;
ben_hur_adj;Ben Hur;;;;;;;;;;;;;
ben_hur_desc;Ben Hur;;;;;;;;;;;;;
c_ben_hur;Ben Hur;;;;;;;;;;;;;
c_ben_hur_adj;Ben Hur;;;;;;;;;;;;;
c_ben_hur_desc;Ben Hur;;;;;;;;;;;;;
PROV44;Ben Hur;;;;;;;;;;;;;
PROV44_adj;Ben Hur;;;;;;;;;;;;;
PROV44_desc;Ben Hur;;;;;;;;;;;;;
b_ben_hur;Ben Hur;;;;;;;;;;;;;
b_ben_hur_adj;Ben Hur;;;;;;;;;;;;;
b_ben_hur_desc;Ben Hur;;;;;;;;;;;;;
b_ben_hur2;Ben Hur2;;;;;;;;;;;;;
b_ben_hur2_adj;Ben Hur2;;;;;;;;;;;;;
b_ben_hur2_desc;Ben Hur2;;;;;;;;;;;;;
carnowyle;Carnowyle;;;;;;;;;;;;;
carnowyle_adj;Carnowyle;;;;;;;;;;;;;
carnowyle_desc;Carnowyle;;;;;;;;;;;;;
c_carnowyle;Carnowyle;;;;;;;;;;;;;
c_carnowyle_adj;Carnowyle;;;;;;;;;;;;;
c_carnowyle_desc;Carnowyle;;;;;;;;;;;;;
PROV45;Carnowyle;;;;;;;;;;;;;
PROV45_adj;Carnowyle;;;;;;;;;;;;;
PROV45_desc;Carnowyle;;;;;;;;;;;;;
b_carnowyle;Carnowyle;;;;;;;;;;;;;
b_carnowyle_adj;Carnowyle;;;;;;;;;;;;;
b_carnowyle_desc;Carnowyle;;;;;;;;;;;;;
b_carnowyle2;Carnowyle2;;;;;;;;;;;;;
b_carnowyle2_adj;Carnowyle2;;;;;;;;;;;;;
b_carnowyle2_desc;Carnowyle2;;;;;;;;;;;;;
verness;Verness;;;;;;;;;;;;;
verness_adj;Verness;;;;;;;;;;;;;
verness_desc;Verness;;;;;;;;;;;;;
c_verness;Verness;;;;;;;;;;;;;
c_verness_adj;Verness;;;;;;;;;;;;;
c_verness_desc;Verness;;;;;;;;;;;;;
PROV46;Verness;;;;;;;;;;;;;
PROV46_adj;Verness;;;;;;;;;;;;;
PROV46_desc;Verness;;;;;;;;;;;;;
b_verness;Verness;;;;;;;;;;;;;
b_verness_adj;Verness;;;;;;;;;;;;;
b_verness_desc;Verness;;;;;;;;;;;;;
b_verness2;Verness2;;;;;;;;;;;;;
b_verness2_adj;Verness2;;;;;;;;;;;;;
b_verness2_desc;Verness2;;;;;;;;;;;;;
hardowyle;Hardowyle;;;;;;;;;;;;;
hardowyle_adj;Hardowyle;;;;;;;;;;;;;
hardowyle_desc;Hardowyle;;;;;;;;;;;;;
c_hardowyle;Hardowyle;;;;;;;;;;;;;
c_hardowyle_adj;Hardowyle;;;;;;;;;;;;;
c_hardowyle_desc;Hardowyle;;;;;;;;;;;;;
PROV47;Hardowyle;;;;;;;;;;;;;
PROV47_adj;Hardowyle;;;;;;;;;;;;;
PROV47_desc;Hardowyle;;;;;;;;;;;;;
b_hardowyle;Hardowyle;;;;;;;;;;;;;
b_hardowyle_adj;Hardowyle;;;;;;;;;;;;;
b_hardowyle_desc;Hardowyle;;;;;;;;;;;;;
b_hardowyle2;Hardowyle2;;;;;;;;;;;;;
b_hardowyle2_adj;Hardowyle2;;;;;;;;;;;;;
b_hardowyle2_desc;Hardowyle2;;;;;;;;;;;;;
kintyr;Kintyr;;;;;;;;;;;;;
kintyr_adj;Kintyr;;;;;;;;;;;;;
kintyr_desc;Kintyr;;;;;;;;;;;;;
k_kintyr;Kintyr;;;;;;;;;;;;;
k_kintyr_adj;Kintyr;;;;;;;;;;;;;
k_kintyr_desc;Kintyr;;;;;;;;;;;;;
alstyr;Alstyr;;;;;;;;;;;;;
alstyr_adj;Alstyr;;;;;;;;;;;;;
alstyr_desc;Alstyr;;;;;;;;;;;;;
d_alstyr;Alstyr;;;;;;;;;;;;;
d_alstyr_adj;Alstyr;;;;;;;;;;;;;
d_alstyr_desc;Alstyr;;;;;;;;;;;;;
valtyr;Valtyr;;;;;;;;;;;;;
valtyr_adj;Valtyr;;;;;;;;;;;;;
valtyr_desc;Valtyr;;;;;;;;;;;;;
c_valtyr;Valtyr;;;;;;;;;;;;;
c_valtyr_adj;Valtyr;;;;;;;;;;;;;
c_valtyr_desc;Valtyr;;;;;;;;;;;;;
PROV48;Valtyr;;;;;;;;;;;;;
PROV48_adj;Valtyr;;;;;;;;;;;;;
PROV48_desc;Valtyr;;;;;;;;;;;;;
b_valtyr;Valtyr;;;;;;;;;;;;;
b_valtyr_adj;Valtyr;;;;;;;;;;;;;
b_valtyr_desc;Valtyr;;;;;;;;;;;;;
b_valtyr2;Valtyr2;;;;;;;;;;;;;
b_valtyr2_adj;Valtyr2;;;;;;;;;;;;;
b_valtyr2_desc;Valtyr2;;;;;;;;;;;;;
c_alstyr;Alstyr;;;;;;;;;;;;;
c_alstyr_adj;Alstyr;;;;;;;;;;;;;
c_alstyr_desc;Alstyr;;;;;;;;;;;;;
PROV49;Alstyr;;;;;;;;;;;;;
PROV49_adj;Alstyr;;;;;;;;;;;;;
PROV49_desc;Alstyr;;;;;;;;;;;;;
b_alstyr;Alstyr;;;;;;;;;;;;;
b_alstyr_adj;Alstyr;;;;;;;;;;;;;
b_alstyr_desc;Alstyr;;;;;;;;;;;;;
b_alstyr2;Alstyr2;;;;;;;;;;;;;
b_alstyr2_adj;Alstyr2;;;;;;;;;;;;;
b_alstyr2_desc;Alstyr2;;;;;;;;;;;;;
machyntyr;Machyntyr;;;;;;;;;;;;;
machyntyr_adj;Machyntyr;;;;;;;;;;;;;
machyntyr_desc;Machyntyr;;;;;;;;;;;;;
c_machyntyr;Machyntyr;;;;;;;;;;;;;
c_machyntyr_adj;Machyntyr;;;;;;;;;;;;;
c_machyntyr_desc;Machyntyr;;;;;;;;;;;;;
PROV50;Machyntyr;;;;;;;;;;;;;
PROV50_adj;Machyntyr;;;;;;;;;;;;;
PROV50_desc;Machyntyr;;;;;;;;;;;;;
b_machyntyr;Machyntyr;;;;;;;;;;;;;
b_machyntyr_adj;Machyntyr;;;;;;;;;;;;;
b_machyntyr_desc;Machyntyr;;;;;;;;;;;;;
b_machyntyr2;Machyntyr2;;;;;;;;;;;;;
b_machyntyr2_adj;Machyntyr2;;;;;;;;;;;;;
b_machyntyr2_desc;Machyntyr2;;;;;;;;;;;;;
ara;Ara;;;;;;;;;;;;;
ara_adj;Ara;;;;;;;;;;;;;
ara_desc;Ara;;;;;;;;;;;;;
c_ara;Ara;;;;;;;;;;;;;
c_ara_adj;Ara;;;;;;;;;;;;;
c_ara_desc;Ara;;;;;;;;;;;;;
PROV51;Ara;;;;;;;;;;;;;
PROV51_adj;Ara;;;;;;;;;;;;;
PROV51_desc;Ara;;;;;;;;;;;;;
b_ara;Ara;;;;;;;;;;;;;
b_ara_adj;Ara;;;;;;;;;;;;;
b_ara_desc;Ara;;;;;;;;;;;;;
b_ara2;Ara2;;;;;;;;;;;;;
b_ara2_adj;Ara2;;;;;;;;;;;;;
b_ara2_desc;Ara2;;;;;;;;;;;;;
gaerwen;Gaerwen;;;;;;;;;;;;;
gaerwen_adj;Gaerwen;;;;;;;;;;;;;
gaerwen_desc;Gaerwen;;;;;;;;;;;;;
d_gaerwen;Gaerwen;;;;;;;;;;;;;
d_gaerwen_adj;Gaerwen;;;;;;;;;;;;;
d_gaerwen_desc;Gaerwen;;;;;;;;;;;;;
amlwch;Amlwch;;;;;;;;;;;;;
amlwch_adj;Amlwch;;;;;;;;;;;;;
amlwch_desc;Amlwch;;;;;;;;;;;;;
c_amlwch;Amlwch;;;;;;;;;;;;;
c_amlwch_adj;Amlwch;;;;;;;;;;;;;
c_amlwch_desc;Amlwch;;;;;;;;;;;;;
PROV52;Amlwch;;;;;;;;;;;;;
PROV52_adj;Amlwch;;;;;;;;;;;;;
PROV52_desc;Amlwch;;;;;;;;;;;;;
b_amlwch;Amlwch;;;;;;;;;;;;;
b_amlwch_adj;Amlwch;;;;;;;;;;;;;
b_amlwch_desc;Amlwch;;;;;;;;;;;;;
b_amlwch2;Amlwch2;;;;;;;;;;;;;
b_amlwch2_adj;Amlwch2;;;;;;;;;;;;;
b_amlwch2_desc;Amlwch2;;;;;;;;;;;;;
caerwys;Caerwys;;;;;;;;;;;;;
caerwys_adj;Caerwys;;;;;;;;;;;;;
caerwys_desc;Caerwys;;;;;;;;;;;;;
c_caerwys;Caerwys;;;;;;;;;;;;;
c_caerwys_adj;Caerwys;;;;;;;;;;;;;
c_caerwys_desc;Caerwys;;;;;;;;;;;;;
PROV53;Caerwys;;;;;;;;;;;;;
PROV53_adj;Caerwys;;;;;;;;;;;;;
PROV53_desc;Caerwys;;;;;;;;;;;;;
b_caerwys;Caerwys;;;;;;;;;;;;;
b_caerwys_adj;Caerwys;;;;;;;;;;;;;
b_caerwys_desc;Caerwys;;;;;;;;;;;;;
b_caerwys2;Caerwys2;;;;;;;;;;;;;
b_caerwys2_adj;Caerwys2;;;;;;;;;;;;;
b_caerwys2_desc;Caerwys2;;;;;;;;;;;;;
c_gaerwen;Gaerwen;;;;;;;;;;;;;
c_gaerwen_adj;Gaerwen;;;;;;;;;;;;;
c_gaerwen_desc;Gaerwen;;;;;;;;;;;;;
PROV54;Gaerwen;;;;;;;;;;;;;
PROV54_adj;Gaerwen;;;;;;;;;;;;;
PROV54_desc;Gaerwen;;;;;;;;;;;;;
b_gaerwen;Gaerwen;;;;;;;;;;;;;
b_gaerwen_adj;Gaerwen;;;;;;;;;;;;;
b_gaerwen_desc;Gaerwen;;;;;;;;;;;;;
b_gaerwen2;Gaerwen2;;;;;;;;;;;;;
b_gaerwen2_adj;Gaerwen2;;;;;;;;;;;;;
b_gaerwen2_desc;Gaerwen2;;;;;;;;;;;;;
abertyr;Abertyr;;;;;;;;;;;;;
abertyr_adj;Abertyr;;;;;;;;;;;;;
abertyr_desc;Abertyr;;;;;;;;;;;;;
c_abertyr;Abertyr;;;;;;;;;;;;;
c_abertyr_adj;Abertyr;;;;;;;;;;;;;
c_abertyr_desc;Abertyr;;;;;;;;;;;;;
PROV55;Abertyr;;;;;;;;;;;;;
PROV55_adj;Abertyr;;;;;;;;;;;;;
PROV55_desc;Abertyr;;;;;;;;;;;;;
b_abertyr;Abertyr;;;;;;;;;;;;;
b_abertyr_adj;Abertyr;;;;;;;;;;;;;
b_abertyr_desc;Abertyr;;;;;;;;;;;;;
b_abertyr2;Abertyr2;;;;;;;;;;;;;
b_abertyr2_adj;Abertyr2;;;;;;;;;;;;;
b_abertyr2_desc;Abertyr2;;;;;;;;;;;;;
alos;Alos;;;;;;;;;;;;;
alos_adj;Alos;;;;;;;;;;;;;
alos_desc;Alos;;;;;;;;;;;;;
c_alos;Alos;;;;;;;;;;;;;
c_alos_adj;Alos;;;;;;;;;;;;;
c_alos_desc;Alos;;;;;;;;;;;;;
PROV56;Alos;;;;;;;;;;;;;
PROV56_adj;Alos;;;;;;;;;;;;;
PROV56_desc;Alos;;;;;;;;;;;;;
b_alos;Alos;;;;;;;;;;;;;
b_alos_adj;Alos;;;;;;;;;;;;;
b_alos_desc;Alos;;;;;;;;;;;;;
b_alos2;Alos2;;;;;;;;;;;;;
b_alos2_adj;Alos2;;;;;;;;;;;;;
b_alos2_desc;Alos2;;;;;;;;;;;;;
bodwyddan_plates;Bodwyddan Plates;;;;;;;;;;;;;
bodwyddan_plates_adj;Bodwyddan Plates;;;;;;;;;;;;;
bodwyddan_plates_desc;Bodwyddan Plates;;;;;;;;;;;;;
c_bodwyddan_plates;Bodwyddan Plates;;;;;;;;;;;;;
c_bodwyddan_plates_adj;Bodwyddan Plates;;;;;;;;;;;;;
c_bodwyddan_plates_desc;Bodwyddan Plates;;;;;;;;;;;;;
PROV57;Bodwyddan Plates;;;;;;;;;;;;;
PROV57_adj;Bodwyddan Plates;;;;;;;;;;;;;
PROV57_desc;Bodwyddan Plates;;;;;;;;;;;;;
b_bodwyddan_plates;Bodwyddan Plates;;;;;;;;;;;;;
b_bodwyddan_plates_adj;Bodwyddan Plates;;;;;;;;;;;;;
b_bodwyddan_plates_desc;Bodwyddan Plates;;;;;;;;;;;;;
b_bodwyddan_plates2;Bodwyddan Plates2;;;;;;;;;;;;;
b_bodwyddan_plates2_adj;Bodwyddan Plates2;;;;;;;;;;;;;
b_bodwyddan_plates2_desc;Bodwyddan Plates2;;;;;;;;;;;;;
twyntyr;Twyntyr;;;;;;;;;;;;;
twyntyr_adj;Twyntyr;;;;;;;;;;;;;
twyntyr_desc;Twyntyr;;;;;;;;;;;;;
d_twyntyr;Twyntyr;;;;;;;;;;;;;
d_twyntyr_adj;Twyntyr;;;;;;;;;;;;;
d_twyntyr_desc;Twyntyr;;;;;;;;;;;;;
coltyr;Coltyr;;;;;;;;;;;;;
coltyr_adj;Coltyr;;;;;;;;;;;;;
coltyr_desc;Coltyr;;;;;;;;;;;;;
c_coltyr;Coltyr;;;;;;;;;;;;;
c_coltyr_adj;Coltyr;;;;;;;;;;;;;
c_coltyr_desc;Coltyr;;;;;;;;;;;;;
PROV58;Coltyr;;;;;;;;;;;;;
PROV58_adj;Coltyr;;;;;;;;;;;;;
PROV58_desc;Coltyr;;;;;;;;;;;;;
b_coltyr;Coltyr;;;;;;;;;;;;;
b_coltyr_adj;Coltyr;;;;;;;;;;;;;
b_coltyr_desc;Coltyr;;;;;;;;;;;;;
b_coltyr2;Coltyr2;;;;;;;;;;;;;
b_coltyr2_adj;Coltyr2;;;;;;;;;;;;;
b_coltyr2_desc;Coltyr2;;;;;;;;;;;;;
sones;Sones;;;;;;;;;;;;;
sones_adj;Sones;;;;;;;;;;;;;
sones_desc;Sones;;;;;;;;;;;;;
c_sones;Sones;;;;;;;;;;;;;
c_sones_adj;Sones;;;;;;;;;;;;;
c_sones_desc;Sones;;;;;;;;;;;;;
PROV59;Sones;;;;;;;;;;;;;
PROV59_adj;Sones;;;;;;;;;;;;;
PROV59_desc;Sones;;;;;;;;;;;;;
b_sones;Sones;;;;;;;;;;;;;
b_sones_adj;Sones;;;;;;;;;;;;;
b_sones_desc;Sones;;;;;;;;;;;;;
b_sones2;Sones2;;;;;;;;;;;;;
b_sones2_adj;Sones2;;;;;;;;;;;;;
b_sones2_desc;Sones2;;;;;;;;;;;;;
keval;Keval;;;;;;;;;;;;;
keval_adj;Keval;;;;;;;;;;;;;
keval_desc;Keval;;;;;;;;;;;;;
c_keval;Keval;;;;;;;;;;;;;
c_keval_adj;Keval;;;;;;;;;;;;;
c_keval_desc;Keval;;;;;;;;;;;;;
PROV60;Keval;;;;;;;;;;;;;
PROV60_adj;Keval;;;;;;;;;;;;;
PROV60_desc;Keval;;;;;;;;;;;;;
b_keval;Keval;;;;;;;;;;;;;
b_keval_adj;Keval;;;;;;;;;;;;;
b_keval_desc;Keval;;;;;;;;;;;;;
b_keval2;Keval2;;;;;;;;;;;;;
b_keval2_adj;Keval2;;;;;;;;;;;;;
b_keval2_desc;Keval2;;;;;;;;;;;;;
gambess;Gambess;;;;;;;;;;;;;
gambess_adj;Gambess;;;;;;;;;;;;;
gambess_desc;Gambess;;;;;;;;;;;;;
c_gambess;Gambess;;;;;;;;;;;;;
c_gambess_adj;Gambess;;;;;;;;;;;;;
c_gambess_desc;Gambess;;;;;;;;;;;;;
PROV61;Gambess;;;;;;;;;;;;;
PROV61_adj;Gambess;;;;;;;;;;;;;
PROV61_desc;Gambess;;;;;;;;;;;;;
b_gambess;Gambess;;;;;;;;;;;;;
b_gambess_adj;Gambess;;;;;;;;;;;;;
b_gambess_desc;Gambess;;;;;;;;;;;;;
b_gambess2;Gambess2;;;;;;;;;;;;;
b_gambess2_adj;Gambess2;;;;;;;;;;;;;
b_gambess2_desc;Gambess2;;;;;;;;;;;;;
c_twyntyr;Twyntyr;;;;;;;;;;;;;
c_twyntyr_adj;Twyntyr;;;;;;;;;;;;;
c_twyntyr_desc;Twyntyr;;;;;;;;;;;;;
PROV62;Twyntyr;;;;;;;;;;;;;
PROV62_adj;Twyntyr;;;;;;;;;;;;;
PROV62_desc;Twyntyr;;;;;;;;;;;;;
b_twyntyr;Twyntyr;;;;;;;;;;;;;
b_twyntyr_adj;Twyntyr;;;;;;;;;;;;;
b_twyntyr_desc;Twyntyr;;;;;;;;;;;;;
b_twyntyr2;Twyntyr2;;;;;;;;;;;;;
b_twyntyr2_adj;Twyntyr2;;;;;;;;;;;;;
b_twyntyr2_desc;Twyntyr2;;;;;;;;;;;;;
mannadh_alba;Mannadh Alba;;;;;;;;;;;;;
mannadh_alba_adj;Mannadh Alba;;;;;;;;;;;;;
mannadh_alba_desc;Mannadh Alba;;;;;;;;;;;;;
k_mannadh_alba;Mannadh Alba;;;;;;;;;;;;;
k_mannadh_alba_adj;Mannadh Alba;;;;;;;;;;;;;
k_mannadh_alba_desc;Mannadh Alba;;;;;;;;;;;;;
alban;Alban;;;;;;;;;;;;;
alban_adj;Alban;;;;;;;;;;;;;
alban_desc;Alban;;;;;;;;;;;;;
d_alban;Alban;;;;;;;;;;;;;
d_alban_adj;Alban;;;;;;;;;;;;;
d_alban_desc;Alban;;;;;;;;;;;;;
armendhale;Armendhale;;;;;;;;;;;;;
armendhale_adj;Armendhale;;;;;;;;;;;;;
armendhale_desc;Armendhale;;;;;;;;;;;;;
c_armendhale;Armendhale;;;;;;;;;;;;;
c_armendhale_adj;Armendhale;;;;;;;;;;;;;
c_armendhale_desc;Armendhale;;;;;;;;;;;;;
PROV63;Armendhale;;;;;;;;;;;;;
PROV63_adj;Armendhale;;;;;;;;;;;;;
PROV63_desc;Armendhale;;;;;;;;;;;;;
b_armendhale;Armendhale;;;;;;;;;;;;;
b_armendhale_adj;Armendhale;;;;;;;;;;;;;
b_armendhale_desc;Armendhale;;;;;;;;;;;;;
b_armendhale2;Armendhale2;;;;;;;;;;;;;
b_armendhale2_adj;Armendhale2;;;;;;;;;;;;;
b_armendhale2_desc;Armendhale2;;;;;;;;;;;;;
hourn;Hourn;;;;;;;;;;;;;
hourn_adj;Hourn;;;;;;;;;;;;;
hourn_desc;Hourn;;;;;;;;;;;;;
c_hourn;Hourn;;;;;;;;;;;;;
c_hourn_adj;Hourn;;;;;;;;;;;;;
c_hourn_desc;Hourn;;;;;;;;;;;;;
PROV64;Hourn;;;;;;;;;;;;;
PROV64_adj;Hourn;;;;;;;;;;;;;
PROV64_desc;Hourn;;;;;;;;;;;;;
b_hourn;Hourn;;;;;;;;;;;;;
b_hourn_adj;Hourn;;;;;;;;;;;;;
b_hourn_desc;Hourn;;;;;;;;;;;;;
b_hourn2;Hourn2;;;;;;;;;;;;;
b_hourn2_adj;Hourn2;;;;;;;;;;;;;
b_hourn2_desc;Hourn2;;;;;;;;;;;;;
salen;Salen;;;;;;;;;;;;;
salen_adj;Salen;;;;;;;;;;;;;
salen_desc;Salen;;;;;;;;;;;;;
c_salen;Salen;;;;;;;;;;;;;
c_salen_adj;Salen;;;;;;;;;;;;;
c_salen_desc;Salen;;;;;;;;;;;;;
PROV65;Salen;;;;;;;;;;;;;
PROV65_adj;Salen;;;;;;;;;;;;;
PROV65_desc;Salen;;;;;;;;;;;;;
b_salen;Salen;;;;;;;;;;;;;
b_salen_adj;Salen;;;;;;;;;;;;;
b_salen_desc;Salen;;;;;;;;;;;;;
b_salen2;Salen2;;;;;;;;;;;;;
b_salen2_adj;Salen2;;;;;;;;;;;;;
b_salen2_desc;Salen2;;;;;;;;;;;;;
melluvagh;Melluvagh;;;;;;;;;;;;;
melluvagh_adj;Melluvagh;;;;;;;;;;;;;
melluvagh_desc;Melluvagh;;;;;;;;;;;;;
c_melluvagh;Melluvagh;;;;;;;;;;;;;
c_melluvagh_adj;Melluvagh;;;;;;;;;;;;;
c_melluvagh_desc;Melluvagh;;;;;;;;;;;;;
PROV66;Melluvagh;;;;;;;;;;;;;
PROV66_adj;Melluvagh;;;;;;;;;;;;;
PROV66_desc;Melluvagh;;;;;;;;;;;;;
b_melluvagh;Melluvagh;;;;;;;;;;;;;
b_melluvagh_adj;Melluvagh;;;;;;;;;;;;;
b_melluvagh_desc;Melluvagh;;;;;;;;;;;;;
b_melluvagh2;Melluvagh2;;;;;;;;;;;;;
b_melluvagh2_adj;Melluvagh2;;;;;;;;;;;;;
b_melluvagh2_desc;Melluvagh2;;;;;;;;;;;;;
gairnloch;Gairnloch;;;;;;;;;;;;;
gairnloch_adj;Gairnloch;;;;;;;;;;;;;
gairnloch_desc;Gairnloch;;;;;;;;;;;;;
c_gairnloch;Gairnloch;;;;;;;;;;;;;
c_gairnloch_adj;Gairnloch;;;;;;;;;;;;;
c_gairnloch_desc;Gairnloch;;;;;;;;;;;;;
PROV67;Gairnloch;;;;;;;;;;;;;
PROV67_adj;Gairnloch;;;;;;;;;;;;;
PROV67_desc;Gairnloch;;;;;;;;;;;;;
b_gairnloch;Gairnloch;;;;;;;;;;;;;
b_gairnloch_adj;Gairnloch;;;;;;;;;;;;;
b_gairnloch_desc;Gairnloch;;;;;;;;;;;;;
b_gairnloch2;Gairnloch2;;;;;;;;;;;;;
b_gairnloch2_adj;Gairnloch2;;;;;;;;;;;;;
b_gairnloch2_desc;Gairnloch2;;;;;;;;;;;;;
strathynhide;Strathynhide;;;;;;;;;;;;;
strathynhide_adj;Strathynhide;;;;;;;;;;;;;
strathynhide_desc;Strathynhide;;;;;;;;;;;;;
c_strathynhide;Strathynhide;;;;;;;;;;;;;
c_strathynhide_adj;Strathynhide;;;;;;;;;;;;;
c_strathynhide_desc;Strathynhide;;;;;;;;;;;;;
PROV68;Strathynhide;;;;;;;;;;;;;
PROV68_adj;Strathynhide;;;;;;;;;;;;;
PROV68_desc;Strathynhide;;;;;;;;;;;;;
b_strathynhide;Strathynhide;;;;;;;;;;;;;
b_strathynhide_adj;Strathynhide;;;;;;;;;;;;;
b_strathynhide_desc;Strathynhide;;;;;;;;;;;;;
b_strathynhide2;Strathynhide2;;;;;;;;;;;;;
b_strathynhide2_adj;Strathynhide2;;;;;;;;;;;;;
b_strathynhide2_desc;Strathynhide2;;;;;;;;;;;;;
culnanoc;Culnanoc;;;;;;;;;;;;;
culnanoc_adj;Culnanoc;;;;;;;;;;;;;
culnanoc_desc;Culnanoc;;;;;;;;;;;;;
d_culnanoc;Culnanoc;;;;;;;;;;;;;
d_culnanoc_adj;Culnanoc;;;;;;;;;;;;;
d_culnanoc_desc;Culnanoc;;;;;;;;;;;;;
scoraigloch;Scoraigloch;;;;;;;;;;;;;
scoraigloch_adj;Scoraigloch;;;;;;;;;;;;;
scoraigloch_desc;Scoraigloch;;;;;;;;;;;;;
c_scoraigloch;Scoraigloch;;;;;;;;;;;;;
c_scoraigloch_adj;Scoraigloch;;;;;;;;;;;;;
c_scoraigloch_desc;Scoraigloch;;;;;;;;;;;;;
PROV69;Scoraigloch;;;;;;;;;;;;;
PROV69_adj;Scoraigloch;;;;;;;;;;;;;
PROV69_desc;Scoraigloch;;;;;;;;;;;;;
b_scoraigloch;Scoraigloch;;;;;;;;;;;;;
b_scoraigloch_adj;Scoraigloch;;;;;;;;;;;;;
b_scoraigloch_desc;Scoraigloch;;;;;;;;;;;;;
b_scoraigloch2;Scoraigloch2;;;;;;;;;;;;;
b_scoraigloch2_adj;Scoraigloch2;;;;;;;;;;;;;
b_scoraigloch2_desc;Scoraigloch2;;;;;;;;;;;;;
loch_anchan;Loch Anchan;;;;;;;;;;;;;
loch_anchan_adj;Loch Anchan;;;;;;;;;;;;;
loch_anchan_desc;Loch Anchan;;;;;;;;;;;;;
c_loch_anchan;Loch Anchan;;;;;;;;;;;;;
c_loch_anchan_adj;Loch Anchan;;;;;;;;;;;;;
c_loch_anchan_desc;Loch Anchan;;;;;;;;;;;;;
PROV70;Loch Anchan;;;;;;;;;;;;;
PROV70_adj;Loch Anchan;;;;;;;;;;;;;
PROV70_desc;Loch Anchan;;;;;;;;;;;;;
b_loch_anchan;Loch Anchan;;;;;;;;;;;;;
b_loch_anchan_adj;Loch Anchan;;;;;;;;;;;;;
b_loch_anchan_desc;Loch Anchan;;;;;;;;;;;;;
b_loch_anchan2;Loch Anchan2;;;;;;;;;;;;;
b_loch_anchan2_adj;Loch Anchan2;;;;;;;;;;;;;
b_loch_anchan2_desc;Loch Anchan2;;;;;;;;;;;;;
loch_culnanoc;Loch Culnanoc;;;;;;;;;;;;;
loch_culnanoc_adj;Loch Culnanoc;;;;;;;;;;;;;
loch_culnanoc_desc;Loch Culnanoc;;;;;;;;;;;;;
c_loch_culnanoc;Loch Culnanoc;;;;;;;;;;;;;
c_loch_culnanoc_adj;Loch Culnanoc;;;;;;;;;;;;;
c_loch_culnanoc_desc;Loch Culnanoc;;;;;;;;;;;;;
PROV71;Loch Culnanoc;;;;;;;;;;;;;
PROV71_adj;Loch Culnanoc;;;;;;;;;;;;;
PROV71_desc;Loch Culnanoc;;;;;;;;;;;;;
b_loch_culnanoc;Loch Culnanoc;;;;;;;;;;;;;
b_loch_culnanoc_adj;Loch Culnanoc;;;;;;;;;;;;;
b_loch_culnanoc_desc;Loch Culnanoc;;;;;;;;;;;;;
b_loch_culnanoc2;Loch Culnanoc2;;;;;;;;;;;;;
b_loch_culnanoc2_adj;Loch Culnanoc2;;;;;;;;;;;;;
b_loch_culnanoc2_desc;Loch Culnanoc2;;;;;;;;;;;;;
loch_dunhan;Loch Dunhan;;;;;;;;;;;;;
loch_dunhan_adj;Loch Dunhan;;;;;;;;;;;;;
loch_dunhan_desc;Loch Dunhan;;;;;;;;;;;;;
c_loch_dunhan;Loch Dunhan;;;;;;;;;;;;;
c_loch_dunhan_adj;Loch Dunhan;;;;;;;;;;;;;
c_loch_dunhan_desc;Loch Dunhan;;;;;;;;;;;;;
PROV72;Loch Dunhan;;;;;;;;;;;;;
PROV72_adj;Loch Dunhan;;;;;;;;;;;;;
PROV72_desc;Loch Dunhan;;;;;;;;;;;;;
b_loch_dunhan;Loch Dunhan;;;;;;;;;;;;;
b_loch_dunhan_adj;Loch Dunhan;;;;;;;;;;;;;
b_loch_dunhan_desc;Loch Dunhan;;;;;;;;;;;;;
b_loch_dunhan2;Loch Dunhan2;;;;;;;;;;;;;
b_loch_dunhan2_adj;Loch Dunhan2;;;;;;;;;;;;;
b_loch_dunhan2_desc;Loch Dunhan2;;;;;;;;;;;;;
greshornish;Greshornish;;;;;;;;;;;;;
greshornish_adj;Greshornish;;;;;;;;;;;;;
greshornish_desc;Greshornish;;;;;;;;;;;;;
d_greshornish;Greshornish;;;;;;;;;;;;;
d_greshornish_adj;Greshornish;;;;;;;;;;;;;
d_greshornish_desc;Greshornish;;;;;;;;;;;;;
kearveigh;Kearveigh;;;;;;;;;;;;;
kearveigh_adj;Kearveigh;;;;;;;;;;;;;
kearveigh_desc;Kearveigh;;;;;;;;;;;;;
c_kearveigh;Kearveigh;;;;;;;;;;;;;
c_kearveigh_adj;Kearveigh;;;;;;;;;;;;;
c_kearveigh_desc;Kearveigh;;;;;;;;;;;;;
PROV73;Kearveigh;;;;;;;;;;;;;
PROV73_adj;Kearveigh;;;;;;;;;;;;;
PROV73_desc;Kearveigh;;;;;;;;;;;;;
b_kearveigh;Kearveigh;;;;;;;;;;;;;
b_kearveigh_adj;Kearveigh;;;;;;;;;;;;;
b_kearveigh_desc;Kearveigh;;;;;;;;;;;;;
b_kearveigh2;Kearveigh2;;;;;;;;;;;;;
b_kearveigh2_adj;Kearveigh2;;;;;;;;;;;;;
b_kearveigh2_desc;Kearveigh2;;;;;;;;;;;;;
c_greshornish;Greshornish;;;;;;;;;;;;;
c_greshornish_adj;Greshornish;;;;;;;;;;;;;
c_greshornish_desc;Greshornish;;;;;;;;;;;;;
PROV74;Greshornish;;;;;;;;;;;;;
PROV74_adj;Greshornish;;;;;;;;;;;;;
PROV74_desc;Greshornish;;;;;;;;;;;;;
b_greshornish;Greshornish;;;;;;;;;;;;;
b_greshornish_adj;Greshornish;;;;;;;;;;;;;
b_greshornish_desc;Greshornish;;;;;;;;;;;;;
b_greshornish2;Greshornish2;;;;;;;;;;;;;
b_greshornish2_adj;Greshornish2;;;;;;;;;;;;;
b_greshornish2_desc;Greshornish2;;;;;;;;;;;;;
irdhboll;Irdhboll;;;;;;;;;;;;;
irdhboll_adj;Irdhboll;;;;;;;;;;;;;
irdhboll_desc;Irdhboll;;;;;;;;;;;;;
c_irdhboll;Irdhboll;;;;;;;;;;;;;
c_irdhboll_adj;Irdhboll;;;;;;;;;;;;;
c_irdhboll_desc;Irdhboll;;;;;;;;;;;;;
PROV75;Irdhboll;;;;;;;;;;;;;
PROV75_adj;Irdhboll;;;;;;;;;;;;;
PROV75_desc;Irdhboll;;;;;;;;;;;;;
b_irdhboll;Irdhboll;;;;;;;;;;;;;
b_irdhboll_adj;Irdhboll;;;;;;;;;;;;;
b_irdhboll_desc;Irdhboll;;;;;;;;;;;;;
b_irdhboll2;Irdhboll2;;;;;;;;;;;;;
b_irdhboll2_adj;Irdhboll2;;;;;;;;;;;;;
b_irdhboll2_desc;Irdhboll2;;;;;;;;;;;;;
dinwall;Dinwall;;;;;;;;;;;;;
dinwall_adj;Dinwall;;;;;;;;;;;;;
dinwall_desc;Dinwall;;;;;;;;;;;;;
c_dinwall;Dinwall;;;;;;;;;;;;;
c_dinwall_adj;Dinwall;;;;;;;;;;;;;
c_dinwall_desc;Dinwall;;;;;;;;;;;;;
PROV76;Dinwall;;;;;;;;;;;;;
PROV76_adj;Dinwall;;;;;;;;;;;;;
PROV76_desc;Dinwall;;;;;;;;;;;;;
b_dinwall;Dinwall;;;;;;;;;;;;;
b_dinwall_adj;Dinwall;;;;;;;;;;;;;
b_dinwall_desc;Dinwall;;;;;;;;;;;;;
b_dinwall2;Dinwall2;;;;;;;;;;;;;
b_dinwall2_adj;Dinwall2;;;;;;;;;;;;;
b_dinwall2_desc;Dinwall2;;;;;;;;;;;;;
bergland;Bergland;;;;;;;;;;;;;
bergland_adj;Bergland;;;;;;;;;;;;;
bergland_desc;Bergland;;;;;;;;;;;;;
e_ostmark;Ostmark;;;;;;;;;;;;;
e_ostmark_adj;Ostmarker;;;;;;;;;;;;;
e_ostmark_desc;Ostmark;;;;;;;;;;;;;
genevaud;Genevaud;;;;;;;;;;;;;
genevaud_adj;Genevaud;;;;;;;;;;;;;
genevaud_desc;Genevaud;;;;;;;;;;;;;
k_genevaud;Genevaud;;;;;;;;;;;;;
k_genevaud_adj;Genevaud;;;;;;;;;;;;;
k_genevaud_desc;Genevaud;;;;;;;;;;;;;
lorrach;Lorrach;;;;;;;;;;;;;
lorrach_adj;Lorrach;;;;;;;;;;;;;
lorrach_desc;Lorrach;;;;;;;;;;;;;
d_lorrach;Lorrach;;;;;;;;;;;;;
d_lorrach_adj;Lorrach;;;;;;;;;;;;;
d_lorrach_desc;Lorrach;;;;;;;;;;;;;
c_lorrach;Lorrach;;;;;;;;;;;;;
c_lorrach_adj;Lorrach;;;;;;;;;;;;;
c_lorrach_desc;Lorrach;;;;;;;;;;;;;
PROV77;Lorrach;;;;;;;;;;;;;
PROV77_adj;Lorrach;;;;;;;;;;;;;
PROV77_desc;Lorrach;;;;;;;;;;;;;
b_lorrach;Lorrach;;;;;;;;;;;;;
b_lorrach_adj;Lorrach;;;;;;;;;;;;;
b_lorrach_desc;Lorrach;;;;;;;;;;;;;
b_lorrach2;Lorrach2;;;;;;;;;;;;;
b_lorrach2_adj;Lorrach2;;;;;;;;;;;;;
b_lorrach2_desc;Lorrach2;;;;;;;;;;;;;
bulgern;Bulgern;;;;;;;;;;;;;
bulgern_adj;Bulgern;;;;;;;;;;;;;
bulgern_desc;Bulgern;;;;;;;;;;;;;
c_bulgern;Bulgern;;;;;;;;;;;;;
c_bulgern_adj;Bulgern;;;;;;;;;;;;;
c_bulgern_desc;Bulgern;;;;;;;;;;;;;
PROV78;Bulgern;;;;;;;;;;;;;
PROV78_adj;Bulgern;;;;;;;;;;;;;
PROV78_desc;Bulgern;;;;;;;;;;;;;
b_bulgern;Bulgern;;;;;;;;;;;;;
b_bulgern_adj;Bulgern;;;;;;;;;;;;;
b_bulgern_desc;Bulgern;;;;;;;;;;;;;
b_bulgern2;Bulgern2;;;;;;;;;;;;;
b_bulgern2_adj;Bulgern2;;;;;;;;;;;;;
b_bulgern2_desc;Bulgern2;;;;;;;;;;;;;
bad;Bad;;;;;;;;;;;;;
bad_adj;Bad;;;;;;;;;;;;;
bad_desc;Bad;;;;;;;;;;;;;
c_bad;Bad;;;;;;;;;;;;;
c_bad_adj;Bad;;;;;;;;;;;;;
c_bad_desc;Bad;;;;;;;;;;;;;
PROV79;Bad;;;;;;;;;;;;;
PROV79_adj;Bad;;;;;;;;;;;;;
PROV79_desc;Bad;;;;;;;;;;;;;
b_bad;Bad;;;;;;;;;;;;;
b_bad_adj;Bad;;;;;;;;;;;;;
b_bad_desc;Bad;;;;;;;;;;;;;
b_bad2;Bad2;;;;;;;;;;;;;
b_bad2_adj;Bad2;;;;;;;;;;;;;
b_bad2_desc;Bad2;;;;;;;;;;;;;
mouthier;Mouthier;;;;;;;;;;;;;
mouthier_adj;Mouthier;;;;;;;;;;;;;
mouthier_desc;Mouthier;;;;;;;;;;;;;
d_mouthier;Mouthier;;;;;;;;;;;;;
d_mouthier_adj;Mouthier;;;;;;;;;;;;;
d_mouthier_desc;Mouthier;;;;;;;;;;;;;
gallenberg;Gallenberg;;;;;;;;;;;;;
gallenberg_adj;Gallenberg;;;;;;;;;;;;;
gallenberg_desc;Gallenberg;;;;;;;;;;;;;
c_gallenberg;Gallenberg;;;;;;;;;;;;;
c_gallenberg_adj;Gallenberg;;;;;;;;;;;;;
c_gallenberg_desc;Gallenberg;;;;;;;;;;;;;
PROV80;Gallenberg;;;;;;;;;;;;;
PROV80_adj;Gallenberg;;;;;;;;;;;;;
PROV80_desc;Gallenberg;;;;;;;;;;;;;
b_gallenberg;Gallenberg;;;;;;;;;;;;;
b_gallenberg_adj;Gallenberg;;;;;;;;;;;;;
b_gallenberg_desc;Gallenberg;;;;;;;;;;;;;
b_gallenberg2;Gallenberg2;;;;;;;;;;;;;
b_gallenberg2_adj;Gallenberg2;;;;;;;;;;;;;
b_gallenberg2_desc;Gallenberg2;;;;;;;;;;;;;
reinach;Reinach;;;;;;;;;;;;;
reinach_adj;Reinach;;;;;;;;;;;;;
reinach_desc;Reinach;;;;;;;;;;;;;
c_reinach;Reinach;;;;;;;;;;;;;
c_reinach_adj;Reinach;;;;;;;;;;;;;
c_reinach_desc;Reinach;;;;;;;;;;;;;
PROV81;Reinach;;;;;;;;;;;;;
PROV81_adj;Reinach;;;;;;;;;;;;;
PROV81_desc;Reinach;;;;;;;;;;;;;
b_reinach;Reinach;;;;;;;;;;;;;
b_reinach_adj;Reinach;;;;;;;;;;;;;
b_reinach_desc;Reinach;;;;;;;;;;;;;
b_reinach2;Reinach2;;;;;;;;;;;;;
b_reinach2_adj;Reinach2;;;;;;;;;;;;;
b_reinach2_desc;Reinach2;;;;;;;;;;;;;
schaffhausen;Schaffhausen;;;;;;;;;;;;;
schaffhausen_adj;Schaffhausen;;;;;;;;;;;;;
schaffhausen_desc;Schaffhausen;;;;;;;;;;;;;
d_schaffhausen;Schaffhausen;;;;;;;;;;;;;
d_schaffhausen_adj;Schaffhausen;;;;;;;;;;;;;
d_schaffhausen_desc;Schaffhausen;;;;;;;;;;;;;
c_schaffhausen;Schaffhausen;;;;;;;;;;;;;
c_schaffhausen_adj;Schaffhausen;;;;;;;;;;;;;
c_schaffhausen_desc;Schaffhausen;;;;;;;;;;;;;
PROV82;Schaffhausen;;;;;;;;;;;;;
PROV82_adj;Schaffhausen;;;;;;;;;;;;;
PROV82_desc;Schaffhausen;;;;;;;;;;;;;
b_schaffhausen;Schaffhausen;;;;;;;;;;;;;
b_schaffhausen_adj;Schaffhausen;;;;;;;;;;;;;
b_schaffhausen_desc;Schaffhausen;;;;;;;;;;;;;
b_schaffhausen2;Schaffhausen2;;;;;;;;;;;;;
b_schaffhausen2_adj;Schaffhausen2;;;;;;;;;;;;;
b_schaffhausen2_desc;Schaffhausen2;;;;;;;;;;;;;
arau;Arau;;;;;;;;;;;;;
arau_adj;Arau;;;;;;;;;;;;;
arau_desc;Arau;;;;;;;;;;;;;
c_arau;Arau;;;;;;;;;;;;;
c_arau_adj;Arau;;;;;;;;;;;;;
c_arau_desc;Arau;;;;;;;;;;;;;
PROV83;Arau;;;;;;;;;;;;;
PROV83_adj;Arau;;;;;;;;;;;;;
PROV83_desc;Arau;;;;;;;;;;;;;
b_arau;Arau;;;;;;;;;;;;;
b_arau_adj;Arau;;;;;;;;;;;;;
b_arau_desc;Arau;;;;;;;;;;;;;
b_arau2;Arau2;;;;;;;;;;;;;
b_arau2_adj;Arau2;;;;;;;;;;;;;
b_arau2_desc;Arau2;;;;;;;;;;;;;
fergh;Fergh;;;;;;;;;;;;;
fergh_adj;Fergh;;;;;;;;;;;;;
fergh_desc;Fergh;;;;;;;;;;;;;
c_fergh;Fergh;;;;;;;;;;;;;
c_fergh_adj;Fergh;;;;;;;;;;;;;
c_fergh_desc;Fergh;;;;;;;;;;;;;
PROV84;Fergh;;;;;;;;;;;;;
PROV84_adj;Fergh;;;;;;;;;;;;;
PROV84_desc;Fergh;;;;;;;;;;;;;
b_fergh;Fergh;;;;;;;;;;;;;
b_fergh_adj;Fergh;;;;;;;;;;;;;
b_fergh_desc;Fergh;;;;;;;;;;;;;
b_fergh2;Fergh2;;;;;;;;;;;;;
b_fergh2_adj;Fergh2;;;;;;;;;;;;;
b_fergh2_desc;Fergh2;;;;;;;;;;;;;
mulhaus;Mulhaus;;;;;;;;;;;;;
mulhaus_adj;Mulhaus;;;;;;;;;;;;;
mulhaus_desc;Mulhaus;;;;;;;;;;;;;
c_mulhaus;Mulhaus;;;;;;;;;;;;;
c_mulhaus_adj;Mulhaus;;;;;;;;;;;;;
c_mulhaus_desc;Mulhaus;;;;;;;;;;;;;
PROV85;Mulhaus;;;;;;;;;;;;;
PROV85_adj;Mulhaus;;;;;;;;;;;;;
PROV85_desc;Mulhaus;;;;;;;;;;;;;
b_mulhaus;Mulhaus;;;;;;;;;;;;;
b_mulhaus_adj;Mulhaus;;;;;;;;;;;;;
b_mulhaus_desc;Mulhaus;;;;;;;;;;;;;
b_mulhaus2;Mulhaus2;;;;;;;;;;;;;
b_mulhaus2_adj;Mulhaus2;;;;;;;;;;;;;
b_mulhaus2_desc;Mulhaus2;;;;;;;;;;;;;
lorenthaus;Lorenthaus;;;;;;;;;;;;;
lorenthaus_adj;Lorenthaus;;;;;;;;;;;;;
lorenthaus_desc;Lorenthaus;;;;;;;;;;;;;
k_lorenthaus;Lorenthaus;;;;;;;;;;;;;
k_lorenthaus_adj;Lorenthaus;;;;;;;;;;;;;
k_lorenthaus_desc;Lorenthaus;;;;;;;;;;;;;
elane;Elane;;;;;;;;;;;;;
elane_adj;Elane;;;;;;;;;;;;;
elane_desc;Elane;;;;;;;;;;;;;
d_elane;Elane;;;;;;;;;;;;;
d_elane_adj;Elane;;;;;;;;;;;;;
d_elane_desc;Elane;;;;;;;;;;;;;
c_elane;Elane;;;;;;;;;;;;;
c_elane_adj;Elane;;;;;;;;;;;;;
c_elane_desc;Elane;;;;;;;;;;;;;
PROV86;Elane;;;;;;;;;;;;;
PROV86_adj;Elane;;;;;;;;;;;;;
PROV86_desc;Elane;;;;;;;;;;;;;
b_elane;Elane;;;;;;;;;;;;;
b_elane_adj;Elane;;;;;;;;;;;;;
b_elane_desc;Elane;;;;;;;;;;;;;
b_elane2;Elane2;;;;;;;;;;;;;
b_elane2_adj;Elane2;;;;;;;;;;;;;
b_elane2_desc;Elane2;;;;;;;;;;;;;
ferrano;Ferrano;;;;;;;;;;;;;
ferrano_adj;Ferrano;;;;;;;;;;;;;
ferrano_desc;Ferrano;;;;;;;;;;;;;
c_ferrano;Ferrano;;;;;;;;;;;;;
c_ferrano_adj;Ferrano;;;;;;;;;;;;;
c_ferrano_desc;Ferrano;;;;;;;;;;;;;
PROV87;Ferrano;;;;;;;;;;;;;
PROV87_adj;Ferrano;;;;;;;;;;;;;
PROV87_desc;Ferrano;;;;;;;;;;;;;
b_ferrano;Ferrano;;;;;;;;;;;;;
b_ferrano_adj;Ferrano;;;;;;;;;;;;;
b_ferrano_desc;Ferrano;;;;;;;;;;;;;
b_ferrano2;Ferrano2;;;;;;;;;;;;;
b_ferrano2_adj;Ferrano2;;;;;;;;;;;;;
b_ferrano2_desc;Ferrano2;;;;;;;;;;;;;
ennas;Ennas;;;;;;;;;;;;;
ennas_adj;Ennas;;;;;;;;;;;;;
ennas_desc;Ennas;;;;;;;;;;;;;
c_ennas;Ennas;;;;;;;;;;;;;
c_ennas_adj;Ennas;;;;;;;;;;;;;
c_ennas_desc;Ennas;;;;;;;;;;;;;
PROV88;Ennas;;;;;;;;;;;;;
PROV88_adj;Ennas;;;;;;;;;;;;;
PROV88_desc;Ennas;;;;;;;;;;;;;
b_ennas;Ennas;;;;;;;;;;;;;
b_ennas_adj;Ennas;;;;;;;;;;;;;
b_ennas_desc;Ennas;;;;;;;;;;;;;
b_ennas2;Ennas2;;;;;;;;;;;;;
b_ennas2_adj;Ennas2;;;;;;;;;;;;;
b_ennas2_desc;Ennas2;;;;;;;;;;;;;
lavoyare;Lavoyare;;;;;;;;;;;;;
lavoyare_adj;Lavoyare;;;;;;;;;;;;;
lavoyare_desc;Lavoyare;;;;;;;;;;;;;
d_lavoyare;Lavoyare;;;;;;;;;;;;;
d_lavoyare_adj;Lavoyare;;;;;;;;;;;;;
d_lavoyare_desc;Lavoyare;;;;;;;;;;;;;
montua;Montua;;;;;;;;;;;;;
montua_adj;Montua;;;;;;;;;;;;;
montua_desc;Montua;;;;;;;;;;;;;
c_montua;Montua;;;;;;;;;;;;;
c_montua_adj;Montua;;;;;;;;;;;;;
c_montua_desc;Montua;;;;;;;;;;;;;
PROV89;Montua;;;;;;;;;;;;;
PROV89_adj;Montua;;;;;;;;;;;;;
PROV89_desc;Montua;;;;;;;;;;;;;
b_montua;Montua;;;;;;;;;;;;;
b_montua_adj;Montua;;;;;;;;;;;;;
b_montua_desc;Montua;;;;;;;;;;;;;
b_montua2;Montua2;;;;;;;;;;;;;
b_montua2_adj;Montua2;;;;;;;;;;;;;
b_montua2_desc;Montua2;;;;;;;;;;;;;
essire;Essire;;;;;;;;;;;;;
essire_adj;Essire;;;;;;;;;;;;;
essire_desc;Essire;;;;;;;;;;;;;
c_essire;Essire;;;;;;;;;;;;;
c_essire_adj;Essire;;;;;;;;;;;;;
c_essire_desc;Essire;;;;;;;;;;;;;
PROV90;Essire;;;;;;;;;;;;;
PROV90_adj;Essire;;;;;;;;;;;;;
PROV90_desc;Essire;;;;;;;;;;;;;
b_essire;Essire;;;;;;;;;;;;;
b_essire_adj;Essire;;;;;;;;;;;;;
b_essire_desc;Essire;;;;;;;;;;;;;
b_essire2;Essire2;;;;;;;;;;;;;
b_essire2_adj;Essire2;;;;;;;;;;;;;
b_essire2_desc;Essire2;;;;;;;;;;;;;
meuverge;Meuverge;;;;;;;;;;;;;
meuverge_adj;Meuverge;;;;;;;;;;;;;
meuverge_desc;Meuverge;;;;;;;;;;;;;
c_meuverge;Meuverge;;;;;;;;;;;;;
c_meuverge_adj;Meuverge;;;;;;;;;;;;;
c_meuverge_desc;Meuverge;;;;;;;;;;;;;
PROV91;Meuverge;;;;;;;;;;;;;
PROV91_adj;Meuverge;;;;;;;;;;;;;
PROV91_desc;Meuverge;;;;;;;;;;;;;
b_meuverge;Meuverge;;;;;;;;;;;;;
b_meuverge_adj;Meuverge;;;;;;;;;;;;;
b_meuverge_desc;Meuverge;;;;;;;;;;;;;
b_meuverge2;Meuverge2;;;;;;;;;;;;;
b_meuverge2_adj;Meuverge2;;;;;;;;;;;;;
b_meuverge2_desc;Meuverge2;;;;;;;;;;;;;
c_lavoyare;Lavoyare;;;;;;;;;;;;;
c_lavoyare_adj;Lavoyare;;;;;;;;;;;;;
c_lavoyare_desc;Lavoyare;;;;;;;;;;;;;
PROV92;Lavoyare;;;;;;;;;;;;;
PROV92_adj;Lavoyare;;;;;;;;;;;;;
PROV92_desc;Lavoyare;;;;;;;;;;;;;
b_lavoyare;Lavoyare;;;;;;;;;;;;;
b_lavoyare_adj;Lavoyare;;;;;;;;;;;;;
b_lavoyare_desc;Lavoyare;;;;;;;;;;;;;
b_lavoyare2;Lavoyare2;;;;;;;;;;;;;
b_lavoyare2_adj;Lavoyare2;;;;;;;;;;;;;
b_lavoyare2_desc;Lavoyare2;;;;;;;;;;;;;
kreustur;Kreustur;;;;;;;;;;;;;
kreustur_adj;Kreustur;;;;;;;;;;;;;
kreustur_desc;Kreustur;;;;;;;;;;;;;
c_kreustur;Kreustur;;;;;;;;;;;;;
c_kreustur_adj;Kreustur;;;;;;;;;;;;;
c_kreustur_desc;Kreustur;;;;;;;;;;;;;
PROV93;Kreustur;;;;;;;;;;;;;
PROV93_adj;Kreustur;;;;;;;;;;;;;
PROV93_desc;Kreustur;;;;;;;;;;;;;
b_kreustur;Kreustur;;;;;;;;;;;;;
b_kreustur_adj;Kreustur;;;;;;;;;;;;;
b_kreustur_desc;Kreustur;;;;;;;;;;;;;
b_kreustur2;Kreustur2;;;;;;;;;;;;;
b_kreustur2_adj;Kreustur2;;;;;;;;;;;;;
b_kreustur2_desc;Kreustur2;;;;;;;;;;;;;
milosso;Milosso;;;;;;;;;;;;;
milosso_adj;Milosso;;;;;;;;;;;;;
milosso_desc;Milosso;;;;;;;;;;;;;
c_milosso;Milosso;;;;;;;;;;;;;
c_milosso_adj;Milosso;;;;;;;;;;;;;
c_milosso_desc;Milosso;;;;;;;;;;;;;
PROV94;Milosso;;;;;;;;;;;;;
PROV94_adj;Milosso;;;;;;;;;;;;;
PROV94_desc;Milosso;;;;;;;;;;;;;
b_milosso;Milosso;;;;;;;;;;;;;
b_milosso_adj;Milosso;;;;;;;;;;;;;
b_milosso_desc;Milosso;;;;;;;;;;;;;
b_milosso2;Milosso2;;;;;;;;;;;;;
b_milosso2_adj;Milosso2;;;;;;;;;;;;;
b_milosso2_desc;Milosso2;;;;;;;;;;;;;
lorhaus;Lorhaus;;;;;;;;;;;;;
lorhaus_adj;Lorhaus;;;;;;;;;;;;;
lorhaus_desc;Lorhaus;;;;;;;;;;;;;
d_lorhaus;Lorhaus;;;;;;;;;;;;;
d_lorhaus_adj;Lorhaus;;;;;;;;;;;;;
d_lorhaus_desc;Lorhaus;;;;;;;;;;;;;
aaker;Aaker;;;;;;;;;;;;;
aaker_adj;Aaker;;;;;;;;;;;;;
aaker_desc;Aaker;;;;;;;;;;;;;
c_aaker;Aaker;;;;;;;;;;;;;
c_aaker_adj;Aaker;;;;;;;;;;;;;
c_aaker_desc;Aaker;;;;;;;;;;;;;
PROV95;Aaker;;;;;;;;;;;;;
PROV95_adj;Aaker;;;;;;;;;;;;;
PROV95_desc;Aaker;;;;;;;;;;;;;
b_aaker;Aaker;;;;;;;;;;;;;
b_aaker_adj;Aaker;;;;;;;;;;;;;
b_aaker_desc;Aaker;;;;;;;;;;;;;
b_aaker2;Aaker2;;;;;;;;;;;;;
b_aaker2_adj;Aaker2;;;;;;;;;;;;;
b_aaker2_desc;Aaker2;;;;;;;;;;;;;
shattel;Shattel;;;;;;;;;;;;;
shattel_adj;Shattel;;;;;;;;;;;;;
shattel_desc;Shattel;;;;;;;;;;;;;
c_shattel;Shattel;;;;;;;;;;;;;
c_shattel_adj;Shattel;;;;;;;;;;;;;
c_shattel_desc;Shattel;;;;;;;;;;;;;
PROV96;Shattel;;;;;;;;;;;;;
PROV96_adj;Shattel;;;;;;;;;;;;;
PROV96_desc;Shattel;;;;;;;;;;;;;
b_shattel;Shattel;;;;;;;;;;;;;
b_shattel_adj;Shattel;;;;;;;;;;;;;
b_shattel_desc;Shattel;;;;;;;;;;;;;
b_shattel2;Shattel2;;;;;;;;;;;;;
b_shattel2_adj;Shattel2;;;;;;;;;;;;;
b_shattel2_desc;Shattel2;;;;;;;;;;;;;
c_lorhaus;Lorhaus;;;;;;;;;;;;;
c_lorhaus_adj;Lorhaus;;;;;;;;;;;;;
c_lorhaus_desc;Lorhaus;;;;;;;;;;;;;
PROV97;Lorhaus;;;;;;;;;;;;;
PROV97_adj;Lorhaus;;;;;;;;;;;;;
PROV97_desc;Lorhaus;;;;;;;;;;;;;
b_lorhaus;Lorhaus;;;;;;;;;;;;;
b_lorhaus_adj;Lorhaus;;;;;;;;;;;;;
b_lorhaus_desc;Lorhaus;;;;;;;;;;;;;
b_lorhaus2;Lorhaus2;;;;;;;;;;;;;
b_lorhaus2_adj;Lorhaus2;;;;;;;;;;;;;
b_lorhaus2_desc;Lorhaus2;;;;;;;;;;;;;
osteiermark;Osteiermark;;;;;;;;;;;;;
osteiermark_adj;Osteiermark;;;;;;;;;;;;;
osteiermark_desc;Osteiermark;;;;;;;;;;;;;
k_osteiermark;Osteiermark;;;;;;;;;;;;;
k_osteiermark_adj;Osteiermark;;;;;;;;;;;;;
k_osteiermark_desc;Osteiermark;;;;;;;;;;;;;
carrais_du_lion;Carrais Du Lion;;;;;;;;;;;;;
carrais_du_lion_adj;Carrais Du Lion;;;;;;;;;;;;;
carrais_du_lion_desc;Carrais Du Lion;;;;;;;;;;;;;
d_carrais_du_lion;Carrais Du Lion;;;;;;;;;;;;;
d_carrais_du_lion_adj;Carrais Du Lion;;;;;;;;;;;;;
d_carrais_du_lion_desc;Carrais Du Lion;;;;;;;;;;;;;
urau;Urau;;;;;;;;;;;;;
urau_adj;Urau;;;;;;;;;;;;;
urau_desc;Urau;;;;;;;;;;;;;
c_urau;Urau;;;;;;;;;;;;;
c_urau_adj;Urau;;;;;;;;;;;;;
c_urau_desc;Urau;;;;;;;;;;;;;
PROV98;Urau;;;;;;;;;;;;;
PROV98_adj;Urau;;;;;;;;;;;;;
PROV98_desc;Urau;;;;;;;;;;;;;
b_urau;Urau;;;;;;;;;;;;;
b_urau_adj;Urau;;;;;;;;;;;;;
b_urau_desc;Urau;;;;;;;;;;;;;
b_urau2;Urau2;;;;;;;;;;;;;
b_urau2_adj;Urau2;;;;;;;;;;;;;
b_urau2_desc;Urau2;;;;;;;;;;;;;
budelle;Budelle;;;;;;;;;;;;;
budelle_adj;Budelle;;;;;;;;;;;;;
budelle_desc;Budelle;;;;;;;;;;;;;
c_budelle;Budelle;;;;;;;;;;;;;
c_budelle_adj;Budelle;;;;;;;;;;;;;
c_budelle_desc;Budelle;;;;;;;;;;;;;
PROV99;Budelle;;;;;;;;;;;;;
PROV99_adj;Budelle;;;;;;;;;;;;;
PROV99_desc;Budelle;;;;;;;;;;;;;
b_budelle;Budelle;;;;;;;;;;;;;
b_budelle_adj;Budelle;;;;;;;;;;;;;
b_budelle_desc;Budelle;;;;;;;;;;;;;
b_budelle2;Budelle2;;;;;;;;;;;;;
b_budelle2_adj;Budelle2;;;;;;;;;;;;;
b_budelle2_desc;Budelle2;;;;;;;;;;;;;
prester;Prester;;;;;;;;;;;;;
prester_adj;Prester;;;;;;;;;;;;;
prester_desc;Prester;;;;;;;;;;;;;
c_prester;Prester;;;;;;;;;;;;;
c_prester_adj;Prester;;;;;;;;;;;;;
c_prester_desc;Prester;;;;;;;;;;;;;
PROV100;Prester;;;;;;;;;;;;;
PROV100_adj;Prester;;;;;;;;;;;;;
PROV100_desc;Prester;;;;;;;;;;;;;
b_prester;Prester;;;;;;;;;;;;;
b_prester_adj;Prester;;;;;;;;;;;;;
b_prester_desc;Prester;;;;;;;;;;;;;
b_prester2;Prester2;;;;;;;;;;;;;
b_prester2_adj;Prester2;;;;;;;;;;;;;
b_prester2_desc;Prester2;;;;;;;;;;;;;
nytra;Nytra;;;;;;;;;;;;;
nytra_adj;Nytra;;;;;;;;;;;;;
nytra_desc;Nytra;;;;;;;;;;;;;
c_nytra;Nytra;;;;;;;;;;;;;
c_nytra_adj;Nytra;;;;;;;;;;;;;
c_nytra_desc;Nytra;;;;;;;;;;;;;
PROV101;Nytra;;;;;;;;;;;;;
PROV101_adj;Nytra;;;;;;;;;;;;;
PROV101_desc;Nytra;;;;;;;;;;;;;
b_nytra;Nytra;;;;;;;;;;;;;
b_nytra_adj;Nytra;;;;;;;;;;;;;
b_nytra_desc;Nytra;;;;;;;;;;;;;
b_nytra2;Nytra2;;;;;;;;;;;;;
b_nytra2_adj;Nytra2;;;;;;;;;;;;;
b_nytra2_desc;Nytra2;;;;;;;;;;;;;
gorzen;Gorzen;;;;;;;;;;;;;
gorzen_adj;Gorzen;;;;;;;;;;;;;
gorzen_desc;Gorzen;;;;;;;;;;;;;
d_gorzen;Gorzen;;;;;;;;;;;;;
d_gorzen_adj;Gorzen;;;;;;;;;;;;;
d_gorzen_desc;Gorzen;;;;;;;;;;;;;
irole;Irole;;;;;;;;;;;;;
irole_adj;Irole;;;;;;;;;;;;;
irole_desc;Irole;;;;;;;;;;;;;
c_irole;Irole;;;;;;;;;;;;;
c_irole_adj;Irole;;;;;;;;;;;;;
c_irole_desc;Irole;;;;;;;;;;;;;
PROV102;Irole;;;;;;;;;;;;;
PROV102_adj;Irole;;;;;;;;;;;;;
PROV102_desc;Irole;;;;;;;;;;;;;
b_irole;Irole;;;;;;;;;;;;;
b_irole_adj;Irole;;;;;;;;;;;;;
b_irole_desc;Irole;;;;;;;;;;;;;
b_irole2;Irole2;;;;;;;;;;;;;
b_irole2_adj;Irole2;;;;;;;;;;;;;
b_irole2_desc;Irole2;;;;;;;;;;;;;
obermark;Obermark;;;;;;;;;;;;;
obermark_adj;Obermark;;;;;;;;;;;;;
obermark_desc;Obermark;;;;;;;;;;;;;
c_obermark;Obermark;;;;;;;;;;;;;
c_obermark_adj;Obermark;;;;;;;;;;;;;
c_obermark_desc;Obermark;;;;;;;;;;;;;
PROV103;Obermark;;;;;;;;;;;;;
PROV103_adj;Obermark;;;;;;;;;;;;;
PROV103_desc;Obermark;;;;;;;;;;;;;
b_obermark;Obermark;;;;;;;;;;;;;
b_obermark_adj;Obermark;;;;;;;;;;;;;
b_obermark_desc;Obermark;;;;;;;;;;;;;
b_obermark2;Obermark2;;;;;;;;;;;;;
b_obermark2_adj;Obermark2;;;;;;;;;;;;;
b_obermark2_desc;Obermark2;;;;;;;;;;;;;
hinterkaernte;Hinterkaernte;;;;;;;;;;;;;
hinterkaernte_adj;Hinterkaernte;;;;;;;;;;;;;
hinterkaernte_desc;Hinterkaernte;;;;;;;;;;;;;
c_hinterkaernte;Hinterkaernte;;;;;;;;;;;;;
c_hinterkaernte_adj;Hinterkaernte;;;;;;;;;;;;;
c_hinterkaernte_desc;Hinterkaernte;;;;;;;;;;;;;
PROV104;Hinterkaernte;;;;;;;;;;;;;
PROV104_adj;Hinterkaernte;;;;;;;;;;;;;
PROV104_desc;Hinterkaernte;;;;;;;;;;;;;
b_hinterkaernte;Hinterkaernte;;;;;;;;;;;;;
b_hinterkaernte_adj;Hinterkaernte;;;;;;;;;;;;;
b_hinterkaernte_desc;Hinterkaernte;;;;;;;;;;;;;
b_hinterkaernte2;Hinterkaernte2;;;;;;;;;;;;;
b_hinterkaernte2_adj;Hinterkaernte2;;;;;;;;;;;;;
b_hinterkaernte2_desc;Hinterkaernte2;;;;;;;;;;;;;
c_gorzen;Gorzen;;;;;;;;;;;;;
c_gorzen_adj;Gorzen;;;;;;;;;;;;;
c_gorzen_desc;Gorzen;;;;;;;;;;;;;
PROV105;Gorzen;;;;;;;;;;;;;
PROV105_adj;Gorzen;;;;;;;;;;;;;
PROV105_desc;Gorzen;;;;;;;;;;;;;
b_gorzen;Gorzen;;;;;;;;;;;;;
b_gorzen_adj;Gorzen;;;;;;;;;;;;;
b_gorzen_desc;Gorzen;;;;;;;;;;;;;
b_gorzen2;Gorzen2;;;;;;;;;;;;;
b_gorzen2_adj;Gorzen2;;;;;;;;;;;;;
b_gorzen2_desc;Gorzen2;;;;;;;;;;;;;
ivenna;Ivenna;;;;;;;;;;;;;
ivenna_adj;Ivenna;;;;;;;;;;;;;
ivenna_desc;Ivenna;;;;;;;;;;;;;
d_ivenna;Ivenna;;;;;;;;;;;;;
d_ivenna_adj;Ivenna;;;;;;;;;;;;;
d_ivenna_desc;Ivenna;;;;;;;;;;;;;
preste;Preste;;;;;;;;;;;;;
preste_adj;Preste;;;;;;;;;;;;;
preste_desc;Preste;;;;;;;;;;;;;
c_preste;Preste;;;;;;;;;;;;;
c_preste_adj;Preste;;;;;;;;;;;;;
c_preste_desc;Preste;;;;;;;;;;;;;
PROV106;Preste;;;;;;;;;;;;;
PROV106_adj;Preste;;;;;;;;;;;;;
PROV106_desc;Preste;;;;;;;;;;;;;
b_preste;Preste;;;;;;;;;;;;;
b_preste_adj;Preste;;;;;;;;;;;;;
b_preste_desc;Preste;;;;;;;;;;;;;
b_preste2;Preste2;;;;;;;;;;;;;
b_preste2_adj;Preste2;;;;;;;;;;;;;
b_preste2_desc;Preste2;;;;;;;;;;;;;
c_ivenna;Ivenna;;;;;;;;;;;;;
c_ivenna_adj;Ivenna;;;;;;;;;;;;;
c_ivenna_desc;Ivenna;;;;;;;;;;;;;
PROV107;Ivenna;;;;;;;;;;;;;
PROV107_adj;Ivenna;;;;;;;;;;;;;
PROV107_desc;Ivenna;;;;;;;;;;;;;
b_ivenna;Ivenna;;;;;;;;;;;;;
b_ivenna_adj;Ivenna;;;;;;;;;;;;;
b_ivenna_desc;Ivenna;;;;;;;;;;;;;
b_ivenna2;Ivenna2;;;;;;;;;;;;;
b_ivenna2_adj;Ivenna2;;;;;;;;;;;;;
b_ivenna2_desc;Ivenna2;;;;;;;;;;;;;
mozaria;Mozaria;;;;;;;;;;;;;
mozaria_adj;Mozaria;;;;;;;;;;;;;
mozaria_desc;Mozaria;;;;;;;;;;;;;
c_mozaria;Mozaria;;;;;;;;;;;;;
c_mozaria_adj;Mozaria;;;;;;;;;;;;;
c_mozaria_desc;Mozaria;;;;;;;;;;;;;
PROV108;Mozaria;;;;;;;;;;;;;
PROV108_adj;Mozaria;;;;;;;;;;;;;
PROV108_desc;Mozaria;;;;;;;;;;;;;
b_mozaria;Mozaria;;;;;;;;;;;;;
b_mozaria_adj;Mozaria;;;;;;;;;;;;;
b_mozaria_desc;Mozaria;;;;;;;;;;;;;
b_mozaria2;Mozaria2;;;;;;;;;;;;;
b_mozaria2_adj;Mozaria2;;;;;;;;;;;;;
b_mozaria2_desc;Mozaria2;;;;;;;;;;;;;
praag;Praag;;;;;;;;;;;;;
praag_adj;Praag;;;;;;;;;;;;;
praag_desc;Praag;;;;;;;;;;;;;
d_praag;Praag;;;;;;;;;;;;;
d_praag_adj;Praag;;;;;;;;;;;;;
d_praag_desc;Praag;;;;;;;;;;;;;
saalzen;Saalzen;;;;;;;;;;;;;
saalzen_adj;Saalzen;;;;;;;;;;;;;
saalzen_desc;Saalzen;;;;;;;;;;;;;
c_saalzen;Saalzen;;;;;;;;;;;;;
c_saalzen_adj;Saalzen;;;;;;;;;;;;;
c_saalzen_desc;Saalzen;;;;;;;;;;;;;
PROV109;Saalzen;;;;;;;;;;;;;
PROV109_adj;Saalzen;;;;;;;;;;;;;
PROV109_desc;Saalzen;;;;;;;;;;;;;
b_saalzen;Saalzen;;;;;;;;;;;;;
b_saalzen_adj;Saalzen;;;;;;;;;;;;;
b_saalzen_desc;Saalzen;;;;;;;;;;;;;
b_saalzen2;Saalzen2;;;;;;;;;;;;;
b_saalzen2_adj;Saalzen2;;;;;;;;;;;;;
b_saalzen2_desc;Saalzen2;;;;;;;;;;;;;
c_praag;Praag;;;;;;;;;;;;;
c_praag_adj;Praag;;;;;;;;;;;;;
c_praag_desc;Praag;;;;;;;;;;;;;
PROV110;Praag;;;;;;;;;;;;;
PROV110_adj;Praag;;;;;;;;;;;;;
PROV110_desc;Praag;;;;;;;;;;;;;
b_praag;Praag;;;;;;;;;;;;;
b_praag_adj;Praag;;;;;;;;;;;;;
b_praag_desc;Praag;;;;;;;;;;;;;
b_praag2;Praag2;;;;;;;;;;;;;
b_praag2_adj;Praag2;;;;;;;;;;;;;
b_praag2_desc;Praag2;;;;;;;;;;;;;
morveten;Morveten;;;;;;;;;;;;;
morveten_adj;Morveten;;;;;;;;;;;;;
morveten_desc;Morveten;;;;;;;;;;;;;
c_morveten;Morveten;;;;;;;;;;;;;
c_morveten_adj;Morveten;;;;;;;;;;;;;
c_morveten_desc;Morveten;;;;;;;;;;;;;
PROV111;Morveten;;;;;;;;;;;;;
PROV111_adj;Morveten;;;;;;;;;;;;;
PROV111_desc;Morveten;;;;;;;;;;;;;
b_morveten;Morveten;;;;;;;;;;;;;
b_morveten_adj;Morveten;;;;;;;;;;;;;
b_morveten_desc;Morveten;;;;;;;;;;;;;
b_morveten2;Morveten2;;;;;;;;;;;;;
b_morveten2_adj;Morveten2;;;;;;;;;;;;;
b_morveten2_desc;Morveten2;;;;;;;;;;;;;
tirgunn;Tirgunn;;;;;;;;;;;;;
tirgunn_adj;Tirgunn;;;;;;;;;;;;;
tirgunn_desc;Tirgunn;;;;;;;;;;;;;
k_tirgunn;Tirgunn;;;;;;;;;;;;;
k_tirgunn_adj;Tirgunn;;;;;;;;;;;;;
k_tirgunn_desc;Tirgunn;;;;;;;;;;;;;
albarn;Albarn;;;;;;;;;;;;;
albarn_adj;Albarn;;;;;;;;;;;;;
albarn_desc;Albarn;;;;;;;;;;;;;
d_albarn;Albarn;;;;;;;;;;;;;
d_albarn_adj;Albarn;;;;;;;;;;;;;
d_albarn_desc;Albarn;;;;;;;;;;;;;
ettelbrueck;Ettelbrueck;;;;;;;;;;;;;
ettelbrueck_adj;Ettelbrueck;;;;;;;;;;;;;
ettelbrueck_desc;Ettelbrueck;;;;;;;;;;;;;
c_ettelbrueck;Ettelbrueck;;;;;;;;;;;;;
c_ettelbrueck_adj;Ettelbrueck;;;;;;;;;;;;;
c_ettelbrueck_desc;Ettelbrueck;;;;;;;;;;;;;
PROV112;Ettelbrueck;;;;;;;;;;;;;
PROV112_adj;Ettelbrueck;;;;;;;;;;;;;
PROV112_desc;Ettelbrueck;;;;;;;;;;;;;
b_ettelbrueck;Ettelbrueck;;;;;;;;;;;;;
b_ettelbrueck_adj;Ettelbrueck;;;;;;;;;;;;;
b_ettelbrueck_desc;Ettelbrueck;;;;;;;;;;;;;
b_ettelbrueck2;Ettelbrueck2;;;;;;;;;;;;;
b_ettelbrueck2_adj;Ettelbrueck2;;;;;;;;;;;;;
b_ettelbrueck2_desc;Ettelbrueck2;;;;;;;;;;;;;
alxette;Alxette;;;;;;;;;;;;;
alxette_adj;Alxette;;;;;;;;;;;;;
alxette_desc;Alxette;;;;;;;;;;;;;
c_alxette;Alxette;;;;;;;;;;;;;
c_alxette_adj;Alxette;;;;;;;;;;;;;
c_alxette_desc;Alxette;;;;;;;;;;;;;
PROV113;Alxette;;;;;;;;;;;;;
PROV113_adj;Alxette;;;;;;;;;;;;;
PROV113_desc;Alxette;;;;;;;;;;;;;
b_alxette;Alxette;;;;;;;;;;;;;
b_alxette_adj;Alxette;;;;;;;;;;;;;
b_alxette_desc;Alxette;;;;;;;;;;;;;
b_alxette2;Alxette2;;;;;;;;;;;;;
b_alxette2_adj;Alxette2;;;;;;;;;;;;;
b_alxette2_desc;Alxette2;;;;;;;;;;;;;
c_albarn;Albarn;;;;;;;;;;;;;
c_albarn_adj;Albarn;;;;;;;;;;;;;
c_albarn_desc;Albarn;;;;;;;;;;;;;
PROV114;Albarn;;;;;;;;;;;;;
PROV114_adj;Albarn;;;;;;;;;;;;;
PROV114_desc;Albarn;;;;;;;;;;;;;
b_albarn;Albarn;;;;;;;;;;;;;
b_albarn_adj;Albarn;;;;;;;;;;;;;
b_albarn_desc;Albarn;;;;;;;;;;;;;
b_albarn2;Albarn2;;;;;;;;;;;;;
b_albarn2_adj;Albarn2;;;;;;;;;;;;;
b_albarn2_desc;Albarn2;;;;;;;;;;;;;
vanren;Vanren;;;;;;;;;;;;;
vanren_adj;Vanren;;;;;;;;;;;;;
vanren_desc;Vanren;;;;;;;;;;;;;
c_vanren;Vanren;;;;;;;;;;;;;
c_vanren_adj;Vanren;;;;;;;;;;;;;
c_vanren_desc;Vanren;;;;;;;;;;;;;
PROV115;Vanren;;;;;;;;;;;;;
PROV115_adj;Vanren;;;;;;;;;;;;;
PROV115_desc;Vanren;;;;;;;;;;;;;
b_vanren;Vanren;;;;;;;;;;;;;
b_vanren_adj;Vanren;;;;;;;;;;;;;
b_vanren_desc;Vanren;;;;;;;;;;;;;
b_vanren2;Vanren2;;;;;;;;;;;;;
b_vanren2_adj;Vanren2;;;;;;;;;;;;;
b_vanren2_desc;Vanren2;;;;;;;;;;;;;
rigan;Rigan;;;;;;;;;;;;;
rigan_adj;Rigan;;;;;;;;;;;;;
rigan_desc;Rigan;;;;;;;;;;;;;
c_rigan;Rigan;;;;;;;;;;;;;
c_rigan_adj;Rigan;;;;;;;;;;;;;
c_rigan_desc;Rigan;;;;;;;;;;;;;
PROV116;Rigan;;;;;;;;;;;;;
PROV116_adj;Rigan;;;;;;;;;;;;;
PROV116_desc;Rigan;;;;;;;;;;;;;
b_rigan;Rigan;;;;;;;;;;;;;
b_rigan_adj;Rigan;;;;;;;;;;;;;
b_rigan_desc;Rigan;;;;;;;;;;;;;
b_rigan2;Rigan2;;;;;;;;;;;;;
b_rigan2_adj;Rigan2;;;;;;;;;;;;;
b_rigan2_desc;Rigan2;;;;;;;;;;;;;
marner;Marner;;;;;;;;;;;;;
marner_adj;Marner;;;;;;;;;;;;;
marner_desc;Marner;;;;;;;;;;;;;
c_marner;Marner;;;;;;;;;;;;;
c_marner_adj;Marner;;;;;;;;;;;;;
c_marner_desc;Marner;;;;;;;;;;;;;
PROV117;Marner;;;;;;;;;;;;;
PROV117_adj;Marner;;;;;;;;;;;;;
PROV117_desc;Marner;;;;;;;;;;;;;
b_marner;Marner;;;;;;;;;;;;;
b_marner_adj;Marner;;;;;;;;;;;;;
b_marner_desc;Marner;;;;;;;;;;;;;
b_marner2;Marner2;;;;;;;;;;;;;
b_marner2_adj;Marner2;;;;;;;;;;;;;
b_marner2_desc;Marner2;;;;;;;;;;;;;
belfort;Belfort;;;;;;;;;;;;;
belfort_adj;Belfort;;;;;;;;;;;;;
belfort_desc;Belfort;;;;;;;;;;;;;
d_belfort;Belfort;;;;;;;;;;;;;
d_belfort_adj;Belfort;;;;;;;;;;;;;
d_belfort_desc;Belfort;;;;;;;;;;;;;
dalmaaten;Dalmaaten;;;;;;;;;;;;;
dalmaaten_adj;Dalmaaten;;;;;;;;;;;;;
dalmaaten_desc;Dalmaaten;;;;;;;;;;;;;
c_dalmaaten;Dalmaaten;;;;;;;;;;;;;
c_dalmaaten_adj;Dalmaaten;;;;;;;;;;;;;
c_dalmaaten_desc;Dalmaaten;;;;;;;;;;;;;
PROV118;Dalmaaten;;;;;;;;;;;;;
PROV118_adj;Dalmaaten;;;;;;;;;;;;;
PROV118_desc;Dalmaaten;;;;;;;;;;;;;
b_dalmaaten;Dalmaaten;;;;;;;;;;;;;
b_dalmaaten_adj;Dalmaaten;;;;;;;;;;;;;
b_dalmaaten_desc;Dalmaaten;;;;;;;;;;;;;
b_dalmaaten2;Dalmaaten2;;;;;;;;;;;;;
b_dalmaaten2_adj;Dalmaaten2;;;;;;;;;;;;;
b_dalmaaten2_desc;Dalmaaten2;;;;;;;;;;;;;
c_belfort;Belfort;;;;;;;;;;;;;
c_belfort_adj;Belfort;;;;;;;;;;;;;
c_belfort_desc;Belfort;;;;;;;;;;;;;
PROV119;Belfort;;;;;;;;;;;;;
PROV119_adj;Belfort;;;;;;;;;;;;;
PROV119_desc;Belfort;;;;;;;;;;;;;
b_belfort;Belfort;;;;;;;;;;;;;
b_belfort_adj;Belfort;;;;;;;;;;;;;
b_belfort_desc;Belfort;;;;;;;;;;;;;
b_belfort2;Belfort2;;;;;;;;;;;;;
b_belfort2_adj;Belfort2;;;;;;;;;;;;;
b_belfort2_desc;Belfort2;;;;;;;;;;;;;
redang;Redang;;;;;;;;;;;;;
redang_adj;Redang;;;;;;;;;;;;;
redang_desc;Redang;;;;;;;;;;;;;
c_redang;Redang;;;;;;;;;;;;;
c_redang_adj;Redang;;;;;;;;;;;;;
c_redang_desc;Redang;;;;;;;;;;;;;
PROV120;Redang;;;;;;;;;;;;;
PROV120_adj;Redang;;;;;;;;;;;;;
PROV120_desc;Redang;;;;;;;;;;;;;
b_redang;Redang;;;;;;;;;;;;;
b_redang_adj;Redang;;;;;;;;;;;;;
b_redang_desc;Redang;;;;;;;;;;;;;
b_redang2;Redang2;;;;;;;;;;;;;
b_redang2_adj;Redang2;;;;;;;;;;;;;
b_redang2_desc;Redang2;;;;;;;;;;;;;
remich;Remich;;;;;;;;;;;;;
remich_adj;Remich;;;;;;;;;;;;;
remich_desc;Remich;;;;;;;;;;;;;
c_remich;Remich;;;;;;;;;;;;;
c_remich_adj;Remich;;;;;;;;;;;;;
c_remich_desc;Remich;;;;;;;;;;;;;
PROV121;Remich;;;;;;;;;;;;;
PROV121_adj;Remich;;;;;;;;;;;;;
PROV121_desc;Remich;;;;;;;;;;;;;
b_remich;Remich;;;;;;;;;;;;;
b_remich_adj;Remich;;;;;;;;;;;;;
b_remich_desc;Remich;;;;;;;;;;;;;
b_remich2;Remich2;;;;;;;;;;;;;
b_remich2_adj;Remich2;;;;;;;;;;;;;
b_remich2_desc;Remich2;;;;;;;;;;;;;
nerien;Nerien;;;;;;;;;;;;;
nerien_adj;Nerien;;;;;;;;;;;;;
nerien_desc;Nerien;;;;;;;;;;;;;
d_nerien;Nerien;;;;;;;;;;;;;
d_nerien_adj;Nerien;;;;;;;;;;;;;
d_nerien_desc;Nerien;;;;;;;;;;;;;
bruecke;Bruecke;;;;;;;;;;;;;
bruecke_adj;Bruecke;;;;;;;;;;;;;
bruecke_desc;Bruecke;;;;;;;;;;;;;
c_bruecke;Bruecke;;;;;;;;;;;;;
c_bruecke_adj;Bruecke;;;;;;;;;;;;;
c_bruecke_desc;Bruecke;;;;;;;;;;;;;
PROV122;Bruecke;;;;;;;;;;;;;
PROV122_adj;Bruecke;;;;;;;;;;;;;
PROV122_desc;Bruecke;;;;;;;;;;;;;
b_bruecke;Bruecke;;;;;;;;;;;;;
b_bruecke_adj;Bruecke;;;;;;;;;;;;;
b_bruecke_desc;Bruecke;;;;;;;;;;;;;
b_bruecke2;Bruecke2;;;;;;;;;;;;;
b_bruecke2_adj;Bruecke2;;;;;;;;;;;;;
b_bruecke2_desc;Bruecke2;;;;;;;;;;;;;
nerieen;Nerieen;;;;;;;;;;;;;
nerieen_adj;Nerieen;;;;;;;;;;;;;
nerieen_desc;Nerieen;;;;;;;;;;;;;
c_nerieen;Nerieen;;;;;;;;;;;;;
c_nerieen_adj;Nerieen;;;;;;;;;;;;;
c_nerieen_desc;Nerieen;;;;;;;;;;;;;
PROV123;Nerieen;;;;;;;;;;;;;
PROV123_adj;Nerieen;;;;;;;;;;;;;
PROV123_desc;Nerieen;;;;;;;;;;;;;
b_nerieen;Nerieen;;;;;;;;;;;;;
b_nerieen_adj;Nerieen;;;;;;;;;;;;;
b_nerieen_desc;Nerieen;;;;;;;;;;;;;
b_nerieen2;Nerieen2;;;;;;;;;;;;;
b_nerieen2_adj;Nerieen2;;;;;;;;;;;;;
b_nerieen2_desc;Nerieen2;;;;;;;;;;;;;
marais;Marais;;;;;;;;;;;;;
marais_adj;Marais;;;;;;;;;;;;;
marais_desc;Marais;;;;;;;;;;;;;
c_marais;Marais;;;;;;;;;;;;;
c_marais_adj;Marais;;;;;;;;;;;;;
c_marais_desc;Marais;;;;;;;;;;;;;
PROV124;Marais;;;;;;;;;;;;;
PROV124_adj;Marais;;;;;;;;;;;;;
PROV124_desc;Marais;;;;;;;;;;;;;
b_marais;Marais;;;;;;;;;;;;;
b_marais_adj;Marais;;;;;;;;;;;;;
b_marais_desc;Marais;;;;;;;;;;;;;
b_marais2;Marais2;;;;;;;;;;;;;
b_marais2_adj;Marais2;;;;;;;;;;;;;
b_marais2_desc;Marais2;;;;;;;;;;;;;
tirgenwald;Tirgenwald;;;;;;;;;;;;;
tirgenwald_adj;Tirgenwald;;;;;;;;;;;;;
tirgenwald_desc;Tirgenwald;;;;;;;;;;;;;
c_tirgenwald;Tirgenwald;;;;;;;;;;;;;
c_tirgenwald_adj;Tirgenwald;;;;;;;;;;;;;
c_tirgenwald_desc;Tirgenwald;;;;;;;;;;;;;
PROV125;Tirgenwald;;;;;;;;;;;;;
PROV125_adj;Tirgenwald;;;;;;;;;;;;;
PROV125_desc;Tirgenwald;;;;;;;;;;;;;
b_tirgenwald;Tirgenwald;;;;;;;;;;;;;
b_tirgenwald_adj;Tirgenwald;;;;;;;;;;;;;
b_tirgenwald_desc;Tirgenwald;;;;;;;;;;;;;
b_tirgenwald2;Tirgenwald2;;;;;;;;;;;;;
b_tirgenwald2_adj;Tirgenwald2;;;;;;;;;;;;;
b_tirgenwald2_desc;Tirgenwald2;;;;;;;;;;;;;
calem;Calem;;;;;;;;;;;;;
calem_adj;Calem;;;;;;;;;;;;;
calem_desc;Calem;;;;;;;;;;;;;
e_calem;Calem;;;;;;;;;;;;;
e_calem_adj;Calem;;;;;;;;;;;;;
e_calem_desc;Calem;;;;;;;;;;;;;
carpenmark;Carpenmark;;;;;;;;;;;;;
carpenmark_adj;Carpenmark;;;;;;;;;;;;;
carpenmark_desc;Carpenmark;;;;;;;;;;;;;
k_carpenmark;Carpenmark;;;;;;;;;;;;;
k_carpenmark_adj;Carpenmark;;;;;;;;;;;;;
k_carpenmark_desc;Carpenmark;;;;;;;;;;;;;
krumvalia;Krumvalia;;;;;;;;;;;;;
krumvalia_adj;Krumvalia;;;;;;;;;;;;;
krumvalia_desc;Krumvalia;;;;;;;;;;;;;
d_krumvalia;Krumvalia;;;;;;;;;;;;;
d_krumvalia_adj;Krumvalia;;;;;;;;;;;;;
d_krumvalia_desc;Krumvalia;;;;;;;;;;;;;
heiligturm;Heiligturm;;;;;;;;;;;;;
heiligturm_adj;Heiligturm;;;;;;;;;;;;;
heiligturm_desc;Heiligturm;;;;;;;;;;;;;
c_heiligturm;Heiligturm;;;;;;;;;;;;;
c_heiligturm_adj;Heiligturm;;;;;;;;;;;;;
c_heiligturm_desc;Heiligturm;;;;;;;;;;;;;
PROV126;Heiligturm;;;;;;;;;;;;;
PROV126_adj;Heiligturm;;;;;;;;;;;;;
PROV126_desc;Heiligturm;;;;;;;;;;;;;
b_heiligturm;Heiligturm;;;;;;;;;;;;;
b_heiligturm_adj;Heiligturm;;;;;;;;;;;;;
b_heiligturm_desc;Heiligturm;;;;;;;;;;;;;
b_heiligturm2;Heiligturm2;;;;;;;;;;;;;
b_heiligturm2_adj;Heiligturm2;;;;;;;;;;;;;
b_heiligturm2_desc;Heiligturm2;;;;;;;;;;;;;
bauerland;Bauerland;;;;;;;;;;;;;
bauerland_adj;Bauerland;;;;;;;;;;;;;
bauerland_desc;Bauerland;;;;;;;;;;;;;
c_bauerland;Bauerland;;;;;;;;;;;;;
c_bauerland_adj;Bauerland;;;;;;;;;;;;;
c_bauerland_desc;Bauerland;;;;;;;;;;;;;
PROV127;Bauerland;;;;;;;;;;;;;
PROV127_adj;Bauerland;;;;;;;;;;;;;
PROV127_desc;Bauerland;;;;;;;;;;;;;
b_bauerland;Bauerland;;;;;;;;;;;;;
b_bauerland_adj;Bauerland;;;;;;;;;;;;;
b_bauerland_desc;Bauerland;;;;;;;;;;;;;
b_bauerland2;Bauerland2;;;;;;;;;;;;;
b_bauerland2_adj;Bauerland2;;;;;;;;;;;;;
b_bauerland2_desc;Bauerland2;;;;;;;;;;;;;
molveria;Molveria;;;;;;;;;;;;;
molveria_adj;Molveria;;;;;;;;;;;;;
molveria_desc;Molveria;;;;;;;;;;;;;
c_molveria;Molveria;;;;;;;;;;;;;
c_molveria_adj;Molveria;;;;;;;;;;;;;
c_molveria_desc;Molveria;;;;;;;;;;;;;
PROV128;Molveria;;;;;;;;;;;;;
PROV128_adj;Molveria;;;;;;;;;;;;;
PROV128_desc;Molveria;;;;;;;;;;;;;
b_molveria;Molveria;;;;;;;;;;;;;
b_molveria_adj;Molveria;;;;;;;;;;;;;
b_molveria_desc;Molveria;;;;;;;;;;;;;
b_molveria2;Molveria2;;;;;;;;;;;;;
b_molveria2_adj;Molveria2;;;;;;;;;;;;;
b_molveria2_desc;Molveria2;;;;;;;;;;;;;
dordovia;Dordovia;;;;;;;;;;;;;
dordovia_adj;Dordovia;;;;;;;;;;;;;
dordovia_desc;Dordovia;;;;;;;;;;;;;
c_dordovia;Dordovia;;;;;;;;;;;;;
c_dordovia_adj;Dordovia;;;;;;;;;;;;;
c_dordovia_desc;Dordovia;;;;;;;;;;;;;
PROV129;Dordovia;;;;;;;;;;;;;
PROV129_adj;Dordovia;;;;;;;;;;;;;
PROV129_desc;Dordovia;;;;;;;;;;;;;
b_dordovia;Dordovia;;;;;;;;;;;;;
b_dordovia_adj;Dordovia;;;;;;;;;;;;;
b_dordovia_desc;Dordovia;;;;;;;;;;;;;
b_dordovia2;Dordovia2;;;;;;;;;;;;;
b_dordovia2_adj;Dordovia2;;;;;;;;;;;;;
b_dordovia2_desc;Dordovia2;;;;;;;;;;;;;
birkenbauerland;Birkenbauerland;;;;;;;;;;;;;
birkenbauerland_adj;Birkenbauerland;;;;;;;;;;;;;
birkenbauerland_desc;Birkenbauerland;;;;;;;;;;;;;
c_birkenbauerland;Birkenbauerland;;;;;;;;;;;;;
c_birkenbauerland_adj;Birkenbauerland;;;;;;;;;;;;;
c_birkenbauerland_desc;Birkenbauerland;;;;;;;;;;;;;
PROV130;Birkenbauerland;;;;;;;;;;;;;
PROV130_adj;Birkenbauerland;;;;;;;;;;;;;
PROV130_desc;Birkenbauerland;;;;;;;;;;;;;
b_birkenbauerland;Birkenbauerland;;;;;;;;;;;;;
b_birkenbauerland_adj;Birkenbauerland;;;;;;;;;;;;;
b_birkenbauerland_desc;Birkenbauerland;;;;;;;;;;;;;
b_birkenbauerland2;Birkenbauerland2;;;;;;;;;;;;;
b_birkenbauerland2_adj;Birkenbauerland2;;;;;;;;;;;;;
b_birkenbauerland2_desc;Birkenbauerland2;;;;;;;;;;;;;
c_krumvalia;Krumvalia;;;;;;;;;;;;;
c_krumvalia_adj;Krumvalia;;;;;;;;;;;;;
c_krumvalia_desc;Krumvalia;;;;;;;;;;;;;
PROV131;Krumvalia;;;;;;;;;;;;;
PROV131_adj;Krumvalia;;;;;;;;;;;;;
PROV131_desc;Krumvalia;;;;;;;;;;;;;
b_krumvalia;Krumvalia;;;;;;;;;;;;;
b_krumvalia_adj;Krumvalia;;;;;;;;;;;;;
b_krumvalia_desc;Krumvalia;;;;;;;;;;;;;
b_krumvalia2;Krumvalia2;;;;;;;;;;;;;
b_krumvalia2_adj;Krumvalia2;;;;;;;;;;;;;
b_krumvalia2_desc;Krumvalia2;;;;;;;;;;;;;
odoretz;Odoretz;;;;;;;;;;;;;
odoretz_adj;Odoretz;;;;;;;;;;;;;
odoretz_desc;Odoretz;;;;;;;;;;;;;
d_odoretz;Odoretz;;;;;;;;;;;;;
d_odoretz_adj;Odoretz;;;;;;;;;;;;;
d_odoretz_desc;Odoretz;;;;;;;;;;;;;
eibenwitz;Eibenwitz;;;;;;;;;;;;;
eibenwitz_adj;Eibenwitz;;;;;;;;;;;;;
eibenwitz_desc;Eibenwitz;;;;;;;;;;;;;
c_eibenwitz;Eibenwitz;;;;;;;;;;;;;
c_eibenwitz_adj;Eibenwitz;;;;;;;;;;;;;
c_eibenwitz_desc;Eibenwitz;;;;;;;;;;;;;
PROV132;Eibenwitz;;;;;;;;;;;;;
PROV132_adj;Eibenwitz;;;;;;;;;;;;;
PROV132_desc;Eibenwitz;;;;;;;;;;;;;
b_eibenwitz;Eibenwitz;;;;;;;;;;;;;
b_eibenwitz_adj;Eibenwitz;;;;;;;;;;;;;
b_eibenwitz_desc;Eibenwitz;;;;;;;;;;;;;
b_eibenwitz2;Eibenwitz2;;;;;;;;;;;;;
b_eibenwitz2_adj;Eibenwitz2;;;;;;;;;;;;;
b_eibenwitz2_desc;Eibenwitz2;;;;;;;;;;;;;
folzern;Folzern;;;;;;;;;;;;;
folzern_adj;Folzern;;;;;;;;;;;;;
folzern_desc;Folzern;;;;;;;;;;;;;
c_folzern;Folzern;;;;;;;;;;;;;
c_folzern_adj;Folzern;;;;;;;;;;;;;
c_folzern_desc;Folzern;;;;;;;;;;;;;
PROV133;Folzern;;;;;;;;;;;;;
PROV133_adj;Folzern;;;;;;;;;;;;;
PROV133_desc;Folzern;;;;;;;;;;;;;
b_folzern;Folzern;;;;;;;;;;;;;
b_folzern_adj;Folzern;;;;;;;;;;;;;
b_folzern_desc;Folzern;;;;;;;;;;;;;
b_folzern2;Folzern2;;;;;;;;;;;;;
b_folzern2_adj;Folzern2;;;;;;;;;;;;;
b_folzern2_desc;Folzern2;;;;;;;;;;;;;
gernegraab;Gernegraab;;;;;;;;;;;;;
gernegraab_adj;Gernegraab;;;;;;;;;;;;;
gernegraab_desc;Gernegraab;;;;;;;;;;;;;
c_gernegraab;Gernegraab;;;;;;;;;;;;;
c_gernegraab_adj;Gernegraab;;;;;;;;;;;;;
c_gernegraab_desc;Gernegraab;;;;;;;;;;;;;
PROV134;Gernegraab;;;;;;;;;;;;;
PROV134_adj;Gernegraab;;;;;;;;;;;;;
PROV134_desc;Gernegraab;;;;;;;;;;;;;
b_gernegraab;Gernegraab;;;;;;;;;;;;;
b_gernegraab_adj;Gernegraab;;;;;;;;;;;;;
b_gernegraab_desc;Gernegraab;;;;;;;;;;;;;
b_gernegraab2;Gernegraab2;;;;;;;;;;;;;
b_gernegraab2_adj;Gernegraab2;;;;;;;;;;;;;
b_gernegraab2_desc;Gernegraab2;;;;;;;;;;;;;
c_odoretz;Odoretz;;;;;;;;;;;;;
c_odoretz_adj;Odoretz;;;;;;;;;;;;;
c_odoretz_desc;Odoretz;;;;;;;;;;;;;
PROV135;Odoretz;;;;;;;;;;;;;
PROV135_adj;Odoretz;;;;;;;;;;;;;
PROV135_desc;Odoretz;;;;;;;;;;;;;
b_odoretz;Odoretz;;;;;;;;;;;;;
b_odoretz_adj;Odoretz;;;;;;;;;;;;;
b_odoretz_desc;Odoretz;;;;;;;;;;;;;
b_odoretz2;Odoretz2;;;;;;;;;;;;;
b_odoretz2_adj;Odoretz2;;;;;;;;;;;;;
b_odoretz2_desc;Odoretz2;;;;;;;;;;;;;
oedel;Oedel;;;;;;;;;;;;;
oedel_adj;Oedel;;;;;;;;;;;;;
oedel_desc;Oedel;;;;;;;;;;;;;
c_oedel;Oedel;;;;;;;;;;;;;
c_oedel_adj;Oedel;;;;;;;;;;;;;
c_oedel_desc;Oedel;;;;;;;;;;;;;
PROV136;Oedel;;;;;;;;;;;;;
PROV136_adj;Oedel;;;;;;;;;;;;;
PROV136_desc;Oedel;;;;;;;;;;;;;
b_oedel;Oedel;;;;;;;;;;;;;
b_oedel_adj;Oedel;;;;;;;;;;;;;
b_oedel_desc;Oedel;;;;;;;;;;;;;
b_oedel2;Oedel2;;;;;;;;;;;;;
b_oedel2_adj;Oedel2;;;;;;;;;;;;;
b_oedel2_desc;Oedel2;;;;;;;;;;;;;
rundstede;Rundstede;;;;;;;;;;;;;
rundstede_adj;Rundstede;;;;;;;;;;;;;
rundstede_desc;Rundstede;;;;;;;;;;;;;
d_rundstede;Rundstede;;;;;;;;;;;;;
d_rundstede_adj;Rundstede;;;;;;;;;;;;;
d_rundstede_desc;Rundstede;;;;;;;;;;;;;
c_rundstede;Rundstede;;;;;;;;;;;;;
c_rundstede_adj;Rundstede;;;;;;;;;;;;;
c_rundstede_desc;Rundstede;;;;;;;;;;;;;
PROV137;Rundstede;;;;;;;;;;;;;
PROV137_adj;Rundstede;;;;;;;;;;;;;
PROV137_desc;Rundstede;;;;;;;;;;;;;
b_rundstede;Rundstede;;;;;;;;;;;;;
b_rundstede_adj;Rundstede;;;;;;;;;;;;;
b_rundstede_desc;Rundstede;;;;;;;;;;;;;
b_rundstede2;Rundstede2;;;;;;;;;;;;;
b_rundstede2_adj;Rundstede2;;;;;;;;;;;;;
b_rundstede2_desc;Rundstede2;;;;;;;;;;;;;
overlungwitz;Overlungwitz;;;;;;;;;;;;;
overlungwitz_adj;Overlungwitz;;;;;;;;;;;;;
overlungwitz_desc;Overlungwitz;;;;;;;;;;;;;
c_overlungwitz;Overlungwitz;;;;;;;;;;;;;
c_overlungwitz_adj;Overlungwitz;;;;;;;;;;;;;
c_overlungwitz_desc;Overlungwitz;;;;;;;;;;;;;
PROV138;Overlungwitz;;;;;;;;;;;;;
PROV138_adj;Overlungwitz;;;;;;;;;;;;;
PROV138_desc;Overlungwitz;;;;;;;;;;;;;
b_overlungwitz;Overlungwitz;;;;;;;;;;;;;
b_overlungwitz_adj;Overlungwitz;;;;;;;;;;;;;
b_overlungwitz_desc;Overlungwitz;;;;;;;;;;;;;
b_overlungwitz2;Overlungwitz2;;;;;;;;;;;;;
b_overlungwitz2_adj;Overlungwitz2;;;;;;;;;;;;;
b_overlungwitz2_desc;Overlungwitz2;;;;;;;;;;;;;
keimnitz;Keimnitz;;;;;;;;;;;;;
keimnitz_adj;Keimnitz;;;;;;;;;;;;;
keimnitz_desc;Keimnitz;;;;;;;;;;;;;
c_keimnitz;Keimnitz;;;;;;;;;;;;;
c_keimnitz_adj;Keimnitz;;;;;;;;;;;;;
c_keimnitz_desc;Keimnitz;;;;;;;;;;;;;
PROV139;Keimnitz;;;;;;;;;;;;;
PROV139_adj;Keimnitz;;;;;;;;;;;;;
PROV139_desc;Keimnitz;;;;;;;;;;;;;
b_keimnitz;Keimnitz;;;;;;;;;;;;;
b_keimnitz_adj;Keimnitz;;;;;;;;;;;;;
b_keimnitz_desc;Keimnitz;;;;;;;;;;;;;
b_keimnitz2;Keimnitz2;;;;;;;;;;;;;
b_keimnitz2_adj;Keimnitz2;;;;;;;;;;;;;
b_keimnitz2_desc;Keimnitz2;;;;;;;;;;;;;
bautzder;Bautzder;;;;;;;;;;;;;
bautzder_adj;Bautzder;;;;;;;;;;;;;
bautzder_desc;Bautzder;;;;;;;;;;;;;
c_bautzder;Bautzder;;;;;;;;;;;;;
c_bautzder_adj;Bautzder;;;;;;;;;;;;;
c_bautzder_desc;Bautzder;;;;;;;;;;;;;
PROV140;Bautzder;;;;;;;;;;;;;
PROV140_adj;Bautzder;;;;;;;;;;;;;
PROV140_desc;Bautzder;;;;;;;;;;;;;
b_bautzder;Bautzder;;;;;;;;;;;;;
b_bautzder_adj;Bautzder;;;;;;;;;;;;;
b_bautzder_desc;Bautzder;;;;;;;;;;;;;
b_bautzder2;Bautzder2;;;;;;;;;;;;;
b_bautzder2_adj;Bautzder2;;;;;;;;;;;;;
b_bautzder2_desc;Bautzder2;;;;;;;;;;;;;
hinter_calem;Hinter Calem;;;;;;;;;;;;;
hinter_calem_adj;Hinter Calem;;;;;;;;;;;;;
hinter_calem_desc;Hinter Calem;;;;;;;;;;;;;
k_hinter_calem;Hinter Calem;;;;;;;;;;;;;
k_hinter_calem_adj;Hinter Calem;;;;;;;;;;;;;
k_hinter_calem_desc;Hinter Calem;;;;;;;;;;;;;
erzberge;Erzberge;;;;;;;;;;;;;
erzberge_adj;Erzberge;;;;;;;;;;;;;
erzberge_desc;Erzberge;;;;;;;;;;;;;
d_erzberge;Erzberge;;;;;;;;;;;;;
d_erzberge_adj;Erzberge;;;;;;;;;;;;;
d_erzberge_desc;Erzberge;;;;;;;;;;;;;
c_erzberge;Erzberge;;;;;;;;;;;;;
c_erzberge_adj;Erzberge;;;;;;;;;;;;;
c_erzberge_desc;Erzberge;;;;;;;;;;;;;
PROV141;Erzberge;;;;;;;;;;;;;
PROV141_adj;Erzberge;;;;;;;;;;;;;
PROV141_desc;Erzberge;;;;;;;;;;;;;
b_erzberge;Erzberge;;;;;;;;;;;;;
b_erzberge_adj;Erzberge;;;;;;;;;;;;;
b_erzberge_desc;Erzberge;;;;;;;;;;;;;
b_erzberge2;Erzberge2;;;;;;;;;;;;;
b_erzberge2_adj;Erzberge2;;;;;;;;;;;;;
b_erzberge2_desc;Erzberge2;;;;;;;;;;;;;
holy_hills;Holy Hills;;;;;;;;;;;;;
holy_hills_adj;Holy Hills;;;;;;;;;;;;;
holy_hills_desc;Holy Hills;;;;;;;;;;;;;
c_holy_hills;Holy Hills;;;;;;;;;;;;;
c_holy_hills_adj;Holy Hills;;;;;;;;;;;;;
c_holy_hills_desc;Holy Hills;;;;;;;;;;;;;
PROV142;Holy Hills;;;;;;;;;;;;;
PROV142_adj;Holy Hills;;;;;;;;;;;;;
PROV142_desc;Holy Hills;;;;;;;;;;;;;
b_holy_hills;Holy Hills;;;;;;;;;;;;;
b_holy_hills_adj;Holy Hills;;;;;;;;;;;;;
b_holy_hills_desc;Holy Hills;;;;;;;;;;;;;
b_holy_hills2;Holy Hills2;;;;;;;;;;;;;
b_holy_hills2_adj;Holy Hills2;;;;;;;;;;;;;
b_holy_hills2_desc;Holy Hills2;;;;;;;;;;;;;
holgerne;Holgerne;;;;;;;;;;;;;
holgerne_adj;Holgerne;;;;;;;;;;;;;
holgerne_desc;Holgerne;;;;;;;;;;;;;
c_holgerne;Holgerne;;;;;;;;;;;;;
c_holgerne_adj;Holgerne;;;;;;;;;;;;;
c_holgerne_desc;Holgerne;;;;;;;;;;;;;
PROV143;Holgerne;;;;;;;;;;;;;
PROV143_adj;Holgerne;;;;;;;;;;;;;
PROV143_desc;Holgerne;;;;;;;;;;;;;
b_holgerne;Holgerne;;;;;;;;;;;;;
b_holgerne_adj;Holgerne;;;;;;;;;;;;;
b_holgerne_desc;Holgerne;;;;;;;;;;;;;
b_holgerne2;Holgerne2;;;;;;;;;;;;;
b_holgerne2_adj;Holgerne2;;;;;;;;;;;;;
b_holgerne2_desc;Holgerne2;;;;;;;;;;;;;
erzfelde;Erzfelde;;;;;;;;;;;;;
erzfelde_adj;Erzfelde;;;;;;;;;;;;;
erzfelde_desc;Erzfelde;;;;;;;;;;;;;
c_erzfelde;Erzfelde;;;;;;;;;;;;;
c_erzfelde_adj;Erzfelde;;;;;;;;;;;;;
c_erzfelde_desc;Erzfelde;;;;;;;;;;;;;
PROV144;Erzfelde;;;;;;;;;;;;;
PROV144_adj;Erzfelde;;;;;;;;;;;;;
PROV144_desc;Erzfelde;;;;;;;;;;;;;
b_erzfelde;Erzfelde;;;;;;;;;;;;;
b_erzfelde_adj;Erzfelde;;;;;;;;;;;;;
b_erzfelde_desc;Erzfelde;;;;;;;;;;;;;
b_erzfelde2;Erzfelde2;;;;;;;;;;;;;
b_erzfelde2_adj;Erzfelde2;;;;;;;;;;;;;
b_erzfelde2_desc;Erzfelde2;;;;;;;;;;;;;
ivormark;Ivormark;;;;;;;;;;;;;
ivormark_adj;Ivormark;;;;;;;;;;;;;
ivormark_desc;Ivormark;;;;;;;;;;;;;
c_ivormark;Ivormark;;;;;;;;;;;;;
c_ivormark_adj;Ivormark;;;;;;;;;;;;;
c_ivormark_desc;Ivormark;;;;;;;;;;;;;
PROV145;Ivormark;;;;;;;;;;;;;
PROV145_adj;Ivormark;;;;;;;;;;;;;
PROV145_desc;Ivormark;;;;;;;;;;;;;
b_ivormark;Ivormark;;;;;;;;;;;;;
b_ivormark_adj;Ivormark;;;;;;;;;;;;;
b_ivormark_desc;Ivormark;;;;;;;;;;;;;
b_ivormark2;Ivormark2;;;;;;;;;;;;;
b_ivormark2_adj;Ivormark2;;;;;;;;;;;;;
b_ivormark2_desc;Ivormark2;;;;;;;;;;;;;
neufoundland;Neufoundland;;;;;;;;;;;;;
neufoundland_adj;Neufoundland;;;;;;;;;;;;;
neufoundland_desc;Neufoundland;;;;;;;;;;;;;
d_neufoundland;Neufoundland;;;;;;;;;;;;;
d_neufoundland_adj;Neufoundland;;;;;;;;;;;;;
d_neufoundland_desc;Neufoundland;;;;;;;;;;;;;
kallipolis;Kallipolis;;;;;;;;;;;;;
kallipolis_adj;Kallipolis;;;;;;;;;;;;;
kallipolis_desc;Kallipolis;;;;;;;;;;;;;
c_kallipolis;Kallipolis;;;;;;;;;;;;;
c_kallipolis_adj;Kallipolis;;;;;;;;;;;;;
c_kallipolis_desc;Kallipolis;;;;;;;;;;;;;
PROV146;Kallipolis;;;;;;;;;;;;;
PROV146_adj;Kallipolis;;;;;;;;;;;;;
PROV146_desc;Kallipolis;;;;;;;;;;;;;
b_kallipolis;Kallipolis;;;;;;;;;;;;;
b_kallipolis_adj;Kallipolis;;;;;;;;;;;;;
b_kallipolis_desc;Kallipolis;;;;;;;;;;;;;
b_kallipolis2;Kallipolis2;;;;;;;;;;;;;
b_kallipolis2_adj;Kallipolis2;;;;;;;;;;;;;
b_kallipolis2_desc;Kallipolis2;;;;;;;;;;;;;
severinburg;Severinburg;;;;;;;;;;;;;
severinburg_adj;Severinburg;;;;;;;;;;;;;
severinburg_desc;Severinburg;;;;;;;;;;;;;
c_severinburg;Severinburg;;;;;;;;;;;;;
c_severinburg_adj;Severinburg;;;;;;;;;;;;;
c_severinburg_desc;Severinburg;;;;;;;;;;;;;
PROV147;Severinburg;;;;;;;;;;;;;
PROV147_adj;Severinburg;;;;;;;;;;;;;
PROV147_desc;Severinburg;;;;;;;;;;;;;
b_severinburg;Severinburg;;;;;;;;;;;;;
b_severinburg_adj;Severinburg;;;;;;;;;;;;;
b_severinburg_desc;Severinburg;;;;;;;;;;;;;
b_severinburg2;Severinburg2;;;;;;;;;;;;;
b_severinburg2_adj;Severinburg2;;;;;;;;;;;;;
b_severinburg2_desc;Severinburg2;;;;;;;;;;;;;
krismea;Krismea;;;;;;;;;;;;;
krismea_adj;Krismea;;;;;;;;;;;;;
krismea_desc;Krismea;;;;;;;;;;;;;
c_krismea;Krismea;;;;;;;;;;;;;
c_krismea_adj;Krismea;;;;;;;;;;;;;
c_krismea_desc;Krismea;;;;;;;;;;;;;
PROV148;Krismea;;;;;;;;;;;;;
PROV148_adj;Krismea;;;;;;;;;;;;;
PROV148_desc;Krismea;;;;;;;;;;;;;
b_krismea;Krismea;;;;;;;;;;;;;
b_krismea_adj;Krismea;;;;;;;;;;;;;
b_krismea_desc;Krismea;;;;;;;;;;;;;
b_krismea2;Krismea2;;;;;;;;;;;;;
b_krismea2_adj;Krismea2;;;;;;;;;;;;;
b_krismea2_desc;Krismea2;;;;;;;;;;;;;
holy_oratioland;Holy Oratioland;;;;;;;;;;;;;
holy_oratioland_adj;Holy Oratioland;;;;;;;;;;;;;
holy_oratioland_desc;Holy Oratioland;;;;;;;;;;;;;
c_holy_oratioland;Holy Oratioland;;;;;;;;;;;;;
c_holy_oratioland_adj;Holy Oratioland;;;;;;;;;;;;;
c_holy_oratioland_desc;Holy Oratioland;;;;;;;;;;;;;
PROV149;Holy Oratioland;;;;;;;;;;;;;
PROV149_adj;Holy Oratioland;;;;;;;;;;;;;
PROV149_desc;Holy Oratioland;;;;;;;;;;;;;
b_holy_oratioland;Holy Oratioland;;;;;;;;;;;;;
b_holy_oratioland_adj;Holy Oratioland;;;;;;;;;;;;;
b_holy_oratioland_desc;Holy Oratioland;;;;;;;;;;;;;
b_holy_oratioland2;Holy Oratioland2;;;;;;;;;;;;;
b_holy_oratioland2_adj;Holy Oratioland2;;;;;;;;;;;;;
b_holy_oratioland2_desc;Holy Oratioland2;;;;;;;;;;;;;
hollifarland;Hollifarland;;;;;;;;;;;;;
hollifarland_adj;Hollifarland;;;;;;;;;;;;;
hollifarland_desc;Hollifarland;;;;;;;;;;;;;
c_hollifarland;Hollifarland;;;;;;;;;;;;;
c_hollifarland_adj;Hollifarland;;;;;;;;;;;;;
c_hollifarland_desc;Hollifarland;;;;;;;;;;;;;
PROV150;Hollifarland;;;;;;;;;;;;;
PROV150_adj;Hollifarland;;;;;;;;;;;;;
PROV150_desc;Hollifarland;;;;;;;;;;;;;
b_hollifarland;Hollifarland;;;;;;;;;;;;;
b_hollifarland_adj;Hollifarland;;;;;;;;;;;;;
b_hollifarland_desc;Hollifarland;;;;;;;;;;;;;
b_hollifarland2;Hollifarland2;;;;;;;;;;;;;
b_hollifarland2_adj;Hollifarland2;;;;;;;;;;;;;
b_hollifarland2_desc;Hollifarland2;;;;;;;;;;;;;
c_neufoundland;Neufoundland;;;;;;;;;;;;;
c_neufoundland_adj;Neufoundland;;;;;;;;;;;;;
c_neufoundland_desc;Neufoundland;;;;;;;;;;;;;
PROV151;Neufoundland;;;;;;;;;;;;;
PROV151_adj;Neufoundland;;;;;;;;;;;;;
PROV151_desc;Neufoundland;;;;;;;;;;;;;
b_neufoundland;Neufoundland;;;;;;;;;;;;;
b_neufoundland_adj;Neufoundland;;;;;;;;;;;;;
b_neufoundland_desc;Neufoundland;;;;;;;;;;;;;
b_neufoundland2;Neufoundland2;;;;;;;;;;;;;
b_neufoundland2_adj;Neufoundland2;;;;;;;;;;;;;
b_neufoundland2_desc;Neufoundland2;;;;;;;;;;;;;
silmark;Silmark;;;;;;;;;;;;;
silmark_adj;Silmark;;;;;;;;;;;;;
silmark_desc;Silmark;;;;;;;;;;;;;
d_silmark;Silmark;;;;;;;;;;;;;
d_silmark_adj;Silmark;;;;;;;;;;;;;
d_silmark_desc;Silmark;;;;;;;;;;;;;
bleiken_am_see;Bleiken Am See;;;;;;;;;;;;;
bleiken_am_see_adj;Bleiken Am See;;;;;;;;;;;;;
bleiken_am_see_desc;Bleiken Am See;;;;;;;;;;;;;
c_bleiken_am_see;Bleiken Am See;;;;;;;;;;;;;
c_bleiken_am_see_adj;Bleiken Am See;;;;;;;;;;;;;
c_bleiken_am_see_desc;Bleiken Am See;;;;;;;;;;;;;
PROV152;Bleiken Am See;;;;;;;;;;;;;
PROV152_adj;Bleiken Am See;;;;;;;;;;;;;
PROV152_desc;Bleiken Am See;;;;;;;;;;;;;
b_bleiken_am_see;Bleiken Am See;;;;;;;;;;;;;
b_bleiken_am_see_adj;Bleiken Am See;;;;;;;;;;;;;
b_bleiken_am_see_desc;Bleiken Am See;;;;;;;;;;;;;
b_bleiken_am_see2;Bleiken Am See2;;;;;;;;;;;;;
b_bleiken_am_see2_adj;Bleiken Am See2;;;;;;;;;;;;;
b_bleiken_am_see2_desc;Bleiken Am See2;;;;;;;;;;;;;
schutzerburgh;Schutzerburgh;;;;;;;;;;;;;
schutzerburgh_adj;Schutzerburgh;;;;;;;;;;;;;
schutzerburgh_desc;Schutzerburgh;;;;;;;;;;;;;
c_schutzerburgh;Schutzerburgh;;;;;;;;;;;;;
c_schutzerburgh_adj;Schutzerburgh;;;;;;;;;;;;;
c_schutzerburgh_desc;Schutzerburgh;;;;;;;;;;;;;
PROV153;Schutzerburgh;;;;;;;;;;;;;
PROV153_adj;Schutzerburgh;;;;;;;;;;;;;
PROV153_desc;Schutzerburgh;;;;;;;;;;;;;
b_schutzerburgh;Schutzerburgh;;;;;;;;;;;;;
b_schutzerburgh_adj;Schutzerburgh;;;;;;;;;;;;;
b_schutzerburgh_desc;Schutzerburgh;;;;;;;;;;;;;
b_schutzerburgh2;Schutzerburgh2;;;;;;;;;;;;;
b_schutzerburgh2_adj;Schutzerburgh2;;;;;;;;;;;;;
b_schutzerburgh2_desc;Schutzerburgh2;;;;;;;;;;;;;
girtenwald_am_see;Girtenwald Am See;;;;;;;;;;;;;
girtenwald_am_see_adj;Girtenwald Am See;;;;;;;;;;;;;
girtenwald_am_see_desc;Girtenwald Am See;;;;;;;;;;;;;
c_girtenwald_am_see;Girtenwald Am See;;;;;;;;;;;;;
c_girtenwald_am_see_adj;Girtenwald Am See;;;;;;;;;;;;;
c_girtenwald_am_see_desc;Girtenwald Am See;;;;;;;;;;;;;
PROV154;Girtenwald Am See;;;;;;;;;;;;;
PROV154_adj;Girtenwald Am See;;;;;;;;;;;;;
PROV154_desc;Girtenwald Am See;;;;;;;;;;;;;
b_girtenwald_am_see;Girtenwald Am See;;;;;;;;;;;;;
b_girtenwald_am_see_adj;Girtenwald Am See;;;;;;;;;;;;;
b_girtenwald_am_see_desc;Girtenwald Am See;;;;;;;;;;;;;
b_girtenwald_am_see2;Girtenwald Am See2;;;;;;;;;;;;;
b_girtenwald_am_see2_adj;Girtenwald Am See2;;;;;;;;;;;;;
b_girtenwald_am_see2_desc;Girtenwald Am See2;;;;;;;;;;;;;
c_silmark;Silmark;;;;;;;;;;;;;
c_silmark_adj;Silmark;;;;;;;;;;;;;
c_silmark_desc;Silmark;;;;;;;;;;;;;
PROV155;Silmark;;;;;;;;;;;;;
PROV155_adj;Silmark;;;;;;;;;;;;;
PROV155_desc;Silmark;;;;;;;;;;;;;
b_silmark;Silmark;;;;;;;;;;;;;
b_silmark_adj;Silmark;;;;;;;;;;;;;
b_silmark_desc;Silmark;;;;;;;;;;;;;
b_silmark2;Silmark2;;;;;;;;;;;;;
b_silmark2_adj;Silmark2;;;;;;;;;;;;;
b_silmark2_desc;Silmark2;;;;;;;;;;;;;
opper_calem;Opper Calem;;;;;;;;;;;;;
opper_calem_adj;Opper Calem;;;;;;;;;;;;;
opper_calem_desc;Opper Calem;;;;;;;;;;;;;
k_opper_calem;Opper Calem;;;;;;;;;;;;;
k_opper_calem_adj;Opper Calem;;;;;;;;;;;;;
k_opper_calem_desc;Opper Calem;;;;;;;;;;;;;
attliebel;Attliebel;;;;;;;;;;;;;
attliebel_adj;Attliebel;;;;;;;;;;;;;
attliebel_desc;Attliebel;;;;;;;;;;;;;
d_attliebel;Attliebel;;;;;;;;;;;;;
d_attliebel_adj;Attliebel;;;;;;;;;;;;;
d_attliebel_desc;Attliebel;;;;;;;;;;;;;
koningsberg;Koningsberg;;;;;;;;;;;;;
koningsberg_adj;Koningsberg;;;;;;;;;;;;;
koningsberg_desc;Koningsberg;;;;;;;;;;;;;
c_koningsberg;Koningsberg;;;;;;;;;;;;;
c_koningsberg_adj;Koningsberg;;;;;;;;;;;;;
c_koningsberg_desc;Koningsberg;;;;;;;;;;;;;
PROV156;Koningsberg;;;;;;;;;;;;;
PROV156_adj;Koningsberg;;;;;;;;;;;;;
PROV156_desc;Koningsberg;;;;;;;;;;;;;
b_koningsberg;Koningsberg;;;;;;;;;;;;;
b_koningsberg_adj;Koningsberg;;;;;;;;;;;;;
b_koningsberg_desc;Koningsberg;;;;;;;;;;;;;
b_koningsberg2;Koningsberg2;;;;;;;;;;;;;
b_koningsberg2_adj;Koningsberg2;;;;;;;;;;;;;
b_koningsberg2_desc;Koningsberg2;;;;;;;;;;;;;
c_attliebel;Attliebel;;;;;;;;;;;;;
c_attliebel_adj;Attliebel;;;;;;;;;;;;;
c_attliebel_desc;Attliebel;;;;;;;;;;;;;
PROV157;Attliebel;;;;;;;;;;;;;
PROV157_adj;Attliebel;;;;;;;;;;;;;
PROV157_desc;Attliebel;;;;;;;;;;;;;
b_attliebel;Attliebel;;;;;;;;;;;;;
b_attliebel_adj;Attliebel;;;;;;;;;;;;;
b_attliebel_desc;Attliebel;;;;;;;;;;;;;
b_attliebel2;Attliebel2;;;;;;;;;;;;;
b_attliebel2_adj;Attliebel2;;;;;;;;;;;;;
b_attliebel2_desc;Attliebel2;;;;;;;;;;;;;
zollergurg;Zollergurg;;;;;;;;;;;;;
zollergurg_adj;Zollergurg;;;;;;;;;;;;;
zollergurg_desc;Zollergurg;;;;;;;;;;;;;
c_zollergurg;Zollergurg;;;;;;;;;;;;;
c_zollergurg_adj;Zollergurg;;;;;;;;;;;;;
c_zollergurg_desc;Zollergurg;;;;;;;;;;;;;
PROV158;Zollergurg;;;;;;;;;;;;;
PROV158_adj;Zollergurg;;;;;;;;;;;;;
PROV158_desc;Zollergurg;;;;;;;;;;;;;
b_zollergurg;Zollergurg;;;;;;;;;;;;;
b_zollergurg_adj;Zollergurg;;;;;;;;;;;;;
b_zollergurg_desc;Zollergurg;;;;;;;;;;;;;
b_zollergurg2;Zollergurg2;;;;;;;;;;;;;
b_zollergurg2_adj;Zollergurg2;;;;;;;;;;;;;
b_zollergurg2_desc;Zollergurg2;;;;;;;;;;;;;
haubtdorf;Haubtdorf;;;;;;;;;;;;;
haubtdorf_adj;Haubtdorf;;;;;;;;;;;;;
haubtdorf_desc;Haubtdorf;;;;;;;;;;;;;
c_haubtdorf;Haubtdorf;;;;;;;;;;;;;
c_haubtdorf_adj;Haubtdorf;;;;;;;;;;;;;
c_haubtdorf_desc;Haubtdorf;;;;;;;;;;;;;
PROV159;Haubtdorf;;;;;;;;;;;;;
PROV159_adj;Haubtdorf;;;;;;;;;;;;;
PROV159_desc;Haubtdorf;;;;;;;;;;;;;
b_haubtdorf;Haubtdorf;;;;;;;;;;;;;
b_haubtdorf_adj;Haubtdorf;;;;;;;;;;;;;
b_haubtdorf_desc;Haubtdorf;;;;;;;;;;;;;
b_haubtdorf2;Haubtdorf2;;;;;;;;;;;;;
b_haubtdorf2_adj;Haubtdorf2;;;;;;;;;;;;;
b_haubtdorf2_desc;Haubtdorf2;;;;;;;;;;;;;
moritzberg;Moritzberg;;;;;;;;;;;;;
moritzberg_adj;Moritzberg;;;;;;;;;;;;;
moritzberg_desc;Moritzberg;;;;;;;;;;;;;
d_moritzberg;Moritzberg;;;;;;;;;;;;;
d_moritzberg_adj;Moritzberg;;;;;;;;;;;;;
d_moritzberg_desc;Moritzberg;;;;;;;;;;;;;
schlossland;Schlossland;;;;;;;;;;;;;
schlossland_adj;Schlossland;;;;;;;;;;;;;
schlossland_desc;Schlossland;;;;;;;;;;;;;
c_schlossland;Schlossland;;;;;;;;;;;;;
c_schlossland_adj;Schlossland;;;;;;;;;;;;;
c_schlossland_desc;Schlossland;;;;;;;;;;;;;
PROV160;Schlossland;;;;;;;;;;;;;
PROV160_adj;Schlossland;;;;;;;;;;;;;
PROV160_desc;Schlossland;;;;;;;;;;;;;
b_schlossland;Schlossland;;;;;;;;;;;;;
b_schlossland_adj;Schlossland;;;;;;;;;;;;;
b_schlossland_desc;Schlossland;;;;;;;;;;;;;
b_schlossland2;Schlossland2;;;;;;;;;;;;;
b_schlossland2_adj;Schlossland2;;;;;;;;;;;;;
b_schlossland2_desc;Schlossland2;;;;;;;;;;;;;
brzerg;Brzerg;;;;;;;;;;;;;
brzerg_adj;Brzerg;;;;;;;;;;;;;
brzerg_desc;Brzerg;;;;;;;;;;;;;
c_brzerg;Brzerg;;;;;;;;;;;;;
c_brzerg_adj;Brzerg;;;;;;;;;;;;;
c_brzerg_desc;Brzerg;;;;;;;;;;;;;
PROV161;Brzerg;;;;;;;;;;;;;
PROV161_adj;Brzerg;;;;;;;;;;;;;
PROV161_desc;Brzerg;;;;;;;;;;;;;
b_brzerg;Brzerg;;;;;;;;;;;;;
b_brzerg_adj;Brzerg;;;;;;;;;;;;;
b_brzerg_desc;Brzerg;;;;;;;;;;;;;
b_brzerg2;Brzerg2;;;;;;;;;;;;;
b_brzerg2_adj;Brzerg2;;;;;;;;;;;;;
b_brzerg2_desc;Brzerg2;;;;;;;;;;;;;
c_moritzberg;Moritzberg;;;;;;;;;;;;;
c_moritzberg_adj;Moritzberg;;;;;;;;;;;;;
c_moritzberg_desc;Moritzberg;;;;;;;;;;;;;
PROV162;Moritzberg;;;;;;;;;;;;;
PROV162_adj;Moritzberg;;;;;;;;;;;;;
PROV162_desc;Moritzberg;;;;;;;;;;;;;
b_moritzberg;Moritzberg;;;;;;;;;;;;;
b_moritzberg_adj;Moritzberg;;;;;;;;;;;;;
b_moritzberg_desc;Moritzberg;;;;;;;;;;;;;
b_moritzberg2;Moritzberg2;;;;;;;;;;;;;
b_moritzberg2_adj;Moritzberg2;;;;;;;;;;;;;
b_moritzberg2_desc;Moritzberg2;;;;;;;;;;;;;
rotstein;Rotstein;;;;;;;;;;;;;
rotstein_adj;Rotstein;;;;;;;;;;;;;
rotstein_desc;Rotstein;;;;;;;;;;;;;
c_rotstein;Rotstein;;;;;;;;;;;;;
c_rotstein_adj;Rotstein;;;;;;;;;;;;;
c_rotstein_desc;Rotstein;;;;;;;;;;;;;
PROV163;Rotstein;;;;;;;;;;;;;
PROV163_adj;Rotstein;;;;;;;;;;;;;
PROV163_desc;Rotstein;;;;;;;;;;;;;
b_rotstein;Rotstein;;;;;;;;;;;;;
b_rotstein_adj;Rotstein;;;;;;;;;;;;;
b_rotstein_desc;Rotstein;;;;;;;;;;;;;
b_rotstein2;Rotstein2;;;;;;;;;;;;;
b_rotstein2_adj;Rotstein2;;;;;;;;;;;;;
b_rotstein2_desc;Rotstein2;;;;;;;;;;;;;
chetznitz;Chetznitz;;;;;;;;;;;;;
chetznitz_adj;Chetznitz;;;;;;;;;;;;;
chetznitz_desc;Chetznitz;;;;;;;;;;;;;
c_chetznitz;Chetznitz;;;;;;;;;;;;;
c_chetznitz_adj;Chetznitz;;;;;;;;;;;;;
c_chetznitz_desc;Chetznitz;;;;;;;;;;;;;
PROV164;Chetznitz;;;;;;;;;;;;;
PROV164_adj;Chetznitz;;;;;;;;;;;;;
PROV164_desc;Chetznitz;;;;;;;;;;;;;
b_chetznitz;Chetznitz;;;;;;;;;;;;;
b_chetznitz_adj;Chetznitz;;;;;;;;;;;;;
b_chetznitz_desc;Chetznitz;;;;;;;;;;;;;
b_chetznitz2;Chetznitz2;;;;;;;;;;;;;
b_chetznitz2_adj;Chetznitz2;;;;;;;;;;;;;
b_chetznitz2_desc;Chetznitz2;;;;;;;;;;;;;
neukirch;Neukirch;;;;;;;;;;;;;
neukirch_adj;Neukirch;;;;;;;;;;;;;
neukirch_desc;Neukirch;;;;;;;;;;;;;
c_neukirch;Neukirch;;;;;;;;;;;;;
c_neukirch_adj;Neukirch;;;;;;;;;;;;;
c_neukirch_desc;Neukirch;;;;;;;;;;;;;
PROV165;Neukirch;;;;;;;;;;;;;
PROV165_adj;Neukirch;;;;;;;;;;;;;
PROV165_desc;Neukirch;;;;;;;;;;;;;
b_neukirch;Neukirch;;;;;;;;;;;;;
b_neukirch_adj;Neukirch;;;;;;;;;;;;;
b_neukirch_desc;Neukirch;;;;;;;;;;;;;
b_neukirch2;Neukirch2;;;;;;;;;;;;;
b_neukirch2_adj;Neukirch2;;;;;;;;;;;;;
b_neukirch2_desc;Neukirch2;;;;;;;;;;;;;
vornfelde;Vornfelde;;;;;;;;;;;;;
vornfelde_adj;Vornfelde;;;;;;;;;;;;;
vornfelde_desc;Vornfelde;;;;;;;;;;;;;
d_vornfelde;Vornfelde;;;;;;;;;;;;;
d_vornfelde_adj;Vornfelde;;;;;;;;;;;;;
d_vornfelde_desc;Vornfelde;;;;;;;;;;;;;
orienburg;Orienburg;;;;;;;;;;;;;
orienburg_adj;Orienburg;;;;;;;;;;;;;
orienburg_desc;Orienburg;;;;;;;;;;;;;
c_orienburg;Orienburg;;;;;;;;;;;;;
c_orienburg_adj;Orienburg;;;;;;;;;;;;;
c_orienburg_desc;Orienburg;;;;;;;;;;;;;
PROV166;Orienburg;;;;;;;;;;;;;
PROV166_adj;Orienburg;;;;;;;;;;;;;
PROV166_desc;Orienburg;;;;;;;;;;;;;
b_orienburg;Orienburg;;;;;;;;;;;;;
b_orienburg_adj;Orienburg;;;;;;;;;;;;;
b_orienburg_desc;Orienburg;;;;;;;;;;;;;
b_orienburg2;Orienburg2;;;;;;;;;;;;;
b_orienburg2_adj;Orienburg2;;;;;;;;;;;;;
b_orienburg2_desc;Orienburg2;;;;;;;;;;;;;
riechstein;Riechstein;;;;;;;;;;;;;
riechstein_adj;Riechstein;;;;;;;;;;;;;
riechstein_desc;Riechstein;;;;;;;;;;;;;
c_riechstein;Riechstein;;;;;;;;;;;;;
c_riechstein_adj;Riechstein;;;;;;;;;;;;;
c_riechstein_desc;Riechstein;;;;;;;;;;;;;
PROV167;Riechstein;;;;;;;;;;;;;
PROV167_adj;Riechstein;;;;;;;;;;;;;
PROV167_desc;Riechstein;;;;;;;;;;;;;
b_riechstein;Riechstein;;;;;;;;;;;;;
b_riechstein_adj;Riechstein;;;;;;;;;;;;;
b_riechstein_desc;Riechstein;;;;;;;;;;;;;
b_riechstein2;Riechstein2;;;;;;;;;;;;;
b_riechstein2_adj;Riechstein2;;;;;;;;;;;;;
b_riechstein2_desc;Riechstein2;;;;;;;;;;;;;
tenplinburg;Tenplinburg;;;;;;;;;;;;;
tenplinburg_adj;Tenplinburg;;;;;;;;;;;;;
tenplinburg_desc;Tenplinburg;;;;;;;;;;;;;
c_tenplinburg;Tenplinburg;;;;;;;;;;;;;
c_tenplinburg_adj;Tenplinburg;;;;;;;;;;;;;
c_tenplinburg_desc;Tenplinburg;;;;;;;;;;;;;
PROV168;Tenplinburg;;;;;;;;;;;;;
PROV168_adj;Tenplinburg;;;;;;;;;;;;;
PROV168_desc;Tenplinburg;;;;;;;;;;;;;
b_tenplinburg;Tenplinburg;;;;;;;;;;;;;
b_tenplinburg_adj;Tenplinburg;;;;;;;;;;;;;
b_tenplinburg_desc;Tenplinburg;;;;;;;;;;;;;
b_tenplinburg2;Tenplinburg2;;;;;;;;;;;;;
b_tenplinburg2_adj;Tenplinburg2;;;;;;;;;;;;;
b_tenplinburg2_desc;Tenplinburg2;;;;;;;;;;;;;
thiendorf;Thiendorf;;;;;;;;;;;;;
thiendorf_adj;Thiendorf;;;;;;;;;;;;;
thiendorf_desc;Thiendorf;;;;;;;;;;;;;
c_thiendorf;Thiendorf;;;;;;;;;;;;;
c_thiendorf_adj;Thiendorf;;;;;;;;;;;;;
c_thiendorf_desc;Thiendorf;;;;;;;;;;;;;
PROV169;Thiendorf;;;;;;;;;;;;;
PROV169_adj;Thiendorf;;;;;;;;;;;;;
PROV169_desc;Thiendorf;;;;;;;;;;;;;
b_thiendorf;Thiendorf;;;;;;;;;;;;;
b_thiendorf_adj;Thiendorf;;;;;;;;;;;;;
b_thiendorf_desc;Thiendorf;;;;;;;;;;;;;
b_thiendorf2;Thiendorf2;;;;;;;;;;;;;
b_thiendorf2_adj;Thiendorf2;;;;;;;;;;;;;
b_thiendorf2_desc;Thiendorf2;;;;;;;;;;;;;
c_vornfelde;Vornfelde;;;;;;;;;;;;;
c_vornfelde_adj;Vornfelde;;;;;;;;;;;;;
c_vornfelde_desc;Vornfelde;;;;;;;;;;;;;
PROV170;Vornfelde;;;;;;;;;;;;;
PROV170_adj;Vornfelde;;;;;;;;;;;;;
PROV170_desc;Vornfelde;;;;;;;;;;;;;
b_vornfelde;Vornfelde;;;;;;;;;;;;;
b_vornfelde_adj;Vornfelde;;;;;;;;;;;;;
b_vornfelde_desc;Vornfelde;;;;;;;;;;;;;
b_vornfelde2;Vornfelde2;;;;;;;;;;;;;
b_vornfelde2_adj;Vornfelde2;;;;;;;;;;;;;
b_vornfelde2_desc;Vornfelde2;;;;;;;;;;;;;
waldmark;Waldmark;;;;;;;;;;;;;
waldmark_adj;Waldmark;;;;;;;;;;;;;
waldmark_desc;Waldmark;;;;;;;;;;;;;
k_waldmark;Waldmark;;;;;;;;;;;;;
k_waldmark_adj;Waldmark;;;;;;;;;;;;;
k_waldmark_desc;Waldmark;;;;;;;;;;;;;
drachenburg;Drachenburg;;;;;;;;;;;;;
drachenburg_adj;Drachenburg;;;;;;;;;;;;;
drachenburg_desc;Drachenburg;;;;;;;;;;;;;
d_drachenburg;Drachenburg;;;;;;;;;;;;;
d_drachenburg_adj;Drachenburg;;;;;;;;;;;;;
d_drachenburg_desc;Drachenburg;;;;;;;;;;;;;
salzenwald;Salzenwald;;;;;;;;;;;;;
salzenwald_adj;Salzenwald;;;;;;;;;;;;;
salzenwald_desc;Salzenwald;;;;;;;;;;;;;
c_salzenwald;Salzenwald;;;;;;;;;;;;;
c_salzenwald_adj;Salzenwald;;;;;;;;;;;;;
c_salzenwald_desc;Salzenwald;;;;;;;;;;;;;
PROV171;Salzenwald;;;;;;;;;;;;;
PROV171_adj;Salzenwald;;;;;;;;;;;;;
PROV171_desc;Salzenwald;;;;;;;;;;;;;
b_salzenwald;Salzenwald;;;;;;;;;;;;;
b_salzenwald_adj;Salzenwald;;;;;;;;;;;;;
b_salzenwald_desc;Salzenwald;;;;;;;;;;;;;
b_salzenwald2;Salzenwald2;;;;;;;;;;;;;
b_salzenwald2_adj;Salzenwald2;;;;;;;;;;;;;
b_salzenwald2_desc;Salzenwald2;;;;;;;;;;;;;
schwerin;Schwerin;;;;;;;;;;;;;
schwerin_adj;Schwerin;;;;;;;;;;;;;
schwerin_desc;Schwerin;;;;;;;;;;;;;
d_schwerin;Schwerin;;;;;;;;;;;;;
d_schwerin_adj;Schwerin;;;;;;;;;;;;;
d_schwerin_desc;Schwerin;;;;;;;;;;;;;
c_schwerin;Schwerin;;;;;;;;;;;;;
c_schwerin_adj;Schwerin;;;;;;;;;;;;;
c_schwerin_desc;Schwerin;;;;;;;;;;;;;
PROV172;Schwerin;;;;;;;;;;;;;
PROV172_adj;Schwerin;;;;;;;;;;;;;
PROV172_desc;Schwerin;;;;;;;;;;;;;
b_schwerin;Schwerin;;;;;;;;;;;;;
b_schwerin_adj;Schwerin;;;;;;;;;;;;;
b_schwerin_desc;Schwerin;;;;;;;;;;;;;
b_schwerin2;Schwerin2;;;;;;;;;;;;;
b_schwerin2_adj;Schwerin2;;;;;;;;;;;;;
b_schwerin2_desc;Schwerin2;;;;;;;;;;;;;
markenburgh;Markenburgh;;;;;;;;;;;;;
markenburgh_adj;Markenburgh;;;;;;;;;;;;;
markenburgh_desc;Markenburgh;;;;;;;;;;;;;
c_markenburgh;Markenburgh;;;;;;;;;;;;;
c_markenburgh_adj;Markenburgh;;;;;;;;;;;;;
c_markenburgh_desc;Markenburgh;;;;;;;;;;;;;
PROV173;Markenburgh;;;;;;;;;;;;;
PROV173_adj;Markenburgh;;;;;;;;;;;;;
PROV173_desc;Markenburgh;;;;;;;;;;;;;
b_markenburgh;Markenburgh;;;;;;;;;;;;;
b_markenburgh_adj;Markenburgh;;;;;;;;;;;;;
b_markenburgh_desc;Markenburgh;;;;;;;;;;;;;
b_markenburgh2;Markenburgh2;;;;;;;;;;;;;
b_markenburgh2_adj;Markenburgh2;;;;;;;;;;;;;
b_markenburgh2_desc;Markenburgh2;;;;;;;;;;;;;
sondburgh;Sondburgh;;;;;;;;;;;;;
sondburgh_adj;Sondburgh;;;;;;;;;;;;;
sondburgh_desc;Sondburgh;;;;;;;;;;;;;
d_sondburgh;Sondburgh;;;;;;;;;;;;;
d_sondburgh_adj;Sondburgh;;;;;;;;;;;;;
d_sondburgh_desc;Sondburgh;;;;;;;;;;;;;
wilemms;Wilemms;;;;;;;;;;;;;
wilemms_adj;Wilemms;;;;;;;;;;;;;
wilemms_desc;Wilemms;;;;;;;;;;;;;
c_wilemms;Wilemms;;;;;;;;;;;;;
c_wilemms_adj;Wilemms;;;;;;;;;;;;;
c_wilemms_desc;Wilemms;;;;;;;;;;;;;
PROV174;Wilemms;;;;;;;;;;;;;
PROV174_adj;Wilemms;;;;;;;;;;;;;
PROV174_desc;Wilemms;;;;;;;;;;;;;
b_wilemms;Wilemms;;;;;;;;;;;;;
b_wilemms_adj;Wilemms;;;;;;;;;;;;;
b_wilemms_desc;Wilemms;;;;;;;;;;;;;
b_wilemms2;Wilemms2;;;;;;;;;;;;;
b_wilemms2_adj;Wilemms2;;;;;;;;;;;;;
b_wilemms2_desc;Wilemms2;;;;;;;;;;;;;
c_sondburgh;Sondburgh;;;;;;;;;;;;;
c_sondburgh_adj;Sondburgh;;;;;;;;;;;;;
c_sondburgh_desc;Sondburgh;;;;;;;;;;;;;
PROV175;Sondburgh;;;;;;;;;;;;;
PROV175_adj;Sondburgh;;;;;;;;;;;;;
PROV175_desc;Sondburgh;;;;;;;;;;;;;
b_sondburgh;Sondburgh;;;;;;;;;;;;;
b_sondburgh_adj;Sondburgh;;;;;;;;;;;;;
b_sondburgh_desc;Sondburgh;;;;;;;;;;;;;
b_sondburgh2;Sondburgh2;;;;;;;;;;;;;
b_sondburgh2_adj;Sondburgh2;;;;;;;;;;;;;
b_sondburgh2_desc;Sondburgh2;;;;;;;;;;;;;
von_drachenburg;Von Drachenburg;;;;;;;;;;;;;
von_drachenburg_adj;Von Drachenburg;;;;;;;;;;;;;
von_drachenburg_desc;Von Drachenburg;;;;;;;;;;;;;
d_von_drachenburg;Von Drachenburg;;;;;;;;;;;;;
d_von_drachenburg_adj;Von Drachenburg;;;;;;;;;;;;;
d_von_drachenburg_desc;Von Drachenburg;;;;;;;;;;;;;
drachenwald;Drachenwald;;;;;;;;;;;;;
drachenwald_adj;Drachenwald;;;;;;;;;;;;;
drachenwald_desc;Drachenwald;;;;;;;;;;;;;
c_drachenwald;Drachenwald;;;;;;;;;;;;;
c_drachenwald_adj;Drachenwald;;;;;;;;;;;;;
c_drachenwald_desc;Drachenwald;;;;;;;;;;;;;
PROV176;Drachenwald;;;;;;;;;;;;;
PROV176_adj;Drachenwald;;;;;;;;;;;;;
PROV176_desc;Drachenwald;;;;;;;;;;;;;
b_drachenwald;Drachenwald;;;;;;;;;;;;;
b_drachenwald_adj;Drachenwald;;;;;;;;;;;;;
b_drachenwald_desc;Drachenwald;;;;;;;;;;;;;
b_drachenwald2;Drachenwald2;;;;;;;;;;;;;
b_drachenwald2_adj;Drachenwald2;;;;;;;;;;;;;
b_drachenwald2_desc;Drachenwald2;;;;;;;;;;;;;
olden;Olden;;;;;;;;;;;;;
olden_adj;Olden;;;;;;;;;;;;;
olden_desc;Olden;;;;;;;;;;;;;
c_olden;Olden;;;;;;;;;;;;;
c_olden_adj;Olden;;;;;;;;;;;;;
c_olden_desc;Olden;;;;;;;;;;;;;
PROV177;Olden;;;;;;;;;;;;;
PROV177_adj;Olden;;;;;;;;;;;;;
PROV177_desc;Olden;;;;;;;;;;;;;
b_olden;Olden;;;;;;;;;;;;;
b_olden_adj;Olden;;;;;;;;;;;;;
b_olden_desc;Olden;;;;;;;;;;;;;
b_olden2;Olden2;;;;;;;;;;;;;
b_olden2_adj;Olden2;;;;;;;;;;;;;
b_olden2_desc;Olden2;;;;;;;;;;;;;
morvetenwald;Morvetenwald;;;;;;;;;;;;;
morvetenwald_adj;Morvetenwald;;;;;;;;;;;;;
morvetenwald_desc;Morvetenwald;;;;;;;;;;;;;
c_morvetenwald;Morvetenwald;;;;;;;;;;;;;
c_morvetenwald_adj;Morvetenwald;;;;;;;;;;;;;
c_morvetenwald_desc;Morvetenwald;;;;;;;;;;;;;
PROV178;Morvetenwald;;;;;;;;;;;;;
PROV178_adj;Morvetenwald;;;;;;;;;;;;;
PROV178_desc;Morvetenwald;;;;;;;;;;;;;
b_morvetenwald;Morvetenwald;;;;;;;;;;;;;
b_morvetenwald_adj;Morvetenwald;;;;;;;;;;;;;
b_morvetenwald_desc;Morvetenwald;;;;;;;;;;;;;
b_morvetenwald2;Morvetenwald2;;;;;;;;;;;;;
b_morvetenwald2_adj;Morvetenwald2;;;;;;;;;;;;;
b_morvetenwald2_desc;Morvetenwald2;;;;;;;;;;;;;
eerstwald;Eerstwald;;;;;;;;;;;;;
eerstwald_adj;Eerstwald;;;;;;;;;;;;;
eerstwald_desc;Eerstwald;;;;;;;;;;;;;
e_ventosa;Ventosa;;;;;;;;;;;;;
e_ventosa_adj;Ventosan;;;;;;;;;;;;;
e_ventosa_desc;Ventosa;;;;;;;;;;;;;
alveriade;Alveriade;;;;;;;;;;;;;
alveriade_adj;Alveriade;;;;;;;;;;;;;
alveriade_desc;Alveriade;;;;;;;;;;;;;
k_alveriade;Alveriade;;;;;;;;;;;;;
k_alveriade_adj;Alveriade;;;;;;;;;;;;;
k_alveriade_desc;Alveriade;;;;;;;;;;;;;
cavoeira;Cavoeira;;;;;;;;;;;;;
cavoeira_adj;Cavoeira;;;;;;;;;;;;;
cavoeira_desc;Cavoeira;;;;;;;;;;;;;
d_cavoeira;Cavoeira;;;;;;;;;;;;;
d_cavoeira_adj;Cavoeira;;;;;;;;;;;;;
d_cavoeira_desc;Cavoeira;;;;;;;;;;;;;
calzeira;Calzeira;;;;;;;;;;;;;
calzeira_adj;Calzeira;;;;;;;;;;;;;
calzeira_desc;Calzeira;;;;;;;;;;;;;
c_calzeira;Calzeira;;;;;;;;;;;;;
c_calzeira_adj;Calzeira;;;;;;;;;;;;;
c_calzeira_desc;Calzeira;;;;;;;;;;;;;
PROV179;Calzeira;;;;;;;;;;;;;
PROV179_adj;Calzeira;;;;;;;;;;;;;
PROV179_desc;Calzeira;;;;;;;;;;;;;
b_calzeira;Calzeira;;;;;;;;;;;;;
b_calzeira_adj;Calzeira;;;;;;;;;;;;;
b_calzeira_desc;Calzeira;;;;;;;;;;;;;
b_calzeira2;Calzeira2;;;;;;;;;;;;;
b_calzeira2_adj;Calzeira2;;;;;;;;;;;;;
b_calzeira2_desc;Calzeira2;;;;;;;;;;;;;
gradao;Gradao;;;;;;;;;;;;;
gradao_adj;Gradao;;;;;;;;;;;;;
gradao_desc;Gradao;;;;;;;;;;;;;
c_gradao;Gradao;;;;;;;;;;;;;
c_gradao_adj;Gradao;;;;;;;;;;;;;
c_gradao_desc;Gradao;;;;;;;;;;;;;
PROV180;Gradao;;;;;;;;;;;;;
PROV180_adj;Gradao;;;;;;;;;;;;;
PROV180_desc;Gradao;;;;;;;;;;;;;
b_gradao;Gradao;;;;;;;;;;;;;
b_gradao_adj;Gradao;;;;;;;;;;;;;
b_gradao_desc;Gradao;;;;;;;;;;;;;
b_gradao2;Gradao2;;;;;;;;;;;;;
b_gradao2_adj;Gradao2;;;;;;;;;;;;;
b_gradao2_desc;Gradao2;;;;;;;;;;;;;
c_cavoeira;Cavoeira;;;;;;;;;;;;;
c_cavoeira_adj;Cavoeira;;;;;;;;;;;;;
c_cavoeira_desc;Cavoeira;;;;;;;;;;;;;
PROV181;Cavoeira;;;;;;;;;;;;;
PROV181_adj;Cavoeira;;;;;;;;;;;;;
PROV181_desc;Cavoeira;;;;;;;;;;;;;
b_cavoeira;Cavoeira;;;;;;;;;;;;;
b_cavoeira_adj;Cavoeira;;;;;;;;;;;;;
b_cavoeira_desc;Cavoeira;;;;;;;;;;;;;
b_cavoeira2;Cavoeira2;;;;;;;;;;;;;
b_cavoeira2_adj;Cavoeira2;;;;;;;;;;;;;
b_cavoeira2_desc;Cavoeira2;;;;;;;;;;;;;
gimont;Gimont;;;;;;;;;;;;;
gimont_adj;Gimont;;;;;;;;;;;;;
gimont_desc;Gimont;;;;;;;;;;;;;
d_gimont;Gimont;;;;;;;;;;;;;
d_gimont_adj;Gimont;;;;;;;;;;;;;
d_gimont_desc;Gimont;;;;;;;;;;;;;
vila_franca;Vila Franca;;;;;;;;;;;;;
vila_franca_adj;Vila Franca;;;;;;;;;;;;;
vila_franca_desc;Vila Franca;;;;;;;;;;;;;
c_vila_franca;Vila Franca;;;;;;;;;;;;;
c_vila_franca_adj;Vila Franca;;;;;;;;;;;;;
c_vila_franca_desc;Vila Franca;;;;;;;;;;;;;
PROV182;Vila Franca;;;;;;;;;;;;;
PROV182_adj;Vila Franca;;;;;;;;;;;;;
PROV182_desc;Vila Franca;;;;;;;;;;;;;
b_vila_franca;Vila Franca;;;;;;;;;;;;;
b_vila_franca_adj;Vila Franca;;;;;;;;;;;;;
b_vila_franca_desc;Vila Franca;;;;;;;;;;;;;
b_vila_franca2;Vila Franca2;;;;;;;;;;;;;
b_vila_franca2_adj;Vila Franca2;;;;;;;;;;;;;
b_vila_franca2_desc;Vila Franca2;;;;;;;;;;;;;
odivelas;Odivelas;;;;;;;;;;;;;
odivelas_adj;Odivelas;;;;;;;;;;;;;
odivelas_desc;Odivelas;;;;;;;;;;;;;
d_odivelas;Odivelas;;;;;;;;;;;;;
d_odivelas_adj;Odivelas;;;;;;;;;;;;;
d_odivelas_desc;Odivelas;;;;;;;;;;;;;
c_odivelas;Odivelas;;;;;;;;;;;;;
c_odivelas_adj;Odivelas;;;;;;;;;;;;;
c_odivelas_desc;Odivelas;;;;;;;;;;;;;
PROV183;Odivelas;;;;;;;;;;;;;
PROV183_adj;Odivelas;;;;;;;;;;;;;
PROV183_desc;Odivelas;;;;;;;;;;;;;
b_odivelas;Odivelas;;;;;;;;;;;;;
b_odivelas_adj;Odivelas;;;;;;;;;;;;;
b_odivelas_desc;Odivelas;;;;;;;;;;;;;
b_odivelas2;Odivelas2;;;;;;;;;;;;;
b_odivelas2_adj;Odivelas2;;;;;;;;;;;;;
b_odivelas2_desc;Odivelas2;;;;;;;;;;;;;
loures;Loures;;;;;;;;;;;;;
loures_adj;Loures;;;;;;;;;;;;;
loures_desc;Loures;;;;;;;;;;;;;
c_loures;Loures;;;;;;;;;;;;;
c_loures_adj;Loures;;;;;;;;;;;;;
c_loures_desc;Loures;;;;;;;;;;;;;
PROV184;Loures;;;;;;;;;;;;;
PROV184_adj;Loures;;;;;;;;;;;;;
PROV184_desc;Loures;;;;;;;;;;;;;
b_loures;Loures;;;;;;;;;;;;;
b_loures_adj;Loures;;;;;;;;;;;;;
b_loures_desc;Loures;;;;;;;;;;;;;
b_loures2;Loures2;;;;;;;;;;;;;
b_loures2_adj;Loures2;;;;;;;;;;;;;
b_loures2_desc;Loures2;;;;;;;;;;;;;
amadora;Amadora;;;;;;;;;;;;;
amadora_adj;Amadora;;;;;;;;;;;;;
amadora_desc;Amadora;;;;;;;;;;;;;
c_amadora;Amadora;;;;;;;;;;;;;
c_amadora_adj;Amadora;;;;;;;;;;;;;
c_amadora_desc;Amadora;;;;;;;;;;;;;
PROV185;Amadora;;;;;;;;;;;;;
PROV185_adj;Amadora;;;;;;;;;;;;;
PROV185_desc;Amadora;;;;;;;;;;;;;
b_amadora;Amadora;;;;;;;;;;;;;
b_amadora_adj;Amadora;;;;;;;;;;;;;
b_amadora_desc;Amadora;;;;;;;;;;;;;
b_amadora2;Amadora2;;;;;;;;;;;;;
b_amadora2_adj;Amadora2;;;;;;;;;;;;;
b_amadora2_desc;Amadora2;;;;;;;;;;;;;
chleirios;Chleirios;;;;;;;;;;;;;
chleirios_adj;Chleirios;;;;;;;;;;;;;
chleirios_desc;Chleirios;;;;;;;;;;;;;
c_chleirios;Chleirios;;;;;;;;;;;;;
c_chleirios_adj;Chleirios;;;;;;;;;;;;;
c_chleirios_desc;Chleirios;;;;;;;;;;;;;
PROV186;Chleirios;;;;;;;;;;;;;
PROV186_adj;Chleirios;;;;;;;;;;;;;
PROV186_desc;Chleirios;;;;;;;;;;;;;
b_chleirios;Chleirios;;;;;;;;;;;;;
b_chleirios_adj;Chleirios;;;;;;;;;;;;;
b_chleirios_desc;Chleirios;;;;;;;;;;;;;
b_chleirios2;Chleirios2;;;;;;;;;;;;;
b_chleirios2_adj;Chleirios2;;;;;;;;;;;;;
b_chleirios2_desc;Chleirios2;;;;;;;;;;;;;
sintra;Sintra;;;;;;;;;;;;;
sintra_adj;Sintra;;;;;;;;;;;;;
sintra_desc;Sintra;;;;;;;;;;;;;
d_sintra;Sintra;;;;;;;;;;;;;
d_sintra_adj;Sintra;;;;;;;;;;;;;
d_sintra_desc;Sintra;;;;;;;;;;;;;
savacem;Savacem;;;;;;;;;;;;;
savacem_adj;Savacem;;;;;;;;;;;;;
savacem_desc;Savacem;;;;;;;;;;;;;
c_savacem;Savacem;;;;;;;;;;;;;
c_savacem_adj;Savacem;;;;;;;;;;;;;
c_savacem_desc;Savacem;;;;;;;;;;;;;
PROV187;Savacem;;;;;;;;;;;;;
PROV187_adj;Savacem;;;;;;;;;;;;;
PROV187_desc;Savacem;;;;;;;;;;;;;
b_savacem;Savacem;;;;;;;;;;;;;
b_savacem_adj;Savacem;;;;;;;;;;;;;
b_savacem_desc;Savacem;;;;;;;;;;;;;
b_savacem2;Savacem2;;;;;;;;;;;;;
b_savacem2_adj;Savacem2;;;;;;;;;;;;;
b_savacem2_desc;Savacem2;;;;;;;;;;;;;
sobradol;Sobradol;;;;;;;;;;;;;
sobradol_adj;Sobradol;;;;;;;;;;;;;
sobradol_desc;Sobradol;;;;;;;;;;;;;
c_sobradol;Sobradol;;;;;;;;;;;;;
c_sobradol_adj;Sobradol;;;;;;;;;;;;;
c_sobradol_desc;Sobradol;;;;;;;;;;;;;
PROV188;Sobradol;;;;;;;;;;;;;
PROV188_adj;Sobradol;;;;;;;;;;;;;
PROV188_desc;Sobradol;;;;;;;;;;;;;
b_sobradol;Sobradol;;;;;;;;;;;;;
b_sobradol_adj;Sobradol;;;;;;;;;;;;;
b_sobradol_desc;Sobradol;;;;;;;;;;;;;
b_sobradol2;Sobradol2;;;;;;;;;;;;;
b_sobradol2_adj;Sobradol2;;;;;;;;;;;;;
b_sobradol2_desc;Sobradol2;;;;;;;;;;;;;
ribetej;Ribetej;;;;;;;;;;;;;
ribetej_adj;Ribetej;;;;;;;;;;;;;
ribetej_desc;Ribetej;;;;;;;;;;;;;
c_ribetej;Ribetej;;;;;;;;;;;;;
c_ribetej_adj;Ribetej;;;;;;;;;;;;;
c_ribetej_desc;Ribetej;;;;;;;;;;;;;
PROV189;Ribetej;;;;;;;;;;;;;
PROV189_adj;Ribetej;;;;;;;;;;;;;
PROV189_desc;Ribetej;;;;;;;;;;;;;
b_ribetej;Ribetej;;;;;;;;;;;;;
b_ribetej_adj;Ribetej;;;;;;;;;;;;;
b_ribetej_desc;Ribetej;;;;;;;;;;;;;
b_ribetej2;Ribetej2;;;;;;;;;;;;;
b_ribetej2_adj;Ribetej2;;;;;;;;;;;;;
b_ribetej2_desc;Ribetej2;;;;;;;;;;;;;
alhandra;Alhandra;;;;;;;;;;;;;
alhandra_adj;Alhandra;;;;;;;;;;;;;
alhandra_desc;Alhandra;;;;;;;;;;;;;
c_alhandra;Alhandra;;;;;;;;;;;;;
c_alhandra_adj;Alhandra;;;;;;;;;;;;;
c_alhandra_desc;Alhandra;;;;;;;;;;;;;
PROV190;Alhandra;;;;;;;;;;;;;
PROV190_adj;Alhandra;;;;;;;;;;;;;
PROV190_desc;Alhandra;;;;;;;;;;;;;
b_alhandra;Alhandra;;;;;;;;;;;;;
b_alhandra_adj;Alhandra;;;;;;;;;;;;;
b_alhandra_desc;Alhandra;;;;;;;;;;;;;
b_alhandra2;Alhandra2;;;;;;;;;;;;;
b_alhandra2_adj;Alhandra2;;;;;;;;;;;;;
b_alhandra2_desc;Alhandra2;;;;;;;;;;;;;
c_sintra;Sintra;;;;;;;;;;;;;
c_sintra_adj;Sintra;;;;;;;;;;;;;
c_sintra_desc;Sintra;;;;;;;;;;;;;
PROV191;Sintra;;;;;;;;;;;;;
PROV191_adj;Sintra;;;;;;;;;;;;;
PROV191_desc;Sintra;;;;;;;;;;;;;
b_sintra;Sintra;;;;;;;;;;;;;
b_sintra_adj;Sintra;;;;;;;;;;;;;
b_sintra_desc;Sintra;;;;;;;;;;;;;
b_sintra2;Sintra2;;;;;;;;;;;;;
b_sintra2_adj;Sintra2;;;;;;;;;;;;;
b_sintra2_desc;Sintra2;;;;;;;;;;;;;
villa_real;Villa Real;;;;;;;;;;;;;
villa_real_adj;Villa Real;;;;;;;;;;;;;
villa_real_desc;Villa Real;;;;;;;;;;;;;
d_villa_real;Villa Real;;;;;;;;;;;;;
d_villa_real_adj;Villa Real;;;;;;;;;;;;;
d_villa_real_desc;Villa Real;;;;;;;;;;;;;
c_villa_real;Villa Real;;;;;;;;;;;;;
c_villa_real_adj;Villa Real;;;;;;;;;;;;;
c_villa_real_desc;Villa Real;;;;;;;;;;;;;
PROV192;Villa Real;;;;;;;;;;;;;
PROV192_adj;Villa Real;;;;;;;;;;;;;
PROV192_desc;Villa Real;;;;;;;;;;;;;
b_villa_real;Villa Real;;;;;;;;;;;;;
b_villa_real_adj;Villa Real;;;;;;;;;;;;;
b_villa_real_desc;Villa Real;;;;;;;;;;;;;
b_villa_real2;Villa Real2;;;;;;;;;;;;;
b_villa_real2_adj;Villa Real2;;;;;;;;;;;;;
b_villa_real2_desc;Villa Real2;;;;;;;;;;;;;
vila_rainal;Vila Rainal;;;;;;;;;;;;;
vila_rainal_adj;Vila Rainal;;;;;;;;;;;;;
vila_rainal_desc;Vila Rainal;;;;;;;;;;;;;
c_vila_rainal;Vila Rainal;;;;;;;;;;;;;
c_vila_rainal_adj;Vila Rainal;;;;;;;;;;;;;
c_vila_rainal_desc;Vila Rainal;;;;;;;;;;;;;
PROV193;Vila Rainal;;;;;;;;;;;;;
PROV193_adj;Vila Rainal;;;;;;;;;;;;;
PROV193_desc;Vila Rainal;;;;;;;;;;;;;
b_vila_rainal;Vila Rainal;;;;;;;;;;;;;
b_vila_rainal_adj;Vila Rainal;;;;;;;;;;;;;
b_vila_rainal_desc;Vila Rainal;;;;;;;;;;;;;
b_vila_rainal2;Vila Rainal2;;;;;;;;;;;;;
b_vila_rainal2_adj;Vila Rainal2;;;;;;;;;;;;;
b_vila_rainal2_desc;Vila Rainal2;;;;;;;;;;;;;
bragas;Bragas;;;;;;;;;;;;;
bragas_adj;Bragas;;;;;;;;;;;;;
bragas_desc;Bragas;;;;;;;;;;;;;
k_bragas;Bragas;;;;;;;;;;;;;
k_bragas_adj;Bragas;;;;;;;;;;;;;
k_bragas_desc;Bragas;;;;;;;;;;;;;
campelo;Campelo;;;;;;;;;;;;;
campelo_adj;Campelo;;;;;;;;;;;;;
campelo_desc;Campelo;;;;;;;;;;;;;
d_campelo;Campelo;;;;;;;;;;;;;
d_campelo_adj;Campelo;;;;;;;;;;;;;
d_campelo_desc;Campelo;;;;;;;;;;;;;
rio_sul;Rio Sul;;;;;;;;;;;;;
rio_sul_adj;Rio Sul;;;;;;;;;;;;;
rio_sul_desc;Rio Sul;;;;;;;;;;;;;
c_rio_sul;Rio Sul;;;;;;;;;;;;;
c_rio_sul_adj;Rio Sul;;;;;;;;;;;;;
c_rio_sul_desc;Rio Sul;;;;;;;;;;;;;
PROV194;Rio Sul;;;;;;;;;;;;;
PROV194_adj;Rio Sul;;;;;;;;;;;;;
PROV194_desc;Rio Sul;;;;;;;;;;;;;
b_rio_sul;Rio Sul;;;;;;;;;;;;;
b_rio_sul_adj;Rio Sul;;;;;;;;;;;;;
b_rio_sul_desc;Rio Sul;;;;;;;;;;;;;
b_rio_sul2;Rio Sul2;;;;;;;;;;;;;
b_rio_sul2_adj;Rio Sul2;;;;;;;;;;;;;
b_rio_sul2_desc;Rio Sul2;;;;;;;;;;;;;
reguengos_de_murao;Reguengos De Murao;;;;;;;;;;;;;
reguengos_de_murao_adj;Reguengos De Murao;;;;;;;;;;;;;
reguengos_de_murao_desc;Reguengos De Murao;;;;;;;;;;;;;
c_reguengos_de_murao;Reguengos De Murao;;;;;;;;;;;;;
c_reguengos_de_murao_adj;Reguengos De Murao;;;;;;;;;;;;;
c_reguengos_de_murao_desc;Reguengos De Murao;;;;;;;;;;;;;
PROV195;Reguengos De Murao;;;;;;;;;;;;;
PROV195_adj;Reguengos De Murao;;;;;;;;;;;;;
PROV195_desc;Reguengos De Murao;;;;;;;;;;;;;
b_reguengos_de_murao;Reguengos De Murao;;;;;;;;;;;;;
b_reguengos_de_murao_adj;Reguengos De Murao;;;;;;;;;;;;;
b_reguengos_de_murao_desc;Reguengos De Murao;;;;;;;;;;;;;
b_reguengos_de_murao2;Reguengos De Murao2;;;;;;;;;;;;;
b_reguengos_de_murao2_adj;Reguengos De Murao2;;;;;;;;;;;;;
b_reguengos_de_murao2_desc;Reguengos De Murao2;;;;;;;;;;;;;
rio_grande;Rio Grande;;;;;;;;;;;;;
rio_grande_adj;Rio Grande;;;;;;;;;;;;;
rio_grande_desc;Rio Grande;;;;;;;;;;;;;
c_rio_grande;Rio Grande;;;;;;;;;;;;;
c_rio_grande_adj;Rio Grande;;;;;;;;;;;;;
c_rio_grande_desc;Rio Grande;;;;;;;;;;;;;
PROV196;Rio Grande;;;;;;;;;;;;;
PROV196_adj;Rio Grande;;;;;;;;;;;;;
PROV196_desc;Rio Grande;;;;;;;;;;;;;
b_rio_grande;Rio Grande;;;;;;;;;;;;;
b_rio_grande_adj;Rio Grande;;;;;;;;;;;;;
b_rio_grande_desc;Rio Grande;;;;;;;;;;;;;
b_rio_grande2;Rio Grande2;;;;;;;;;;;;;
b_rio_grande2_adj;Rio Grande2;;;;;;;;;;;;;
b_rio_grande2_desc;Rio Grande2;;;;;;;;;;;;;
c_campelo;Campelo;;;;;;;;;;;;;
c_campelo_adj;Campelo;;;;;;;;;;;;;
c_campelo_desc;Campelo;;;;;;;;;;;;;
PROV197;Campelo;;;;;;;;;;;;;
PROV197_adj;Campelo;;;;;;;;;;;;;
PROV197_desc;Campelo;;;;;;;;;;;;;
b_campelo;Campelo;;;;;;;;;;;;;
b_campelo_adj;Campelo;;;;;;;;;;;;;
b_campelo_desc;Campelo;;;;;;;;;;;;;
b_campelo2;Campelo2;;;;;;;;;;;;;
b_campelo2_adj;Campelo2;;;;;;;;;;;;;
b_campelo2_desc;Campelo2;;;;;;;;;;;;;
issa;Issa;;;;;;;;;;;;;
issa_adj;Issa;;;;;;;;;;;;;
issa_desc;Issa;;;;;;;;;;;;;
d_issa;Issa;;;;;;;;;;;;;
d_issa_adj;Issa;;;;;;;;;;;;;
d_issa_desc;Issa;;;;;;;;;;;;;
carrazeda;Carrazeda;;;;;;;;;;;;;
carrazeda_adj;Carrazeda;;;;;;;;;;;;;
carrazeda_desc;Carrazeda;;;;;;;;;;;;;
c_carrazeda;Carrazeda;;;;;;;;;;;;;
c_carrazeda_adj;Carrazeda;;;;;;;;;;;;;
c_carrazeda_desc;Carrazeda;;;;;;;;;;;;;
PROV198;Carrazeda;;;;;;;;;;;;;
PROV198_adj;Carrazeda;;;;;;;;;;;;;
PROV198_desc;Carrazeda;;;;;;;;;;;;;
b_carrazeda;Carrazeda;;;;;;;;;;;;;
b_carrazeda_adj;Carrazeda;;;;;;;;;;;;;
b_carrazeda_desc;Carrazeda;;;;;;;;;;;;;
b_carrazeda2;Carrazeda2;;;;;;;;;;;;;
b_carrazeda2_adj;Carrazeda2;;;;;;;;;;;;;
b_carrazeda2_desc;Carrazeda2;;;;;;;;;;;;;
c_issa;Issa;;;;;;;;;;;;;
c_issa_adj;Issa;;;;;;;;;;;;;
c_issa_desc;Issa;;;;;;;;;;;;;
PROV199;Issa;;;;;;;;;;;;;
PROV199_adj;Issa;;;;;;;;;;;;;
PROV199_desc;Issa;;;;;;;;;;;;;
b_issa;Issa;;;;;;;;;;;;;
b_issa_adj;Issa;;;;;;;;;;;;;
b_issa_desc;Issa;;;;;;;;;;;;;
b_issa2;Issa2;;;;;;;;;;;;;
b_issa2_adj;Issa2;;;;;;;;;;;;;
b_issa2_desc;Issa2;;;;;;;;;;;;;
frechas;Frechas;;;;;;;;;;;;;
frechas_adj;Frechas;;;;;;;;;;;;;
frechas_desc;Frechas;;;;;;;;;;;;;
c_frechas;Frechas;;;;;;;;;;;;;
c_frechas_adj;Frechas;;;;;;;;;;;;;
c_frechas_desc;Frechas;;;;;;;;;;;;;
PROV200;Frechas;;;;;;;;;;;;;
PROV200_adj;Frechas;;;;;;;;;;;;;
PROV200_desc;Frechas;;;;;;;;;;;;;
b_frechas;Frechas;;;;;;;;;;;;;
b_frechas_adj;Frechas;;;;;;;;;;;;;
b_frechas_desc;Frechas;;;;;;;;;;;;;
b_frechas2;Frechas2;;;;;;;;;;;;;
b_frechas2_adj;Frechas2;;;;;;;;;;;;;
b_frechas2_desc;Frechas2;;;;;;;;;;;;;
montargil;Montargil;;;;;;;;;;;;;
montargil_adj;Montargil;;;;;;;;;;;;;
montargil_desc;Montargil;;;;;;;;;;;;;
d_montargil;Montargil;;;;;;;;;;;;;
d_montargil_adj;Montargil;;;;;;;;;;;;;
d_montargil_desc;Montargil;;;;;;;;;;;;;
c_montargil;Montargil;;;;;;;;;;;;;
c_montargil_adj;Montargil;;;;;;;;;;;;;
c_montargil_desc;Montargil;;;;;;;;;;;;;
PROV201;Montargil;;;;;;;;;;;;;
PROV201_adj;Montargil;;;;;;;;;;;;;
PROV201_desc;Montargil;;;;;;;;;;;;;
b_montargil;Montargil;;;;;;;;;;;;;
b_montargil_adj;Montargil;;;;;;;;;;;;;
b_montargil_desc;Montargil;;;;;;;;;;;;;
b_montargil2;Montargil2;;;;;;;;;;;;;
b_montargil2_adj;Montargil2;;;;;;;;;;;;;
b_montargil2_desc;Montargil2;;;;;;;;;;;;;
sabrosa;Sabrosa;;;;;;;;;;;;;
sabrosa_adj;Sabrosa;;;;;;;;;;;;;
sabrosa_desc;Sabrosa;;;;;;;;;;;;;
c_sabrosa;Sabrosa;;;;;;;;;;;;;
c_sabrosa_adj;Sabrosa;;;;;;;;;;;;;
c_sabrosa_desc;Sabrosa;;;;;;;;;;;;;
PROV202;Sabrosa;;;;;;;;;;;;;
PROV202_adj;Sabrosa;;;;;;;;;;;;;
PROV202_desc;Sabrosa;;;;;;;;;;;;;
b_sabrosa;Sabrosa;;;;;;;;;;;;;
b_sabrosa_adj;Sabrosa;;;;;;;;;;;;;
b_sabrosa_desc;Sabrosa;;;;;;;;;;;;;
b_sabrosa2;Sabrosa2;;;;;;;;;;;;;
b_sabrosa2_adj;Sabrosa2;;;;;;;;;;;;;
b_sabrosa2_desc;Sabrosa2;;;;;;;;;;;;;
lamengao;Lamengao;;;;;;;;;;;;;
lamengao_adj;Lamengao;;;;;;;;;;;;;
lamengao_desc;Lamengao;;;;;;;;;;;;;
c_lamengao;Lamengao;;;;;;;;;;;;;
c_lamengao_adj;Lamengao;;;;;;;;;;;;;
c_lamengao_desc;Lamengao;;;;;;;;;;;;;
PROV203;Lamengao;;;;;;;;;;;;;
PROV203_adj;Lamengao;;;;;;;;;;;;;
PROV203_desc;Lamengao;;;;;;;;;;;;;
b_lamengao;Lamengao;;;;;;;;;;;;;
b_lamengao_adj;Lamengao;;;;;;;;;;;;;
b_lamengao_desc;Lamengao;;;;;;;;;;;;;
b_lamengao2;Lamengao2;;;;;;;;;;;;;
b_lamengao2_adj;Lamengao2;;;;;;;;;;;;;
b_lamengao2_desc;Lamengao2;;;;;;;;;;;;;
trofirsa;Trofirsa;;;;;;;;;;;;;
trofirsa_adj;Trofirsa;;;;;;;;;;;;;
trofirsa_desc;Trofirsa;;;;;;;;;;;;;
d_trofirsa;Trofirsa;;;;;;;;;;;;;
d_trofirsa_adj;Trofirsa;;;;;;;;;;;;;
d_trofirsa_desc;Trofirsa;;;;;;;;;;;;;
alijo;Alijo;;;;;;;;;;;;;
alijo_adj;Alijo;;;;;;;;;;;;;
alijo_desc;Alijo;;;;;;;;;;;;;
c_alijo;Alijo;;;;;;;;;;;;;
c_alijo_adj;Alijo;;;;;;;;;;;;;
c_alijo_desc;Alijo;;;;;;;;;;;;;
PROV204;Alijo;;;;;;;;;;;;;
PROV204_adj;Alijo;;;;;;;;;;;;;
PROV204_desc;Alijo;;;;;;;;;;;;;
b_alijo;Alijo;;;;;;;;;;;;;
b_alijo_adj;Alijo;;;;;;;;;;;;;
b_alijo_desc;Alijo;;;;;;;;;;;;;
b_alijo2;Alijo2;;;;;;;;;;;;;
b_alijo2_adj;Alijo2;;;;;;;;;;;;;
b_alijo2_desc;Alijo2;;;;;;;;;;;;;
essaboa;Essaboa;;;;;;;;;;;;;
essaboa_adj;Essaboa;;;;;;;;;;;;;
essaboa_desc;Essaboa;;;;;;;;;;;;;
k_essaboa;Essaboa;;;;;;;;;;;;;
k_essaboa_adj;Essaboa;;;;;;;;;;;;;
k_essaboa_desc;Essaboa;;;;;;;;;;;;;
alpiarca;Alpiarca;;;;;;;;;;;;;
alpiarca_adj;Alpiarca;;;;;;;;;;;;;
alpiarca_desc;Alpiarca;;;;;;;;;;;;;
d_alpiarca;Alpiarca;;;;;;;;;;;;;
d_alpiarca_adj;Alpiarca;;;;;;;;;;;;;
d_alpiarca_desc;Alpiarca;;;;;;;;;;;;;
estremouz;Estremouz;;;;;;;;;;;;;
estremouz_adj;Estremouz;;;;;;;;;;;;;
estremouz_desc;Estremouz;;;;;;;;;;;;;
c_estremouz;Estremouz;;;;;;;;;;;;;
c_estremouz_adj;Estremouz;;;;;;;;;;;;;
c_estremouz_desc;Estremouz;;;;;;;;;;;;;
PROV205;Estremouz;;;;;;;;;;;;;
PROV205_adj;Estremouz;;;;;;;;;;;;;
PROV205_desc;Estremouz;;;;;;;;;;;;;
b_estremouz;Estremouz;;;;;;;;;;;;;
b_estremouz_adj;Estremouz;;;;;;;;;;;;;
b_estremouz_desc;Estremouz;;;;;;;;;;;;;
b_estremouz2;Estremouz2;;;;;;;;;;;;;
b_estremouz2_adj;Estremouz2;;;;;;;;;;;;;
b_estremouz2_desc;Estremouz2;;;;;;;;;;;;;
arroncha;Arroncha;;;;;;;;;;;;;
arroncha_adj;Arroncha;;;;;;;;;;;;;
arroncha_desc;Arroncha;;;;;;;;;;;;;
c_arroncha;Arroncha;;;;;;;;;;;;;
c_arroncha_adj;Arroncha;;;;;;;;;;;;;
c_arroncha_desc;Arroncha;;;;;;;;;;;;;
PROV206;Arroncha;;;;;;;;;;;;;
PROV206_adj;Arroncha;;;;;;;;;;;;;
PROV206_desc;Arroncha;;;;;;;;;;;;;
b_arroncha;Arroncha;;;;;;;;;;;;;
b_arroncha_adj;Arroncha;;;;;;;;;;;;;
b_arroncha_desc;Arroncha;;;;;;;;;;;;;
b_arroncha2;Arroncha2;;;;;;;;;;;;;
b_arroncha2_adj;Arroncha2;;;;;;;;;;;;;
b_arroncha2_desc;Arroncha2;;;;;;;;;;;;;
c_alpiarca;Alpiarca;;;;;;;;;;;;;
c_alpiarca_adj;Alpiarca;;;;;;;;;;;;;
c_alpiarca_desc;Alpiarca;;;;;;;;;;;;;
PROV207;Alpiarca;;;;;;;;;;;;;
PROV207_adj;Alpiarca;;;;;;;;;;;;;
PROV207_desc;Alpiarca;;;;;;;;;;;;;
b_alpiarca;Alpiarca;;;;;;;;;;;;;
b_alpiarca_adj;Alpiarca;;;;;;;;;;;;;
b_alpiarca_desc;Alpiarca;;;;;;;;;;;;;
b_alpiarca2;Alpiarca2;;;;;;;;;;;;;
b_alpiarca2_adj;Alpiarca2;;;;;;;;;;;;;
b_alpiarca2_desc;Alpiarca2;;;;;;;;;;;;;
tarro_do_sal;Tarro Do Sal;;;;;;;;;;;;;
tarro_do_sal_adj;Tarro Do Sal;;;;;;;;;;;;;
tarro_do_sal_desc;Tarro Do Sal;;;;;;;;;;;;;
c_tarro_do_sal;Tarro Do Sal;;;;;;;;;;;;;
c_tarro_do_sal_adj;Tarro Do Sal;;;;;;;;;;;;;
c_tarro_do_sal_desc;Tarro Do Sal;;;;;;;;;;;;;
PROV208;Tarro Do Sal;;;;;;;;;;;;;
PROV208_adj;Tarro Do Sal;;;;;;;;;;;;;
PROV208_desc;Tarro Do Sal;;;;;;;;;;;;;
b_tarro_do_sal;Tarro Do Sal;;;;;;;;;;;;;
b_tarro_do_sal_adj;Tarro Do Sal;;;;;;;;;;;;;
b_tarro_do_sal_desc;Tarro Do Sal;;;;;;;;;;;;;
b_tarro_do_sal2;Tarro Do Sal2;;;;;;;;;;;;;
b_tarro_do_sal2_adj;Tarro Do Sal2;;;;;;;;;;;;;
b_tarro_do_sal2_desc;Tarro Do Sal2;;;;;;;;;;;;;
evora;Evora;;;;;;;;;;;;;
evora_adj;Evora;;;;;;;;;;;;;
evora_desc;Evora;;;;;;;;;;;;;
c_evora;Evora;;;;;;;;;;;;;
c_evora_adj;Evora;;;;;;;;;;;;;
c_evora_desc;Evora;;;;;;;;;;;;;
PROV209;Evora;;;;;;;;;;;;;
PROV209_adj;Evora;;;;;;;;;;;;;
PROV209_desc;Evora;;;;;;;;;;;;;
b_evora;Evora;;;;;;;;;;;;;
b_evora_adj;Evora;;;;;;;;;;;;;
b_evora_desc;Evora;;;;;;;;;;;;;
b_evora2;Evora2;;;;;;;;;;;;;
b_evora2_adj;Evora2;;;;;;;;;;;;;
b_evora2_desc;Evora2;;;;;;;;;;;;;
issabon;Issabon;;;;;;;;;;;;;
issabon_adj;Issabon;;;;;;;;;;;;;
issabon_desc;Issabon;;;;;;;;;;;;;
d_issabon;Issabon;;;;;;;;;;;;;
d_issabon_adj;Issabon;;;;;;;;;;;;;
d_issabon_desc;Issabon;;;;;;;;;;;;;
ximen;Ximen;;;;;;;;;;;;;
ximen_adj;Ximen;;;;;;;;;;;;;
ximen_desc;Ximen;;;;;;;;;;;;;
c_ximen;Ximen;;;;;;;;;;;;;
c_ximen_adj;Ximen;;;;;;;;;;;;;
c_ximen_desc;Ximen;;;;;;;;;;;;;
PROV210;Ximen;;;;;;;;;;;;;
PROV210_adj;Ximen;;;;;;;;;;;;;
PROV210_desc;Ximen;;;;;;;;;;;;;
b_ximen;Ximen;;;;;;;;;;;;;
b_ximen_adj;Ximen;;;;;;;;;;;;;
b_ximen_desc;Ximen;;;;;;;;;;;;;
b_ximen2;Ximen2;;;;;;;;;;;;;
b_ximen2_adj;Ximen2;;;;;;;;;;;;;
b_ximen2_desc;Ximen2;;;;;;;;;;;;;
zirenez;Zirenez;;;;;;;;;;;;;
zirenez_adj;Zirenez;;;;;;;;;;;;;
zirenez_desc;Zirenez;;;;;;;;;;;;;
c_zirenez;Zirenez;;;;;;;;;;;;;
c_zirenez_adj;Zirenez;;;;;;;;;;;;;
c_zirenez_desc;Zirenez;;;;;;;;;;;;;
PROV211;Zirenez;;;;;;;;;;;;;
PROV211_adj;Zirenez;;;;;;;;;;;;;
PROV211_desc;Zirenez;;;;;;;;;;;;;
b_zirenez;Zirenez;;;;;;;;;;;;;
b_zirenez_adj;Zirenez;;;;;;;;;;;;;
b_zirenez_desc;Zirenez;;;;;;;;;;;;;
b_zirenez2;Zirenez2;;;;;;;;;;;;;
b_zirenez2_adj;Zirenez2;;;;;;;;;;;;;
b_zirenez2_desc;Zirenez2;;;;;;;;;;;;;
alcavanza;Alcavanza;;;;;;;;;;;;;
alcavanza_adj;Alcavanza;;;;;;;;;;;;;
alcavanza_desc;Alcavanza;;;;;;;;;;;;;
c_alcavanza;Alcavanza;;;;;;;;;;;;;
c_alcavanza_adj;Alcavanza;;;;;;;;;;;;;
c_alcavanza_desc;Alcavanza;;;;;;;;;;;;;
PROV212;Alcavanza;;;;;;;;;;;;;
PROV212_adj;Alcavanza;;;;;;;;;;;;;
PROV212_desc;Alcavanza;;;;;;;;;;;;;
b_alcavanza;Alcavanza;;;;;;;;;;;;;
b_alcavanza_adj;Alcavanza;;;;;;;;;;;;;
b_alcavanza_desc;Alcavanza;;;;;;;;;;;;;
b_alcavanza2;Alcavanza2;;;;;;;;;;;;;
b_alcavanza2_adj;Alcavanza2;;;;;;;;;;;;;
b_alcavanza2_desc;Alcavanza2;;;;;;;;;;;;;
xitra;Xitra;;;;;;;;;;;;;
xitra_adj;Xitra;;;;;;;;;;;;;
xitra_desc;Xitra;;;;;;;;;;;;;
c_xitra;Xitra;;;;;;;;;;;;;
c_xitra_adj;Xitra;;;;;;;;;;;;;
c_xitra_desc;Xitra;;;;;;;;;;;;;
PROV213;Xitra;;;;;;;;;;;;;
PROV213_adj;Xitra;;;;;;;;;;;;;
PROV213_desc;Xitra;;;;;;;;;;;;;
b_xitra;Xitra;;;;;;;;;;;;;
b_xitra_adj;Xitra;;;;;;;;;;;;;
b_xitra_desc;Xitra;;;;;;;;;;;;;
b_xitra2;Xitra2;;;;;;;;;;;;;
b_xitra2_adj;Xitra2;;;;;;;;;;;;;
b_xitra2_desc;Xitra2;;;;;;;;;;;;;
mourinhao;Mourinhao;;;;;;;;;;;;;
mourinhao_adj;Mourinhao;;;;;;;;;;;;;
mourinhao_desc;Mourinhao;;;;;;;;;;;;;
d_mourinhao;Mourinhao;;;;;;;;;;;;;
d_mourinhao_adj;Mourinhao;;;;;;;;;;;;;
d_mourinhao_desc;Mourinhao;;;;;;;;;;;;;
almerim;Almerim;;;;;;;;;;;;;
almerim_adj;Almerim;;;;;;;;;;;;;
almerim_desc;Almerim;;;;;;;;;;;;;
c_almerim;Almerim;;;;;;;;;;;;;
c_almerim_adj;Almerim;;;;;;;;;;;;;
c_almerim_desc;Almerim;;;;;;;;;;;;;
PROV214;Almerim;;;;;;;;;;;;;
PROV214_adj;Almerim;;;;;;;;;;;;;
PROV214_desc;Almerim;;;;;;;;;;;;;
b_almerim;Almerim;;;;;;;;;;;;;
b_almerim_adj;Almerim;;;;;;;;;;;;;
b_almerim_desc;Almerim;;;;;;;;;;;;;
b_almerim2;Almerim2;;;;;;;;;;;;;
b_almerim2_adj;Almerim2;;;;;;;;;;;;;
b_almerim2_desc;Almerim2;;;;;;;;;;;;;
coruche;Coruche;;;;;;;;;;;;;
coruche_adj;Coruche;;;;;;;;;;;;;
coruche_desc;Coruche;;;;;;;;;;;;;
c_coruche;Coruche;;;;;;;;;;;;;
c_coruche_adj;Coruche;;;;;;;;;;;;;
c_coruche_desc;Coruche;;;;;;;;;;;;;
PROV215;Coruche;;;;;;;;;;;;;
PROV215_adj;Coruche;;;;;;;;;;;;;
PROV215_desc;Coruche;;;;;;;;;;;;;
b_coruche;Coruche;;;;;;;;;;;;;
b_coruche_adj;Coruche;;;;;;;;;;;;;
b_coruche_desc;Coruche;;;;;;;;;;;;;
b_coruche2;Coruche2;;;;;;;;;;;;;
b_coruche2_adj;Coruche2;;;;;;;;;;;;;
b_coruche2_desc;Coruche2;;;;;;;;;;;;;
c_mourinhao;Mourinhao;;;;;;;;;;;;;
c_mourinhao_adj;Mourinhao;;;;;;;;;;;;;
c_mourinhao_desc;Mourinhao;;;;;;;;;;;;;
PROV216;Mourinhao;;;;;;;;;;;;;
PROV216_adj;Mourinhao;;;;;;;;;;;;;
PROV216_desc;Mourinhao;;;;;;;;;;;;;
b_mourinhao;Mourinhao;;;;;;;;;;;;;
b_mourinhao_adj;Mourinhao;;;;;;;;;;;;;
b_mourinhao_desc;Mourinhao;;;;;;;;;;;;;
b_mourinhao2;Mourinhao2;;;;;;;;;;;;;
b_mourinhao2_adj;Mourinhao2;;;;;;;;;;;;;
b_mourinhao2_desc;Mourinhao2;;;;;;;;;;;;;
benedita;Benedita;;;;;;;;;;;;;
benedita_adj;Benedita;;;;;;;;;;;;;
benedita_desc;Benedita;;;;;;;;;;;;;
c_benedita;Benedita;;;;;;;;;;;;;
c_benedita_adj;Benedita;;;;;;;;;;;;;
c_benedita_desc;Benedita;;;;;;;;;;;;;
PROV217;Benedita;;;;;;;;;;;;;
PROV217_adj;Benedita;;;;;;;;;;;;;
PROV217_desc;Benedita;;;;;;;;;;;;;
b_benedita;Benedita;;;;;;;;;;;;;
b_benedita_adj;Benedita;;;;;;;;;;;;;
b_benedita_desc;Benedita;;;;;;;;;;;;;
b_benedita2;Benedita2;;;;;;;;;;;;;
b_benedita2_adj;Benedita2;;;;;;;;;;;;;
b_benedita2_desc;Benedita2;;;;;;;;;;;;;
north_rivel;North Rivel;;;;;;;;;;;;;
north_rivel_adj;North Rivel;;;;;;;;;;;;;
north_rivel_desc;North Rivel;;;;;;;;;;;;;
k_north_rivel;North Rivel;;;;;;;;;;;;;
k_north_rivel_adj;North Rivel;;;;;;;;;;;;;
k_north_rivel_desc;North Rivel;;;;;;;;;;;;;
alerna;Alerna;;;;;;;;;;;;;
alerna_adj;Alerna;;;;;;;;;;;;;
alerna_desc;Alerna;;;;;;;;;;;;;
d_alerna;Alerna;;;;;;;;;;;;;
d_alerna_adj;Alerna;;;;;;;;;;;;;
d_alerna_desc;Alerna;;;;;;;;;;;;;
la_rosa;La Rosa;;;;;;;;;;;;;
la_rosa_adj;La Rosa;;;;;;;;;;;;;
la_rosa_desc;La Rosa;;;;;;;;;;;;;
c_la_rosa;La Rosa;;;;;;;;;;;;;
c_la_rosa_adj;La Rosa;;;;;;;;;;;;;
c_la_rosa_desc;La Rosa;;;;;;;;;;;;;
PROV218;La Rosa;;;;;;;;;;;;;
PROV218_adj;La Rosa;;;;;;;;;;;;;
PROV218_desc;La Rosa;;;;;;;;;;;;;
b_la_rosa;La Rosa;;;;;;;;;;;;;
b_la_rosa_adj;La Rosa;;;;;;;;;;;;;
b_la_rosa_desc;La Rosa;;;;;;;;;;;;;
b_la_rosa2;La Rosa2;;;;;;;;;;;;;
b_la_rosa2_adj;La Rosa2;;;;;;;;;;;;;
b_la_rosa2_desc;La Rosa2;;;;;;;;;;;;;
teseje;Teseje;;;;;;;;;;;;;
teseje_adj;Teseje;;;;;;;;;;;;;
teseje_desc;Teseje;;;;;;;;;;;;;
c_teseje;Teseje;;;;;;;;;;;;;
c_teseje_adj;Teseje;;;;;;;;;;;;;
c_teseje_desc;Teseje;;;;;;;;;;;;;
PROV219;Teseje;;;;;;;;;;;;;
PROV219_adj;Teseje;;;;;;;;;;;;;
PROV219_desc;Teseje;;;;;;;;;;;;;
b_teseje;Teseje;;;;;;;;;;;;;
b_teseje_adj;Teseje;;;;;;;;;;;;;
b_teseje_desc;Teseje;;;;;;;;;;;;;
b_teseje2;Teseje2;;;;;;;;;;;;;
b_teseje2_adj;Teseje2;;;;;;;;;;;;;
b_teseje2_desc;Teseje2;;;;;;;;;;;;;
tasartio;Tasartio;;;;;;;;;;;;;
tasartio_adj;Tasartio;;;;;;;;;;;;;
tasartio_desc;Tasartio;;;;;;;;;;;;;
c_tasartio;Tasartio;;;;;;;;;;;;;
c_tasartio_adj;Tasartio;;;;;;;;;;;;;
c_tasartio_desc;Tasartio;;;;;;;;;;;;;
PROV220;Tasartio;;;;;;;;;;;;;
PROV220_adj;Tasartio;;;;;;;;;;;;;
PROV220_desc;Tasartio;;;;;;;;;;;;;
b_tasartio;Tasartio;;;;;;;;;;;;;
b_tasartio_adj;Tasartio;;;;;;;;;;;;;
b_tasartio_desc;Tasartio;;;;;;;;;;;;;
b_tasartio2;Tasartio2;;;;;;;;;;;;;
b_tasartio2_adj;Tasartio2;;;;;;;;;;;;;
b_tasartio2_desc;Tasartio2;;;;;;;;;;;;;
calista;Calista;;;;;;;;;;;;;
calista_adj;Calista;;;;;;;;;;;;;
calista_desc;Calista;;;;;;;;;;;;;
d_calista;Calista;;;;;;;;;;;;;
d_calista_adj;Calista;;;;;;;;;;;;;
d_calista_desc;Calista;;;;;;;;;;;;;
funchal;Funchal;;;;;;;;;;;;;
funchal_adj;Funchal;;;;;;;;;;;;;
funchal_desc;Funchal;;;;;;;;;;;;;
c_funchal;Funchal;;;;;;;;;;;;;
c_funchal_adj;Funchal;;;;;;;;;;;;;
c_funchal_desc;Funchal;;;;;;;;;;;;;
PROV221;Funchal;;;;;;;;;;;;;
PROV221_adj;Funchal;;;;;;;;;;;;;
PROV221_desc;Funchal;;;;;;;;;;;;;
b_funchal;Funchal;;;;;;;;;;;;;
b_funchal_adj;Funchal;;;;;;;;;;;;;
b_funchal_desc;Funchal;;;;;;;;;;;;;
b_funchal2;Funchal2;;;;;;;;;;;;;
b_funchal2_adj;Funchal2;;;;;;;;;;;;;
b_funchal2_desc;Funchal2;;;;;;;;;;;;;
ferreira_an;Ferreira An;;;;;;;;;;;;;
ferreira_an_adj;Ferreira An;;;;;;;;;;;;;
ferreira_an_desc;Ferreira An;;;;;;;;;;;;;
c_ferreira_an;Ferreira An;;;;;;;;;;;;;
c_ferreira_an_adj;Ferreira An;;;;;;;;;;;;;
c_ferreira_an_desc;Ferreira An;;;;;;;;;;;;;
PROV222;Ferreira An;;;;;;;;;;;;;
PROV222_adj;Ferreira An;;;;;;;;;;;;;
PROV222_desc;Ferreira An;;;;;;;;;;;;;
b_ferreira_an;Ferreira An;;;;;;;;;;;;;
b_ferreira_an_adj;Ferreira An;;;;;;;;;;;;;
b_ferreira_an_desc;Ferreira An;;;;;;;;;;;;;
b_ferreira_an2;Ferreira An2;;;;;;;;;;;;;
b_ferreira_an2_adj;Ferreira An2;;;;;;;;;;;;;
b_ferreira_an2_desc;Ferreira An2;;;;;;;;;;;;;
cajarzes;Cajarzes;;;;;;;;;;;;;
cajarzes_adj;Cajarzes;;;;;;;;;;;;;
cajarzes_desc;Cajarzes;;;;;;;;;;;;;
c_cajarzes;Cajarzes;;;;;;;;;;;;;
c_cajarzes_adj;Cajarzes;;;;;;;;;;;;;
c_cajarzes_desc;Cajarzes;;;;;;;;;;;;;
PROV223;Cajarzes;;;;;;;;;;;;;
PROV223_adj;Cajarzes;;;;;;;;;;;;;
PROV223_desc;Cajarzes;;;;;;;;;;;;;
b_cajarzes;Cajarzes;;;;;;;;;;;;;
b_cajarzes_adj;Cajarzes;;;;;;;;;;;;;
b_cajarzes_desc;Cajarzes;;;;;;;;;;;;;
b_cajarzes2;Cajarzes2;;;;;;;;;;;;;
b_cajarzes2_adj;Cajarzes2;;;;;;;;;;;;;
b_cajarzes2_desc;Cajarzes2;;;;;;;;;;;;;
ferresta;Ferresta;;;;;;;;;;;;;
ferresta_adj;Ferresta;;;;;;;;;;;;;
ferresta_desc;Ferresta;;;;;;;;;;;;;
d_ferresta;Ferresta;;;;;;;;;;;;;
d_ferresta_adj;Ferresta;;;;;;;;;;;;;
d_ferresta_desc;Ferresta;;;;;;;;;;;;;
mazzalora;Mazzalora;;;;;;;;;;;;;
mazzalora_adj;Mazzalora;;;;;;;;;;;;;
mazzalora_desc;Mazzalora;;;;;;;;;;;;;
c_mazzalora;Mazzalora;;;;;;;;;;;;;
c_mazzalora_adj;Mazzalora;;;;;;;;;;;;;
c_mazzalora_desc;Mazzalora;;;;;;;;;;;;;
PROV224;Mazzalora;;;;;;;;;;;;;
PROV224_adj;Mazzalora;;;;;;;;;;;;;
PROV224_desc;Mazzalora;;;;;;;;;;;;;
b_mazzalora;Mazzalora;;;;;;;;;;;;;
b_mazzalora_adj;Mazzalora;;;;;;;;;;;;;
b_mazzalora_desc;Mazzalora;;;;;;;;;;;;;
b_mazzalora2;Mazzalora2;;;;;;;;;;;;;
b_mazzalora2_adj;Mazzalora2;;;;;;;;;;;;;
b_mazzalora2_desc;Mazzalora2;;;;;;;;;;;;;
azes;Azes;;;;;;;;;;;;;
azes_adj;Azes;;;;;;;;;;;;;
azes_desc;Azes;;;;;;;;;;;;;
c_azes;Azes;;;;;;;;;;;;;
c_azes_adj;Azes;;;;;;;;;;;;;
c_azes_desc;Azes;;;;;;;;;;;;;
PROV225;Azes;;;;;;;;;;;;;
PROV225_adj;Azes;;;;;;;;;;;;;
PROV225_desc;Azes;;;;;;;;;;;;;
b_azes;Azes;;;;;;;;;;;;;
b_azes_adj;Azes;;;;;;;;;;;;;
b_azes_desc;Azes;;;;;;;;;;;;;
b_azes2;Azes2;;;;;;;;;;;;;
b_azes2_adj;Azes2;;;;;;;;;;;;;
b_azes2_desc;Azes2;;;;;;;;;;;;;
sollarna;Sollarna;;;;;;;;;;;;;
sollarna_adj;Sollarna;;;;;;;;;;;;;
sollarna_desc;Sollarna;;;;;;;;;;;;;
d_sollarna;Sollarna;;;;;;;;;;;;;
d_sollarna_adj;Sollarna;;;;;;;;;;;;;
d_sollarna_desc;Sollarna;;;;;;;;;;;;;
maspalomas;Maspalomas;;;;;;;;;;;;;
maspalomas_adj;Maspalomas;;;;;;;;;;;;;
maspalomas_desc;Maspalomas;;;;;;;;;;;;;
c_maspalomas;Maspalomas;;;;;;;;;;;;;
c_maspalomas_adj;Maspalomas;;;;;;;;;;;;;
c_maspalomas_desc;Maspalomas;;;;;;;;;;;;;
PROV226;Maspalomas;;;;;;;;;;;;;
PROV226_adj;Maspalomas;;;;;;;;;;;;;
PROV226_desc;Maspalomas;;;;;;;;;;;;;
b_maspalomas;Maspalomas;;;;;;;;;;;;;
b_maspalomas_adj;Maspalomas;;;;;;;;;;;;;
b_maspalomas_desc;Maspalomas;;;;;;;;;;;;;
b_maspalomas2;Maspalomas2;;;;;;;;;;;;;
b_maspalomas2_adj;Maspalomas2;;;;;;;;;;;;;
b_maspalomas2_desc;Maspalomas2;;;;;;;;;;;;;
las_palmas;Las Palmas;;;;;;;;;;;;;
las_palmas_adj;Las Palmas;;;;;;;;;;;;;
las_palmas_desc;Las Palmas;;;;;;;;;;;;;
c_las_palmas;Las Palmas;;;;;;;;;;;;;
c_las_palmas_adj;Las Palmas;;;;;;;;;;;;;
c_las_palmas_desc;Las Palmas;;;;;;;;;;;;;
PROV227;Las Palmas;;;;;;;;;;;;;
PROV227_adj;Las Palmas;;;;;;;;;;;;;
PROV227_desc;Las Palmas;;;;;;;;;;;;;
b_las_palmas;Las Palmas;;;;;;;;;;;;;
b_las_palmas_adj;Las Palmas;;;;;;;;;;;;;
b_las_palmas_desc;Las Palmas;;;;;;;;;;;;;
b_las_palmas2;Las Palmas2;;;;;;;;;;;;;
b_las_palmas2_adj;Las Palmas2;;;;;;;;;;;;;
b_las_palmas2_desc;Las Palmas2;;;;;;;;;;;;;
la_paradill;La Paradill;;;;;;;;;;;;;
la_paradill_adj;La Paradill;;;;;;;;;;;;;
la_paradill_desc;La Paradill;;;;;;;;;;;;;
c_la_paradill;La Paradill;;;;;;;;;;;;;
c_la_paradill_adj;La Paradill;;;;;;;;;;;;;
c_la_paradill_desc;La Paradill;;;;;;;;;;;;;
PROV228;La Paradill;;;;;;;;;;;;;
PROV228_adj;La Paradill;;;;;;;;;;;;;
PROV228_desc;La Paradill;;;;;;;;;;;;;
b_la_paradill;La Paradill;;;;;;;;;;;;;
b_la_paradill_adj;La Paradill;;;;;;;;;;;;;
b_la_paradill_desc;La Paradill;;;;;;;;;;;;;
b_la_paradill2;La Paradill2;;;;;;;;;;;;;
b_la_paradill2_adj;La Paradill2;;;;;;;;;;;;;
b_la_paradill2_desc;La Paradill2;;;;;;;;;;;;;
south_rivel;South Rivel;;;;;;;;;;;;;
south_rivel_adj;South Rivel;;;;;;;;;;;;;
south_rivel_desc;South Rivel;;;;;;;;;;;;;
k_south_rivel;South Rivel;;;;;;;;;;;;;
k_south_rivel_adj;South Rivel;;;;;;;;;;;;;
k_south_rivel_desc;South Rivel;;;;;;;;;;;;;
cozaal;Cozaal;;;;;;;;;;;;;
cozaal_adj;Cozaal;;;;;;;;;;;;;
cozaal_desc;Cozaal;;;;;;;;;;;;;
d_cozaal;Cozaal;;;;;;;;;;;;;
d_cozaal_adj;Cozaal;;;;;;;;;;;;;
d_cozaal_desc;Cozaal;;;;;;;;;;;;;
mezaal_isle;Mezaal Isle;;;;;;;;;;;;;
mezaal_isle_adj;Mezaal Isle;;;;;;;;;;;;;
mezaal_isle_desc;Mezaal Isle;;;;;;;;;;;;;
c_mezaal_isle;Mezaal Isle;;;;;;;;;;;;;
c_mezaal_isle_adj;Mezaal Isle;;;;;;;;;;;;;
c_mezaal_isle_desc;Mezaal Isle;;;;;;;;;;;;;
PROV229;Mezaal Isle;;;;;;;;;;;;;
PROV229_adj;Mezaal Isle;;;;;;;;;;;;;
PROV229_desc;Mezaal Isle;;;;;;;;;;;;;
b_mezaal_isle;Mezaal Isle;;;;;;;;;;;;;
b_mezaal_isle_adj;Mezaal Isle;;;;;;;;;;;;;
b_mezaal_isle_desc;Mezaal Isle;;;;;;;;;;;;;
b_mezaal_isle2;Mezaal Isle2;;;;;;;;;;;;;
b_mezaal_isle2_adj;Mezaal Isle2;;;;;;;;;;;;;
b_mezaal_isle2_desc;Mezaal Isle2;;;;;;;;;;;;;
ipsul;Ipsul;;;;;;;;;;;;;
ipsul_adj;Ipsul;;;;;;;;;;;;;
ipsul_desc;Ipsul;;;;;;;;;;;;;
c_ipsul;Ipsul;;;;;;;;;;;;;
c_ipsul_adj;Ipsul;;;;;;;;;;;;;
c_ipsul_desc;Ipsul;;;;;;;;;;;;;
PROV230;Ipsul;;;;;;;;;;;;;
PROV230_adj;Ipsul;;;;;;;;;;;;;
PROV230_desc;Ipsul;;;;;;;;;;;;;
b_ipsul;Ipsul;;;;;;;;;;;;;
b_ipsul_adj;Ipsul;;;;;;;;;;;;;
b_ipsul_desc;Ipsul;;;;;;;;;;;;;
b_ipsul2;Ipsul2;;;;;;;;;;;;;
b_ipsul2_adj;Ipsul2;;;;;;;;;;;;;
b_ipsul2_desc;Ipsul2;;;;;;;;;;;;;
porte_plais;Porte Plais;;;;;;;;;;;;;
porte_plais_adj;Porte Plais;;;;;;;;;;;;;
porte_plais_desc;Porte Plais;;;;;;;;;;;;;
c_porte_plais;Porte Plais;;;;;;;;;;;;;
c_porte_plais_adj;Porte Plais;;;;;;;;;;;;;
c_porte_plais_desc;Porte Plais;;;;;;;;;;;;;
PROV231;Porte Plais;;;;;;;;;;;;;
PROV231_adj;Porte Plais;;;;;;;;;;;;;
PROV231_desc;Porte Plais;;;;;;;;;;;;;
b_porte_plais;Porte Plais;;;;;;;;;;;;;
b_porte_plais_adj;Porte Plais;;;;;;;;;;;;;
b_porte_plais_desc;Porte Plais;;;;;;;;;;;;;
b_porte_plais2;Porte Plais2;;;;;;;;;;;;;
b_porte_plais2_adj;Porte Plais2;;;;;;;;;;;;;
b_porte_plais2_desc;Porte Plais2;;;;;;;;;;;;;
cozaal_isle;Cozaal Isle;;;;;;;;;;;;;
cozaal_isle_adj;Cozaal Isle;;;;;;;;;;;;;
cozaal_isle_desc;Cozaal Isle;;;;;;;;;;;;;
c_cozaal_isle;Cozaal Isle;;;;;;;;;;;;;
c_cozaal_isle_adj;Cozaal Isle;;;;;;;;;;;;;
c_cozaal_isle_desc;Cozaal Isle;;;;;;;;;;;;;
PROV232;Cozaal Isle;;;;;;;;;;;;;
PROV232_adj;Cozaal Isle;;;;;;;;;;;;;
PROV232_desc;Cozaal Isle;;;;;;;;;;;;;
b_cozaal_isle;Cozaal Isle;;;;;;;;;;;;;
b_cozaal_isle_adj;Cozaal Isle;;;;;;;;;;;;;
b_cozaal_isle_desc;Cozaal Isle;;;;;;;;;;;;;
b_cozaal_isle2;Cozaal Isle2;;;;;;;;;;;;;
b_cozaal_isle2_adj;Cozaal Isle2;;;;;;;;;;;;;
b_cozaal_isle2_desc;Cozaal Isle2;;;;;;;;;;;;;
matarrac;Matarrac;;;;;;;;;;;;;
matarrac_adj;Matarrac;;;;;;;;;;;;;
matarrac_desc;Matarrac;;;;;;;;;;;;;
d_matarrac;Matarrac;;;;;;;;;;;;;
d_matarrac_adj;Matarrac;;;;;;;;;;;;;
d_matarrac_desc;Matarrac;;;;;;;;;;;;;
flores_isle;Flores Isle;;;;;;;;;;;;;
flores_isle_adj;Flores Isle;;;;;;;;;;;;;
flores_isle_desc;Flores Isle;;;;;;;;;;;;;
c_flores_isle;Flores Isle;;;;;;;;;;;;;
c_flores_isle_adj;Flores Isle;;;;;;;;;;;;;
c_flores_isle_desc;Flores Isle;;;;;;;;;;;;;
PROV233;Flores Isle;;;;;;;;;;;;;
PROV233_adj;Flores Isle;;;;;;;;;;;;;
PROV233_desc;Flores Isle;;;;;;;;;;;;;
b_flores_isle;Flores Isle;;;;;;;;;;;;;
b_flores_isle_adj;Flores Isle;;;;;;;;;;;;;
b_flores_isle_desc;Flores Isle;;;;;;;;;;;;;
b_flores_isle2;Flores Isle2;;;;;;;;;;;;;
b_flores_isle2_adj;Flores Isle2;;;;;;;;;;;;;
b_flores_isle2_desc;Flores Isle2;;;;;;;;;;;;;
puerto_asta;Puerto Asta;;;;;;;;;;;;;
puerto_asta_adj;Puerto Asta;;;;;;;;;;;;;
puerto_asta_desc;Puerto Asta;;;;;;;;;;;;;
c_puerto_asta;Puerto Asta;;;;;;;;;;;;;
c_puerto_asta_adj;Puerto Asta;;;;;;;;;;;;;
c_puerto_asta_desc;Puerto Asta;;;;;;;;;;;;;
PROV234;Puerto Asta;;;;;;;;;;;;;
PROV234_adj;Puerto Asta;;;;;;;;;;;;;
PROV234_desc;Puerto Asta;;;;;;;;;;;;;
b_puerto_asta;Puerto Asta;;;;;;;;;;;;;
b_puerto_asta_adj;Puerto Asta;;;;;;;;;;;;;
b_puerto_asta_desc;Puerto Asta;;;;;;;;;;;;;
b_puerto_asta2;Puerto Asta2;;;;;;;;;;;;;
b_puerto_asta2_adj;Puerto Asta2;;;;;;;;;;;;;
b_puerto_asta2_desc;Puerto Asta2;;;;;;;;;;;;;
sornara;Sornara;;;;;;;;;;;;;
sornara_adj;Sornara;;;;;;;;;;;;;
sornara_desc;Sornara;;;;;;;;;;;;;
d_sornara;Sornara;;;;;;;;;;;;;
d_sornara_adj;Sornara;;;;;;;;;;;;;
d_sornara_desc;Sornara;;;;;;;;;;;;;
islas_mujen;Islas Mujen;;;;;;;;;;;;;
islas_mujen_adj;Islas Mujen;;;;;;;;;;;;;
islas_mujen_desc;Islas Mujen;;;;;;;;;;;;;
c_islas_mujen;Islas Mujen;;;;;;;;;;;;;
c_islas_mujen_adj;Islas Mujen;;;;;;;;;;;;;
c_islas_mujen_desc;Islas Mujen;;;;;;;;;;;;;
PROV235;Islas Mujen;;;;;;;;;;;;;
PROV235_adj;Islas Mujen;;;;;;;;;;;;;
PROV235_desc;Islas Mujen;;;;;;;;;;;;;
b_islas_mujen;Islas Mujen;;;;;;;;;;;;;
b_islas_mujen_adj;Islas Mujen;;;;;;;;;;;;;
b_islas_mujen_desc;Islas Mujen;;;;;;;;;;;;;
b_islas_mujen2;Islas Mujen2;;;;;;;;;;;;;
b_islas_mujen2_adj;Islas Mujen2;;;;;;;;;;;;;
b_islas_mujen2_desc;Islas Mujen2;;;;;;;;;;;;;
gallovia;Gallovia;;;;;;;;;;;;;
gallovia_adj;Gallovia;;;;;;;;;;;;;
gallovia_desc;Gallovia;;;;;;;;;;;;;
e_gallovia;Gallovia;;;;;;;;;;;;;
e_gallovia_adj;Gallovia;;;;;;;;;;;;;
e_gallovia_desc;Gallovia;;;;;;;;;;;;;
balraith;Balraith;;;;;;;;;;;;;
balraith_adj;Balraith;;;;;;;;;;;;;
balraith_desc;Balraith;;;;;;;;;;;;;
k_balraith;Talahm Gall;;;;;;;;;;;;;
k_balraith_adj;Talahm;;;;;;;;;;;;;
k_balraith_desc;Talahm Gall;;;;;;;;;;;;;
bencruar;Bencruar;;;;;;;;;;;;;
bencruar_adj;Bencruar;;;;;;;;;;;;;
bencruar_desc;Bencruar;;;;;;;;;;;;;
d_bencruar;Bencruar;;;;;;;;;;;;;
d_bencruar_adj;Bencruar;;;;;;;;;;;;;
d_bencruar_desc;Bencruar;;;;;;;;;;;;;
cupermill;Cupermill;;;;;;;;;;;;;
cupermill_adj;Cupermill;;;;;;;;;;;;;
cupermill_desc;Cupermill;;;;;;;;;;;;;
c_cupermill;Cupermill;;;;;;;;;;;;;
c_cupermill_adj;Cupermill;;;;;;;;;;;;;
c_cupermill_desc;Cupermill;;;;;;;;;;;;;
PROV236;Cupermill;;;;;;;;;;;;;
PROV236_adj;Cupermill;;;;;;;;;;;;;
PROV236_desc;Cupermill;;;;;;;;;;;;;
b_cupermill;Cupermill;;;;;;;;;;;;;
b_cupermill_adj;Cupermill;;;;;;;;;;;;;
b_cupermill_desc;Cupermill;;;;;;;;;;;;;
b_cupermill2;Cupermill2;;;;;;;;;;;;;
b_cupermill2_adj;Cupermill2;;;;;;;;;;;;;
b_cupermill2_desc;Cupermill2;;;;;;;;;;;;;
meigle;Meigle;;;;;;;;;;;;;
meigle_adj;Meigle;;;;;;;;;;;;;
meigle_desc;Meigle;;;;;;;;;;;;;
c_meigle;Meigle;;;;;;;;;;;;;
c_meigle_adj;Meigle;;;;;;;;;;;;;
c_meigle_desc;Meigle;;;;;;;;;;;;;
PROV237;Meigle;;;;;;;;;;;;;
PROV237_adj;Meigle;;;;;;;;;;;;;
PROV237_desc;Meigle;;;;;;;;;;;;;
b_meigle;Meigle;;;;;;;;;;;;;
b_meigle_adj;Meigle;;;;;;;;;;;;;
b_meigle_desc;Meigle;;;;;;;;;;;;;
b_meigle2;Meigle2;;;;;;;;;;;;;
b_meigle2_adj;Meigle2;;;;;;;;;;;;;
b_meigle2_desc;Meigle2;;;;;;;;;;;;;
creach;Creach;;;;;;;;;;;;;
creach_adj;Creach;;;;;;;;;;;;;
creach_desc;Creach;;;;;;;;;;;;;
c_creach;Creach;;;;;;;;;;;;;
c_creach_adj;Creach;;;;;;;;;;;;;
c_creach_desc;Creach;;;;;;;;;;;;;
PROV238;Creach;;;;;;;;;;;;;
PROV238_adj;Creach;;;;;;;;;;;;;
PROV238_desc;Creach;;;;;;;;;;;;;
b_creach;Creach;;;;;;;;;;;;;
b_creach_adj;Creach;;;;;;;;;;;;;
b_creach_desc;Creach;;;;;;;;;;;;;
b_creach2;Creach2;;;;;;;;;;;;;
b_creach2_adj;Creach2;;;;;;;;;;;;;
b_creach2_desc;Creach2;;;;;;;;;;;;;
cullavie;Cullavie;;;;;;;;;;;;;
cullavie_adj;Cullavie;;;;;;;;;;;;;
cullavie_desc;Cullavie;;;;;;;;;;;;;
d_cullavie;Cullavie;;;;;;;;;;;;;
d_cullavie_adj;Cullavie;;;;;;;;;;;;;
d_cullavie_desc;Cullavie;;;;;;;;;;;;;
talham;Talham;;;;;;;;;;;;;
talham_adj;Talham;;;;;;;;;;;;;
talham_desc;Talham;;;;;;;;;;;;;
c_talham;Talham;;;;;;;;;;;;;
c_talham_adj;Talham;;;;;;;;;;;;;
c_talham_desc;Talham;;;;;;;;;;;;;
PROV239;Talham;;;;;;;;;;;;;
PROV239_adj;Talham;;;;;;;;;;;;;
PROV239_desc;Talham;;;;;;;;;;;;;
b_talham;Talham;;;;;;;;;;;;;
b_talham_adj;Talham;;;;;;;;;;;;;
b_talham_desc;Talham;;;;;;;;;;;;;
b_talham2;Talham2;;;;;;;;;;;;;
b_talham2_adj;Talham2;;;;;;;;;;;;;
b_talham2_desc;Talham2;;;;;;;;;;;;;
glassey;Glassey;;;;;;;;;;;;;
glassey_adj;Glassey;;;;;;;;;;;;;
glassey_desc;Glassey;;;;;;;;;;;;;
c_glassey;Glassey;;;;;;;;;;;;;
c_glassey_adj;Glassey;;;;;;;;;;;;;
c_glassey_desc;Glassey;;;;;;;;;;;;;
PROV240;Glassey;;;;;;;;;;;;;
PROV240_adj;Glassey;;;;;;;;;;;;;
PROV240_desc;Glassey;;;;;;;;;;;;;
b_glassey;Glassey;;;;;;;;;;;;;
b_glassey_adj;Glassey;;;;;;;;;;;;;
b_glassey_desc;Glassey;;;;;;;;;;;;;
b_glassey2;Glassey2;;;;;;;;;;;;;
b_glassey2_adj;Glassey2;;;;;;;;;;;;;
b_glassey2_desc;Glassey2;;;;;;;;;;;;;
eunach;Eunach;;;;;;;;;;;;;
eunach_adj;Eunach;;;;;;;;;;;;;
eunach_desc;Eunach;;;;;;;;;;;;;
c_eunach;Eunach;;;;;;;;;;;;;
c_eunach_adj;Eunach;;;;;;;;;;;;;
c_eunach_desc;Eunach;;;;;;;;;;;;;
PROV241;Eunach;;;;;;;;;;;;;
PROV241_adj;Eunach;;;;;;;;;;;;;
PROV241_desc;Eunach;;;;;;;;;;;;;
b_eunach;Eunach;;;;;;;;;;;;;
b_eunach_adj;Eunach;;;;;;;;;;;;;
b_eunach_desc;Eunach;;;;;;;;;;;;;
b_eunach2;Eunach2;;;;;;;;;;;;;
b_eunach2_adj;Eunach2;;;;;;;;;;;;;
b_eunach2_desc;Eunach2;;;;;;;;;;;;;
perlmig;Perlmig;;;;;;;;;;;;;
perlmig_adj;Perlmig;;;;;;;;;;;;;
perlmig_desc;Perlmig;;;;;;;;;;;;;
c_perlmig;Perlmig;;;;;;;;;;;;;
c_perlmig_adj;Perlmig;;;;;;;;;;;;;
c_perlmig_desc;Perlmig;;;;;;;;;;;;;
PROV242;Perlmig;;;;;;;;;;;;;
PROV242_adj;Perlmig;;;;;;;;;;;;;
PROV242_desc;Perlmig;;;;;;;;;;;;;
b_perlmig;Perlmig;;;;;;;;;;;;;
b_perlmig_adj;Perlmig;;;;;;;;;;;;;
b_perlmig_desc;Perlmig;;;;;;;;;;;;;
b_perlmig2;Perlmig2;;;;;;;;;;;;;
b_perlmig2_adj;Perlmig2;;;;;;;;;;;;;
b_perlmig2_desc;Perlmig2;;;;;;;;;;;;;
bredei;Bredei;;;;;;;;;;;;;
bredei_adj;Bredei;;;;;;;;;;;;;
bredei_desc;Bredei;;;;;;;;;;;;;
c_bredei;Bredei;;;;;;;;;;;;;
c_bredei_adj;Bredei;;;;;;;;;;;;;
c_bredei_desc;Bredei;;;;;;;;;;;;;
PROV243;Bredei;;;;;;;;;;;;;
PROV243_adj;Bredei;;;;;;;;;;;;;
PROV243_desc;Bredei;;;;;;;;;;;;;
b_bredei;Bredei;;;;;;;;;;;;;
b_bredei_adj;Bredei;;;;;;;;;;;;;
b_bredei_desc;Bredei;;;;;;;;;;;;;
b_bredei2;Bredei2;;;;;;;;;;;;;
b_bredei2_adj;Bredei2;;;;;;;;;;;;;
b_bredei2_desc;Bredei2;;;;;;;;;;;;;
glenvarrick;Glenvarrick;;;;;;;;;;;;;
glenvarrick_adj;Glenvarrick;;;;;;;;;;;;;
glenvarrick_desc;Glenvarrick;;;;;;;;;;;;;
d_glenvarrick;Glenvarrick;;;;;;;;;;;;;
d_glenvarrick_adj;Glenvarrick;;;;;;;;;;;;;
d_glenvarrick_desc;Glenvarrick;;;;;;;;;;;;;
ingedurst;Ingedurst;;;;;;;;;;;;;
ingedurst_adj;Ingedurst;;;;;;;;;;;;;
ingedurst_desc;Ingedurst;;;;;;;;;;;;;
c_ingedurst;Ingedurst;;;;;;;;;;;;;
c_ingedurst_adj;Ingedurst;;;;;;;;;;;;;
c_ingedurst_desc;Ingedurst;;;;;;;;;;;;;
PROV244;Ingedurst;;;;;;;;;;;;;
PROV244_adj;Ingedurst;;;;;;;;;;;;;
PROV244_desc;Ingedurst;;;;;;;;;;;;;
b_ingedurst;Ingedurst;;;;;;;;;;;;;
b_ingedurst_adj;Ingedurst;;;;;;;;;;;;;
b_ingedurst_desc;Ingedurst;;;;;;;;;;;;;
b_ingedurst2;Ingedurst2;;;;;;;;;;;;;
b_ingedurst2_adj;Ingedurst2;;;;;;;;;;;;;
b_ingedurst2_desc;Ingedurst2;;;;;;;;;;;;;
westwynd;Westwynd;;;;;;;;;;;;;
westwynd_adj;Westwynd;;;;;;;;;;;;;
westwynd_desc;Westwynd;;;;;;;;;;;;;
c_westwynd;Westwynd;;;;;;;;;;;;;
c_westwynd_adj;Westwynd;;;;;;;;;;;;;
c_westwynd_desc;Westwynd;;;;;;;;;;;;;
PROV245;Westwynd;;;;;;;;;;;;;
PROV245_adj;Westwynd;;;;;;;;;;;;;
PROV245_desc;Westwynd;;;;;;;;;;;;;
b_westwynd;Westwynd;;;;;;;;;;;;;
b_westwynd_adj;Westwynd;;;;;;;;;;;;;
b_westwynd_desc;Westwynd;;;;;;;;;;;;;
b_westwynd2;Westwynd2;;;;;;;;;;;;;
b_westwynd2_adj;Westwynd2;;;;;;;;;;;;;
b_westwynd2_desc;Westwynd2;;;;;;;;;;;;;
muntcopse;Muntcopse;;;;;;;;;;;;;
muntcopse_adj;Muntcopse;;;;;;;;;;;;;
muntcopse_desc;Muntcopse;;;;;;;;;;;;;
c_muntcopse;Muntcopse;;;;;;;;;;;;;
c_muntcopse_adj;Muntcopse;;;;;;;;;;;;;
c_muntcopse_desc;Muntcopse;;;;;;;;;;;;;
PROV246;Muntcopse;;;;;;;;;;;;;
PROV246_adj;Muntcopse;;;;;;;;;;;;;
PROV246_desc;Muntcopse;;;;;;;;;;;;;
b_muntcopse;Muntcopse;;;;;;;;;;;;;
b_muntcopse_adj;Muntcopse;;;;;;;;;;;;;
b_muntcopse_desc;Muntcopse;;;;;;;;;;;;;
b_muntcopse2;Muntcopse2;;;;;;;;;;;;;
b_muntcopse2_adj;Muntcopse2;;;;;;;;;;;;;
b_muntcopse2_desc;Muntcopse2;;;;;;;;;;;;;
landscopse;Landscopse;;;;;;;;;;;;;
landscopse_adj;Landscopse;;;;;;;;;;;;;
landscopse_desc;Landscopse;;;;;;;;;;;;;
c_landscopse;Landscopse;;;;;;;;;;;;;
c_landscopse_adj;Landscopse;;;;;;;;;;;;;
c_landscopse_desc;Landscopse;;;;;;;;;;;;;
PROV247;Landscopse;;;;;;;;;;;;;
PROV247_adj;Landscopse;;;;;;;;;;;;;
PROV247_desc;Landscopse;;;;;;;;;;;;;
b_landscopse;Landscopse;;;;;;;;;;;;;
b_landscopse_adj;Landscopse;;;;;;;;;;;;;
b_landscopse_desc;Landscopse;;;;;;;;;;;;;
b_landscopse2;Landscopse2;;;;;;;;;;;;;
b_landscopse2_adj;Landscopse2;;;;;;;;;;;;;
b_landscopse2_desc;Landscopse2;;;;;;;;;;;;;
ogham;Ogham;;;;;;;;;;;;;
ogham_adj;Ogham;;;;;;;;;;;;;
ogham_desc;Ogham;;;;;;;;;;;;;
c_ogham;Ogham;;;;;;;;;;;;;
c_ogham_adj;Ogham;;;;;;;;;;;;;
c_ogham_desc;Ogham;;;;;;;;;;;;;
PROV248;Ogham;;;;;;;;;;;;;
PROV248_adj;Ogham;;;;;;;;;;;;;
PROV248_desc;Ogham;;;;;;;;;;;;;
b_ogham;Ogham;;;;;;;;;;;;;
b_ogham_adj;Ogham;;;;;;;;;;;;;
b_ogham_desc;Ogham;;;;;;;;;;;;;
b_ogham2;Ogham2;;;;;;;;;;;;;
b_ogham2_adj;Ogham2;;;;;;;;;;;;;
b_ogham2_desc;Ogham2;;;;;;;;;;;;;
mareston;Mareston;;;;;;;;;;;;;
mareston_adj;Mareston;;;;;;;;;;;;;
mareston_desc;Mareston;;;;;;;;;;;;;
d_mareston;Mareston;;;;;;;;;;;;;
d_mareston_adj;Mareston;;;;;;;;;;;;;
d_mareston_desc;Mareston;;;;;;;;;;;;;
fintry;Fintry;;;;;;;;;;;;;
fintry_adj;Fintry;;;;;;;;;;;;;
fintry_desc;Fintry;;;;;;;;;;;;;
c_fintry;Fintry;;;;;;;;;;;;;
c_fintry_adj;Fintry;;;;;;;;;;;;;
c_fintry_desc;Fintry;;;;;;;;;;;;;
PROV249;Fintry;;;;;;;;;;;;;
PROV249_adj;Fintry;;;;;;;;;;;;;
PROV249_desc;Fintry;;;;;;;;;;;;;
b_fintry;Fintry;;;;;;;;;;;;;
b_fintry_adj;Fintry;;;;;;;;;;;;;
b_fintry_desc;Fintry;;;;;;;;;;;;;
b_fintry2;Fintry2;;;;;;;;;;;;;
b_fintry2_adj;Fintry2;;;;;;;;;;;;;
b_fintry2_desc;Fintry2;;;;;;;;;;;;;
tulliemet;Tulliemet;;;;;;;;;;;;;
tulliemet_adj;Tulliemet;;;;;;;;;;;;;
tulliemet_desc;Tulliemet;;;;;;;;;;;;;
c_tulliemet;Tulliemet;;;;;;;;;;;;;
c_tulliemet_adj;Tulliemet;;;;;;;;;;;;;
c_tulliemet_desc;Tulliemet;;;;;;;;;;;;;
PROV250;Tulliemet;;;;;;;;;;;;;
PROV250_adj;Tulliemet;;;;;;;;;;;;;
PROV250_desc;Tulliemet;;;;;;;;;;;;;
b_tulliemet;Tulliemet;;;;;;;;;;;;;
b_tulliemet_adj;Tulliemet;;;;;;;;;;;;;
b_tulliemet_desc;Tulliemet;;;;;;;;;;;;;
b_tulliemet2;Tulliemet2;;;;;;;;;;;;;
b_tulliemet2_adj;Tulliemet2;;;;;;;;;;;;;
b_tulliemet2_desc;Tulliemet2;;;;;;;;;;;;;
mageross;Mageross;;;;;;;;;;;;;
mageross_adj;Mageross;;;;;;;;;;;;;
mageross_desc;Mageross;;;;;;;;;;;;;
c_mageross;Mageross;;;;;;;;;;;;;
c_mageross_adj;Mageross;;;;;;;;;;;;;
c_mageross_desc;Mageross;;;;;;;;;;;;;
PROV251;Mageross;;;;;;;;;;;;;
PROV251_adj;Mageross;;;;;;;;;;;;;
PROV251_desc;Mageross;;;;;;;;;;;;;
b_mageross;Mageross;;;;;;;;;;;;;
b_mageross_adj;Mageross;;;;;;;;;;;;;
b_mageross_desc;Mageross;;;;;;;;;;;;;
b_mageross2;Mageross2;;;;;;;;;;;;;
b_mageross2_adj;Mageross2;;;;;;;;;;;;;
b_mageross2_desc;Mageross2;;;;;;;;;;;;;
bergheimr;Bergheimr;;;;;;;;;;;;;
bergheimr_adj;Bergheimr;;;;;;;;;;;;;
bergheimr_desc;Bergheimr;;;;;;;;;;;;;
k_bergheimr;Bergheimr;;;;;;;;;;;;;
k_bergheimr_adj;Bergheimr;;;;;;;;;;;;;
k_bergheimr_desc;Bergheimr;;;;;;;;;;;;;
gralund;Gralund;;;;;;;;;;;;;
gralund_adj;Gralund;;;;;;;;;;;;;
gralund_desc;Gralund;;;;;;;;;;;;;
d_gralund;Gralund;;;;;;;;;;;;;
d_gralund_adj;Gralund;;;;;;;;;;;;;
d_gralund_desc;Gralund;;;;;;;;;;;;;
tretor;Tretor;;;;;;;;;;;;;
tretor_adj;Tretor;;;;;;;;;;;;;
tretor_desc;Tretor;;;;;;;;;;;;;
c_tretor;Tretor;;;;;;;;;;;;;
c_tretor_adj;Tretor;;;;;;;;;;;;;
c_tretor_desc;Tretor;;;;;;;;;;;;;
PROV252;Tretor;;;;;;;;;;;;;
PROV252_adj;Tretor;;;;;;;;;;;;;
PROV252_desc;Tretor;;;;;;;;;;;;;
b_tretor;Tretor;;;;;;;;;;;;;
b_tretor_adj;Tretor;;;;;;;;;;;;;
b_tretor_desc;Tretor;;;;;;;;;;;;;
b_tretor2;Tretor2;;;;;;;;;;;;;
b_tretor2_adj;Tretor2;;;;;;;;;;;;;
b_tretor2_desc;Tretor2;;;;;;;;;;;;;
garelania;Garelania;;;;;;;;;;;;;
garelania_adj;Garelania;;;;;;;;;;;;;
garelania_desc;Garelania;;;;;;;;;;;;;
c_garelania;Garelania;;;;;;;;;;;;;
c_garelania_adj;Garelania;;;;;;;;;;;;;
c_garelania_desc;Garelania;;;;;;;;;;;;;
PROV253;Garelania;;;;;;;;;;;;;
PROV253_adj;Garelania;;;;;;;;;;;;;
PROV253_desc;Garelania;;;;;;;;;;;;;
b_garelania;Garelania;;;;;;;;;;;;;
b_garelania_adj;Garelania;;;;;;;;;;;;;
b_garelania_desc;Garelania;;;;;;;;;;;;;
b_garelania2;Garelania2;;;;;;;;;;;;;
b_garelania2_adj;Garelania2;;;;;;;;;;;;;
b_garelania2_desc;Garelania2;;;;;;;;;;;;;
sigetorn;Sigetorn;;;;;;;;;;;;;
sigetorn_adj;Sigetorn;;;;;;;;;;;;;
sigetorn_desc;Sigetorn;;;;;;;;;;;;;
c_sigetorn;Sigetorn;;;;;;;;;;;;;
c_sigetorn_adj;Sigetorn;;;;;;;;;;;;;
c_sigetorn_desc;Sigetorn;;;;;;;;;;;;;
PROV254;Sigetorn;;;;;;;;;;;;;
PROV254_adj;Sigetorn;;;;;;;;;;;;;
PROV254_desc;Sigetorn;;;;;;;;;;;;;
b_sigetorn;Sigetorn;;;;;;;;;;;;;
b_sigetorn_adj;Sigetorn;;;;;;;;;;;;;
b_sigetorn_desc;Sigetorn;;;;;;;;;;;;;
b_sigetorn2;Sigetorn2;;;;;;;;;;;;;
b_sigetorn2_adj;Sigetorn2;;;;;;;;;;;;;
b_sigetorn2_desc;Sigetorn2;;;;;;;;;;;;;
stenvar;Stenvar;;;;;;;;;;;;;
stenvar_adj;Stenvar;;;;;;;;;;;;;
stenvar_desc;Stenvar;;;;;;;;;;;;;
c_stenvar;Stenvar;;;;;;;;;;;;;
c_stenvar_adj;Stenvar;;;;;;;;;;;;;
c_stenvar_desc;Stenvar;;;;;;;;;;;;;
PROV255;Stenvar;;;;;;;;;;;;;
PROV255_adj;Stenvar;;;;;;;;;;;;;
PROV255_desc;Stenvar;;;;;;;;;;;;;
b_stenvar;Stenvar;;;;;;;;;;;;;
b_stenvar_adj;Stenvar;;;;;;;;;;;;;
b_stenvar_desc;Stenvar;;;;;;;;;;;;;
b_stenvar2;Stenvar2;;;;;;;;;;;;;
b_stenvar2_adj;Stenvar2;;;;;;;;;;;;;
b_stenvar2_desc;Stenvar2;;;;;;;;;;;;;
hirdal;Hirdal;;;;;;;;;;;;;
hirdal_adj;Hirdal;;;;;;;;;;;;;
hirdal_desc;Hirdal;;;;;;;;;;;;;
c_hirdal;Hirdal;;;;;;;;;;;;;
c_hirdal_adj;Hirdal;;;;;;;;;;;;;
c_hirdal_desc;Hirdal;;;;;;;;;;;;;
PROV256;Hirdal;;;;;;;;;;;;;
PROV256_adj;Hirdal;;;;;;;;;;;;;
PROV256_desc;Hirdal;;;;;;;;;;;;;
b_hirdal;Hirdal;;;;;;;;;;;;;
b_hirdal_adj;Hirdal;;;;;;;;;;;;;
b_hirdal_desc;Hirdal;;;;;;;;;;;;;
b_hirdal2;Hirdal2;;;;;;;;;;;;;
b_hirdal2_adj;Hirdal2;;;;;;;;;;;;;
b_hirdal2_desc;Hirdal2;;;;;;;;;;;;;
d_stenvar;Stenvar;;;;;;;;;;;;;
d_stenvar_adj;Stenvar;;;;;;;;;;;;;
d_stenvar_desc;Stenvar;;;;;;;;;;;;;
rundefjell;Rundefjell;;;;;;;;;;;;;
rundefjell_adj;Rundefjell;;;;;;;;;;;;;
rundefjell_desc;Rundefjell;;;;;;;;;;;;;
c_rundefjell;Rundefjell;;;;;;;;;;;;;
c_rundefjell_adj;Rundefjell;;;;;;;;;;;;;
c_rundefjell_desc;Rundefjell;;;;;;;;;;;;;
PROV257;Rundefjell;;;;;;;;;;;;;
PROV257_adj;Rundefjell;;;;;;;;;;;;;
PROV257_desc;Rundefjell;;;;;;;;;;;;;
b_rundefjell;Rundefjell;;;;;;;;;;;;;
b_rundefjell_adj;Rundefjell;;;;;;;;;;;;;
b_rundefjell_desc;Rundefjell;;;;;;;;;;;;;
b_rundefjell2;Rundefjell2;;;;;;;;;;;;;
b_rundefjell2_adj;Rundefjell2;;;;;;;;;;;;;
b_rundefjell2_desc;Rundefjell2;;;;;;;;;;;;;
alanfjell;Alanfjell;;;;;;;;;;;;;
alanfjell_adj;Alanfjell;;;;;;;;;;;;;
alanfjell_desc;Alanfjell;;;;;;;;;;;;;
c_alanfjell;Alanfjell;;;;;;;;;;;;;
c_alanfjell_adj;Alanfjell;;;;;;;;;;;;;
c_alanfjell_desc;Alanfjell;;;;;;;;;;;;;
PROV258;Alanfjell;;;;;;;;;;;;;
PROV258_adj;Alanfjell;;;;;;;;;;;;;
PROV258_desc;Alanfjell;;;;;;;;;;;;;
b_alanfjell;Alanfjell;;;;;;;;;;;;;
b_alanfjell_adj;Alanfjell;;;;;;;;;;;;;
b_alanfjell_desc;Alanfjell;;;;;;;;;;;;;
b_alanfjell2;Alanfjell2;;;;;;;;;;;;;
b_alanfjell2_adj;Alanfjell2;;;;;;;;;;;;;
b_alanfjell2_desc;Alanfjell2;;;;;;;;;;;;;
kyglenn;Kyglenn;;;;;;;;;;;;;
kyglenn_adj;Kyglenn;;;;;;;;;;;;;
kyglenn_desc;Kyglenn;;;;;;;;;;;;;
c_kyglenn;Kyglenn;;;;;;;;;;;;;
c_kyglenn_adj;Kyglenn;;;;;;;;;;;;;
c_kyglenn_desc;Kyglenn;;;;;;;;;;;;;
PROV259;Kyglenn;;;;;;;;;;;;;
PROV259_adj;Kyglenn;;;;;;;;;;;;;
PROV259_desc;Kyglenn;;;;;;;;;;;;;
b_kyglenn;Kyglenn;;;;;;;;;;;;;
b_kyglenn_adj;Kyglenn;;;;;;;;;;;;;
b_kyglenn_desc;Kyglenn;;;;;;;;;;;;;
b_kyglenn2;Kyglenn2;;;;;;;;;;;;;
b_kyglenn2_adj;Kyglenn2;;;;;;;;;;;;;
b_kyglenn2_desc;Kyglenn2;;;;;;;;;;;;;
rypefjell;Rypefjell;;;;;;;;;;;;;
rypefjell_adj;Rypefjell;;;;;;;;;;;;;
rypefjell_desc;Rypefjell;;;;;;;;;;;;;
c_rypefjell;Rypefjell;;;;;;;;;;;;;
c_rypefjell_adj;Rypefjell;;;;;;;;;;;;;
c_rypefjell_desc;Rypefjell;;;;;;;;;;;;;
PROV260;Rypefjell;;;;;;;;;;;;;
PROV260_adj;Rypefjell;;;;;;;;;;;;;
PROV260_desc;Rypefjell;;;;;;;;;;;;;
b_rypefjell;Rypefjell;;;;;;;;;;;;;
b_rypefjell_adj;Rypefjell;;;;;;;;;;;;;
b_rypefjell_desc;Rypefjell;;;;;;;;;;;;;
b_rypefjell2;Rypefjell2;;;;;;;;;;;;;
b_rypefjell2_adj;Rypefjell2;;;;;;;;;;;;;
b_rypefjell2_desc;Rypefjell2;;;;;;;;;;;;;
strondal;Strondal;;;;;;;;;;;;;
strondal_adj;Strondal;;;;;;;;;;;;;
strondal_desc;Strondal;;;;;;;;;;;;;
d_strondal;Strondal;;;;;;;;;;;;;
d_strondal_adj;Strondal;;;;;;;;;;;;;
d_strondal_desc;Strondal;;;;;;;;;;;;;
enetun;Enetun;;;;;;;;;;;;;
enetun_adj;Enetun;;;;;;;;;;;;;
enetun_desc;Enetun;;;;;;;;;;;;;
c_enetun;Enetun;;;;;;;;;;;;;
c_enetun_adj;Enetun;;;;;;;;;;;;;
c_enetun_desc;Enetun;;;;;;;;;;;;;
PROV261;Enetun;;;;;;;;;;;;;
PROV261_adj;Enetun;;;;;;;;;;;;;
PROV261_desc;Enetun;;;;;;;;;;;;;
b_enetun;Enetun;;;;;;;;;;;;;
b_enetun_adj;Enetun;;;;;;;;;;;;;
b_enetun_desc;Enetun;;;;;;;;;;;;;
b_enetun2;Enetun2;;;;;;;;;;;;;
b_enetun2_adj;Enetun2;;;;;;;;;;;;;
b_enetun2_desc;Enetun2;;;;;;;;;;;;;
torgar;Torgar;;;;;;;;;;;;;
torgar_adj;Torgar;;;;;;;;;;;;;
torgar_desc;Torgar;;;;;;;;;;;;;
d_torgar;Torgar;;;;;;;;;;;;;
d_torgar_adj;Torgar;;;;;;;;;;;;;
d_torgar_desc;Torgar;;;;;;;;;;;;;
ottaholm;Ottaholm;;;;;;;;;;;;;
ottaholm_adj;Ottaholm;;;;;;;;;;;;;
ottaholm_desc;Ottaholm;;;;;;;;;;;;;
c_ottaholm;Ottaholm;;;;;;;;;;;;;
c_ottaholm_adj;Ottaholm;;;;;;;;;;;;;
c_ottaholm_desc;Ottaholm;;;;;;;;;;;;;
PROV262;Ottaholm;;;;;;;;;;;;;
PROV262_adj;Ottaholm;;;;;;;;;;;;;
PROV262_desc;Ottaholm;;;;;;;;;;;;;
b_ottaholm;Ottaholm;;;;;;;;;;;;;
b_ottaholm_adj;Ottaholm;;;;;;;;;;;;;
b_ottaholm_desc;Ottaholm;;;;;;;;;;;;;
b_ottaholm2;Ottaholm2;;;;;;;;;;;;;
b_ottaholm2_adj;Ottaholm2;;;;;;;;;;;;;
b_ottaholm2_desc;Ottaholm2;;;;;;;;;;;;;
nest_olovhamm;Nest Olovhamm;;;;;;;;;;;;;
nest_olovhamm_adj;Nest Olovhamm;;;;;;;;;;;;;
nest_olovhamm_desc;Nest Olovhamm;;;;;;;;;;;;;
c_nest_olovhamm;Nest Olovhamm;;;;;;;;;;;;;
c_nest_olovhamm_adj;Nest Olovhamm;;;;;;;;;;;;;
c_nest_olovhamm_desc;Nest Olovhamm;;;;;;;;;;;;;
PROV263;Nest Olovhamm;;;;;;;;;;;;;
PROV263_adj;Nest Olovhamm;;;;;;;;;;;;;
PROV263_desc;Nest Olovhamm;;;;;;;;;;;;;
b_nest_olovhamm;Nest Olovhamm;;;;;;;;;;;;;
b_nest_olovhamm_adj;Nest Olovhamm;;;;;;;;;;;;;
b_nest_olovhamm_desc;Nest Olovhamm;;;;;;;;;;;;;
b_nest_olovhamm2;Nest Olovhamm2;;;;;;;;;;;;;
b_nest_olovhamm2_adj;Nest Olovhamm2;;;;;;;;;;;;;
b_nest_olovhamm2_desc;Nest Olovhamm2;;;;;;;;;;;;;
nest_grebor;Nest Grebor;;;;;;;;;;;;;
nest_grebor_adj;Nest Grebor;;;;;;;;;;;;;
nest_grebor_desc;Nest Grebor;;;;;;;;;;;;;
c_nest_grebor;Nest Grebor;;;;;;;;;;;;;
c_nest_grebor_adj;Nest Grebor;;;;;;;;;;;;;
c_nest_grebor_desc;Nest Grebor;;;;;;;;;;;;;
PROV264;Nest Grebor;;;;;;;;;;;;;
PROV264_adj;Nest Grebor;;;;;;;;;;;;;
PROV264_desc;Nest Grebor;;;;;;;;;;;;;
b_nest_grebor;Nest Grebor;;;;;;;;;;;;;
b_nest_grebor_adj;Nest Grebor;;;;;;;;;;;;;
b_nest_grebor_desc;Nest Grebor;;;;;;;;;;;;;
b_nest_grebor2;Nest Grebor2;;;;;;;;;;;;;
b_nest_grebor2_adj;Nest Grebor2;;;;;;;;;;;;;
b_nest_grebor2_desc;Nest Grebor2;;;;;;;;;;;;;
nest_aldruin;Nest Aldruin;;;;;;;;;;;;;
nest_aldruin_adj;Nest Aldruin;;;;;;;;;;;;;
nest_aldruin_desc;Nest Aldruin;;;;;;;;;;;;;
c_nest_aldruin;Nest Aldruin;;;;;;;;;;;;;
c_nest_aldruin_adj;Nest Aldruin;;;;;;;;;;;;;
c_nest_aldruin_desc;Nest Aldruin;;;;;;;;;;;;;
PROV265;Nest Aldruin;;;;;;;;;;;;;
PROV265_adj;Nest Aldruin;;;;;;;;;;;;;
PROV265_desc;Nest Aldruin;;;;;;;;;;;;;
b_nest_aldruin;Nest Aldruin;;;;;;;;;;;;;
b_nest_aldruin_adj;Nest Aldruin;;;;;;;;;;;;;
b_nest_aldruin_desc;Nest Aldruin;;;;;;;;;;;;;
b_nest_aldruin2;Nest Aldruin2;;;;;;;;;;;;;
b_nest_aldruin2_adj;Nest Aldruin2;;;;;;;;;;;;;
b_nest_aldruin2_desc;Nest Aldruin2;;;;;;;;;;;;;
nest_ruin;Nest Ruin;;;;;;;;;;;;;
nest_ruin_adj;Nest Ruin;;;;;;;;;;;;;
nest_ruin_desc;Nest Ruin;;;;;;;;;;;;;
c_nest_ruin;Nest Ruin;;;;;;;;;;;;;
c_nest_ruin_adj;Nest Ruin;;;;;;;;;;;;;
c_nest_ruin_desc;Nest Ruin;;;;;;;;;;;;;
PROV266;Nest Ruin;;;;;;;;;;;;;
PROV266_adj;Nest Ruin;;;;;;;;;;;;;
PROV266_desc;Nest Ruin;;;;;;;;;;;;;
b_nest_ruin;Nest Ruin;;;;;;;;;;;;;
b_nest_ruin_adj;Nest Ruin;;;;;;;;;;;;;
b_nest_ruin_desc;Nest Ruin;;;;;;;;;;;;;
b_nest_ruin2;Nest Ruin2;;;;;;;;;;;;;
b_nest_ruin2_adj;Nest Ruin2;;;;;;;;;;;;;
b_nest_ruin2_desc;Nest Ruin2;;;;;;;;;;;;;
beory;Beory;;;;;;;;;;;;;
beory_adj;Beory;;;;;;;;;;;;;
beory_desc;Beory;;;;;;;;;;;;;
c_beory;Beory;;;;;;;;;;;;;
c_beory_adj;Beory;;;;;;;;;;;;;
c_beory_desc;Beory;;;;;;;;;;;;;
PROV267;Beory;;;;;;;;;;;;;
PROV267_adj;Beory;;;;;;;;;;;;;
PROV267_desc;Beory;;;;;;;;;;;;;
b_beory;Beory;;;;;;;;;;;;;
b_beory_adj;Beory;;;;;;;;;;;;;
b_beory_desc;Beory;;;;;;;;;;;;;
b_beory2;Beory2;;;;;;;;;;;;;
b_beory2_adj;Beory2;;;;;;;;;;;;;
b_beory2_desc;Beory2;;;;;;;;;;;;;
elderthrone;Elderthrone;;;;;;;;;;;;;
elderthrone_adj;Elderthrone;;;;;;;;;;;;;
elderthrone_desc;Elderthrone;;;;;;;;;;;;;
k_elderthrone;Elderthrone;;;;;;;;;;;;;
k_elderthrone_adj;Elderthrone;;;;;;;;;;;;;
k_elderthrone_desc;Elderthrone;;;;;;;;;;;;;
eversden;Eversden;;;;;;;;;;;;;
eversden_adj;Eversden;;;;;;;;;;;;;
eversden_desc;Eversden;;;;;;;;;;;;;
d_eversden;Eversden;;;;;;;;;;;;;
d_eversden_adj;Eversden;;;;;;;;;;;;;
d_eversden_desc;Eversden;;;;;;;;;;;;;
coctenford;Coctenford;;;;;;;;;;;;;
coctenford_adj;Coctenford;;;;;;;;;;;;;
coctenford_desc;Coctenford;;;;;;;;;;;;;
c_coctenford;Coctenford;;;;;;;;;;;;;
c_coctenford_adj;Coctenford;;;;;;;;;;;;;
c_coctenford_desc;Coctenford;;;;;;;;;;;;;
PROV268;Coctenford;;;;;;;;;;;;;
PROV268_adj;Coctenford;;;;;;;;;;;;;
PROV268_desc;Coctenford;;;;;;;;;;;;;
b_coctenford;Coctenford;;;;;;;;;;;;;
b_coctenford_adj;Coctenford;;;;;;;;;;;;;
b_coctenford_desc;Coctenford;;;;;;;;;;;;;
b_coctenford2;Coctenford2;;;;;;;;;;;;;
b_coctenford2_adj;Coctenford2;;;;;;;;;;;;;
b_coctenford2_desc;Coctenford2;;;;;;;;;;;;;
asterisle;Asterisle;;;;;;;;;;;;;
asterisle_adj;Asterisle;;;;;;;;;;;;;
asterisle_desc;Asterisle;;;;;;;;;;;;;
c_asterisle;Asterisle;;;;;;;;;;;;;
c_asterisle_adj;Asterisle;;;;;;;;;;;;;
c_asterisle_desc;Asterisle;;;;;;;;;;;;;
PROV269;Asterisle;;;;;;;;;;;;;
PROV269_adj;Asterisle;;;;;;;;;;;;;
PROV269_desc;Asterisle;;;;;;;;;;;;;
b_asterisle;Asterisle;;;;;;;;;;;;;
b_asterisle_adj;Asterisle;;;;;;;;;;;;;
b_asterisle_desc;Asterisle;;;;;;;;;;;;;
b_asterisle2;Asterisle2;;;;;;;;;;;;;
b_asterisle2_adj;Asterisle2;;;;;;;;;;;;;
b_asterisle2_desc;Asterisle2;;;;;;;;;;;;;
withenworth;Withenworth;;;;;;;;;;;;;
withenworth_adj;Withenworth;;;;;;;;;;;;;
withenworth_desc;Withenworth;;;;;;;;;;;;;
c_withenworth;Withenworth;;;;;;;;;;;;;
c_withenworth_adj;Withenworth;;;;;;;;;;;;;
c_withenworth_desc;Withenworth;;;;;;;;;;;;;
PROV270;Withenworth;;;;;;;;;;;;;
PROV270_adj;Withenworth;;;;;;;;;;;;;
PROV270_desc;Withenworth;;;;;;;;;;;;;
b_withenworth;Withenworth;;;;;;;;;;;;;
b_withenworth_adj;Withenworth;;;;;;;;;;;;;
b_withenworth_desc;Withenworth;;;;;;;;;;;;;
b_withenworth2;Withenworth2;;;;;;;;;;;;;
b_withenworth2_adj;Withenworth2;;;;;;;;;;;;;
b_withenworth2_desc;Withenworth2;;;;;;;;;;;;;
greyfen;Greyfen;;;;;;;;;;;;;
greyfen_adj;Greyfen;;;;;;;;;;;;;
greyfen_desc;Greyfen;;;;;;;;;;;;;
d_greyfen;Greyfen;;;;;;;;;;;;;
d_greyfen_adj;Greyfen;;;;;;;;;;;;;
d_greyfen_desc;Greyfen;;;;;;;;;;;;;
circmor;Circmor;;;;;;;;;;;;;
circmor_adj;Circmor;;;;;;;;;;;;;
circmor_desc;Circmor;;;;;;;;;;;;;
c_circmor;Circmor;;;;;;;;;;;;;
c_circmor_adj;Circmor;;;;;;;;;;;;;
c_circmor_desc;Circmor;;;;;;;;;;;;;
PROV271;Circmor;;;;;;;;;;;;;
PROV271_adj;Circmor;;;;;;;;;;;;;
PROV271_desc;Circmor;;;;;;;;;;;;;
b_circmor;Circmor;;;;;;;;;;;;;
b_circmor_adj;Circmor;;;;;;;;;;;;;
b_circmor_desc;Circmor;;;;;;;;;;;;;
b_circmor2;Circmor2;;;;;;;;;;;;;
b_circmor2_adj;Circmor2;;;;;;;;;;;;;
b_circmor2_desc;Circmor2;;;;;;;;;;;;;
pithesburn;Pithesburn;;;;;;;;;;;;;
pithesburn_adj;Pithesburn;;;;;;;;;;;;;
pithesburn_desc;Pithesburn;;;;;;;;;;;;;
c_pithesburn;Pithesburn;;;;;;;;;;;;;
c_pithesburn_adj;Pithesburn;;;;;;;;;;;;;
c_pithesburn_desc;Pithesburn;;;;;;;;;;;;;
PROV272;Pithesburn;;;;;;;;;;;;;
PROV272_adj;Pithesburn;;;;;;;;;;;;;
PROV272_desc;Pithesburn;;;;;;;;;;;;;
b_pithesburn;Pithesburn;;;;;;;;;;;;;
b_pithesburn_adj;Pithesburn;;;;;;;;;;;;;
b_pithesburn_desc;Pithesburn;;;;;;;;;;;;;
b_pithesburn2;Pithesburn2;;;;;;;;;;;;;
b_pithesburn2_adj;Pithesburn2;;;;;;;;;;;;;
b_pithesburn2_desc;Pithesburn2;;;;;;;;;;;;;
codwulf;Codwulf;;;;;;;;;;;;;
codwulf_adj;Codwulf;;;;;;;;;;;;;
codwulf_desc;Codwulf;;;;;;;;;;;;;
c_codwulf;Codwulf;;;;;;;;;;;;;
c_codwulf_adj;Codwulf;;;;;;;;;;;;;
c_codwulf_desc;Codwulf;;;;;;;;;;;;;
PROV273;Codwulf;;;;;;;;;;;;;
PROV273_adj;Codwulf;;;;;;;;;;;;;
PROV273_desc;Codwulf;;;;;;;;;;;;;
b_codwulf;Codwulf;;;;;;;;;;;;;
b_codwulf_adj;Codwulf;;;;;;;;;;;;;
b_codwulf_desc;Codwulf;;;;;;;;;;;;;
b_codwulf2;Codwulf2;;;;;;;;;;;;;
b_codwulf2_adj;Codwulf2;;;;;;;;;;;;;
b_codwulf2_desc;Codwulf2;;;;;;;;;;;;;
pikesbourne;Pikesbourne;;;;;;;;;;;;;
pikesbourne_adj;Pikesbourne;;;;;;;;;;;;;
pikesbourne_desc;Pikesbourne;;;;;;;;;;;;;
c_pikesbourne;Pikesbourne;;;;;;;;;;;;;
c_pikesbourne_adj;Pikesbourne;;;;;;;;;;;;;
c_pikesbourne_desc;Pikesbourne;;;;;;;;;;;;;
PROV274;Pikesbourne;;;;;;;;;;;;;
PROV274_adj;Pikesbourne;;;;;;;;;;;;;
PROV274_desc;Pikesbourne;;;;;;;;;;;;;
b_pikesbourne;Pikesbourne;;;;;;;;;;;;;
b_pikesbourne_adj;Pikesbourne;;;;;;;;;;;;;
b_pikesbourne_desc;Pikesbourne;;;;;;;;;;;;;
b_pikesbourne2;Pikesbourne2;;;;;;;;;;;;;
b_pikesbourne2_adj;Pikesbourne2;;;;;;;;;;;;;
b_pikesbourne2_desc;Pikesbourne2;;;;;;;;;;;;;
harpsden;Harpsden;;;;;;;;;;;;;
harpsden_adj;Harpsden;;;;;;;;;;;;;
harpsden_desc;Harpsden;;;;;;;;;;;;;
d_harpsden;Harpsden;;;;;;;;;;;;;
d_harpsden_adj;Harpsden;;;;;;;;;;;;;
d_harpsden_desc;Harpsden;;;;;;;;;;;;;
hindeswade;Hindeswade;;;;;;;;;;;;;
hindeswade_adj;Hindeswade;;;;;;;;;;;;;
hindeswade_desc;Hindeswade;;;;;;;;;;;;;
c_hindeswade;Hindeswade;;;;;;;;;;;;;
c_hindeswade_adj;Hindeswade;;;;;;;;;;;;;
c_hindeswade_desc;Hindeswade;;;;;;;;;;;;;
PROV275;Hindeswade;;;;;;;;;;;;;
PROV275_adj;Hindeswade;;;;;;;;;;;;;
PROV275_desc;Hindeswade;;;;;;;;;;;;;
b_hindeswade;Hindeswade;;;;;;;;;;;;;
b_hindeswade_adj;Hindeswade;;;;;;;;;;;;;
b_hindeswade_desc;Hindeswade;;;;;;;;;;;;;
b_hindeswade2;Hindeswade2;;;;;;;;;;;;;
b_hindeswade2_adj;Hindeswade2;;;;;;;;;;;;;
b_hindeswade2_desc;Hindeswade2;;;;;;;;;;;;;
garelan;Garelan;;;;;;;;;;;;;
garelan_adj;Garelan;;;;;;;;;;;;;
garelan_desc;Garelan;;;;;;;;;;;;;
c_garelan;Garelan;;;;;;;;;;;;;
c_garelan_adj;Garelan;;;;;;;;;;;;;
c_garelan_desc;Garelan;;;;;;;;;;;;;
PROV276;Garelan;;;;;;;;;;;;;
PROV276_adj;Garelan;;;;;;;;;;;;;
PROV276_desc;Garelan;;;;;;;;;;;;;
b_garelan;Garelan;;;;;;;;;;;;;
b_garelan_adj;Garelan;;;;;;;;;;;;;
b_garelan_desc;Garelan;;;;;;;;;;;;;
b_garelan2;Garelan2;;;;;;;;;;;;;
b_garelan2_adj;Garelan2;;;;;;;;;;;;;
b_garelan2_desc;Garelan2;;;;;;;;;;;;;
yaxleyliede;Yaxleyliede;;;;;;;;;;;;;
yaxleyliede_adj;Yaxleyliede;;;;;;;;;;;;;
yaxleyliede_desc;Yaxleyliede;;;;;;;;;;;;;
c_yaxleyliede;Yaxleyliede;;;;;;;;;;;;;
c_yaxleyliede_adj;Yaxleyliede;;;;;;;;;;;;;
c_yaxleyliede_desc;Yaxleyliede;;;;;;;;;;;;;
PROV277;Yaxleyliede;;;;;;;;;;;;;
PROV277_adj;Yaxleyliede;;;;;;;;;;;;;
PROV277_desc;Yaxleyliede;;;;;;;;;;;;;
b_yaxleyliede;Yaxleyliede;;;;;;;;;;;;;
b_yaxleyliede_adj;Yaxleyliede;;;;;;;;;;;;;
b_yaxleyliede_desc;Yaxleyliede;;;;;;;;;;;;;
b_yaxleyliede2;Yaxleyliede2;;;;;;;;;;;;;
b_yaxleyliede2_adj;Yaxleyliede2;;;;;;;;;;;;;
b_yaxleyliede2_desc;Yaxleyliede2;;;;;;;;;;;;;
corkwell;Corkwell;;;;;;;;;;;;;
corkwell_adj;Corkwell;;;;;;;;;;;;;
corkwell_desc;Corkwell;;;;;;;;;;;;;
c_corkwell;Corkwell;;;;;;;;;;;;;
c_corkwell_adj;Corkwell;;;;;;;;;;;;;
c_corkwell_desc;Corkwell;;;;;;;;;;;;;
PROV278;Corkwell;;;;;;;;;;;;;
PROV278_adj;Corkwell;;;;;;;;;;;;;
PROV278_desc;Corkwell;;;;;;;;;;;;;
b_corkwell;Corkwell;;;;;;;;;;;;;
b_corkwell_adj;Corkwell;;;;;;;;;;;;;
b_corkwell_desc;Corkwell;;;;;;;;;;;;;
b_corkwell2;Corkwell2;;;;;;;;;;;;;
b_corkwell2_adj;Corkwell2;;;;;;;;;;;;;
b_corkwell2_desc;Corkwell2;;;;;;;;;;;;;
oldmere;Oldmere;;;;;;;;;;;;;
oldmere_adj;Oldmere;;;;;;;;;;;;;
oldmere_desc;Oldmere;;;;;;;;;;;;;
d_oldmere;Oldmere;;;;;;;;;;;;;
d_oldmere_adj;Oldmere;;;;;;;;;;;;;
d_oldmere_desc;Oldmere;;;;;;;;;;;;;
fosclif;Fosclif;;;;;;;;;;;;;
fosclif_adj;Fosclif;;;;;;;;;;;;;
fosclif_desc;Fosclif;;;;;;;;;;;;;
c_fosclif;Fosclif;;;;;;;;;;;;;
c_fosclif_adj;Fosclif;;;;;;;;;;;;;
c_fosclif_desc;Fosclif;;;;;;;;;;;;;
PROV279;Fosclif;;;;;;;;;;;;;
PROV279_adj;Fosclif;;;;;;;;;;;;;
PROV279_desc;Fosclif;;;;;;;;;;;;;
b_fosclif;Fosclif;;;;;;;;;;;;;
b_fosclif_adj;Fosclif;;;;;;;;;;;;;
b_fosclif_desc;Fosclif;;;;;;;;;;;;;
b_fosclif2;Fosclif2;;;;;;;;;;;;;
b_fosclif2_adj;Fosclif2;;;;;;;;;;;;;
b_fosclif2_desc;Fosclif2;;;;;;;;;;;;;
beewall;Beewall;;;;;;;;;;;;;
beewall_adj;Beewall;;;;;;;;;;;;;
beewall_desc;Beewall;;;;;;;;;;;;;
c_beewall;Beewall;;;;;;;;;;;;;
c_beewall_adj;Beewall;;;;;;;;;;;;;
c_beewall_desc;Beewall;;;;;;;;;;;;;
PROV280;Beewall;;;;;;;;;;;;;
PROV280_adj;Beewall;;;;;;;;;;;;;
PROV280_desc;Beewall;;;;;;;;;;;;;
b_beewall;Beewall;;;;;;;;;;;;;
b_beewall_adj;Beewall;;;;;;;;;;;;;
b_beewall_desc;Beewall;;;;;;;;;;;;;
b_beewall2;Beewall2;;;;;;;;;;;;;
b_beewall2_adj;Beewall2;;;;;;;;;;;;;
b_beewall2_desc;Beewall2;;;;;;;;;;;;;
deorlinghlaw;Deorlinghlaw;;;;;;;;;;;;;
deorlinghlaw_adj;Deorlinghlaw;;;;;;;;;;;;;
deorlinghlaw_desc;Deorlinghlaw;;;;;;;;;;;;;
c_deorlinghlaw;Deorlinghlaw;;;;;;;;;;;;;
c_deorlinghlaw_adj;Deorlinghlaw;;;;;;;;;;;;;
c_deorlinghlaw_desc;Deorlinghlaw;;;;;;;;;;;;;
PROV281;Deorlinghlaw;;;;;;;;;;;;;
PROV281_adj;Deorlinghlaw;;;;;;;;;;;;;
PROV281_desc;Deorlinghlaw;;;;;;;;;;;;;
b_deorlinghlaw;Deorlinghlaw;;;;;;;;;;;;;
b_deorlinghlaw_adj;Deorlinghlaw;;;;;;;;;;;;;
b_deorlinghlaw_desc;Deorlinghlaw;;;;;;;;;;;;;
b_deorlinghlaw2;Deorlinghlaw2;;;;;;;;;;;;;
b_deorlinghlaw2_adj;Deorlinghlaw2;;;;;;;;;;;;;
b_deorlinghlaw2_desc;Deorlinghlaw2;;;;;;;;;;;;;
wollonswode;Wollonswode;;;;;;;;;;;;;
wollonswode_adj;Wollonswode;;;;;;;;;;;;;
wollonswode_desc;Wollonswode;;;;;;;;;;;;;
c_wollonswode;Wollonswode;;;;;;;;;;;;;
c_wollonswode_adj;Wollonswode;;;;;;;;;;;;;
c_wollonswode_desc;Wollonswode;;;;;;;;;;;;;
PROV282;Wollonswode;;;;;;;;;;;;;
PROV282_adj;Wollonswode;;;;;;;;;;;;;
PROV282_desc;Wollonswode;;;;;;;;;;;;;
b_wollonswode;Wollonswode;;;;;;;;;;;;;
b_wollonswode_adj;Wollonswode;;;;;;;;;;;;;
b_wollonswode_desc;Wollonswode;;;;;;;;;;;;;
b_wollonswode2;Wollonswode2;;;;;;;;;;;;;
b_wollonswode2_adj;Wollonswode2;;;;;;;;;;;;;
b_wollonswode2_desc;Wollonswode2;;;;;;;;;;;;;
morvaine;Morvaine;;;;;;;;;;;;;
morvaine_adj;Morvaine;;;;;;;;;;;;;
morvaine_desc;Morvaine;;;;;;;;;;;;;
k_morvaine;Morvaine;;;;;;;;;;;;;
k_morvaine_adj;Morvaine;;;;;;;;;;;;;
k_morvaine_desc;Morvaine;;;;;;;;;;;;;
braeholm;Braeholm;;;;;;;;;;;;;
braeholm_adj;Braeholm;;;;;;;;;;;;;
braeholm_desc;Braeholm;;;;;;;;;;;;;
d_braeholm;Braeholm;;;;;;;;;;;;;
d_braeholm_adj;Braeholm;;;;;;;;;;;;;
d_braeholm_desc;Braeholm;;;;;;;;;;;;;
oxenclif;Oxenclif;;;;;;;;;;;;;
oxenclif_adj;Oxenclif;;;;;;;;;;;;;
oxenclif_desc;Oxenclif;;;;;;;;;;;;;
c_oxenclif;Oxenclif;;;;;;;;;;;;;
c_oxenclif_adj;Oxenclif;;;;;;;;;;;;;
c_oxenclif_desc;Oxenclif;;;;;;;;;;;;;
PROV283;Oxenclif;;;;;;;;;;;;;
PROV283_adj;Oxenclif;;;;;;;;;;;;;
PROV283_desc;Oxenclif;;;;;;;;;;;;;
b_oxenclif;Oxenclif;;;;;;;;;;;;;
b_oxenclif_adj;Oxenclif;;;;;;;;;;;;;
b_oxenclif_desc;Oxenclif;;;;;;;;;;;;;
b_oxenclif2;Oxenclif2;;;;;;;;;;;;;
b_oxenclif2_adj;Oxenclif2;;;;;;;;;;;;;
b_oxenclif2_desc;Oxenclif2;;;;;;;;;;;;;
witangarth;Witangarth;;;;;;;;;;;;;
witangarth_adj;Witangarth;;;;;;;;;;;;;
witangarth_desc;Witangarth;;;;;;;;;;;;;
c_witangarth;Witangarth;;;;;;;;;;;;;
c_witangarth_adj;Witangarth;;;;;;;;;;;;;
c_witangarth_desc;Witangarth;;;;;;;;;;;;;
PROV284;Witangarth;;;;;;;;;;;;;
PROV284_adj;Witangarth;;;;;;;;;;;;;
PROV284_desc;Witangarth;;;;;;;;;;;;;
b_witangarth;Witangarth;;;;;;;;;;;;;
b_witangarth_adj;Witangarth;;;;;;;;;;;;;
b_witangarth_desc;Witangarth;;;;;;;;;;;;;
b_witangarth2;Witangarth2;;;;;;;;;;;;;
b_witangarth2_adj;Witangarth2;;;;;;;;;;;;;
b_witangarth2_desc;Witangarth2;;;;;;;;;;;;;
brigclif;Brigclif;;;;;;;;;;;;;
brigclif_adj;Brigclif;;;;;;;;;;;;;
brigclif_desc;Brigclif;;;;;;;;;;;;;
c_brigclif;Brigclif;;;;;;;;;;;;;
c_brigclif_adj;Brigclif;;;;;;;;;;;;;
c_brigclif_desc;Brigclif;;;;;;;;;;;;;
PROV285;Brigclif;;;;;;;;;;;;;
PROV285_adj;Brigclif;;;;;;;;;;;;;
PROV285_desc;Brigclif;;;;;;;;;;;;;
b_brigclif;Brigclif;;;;;;;;;;;;;
b_brigclif_adj;Brigclif;;;;;;;;;;;;;
b_brigclif_desc;Brigclif;;;;;;;;;;;;;
b_brigclif2;Brigclif2;;;;;;;;;;;;;
b_brigclif2_adj;Brigclif2;;;;;;;;;;;;;
b_brigclif2_desc;Brigclif2;;;;;;;;;;;;;
bollum;Bollum;;;;;;;;;;;;;
bollum_adj;Bollum;;;;;;;;;;;;;
bollum_desc;Bollum;;;;;;;;;;;;;
c_bollum;Bollum;;;;;;;;;;;;;
c_bollum_adj;Bollum;;;;;;;;;;;;;
c_bollum_desc;Bollum;;;;;;;;;;;;;
PROV286;Bollum;;;;;;;;;;;;;
PROV286_adj;Bollum;;;;;;;;;;;;;
PROV286_desc;Bollum;;;;;;;;;;;;;
b_bollum;Bollum;;;;;;;;;;;;;
b_bollum_adj;Bollum;;;;;;;;;;;;;
b_bollum_desc;Bollum;;;;;;;;;;;;;
b_bollum2;Bollum2;;;;;;;;;;;;;
b_bollum2_adj;Bollum2;;;;;;;;;;;;;
b_bollum2_desc;Bollum2;;;;;;;;;;;;;
blebsen;Blebsen;;;;;;;;;;;;;
blebsen_adj;Blebsen;;;;;;;;;;;;;
blebsen_desc;Blebsen;;;;;;;;;;;;;
c_blebsen;Blebsen;;;;;;;;;;;;;
c_blebsen_adj;Blebsen;;;;;;;;;;;;;
c_blebsen_desc;Blebsen;;;;;;;;;;;;;
PROV287;Blebsen;;;;;;;;;;;;;
PROV287_adj;Blebsen;;;;;;;;;;;;;
PROV287_desc;Blebsen;;;;;;;;;;;;;
b_blebsen;Blebsen;;;;;;;;;;;;;
b_blebsen_adj;Blebsen;;;;;;;;;;;;;
b_blebsen_desc;Blebsen;;;;;;;;;;;;;
b_blebsen2;Blebsen2;;;;;;;;;;;;;
b_blebsen2_adj;Blebsen2;;;;;;;;;;;;;
b_blebsen2_desc;Blebsen2;;;;;;;;;;;;;
sallfarm;Sallfarm;;;;;;;;;;;;;
sallfarm_adj;Sallfarm;;;;;;;;;;;;;
sallfarm_desc;Sallfarm;;;;;;;;;;;;;
c_sallfarm;Sallfarm;;;;;;;;;;;;;
c_sallfarm_adj;Sallfarm;;;;;;;;;;;;;
c_sallfarm_desc;Sallfarm;;;;;;;;;;;;;
PROV288;Sallfarm;;;;;;;;;;;;;
PROV288_adj;Sallfarm;;;;;;;;;;;;;
PROV288_desc;Sallfarm;;;;;;;;;;;;;
b_sallfarm;Sallfarm;;;;;;;;;;;;;
b_sallfarm_adj;Sallfarm;;;;;;;;;;;;;
b_sallfarm_desc;Sallfarm;;;;;;;;;;;;;
b_sallfarm2;Sallfarm2;;;;;;;;;;;;;
b_sallfarm2_adj;Sallfarm2;;;;;;;;;;;;;
b_sallfarm2_desc;Sallfarm2;;;;;;;;;;;;;
dunleith;Dunleith;;;;;;;;;;;;;
dunleith_adj;Dunleith;;;;;;;;;;;;;
dunleith_desc;Dunleith;;;;;;;;;;;;;
d_dunleith;Dunleith;;;;;;;;;;;;;
d_dunleith_adj;Dunleith;;;;;;;;;;;;;
d_dunleith_desc;Dunleith;;;;;;;;;;;;;
ceorsholt;Ceorsholt;;;;;;;;;;;;;
ceorsholt_adj;Ceorsholt;;;;;;;;;;;;;
ceorsholt_desc;Ceorsholt;;;;;;;;;;;;;
c_ceorsholt;Ceorsholt;;;;;;;;;;;;;
c_ceorsholt_adj;Ceorsholt;;;;;;;;;;;;;
c_ceorsholt_desc;Ceorsholt;;;;;;;;;;;;;
PROV289;Ceorsholt;;;;;;;;;;;;;
PROV289_adj;Ceorsholt;;;;;;;;;;;;;
PROV289_desc;Ceorsholt;;;;;;;;;;;;;
b_ceorsholt;Ceorsholt;;;;;;;;;;;;;
b_ceorsholt_adj;Ceorsholt;;;;;;;;;;;;;
b_ceorsholt_desc;Ceorsholt;;;;;;;;;;;;;
b_ceorsholt2;Ceorsholt2;;;;;;;;;;;;;
b_ceorsholt2_adj;Ceorsholt2;;;;;;;;;;;;;
b_ceorsholt2_desc;Ceorsholt2;;;;;;;;;;;;;
pacsilden;Pacsilden;;;;;;;;;;;;;
pacsilden_adj;Pacsilden;;;;;;;;;;;;;
pacsilden_desc;Pacsilden;;;;;;;;;;;;;
c_pacsilden;Pacsilden;;;;;;;;;;;;;
c_pacsilden_adj;Pacsilden;;;;;;;;;;;;;
c_pacsilden_desc;Pacsilden;;;;;;;;;;;;;
PROV290;Pacsilden;;;;;;;;;;;;;
PROV290_adj;Pacsilden;;;;;;;;;;;;;
PROV290_desc;Pacsilden;;;;;;;;;;;;;
b_pacsilden;Pacsilden;;;;;;;;;;;;;
b_pacsilden_adj;Pacsilden;;;;;;;;;;;;;
b_pacsilden_desc;Pacsilden;;;;;;;;;;;;;
b_pacsilden2;Pacsilden2;;;;;;;;;;;;;
b_pacsilden2_adj;Pacsilden2;;;;;;;;;;;;;
b_pacsilden2_desc;Pacsilden2;;;;;;;;;;;;;
lydnburh;Lydnburh;;;;;;;;;;;;;
lydnburh_adj;Lydnburh;;;;;;;;;;;;;
lydnburh_desc;Lydnburh;;;;;;;;;;;;;
c_lydnburh;Lydnburh;;;;;;;;;;;;;
c_lydnburh_adj;Lydnburh;;;;;;;;;;;;;
c_lydnburh_desc;Lydnburh;;;;;;;;;;;;;
PROV291;Lydnburh;;;;;;;;;;;;;
PROV291_adj;Lydnburh;;;;;;;;;;;;;
PROV291_desc;Lydnburh;;;;;;;;;;;;;
b_lydnburh;Lydnburh;;;;;;;;;;;;;
b_lydnburh_adj;Lydnburh;;;;;;;;;;;;;
b_lydnburh_desc;Lydnburh;;;;;;;;;;;;;
b_lydnburh2;Lydnburh2;;;;;;;;;;;;;
b_lydnburh2_adj;Lydnburh2;;;;;;;;;;;;;
b_lydnburh2_desc;Lydnburh2;;;;;;;;;;;;;
cherscol;Cherscol;;;;;;;;;;;;;
cherscol_adj;Cherscol;;;;;;;;;;;;;
cherscol_desc;Cherscol;;;;;;;;;;;;;
c_cherscol;Cherscol;;;;;;;;;;;;;
c_cherscol_adj;Cherscol;;;;;;;;;;;;;
c_cherscol_desc;Cherscol;;;;;;;;;;;;;
PROV292;Cherscol;;;;;;;;;;;;;
PROV292_adj;Cherscol;;;;;;;;;;;;;
PROV292_desc;Cherscol;;;;;;;;;;;;;
b_cherscol;Cherscol;;;;;;;;;;;;;
b_cherscol_adj;Cherscol;;;;;;;;;;;;;
b_cherscol_desc;Cherscol;;;;;;;;;;;;;
b_cherscol2;Cherscol2;;;;;;;;;;;;;
b_cherscol2_adj;Cherscol2;;;;;;;;;;;;;
b_cherscol2_desc;Cherscol2;;;;;;;;;;;;;
oxenburh;Oxenburh;;;;;;;;;;;;;
oxenburh_adj;Oxenburh;;;;;;;;;;;;;
oxenburh_desc;Oxenburh;;;;;;;;;;;;;
c_oxenburh;Oxenburh;;;;;;;;;;;;;
c_oxenburh_adj;Oxenburh;;;;;;;;;;;;;
c_oxenburh_desc;Oxenburh;;;;;;;;;;;;;
PROV293;Oxenburh;;;;;;;;;;;;;
PROV293_adj;Oxenburh;;;;;;;;;;;;;
PROV293_desc;Oxenburh;;;;;;;;;;;;;
b_oxenburh;Oxenburh;;;;;;;;;;;;;
b_oxenburh_adj;Oxenburh;;;;;;;;;;;;;
b_oxenburh_desc;Oxenburh;;;;;;;;;;;;;
b_oxenburh2;Oxenburh2;;;;;;;;;;;;;
b_oxenburh2_adj;Oxenburh2;;;;;;;;;;;;;
b_oxenburh2_desc;Oxenburh2;;;;;;;;;;;;;
lairdholm;Lairdholm;;;;;;;;;;;;;
lairdholm_adj;Lairdholm;;;;;;;;;;;;;
lairdholm_desc;Lairdholm;;;;;;;;;;;;;
d_lairdholm;Lairdholm;;;;;;;;;;;;;
d_lairdholm_adj;Lairdholm;;;;;;;;;;;;;
d_lairdholm_desc;Lairdholm;;;;;;;;;;;;;
midwude;Midwude;;;;;;;;;;;;;
midwude_adj;Midwude;;;;;;;;;;;;;
midwude_desc;Midwude;;;;;;;;;;;;;
c_midwude;Midwude;;;;;;;;;;;;;
c_midwude_adj;Midwude;;;;;;;;;;;;;
c_midwude_desc;Midwude;;;;;;;;;;;;;
PROV294;Midwude;;;;;;;;;;;;;
PROV294_adj;Midwude;;;;;;;;;;;;;
PROV294_desc;Midwude;;;;;;;;;;;;;
b_midwude;Midwude;;;;;;;;;;;;;
b_midwude_adj;Midwude;;;;;;;;;;;;;
b_midwude_desc;Midwude;;;;;;;;;;;;;
b_midwude2;Midwude2;;;;;;;;;;;;;
b_midwude2_adj;Midwude2;;;;;;;;;;;;;
b_midwude2_desc;Midwude2;;;;;;;;;;;;;
swanlaw;Swanlaw;;;;;;;;;;;;;
swanlaw_adj;Swanlaw;;;;;;;;;;;;;
swanlaw_desc;Swanlaw;;;;;;;;;;;;;
c_swanlaw;Swanlaw;;;;;;;;;;;;;
c_swanlaw_adj;Swanlaw;;;;;;;;;;;;;
c_swanlaw_desc;Swanlaw;;;;;;;;;;;;;
PROV295;Swanlaw;;;;;;;;;;;;;
PROV295_adj;Swanlaw;;;;;;;;;;;;;
PROV295_desc;Swanlaw;;;;;;;;;;;;;
b_swanlaw;Swanlaw;;;;;;;;;;;;;
b_swanlaw_adj;Swanlaw;;;;;;;;;;;;;
b_swanlaw_desc;Swanlaw;;;;;;;;;;;;;
b_swanlaw2;Swanlaw2;;;;;;;;;;;;;
b_swanlaw2_adj;Swanlaw2;;;;;;;;;;;;;
b_swanlaw2_desc;Swanlaw2;;;;;;;;;;;;;
puntwudu;Puntwudu;;;;;;;;;;;;;
puntwudu_adj;Puntwudu;;;;;;;;;;;;;
puntwudu_desc;Puntwudu;;;;;;;;;;;;;
c_puntwudu;Puntwudu;;;;;;;;;;;;;
c_puntwudu_adj;Puntwudu;;;;;;;;;;;;;
c_puntwudu_desc;Puntwudu;;;;;;;;;;;;;
PROV296;Puntwudu;;;;;;;;;;;;;
PROV296_adj;Puntwudu;;;;;;;;;;;;;
PROV296_desc;Puntwudu;;;;;;;;;;;;;
b_puntwudu;Puntwudu;;;;;;;;;;;;;
b_puntwudu_adj;Puntwudu;;;;;;;;;;;;;
b_puntwudu_desc;Puntwudu;;;;;;;;;;;;;
b_puntwudu2;Puntwudu2;;;;;;;;;;;;;
b_puntwudu2_adj;Puntwudu2;;;;;;;;;;;;;
b_puntwudu2_desc;Puntwudu2;;;;;;;;;;;;;
stronlea;Stronlea;;;;;;;;;;;;;
stronlea_adj;Stronlea;;;;;;;;;;;;;
stronlea_desc;Stronlea;;;;;;;;;;;;;
d_stronlea;Stronlea;;;;;;;;;;;;;
d_stronlea_adj;Stronlea;;;;;;;;;;;;;
d_stronlea_desc;Stronlea;;;;;;;;;;;;;
pachnor;Pachnor;;;;;;;;;;;;;
pachnor_adj;Pachnor;;;;;;;;;;;;;
pachnor_desc;Pachnor;;;;;;;;;;;;;
c_pachnor;Pachnor;;;;;;;;;;;;;
c_pachnor_adj;Pachnor;;;;;;;;;;;;;
c_pachnor_desc;Pachnor;;;;;;;;;;;;;
PROV297;Pachnor;;;;;;;;;;;;;
PROV297_adj;Pachnor;;;;;;;;;;;;;
PROV297_desc;Pachnor;;;;;;;;;;;;;
b_pachnor;Pachnor;;;;;;;;;;;;;
b_pachnor_adj;Pachnor;;;;;;;;;;;;;
b_pachnor_desc;Pachnor;;;;;;;;;;;;;
b_pachnor2;Pachnor2;;;;;;;;;;;;;
b_pachnor2_adj;Pachnor2;;;;;;;;;;;;;
b_pachnor2_desc;Pachnor2;;;;;;;;;;;;;
slryde;Slryde;;;;;;;;;;;;;
slryde_adj;Slryde;;;;;;;;;;;;;
slryde_desc;Slryde;;;;;;;;;;;;;
c_slryde;Slryde;;;;;;;;;;;;;
c_slryde_adj;Slryde;;;;;;;;;;;;;
c_slryde_desc;Slryde;;;;;;;;;;;;;
PROV298;Slryde;;;;;;;;;;;;;
PROV298_adj;Slryde;;;;;;;;;;;;;
PROV298_desc;Slryde;;;;;;;;;;;;;
b_slryde;Slryde;;;;;;;;;;;;;
b_slryde_adj;Slryde;;;;;;;;;;;;;
b_slryde_desc;Slryde;;;;;;;;;;;;;
b_slryde2;Slryde2;;;;;;;;;;;;;
b_slryde2_adj;Slryde2;;;;;;;;;;;;;
b_slryde2_desc;Slryde2;;;;;;;;;;;;;
hacaria;Hacaria;;;;;;;;;;;;;
hacaria_adj;Hacaria;;;;;;;;;;;;;
hacaria_desc;Hacaria;;;;;;;;;;;;;
e_couronne;Couronne;;;;;;;;;;;;;
e_couronne_adj;Couronne;;;;;;;;;;;;;
e_couronne_desc;Couronne;;;;;;;;;;;;;
vila_raina;Vila Raina;;;;;;;;;;;;;
vila_raina_adj;Vila Raina;;;;;;;;;;;;;
vila_raina_desc;Vila Raina;;;;;;;;;;;;;
c_vila_raina;Vila Raina;;;;;;;;;;;;;
c_vila_raina_adj;Vila Raina;;;;;;;;;;;;;
c_vila_raina_desc;Vila Raina;;;;;;;;;;;;;
PROV299;Vila Raina;;;;;;;;;;;;;
PROV299_adj;Vila Raina;;;;;;;;;;;;;
PROV299_desc;Vila Raina;;;;;;;;;;;;;
b_vila_raina;Vila Raina;;;;;;;;;;;;;
b_vila_raina_adj;Vila Raina;;;;;;;;;;;;;
b_vila_raina_desc;Vila Raina;;;;;;;;;;;;;
b_vila_raina2;Vila Raina2;;;;;;;;;;;;;
b_vila_raina2_adj;Vila Raina2;;;;;;;;;;;;;
b_vila_raina2_desc;Vila Raina2;;;;;;;;;;;;;
coulance;Coulance;;;;;;;;;;;;;
coulance_adj;Coulance;;;;;;;;;;;;;
coulance_desc;Coulance;;;;;;;;;;;;;
k_coulance;Coulance;;;;;;;;;;;;;
k_coulance_adj;Coulance;;;;;;;;;;;;;
k_coulance_desc;Coulance;;;;;;;;;;;;;
alouse;Alouse;;;;;;;;;;;;;
alouse_adj;Alouse;;;;;;;;;;;;;
alouse_desc;Alouse;;;;;;;;;;;;;
d_alouse;Alouse;;;;;;;;;;;;;
d_alouse_adj;Alouse;;;;;;;;;;;;;
d_alouse_desc;Alouse;;;;;;;;;;;;;
amilly;Amilly;;;;;;;;;;;;;
amilly_adj;Amilly;;;;;;;;;;;;;
amilly_desc;Amilly;;;;;;;;;;;;;
c_amilly;Amilly;;;;;;;;;;;;;
c_amilly_adj;Amilly;;;;;;;;;;;;;
c_amilly_desc;Amilly;;;;;;;;;;;;;
PROV300;Amilly;;;;;;;;;;;;;
PROV300_adj;Amilly;;;;;;;;;;;;;
PROV300_desc;Amilly;;;;;;;;;;;;;
b_amilly;Amilly;;;;;;;;;;;;;
b_amilly_adj;Amilly;;;;;;;;;;;;;
b_amilly_desc;Amilly;;;;;;;;;;;;;
b_amilly2;Amilly2;;;;;;;;;;;;;
b_amilly2_adj;Amilly2;;;;;;;;;;;;;
b_amilly2_desc;Amilly2;;;;;;;;;;;;;
escalle;Escalle;;;;;;;;;;;;;
escalle_adj;Escalle;;;;;;;;;;;;;
escalle_desc;Escalle;;;;;;;;;;;;;
c_escalle;Escalle;;;;;;;;;;;;;
c_escalle_adj;Escalle;;;;;;;;;;;;;
c_escalle_desc;Escalle;;;;;;;;;;;;;
PROV301;Escalle;;;;;;;;;;;;;
PROV301_adj;Escalle;;;;;;;;;;;;;
PROV301_desc;Escalle;;;;;;;;;;;;;
b_escalle;Escalle;;;;;;;;;;;;;
b_escalle_adj;Escalle;;;;;;;;;;;;;
b_escalle_desc;Escalle;;;;;;;;;;;;;
b_escalle2;Escalle2;;;;;;;;;;;;;
b_escalle2_adj;Escalle2;;;;;;;;;;;;;
b_escalle2_desc;Escalle2;;;;;;;;;;;;;
nimes;Nimes;;;;;;;;;;;;;
nimes_adj;Nimes;;;;;;;;;;;;;
nimes_desc;Nimes;;;;;;;;;;;;;
c_nimes;Nimes;;;;;;;;;;;;;
c_nimes_adj;Nimes;;;;;;;;;;;;;
c_nimes_desc;Nimes;;;;;;;;;;;;;
PROV302;Nimes;;;;;;;;;;;;;
PROV302_adj;Nimes;;;;;;;;;;;;;
PROV302_desc;Nimes;;;;;;;;;;;;;
b_nimes;Nimes;;;;;;;;;;;;;
b_nimes_adj;Nimes;;;;;;;;;;;;;
b_nimes_desc;Nimes;;;;;;;;;;;;;
b_nimes2;Nimes2;;;;;;;;;;;;;
b_nimes2_adj;Nimes2;;;;;;;;;;;;;
b_nimes2_desc;Nimes2;;;;;;;;;;;;;
c_alouse;Alouse;;;;;;;;;;;;;
c_alouse_adj;Alouse;;;;;;;;;;;;;
c_alouse_desc;Alouse;;;;;;;;;;;;;
PROV303;Alouse;;;;;;;;;;;;;
PROV303_adj;Alouse;;;;;;;;;;;;;
PROV303_desc;Alouse;;;;;;;;;;;;;
b_alouse;Alouse;;;;;;;;;;;;;
b_alouse_adj;Alouse;;;;;;;;;;;;;
b_alouse_desc;Alouse;;;;;;;;;;;;;
b_alouse2;Alouse2;;;;;;;;;;;;;
b_alouse2_adj;Alouse2;;;;;;;;;;;;;
b_alouse2_desc;Alouse2;;;;;;;;;;;;;
coutance;Coutance;;;;;;;;;;;;;
coutance_adj;Coutance;;;;;;;;;;;;;
coutance_desc;Coutance;;;;;;;;;;;;;
d_coutance;Coutance;;;;;;;;;;;;;
d_coutance_adj;Coutance;;;;;;;;;;;;;
d_coutance_desc;Coutance;;;;;;;;;;;;;
la_coutance;La Coutance;;;;;;;;;;;;;
la_coutance_adj;La Coutance;;;;;;;;;;;;;
la_coutance_desc;La Coutance;;;;;;;;;;;;;
c_la_coutance;La Coutance;;;;;;;;;;;;;
c_la_coutance_adj;La Coutance;;;;;;;;;;;;;
c_la_coutance_desc;La Coutance;;;;;;;;;;;;;
PROV304;La Coutance;;;;;;;;;;;;;
PROV304_adj;La Coutance;;;;;;;;;;;;;
PROV304_desc;La Coutance;;;;;;;;;;;;;
b_la_coutance;La Coutance;;;;;;;;;;;;;
b_la_coutance_adj;La Coutance;;;;;;;;;;;;;
b_la_coutance_desc;La Coutance;;;;;;;;;;;;;
b_la_coutance2;La Coutance2;;;;;;;;;;;;;
b_la_coutance2_adj;La Coutance2;;;;;;;;;;;;;
b_la_coutance2_desc;La Coutance2;;;;;;;;;;;;;
pellier;Pellier;;;;;;;;;;;;;
pellier_adj;Pellier;;;;;;;;;;;;;
pellier_desc;Pellier;;;;;;;;;;;;;
d_pellier;Pellier;;;;;;;;;;;;;
d_pellier_adj;Pellier;;;;;;;;;;;;;
d_pellier_desc;Pellier;;;;;;;;;;;;;
limousse;Limousse;;;;;;;;;;;;;
limousse_adj;Limousse;;;;;;;;;;;;;
limousse_desc;Limousse;;;;;;;;;;;;;
c_limousse;Limousse;;;;;;;;;;;;;
c_limousse_adj;Limousse;;;;;;;;;;;;;
c_limousse_desc;Limousse;;;;;;;;;;;;;
PROV305;Limousse;;;;;;;;;;;;;
PROV305_adj;Limousse;;;;;;;;;;;;;
PROV305_desc;Limousse;;;;;;;;;;;;;
b_limousse;Limousse;;;;;;;;;;;;;
b_limousse_adj;Limousse;;;;;;;;;;;;;
b_limousse_desc;Limousse;;;;;;;;;;;;;
b_limousse2;Limousse2;;;;;;;;;;;;;
b_limousse2_adj;Limousse2;;;;;;;;;;;;;
b_limousse2_desc;Limousse2;;;;;;;;;;;;;
c_pellier;Pellier;;;;;;;;;;;;;
c_pellier_adj;Pellier;;;;;;;;;;;;;
c_pellier_desc;Pellier;;;;;;;;;;;;;
PROV306;Pellier;;;;;;;;;;;;;
PROV306_adj;Pellier;;;;;;;;;;;;;
PROV306_desc;Pellier;;;;;;;;;;;;;
b_pellier;Pellier;;;;;;;;;;;;;
b_pellier_adj;Pellier;;;;;;;;;;;;;
b_pellier_desc;Pellier;;;;;;;;;;;;;
b_pellier2;Pellier2;;;;;;;;;;;;;
b_pellier2_adj;Pellier2;;;;;;;;;;;;;
b_pellier2_desc;Pellier2;;;;;;;;;;;;;
vanoise;Vanoise;;;;;;;;;;;;;
vanoise_adj;Vanoise;;;;;;;;;;;;;
vanoise_desc;Vanoise;;;;;;;;;;;;;
d_vanoise;Vanoise;;;;;;;;;;;;;
d_vanoise_adj;Vanoise;;;;;;;;;;;;;
d_vanoise_desc;Vanoise;;;;;;;;;;;;;
paritras;Paritras;;;;;;;;;;;;;
paritras_adj;Paritras;;;;;;;;;;;;;
paritras_desc;Paritras;;;;;;;;;;;;;
c_paritras;Paritras;;;;;;;;;;;;;
c_paritras_adj;Paritras;;;;;;;;;;;;;
c_paritras_desc;Paritras;;;;;;;;;;;;;
PROV307;Paritras;;;;;;;;;;;;;
PROV307_adj;Paritras;;;;;;;;;;;;;
PROV307_desc;Paritras;;;;;;;;;;;;;
b_paritras;Paritras;;;;;;;;;;;;;
b_paritras_adj;Paritras;;;;;;;;;;;;;
b_paritras_desc;Paritras;;;;;;;;;;;;;
b_paritras2;Paritras2;;;;;;;;;;;;;
b_paritras2_adj;Paritras2;;;;;;;;;;;;;
b_paritras2_desc;Paritras2;;;;;;;;;;;;;
mercatour;Mercatour;;;;;;;;;;;;;
mercatour_adj;Mercatour;;;;;;;;;;;;;
mercatour_desc;Mercatour;;;;;;;;;;;;;
c_mercatour;Mercatour;;;;;;;;;;;;;
c_mercatour_adj;Mercatour;;;;;;;;;;;;;
c_mercatour_desc;Mercatour;;;;;;;;;;;;;
PROV308;Mercatour;;;;;;;;;;;;;
PROV308_adj;Mercatour;;;;;;;;;;;;;
PROV308_desc;Mercatour;;;;;;;;;;;;;
b_mercatour;Mercatour;;;;;;;;;;;;;
b_mercatour_adj;Mercatour;;;;;;;;;;;;;
b_mercatour_desc;Mercatour;;;;;;;;;;;;;
b_mercatour2;Mercatour2;;;;;;;;;;;;;
b_mercatour2_adj;Mercatour2;;;;;;;;;;;;;
b_mercatour2_desc;Mercatour2;;;;;;;;;;;;;
c_vanoise;Vanoise;;;;;;;;;;;;;
c_vanoise_adj;Vanoise;;;;;;;;;;;;;
c_vanoise_desc;Vanoise;;;;;;;;;;;;;
PROV309;Vanoise;;;;;;;;;;;;;
PROV309_adj;Vanoise;;;;;;;;;;;;;
PROV309_desc;Vanoise;;;;;;;;;;;;;
b_vanoise;Vanoise;;;;;;;;;;;;;
b_vanoise_adj;Vanoise;;;;;;;;;;;;;
b_vanoise_desc;Vanoise;;;;;;;;;;;;;
b_vanoise2;Vanoise2;;;;;;;;;;;;;
b_vanoise2_adj;Vanoise2;;;;;;;;;;;;;
b_vanoise2_desc;Vanoise2;;;;;;;;;;;;;
pays_noble;Pays Noble;;;;;;;;;;;;;
pays_noble_adj;Pays Noble;;;;;;;;;;;;;
pays_noble_desc;Pays Noble;;;;;;;;;;;;;
k_pays_noble;Pays Noble;;;;;;;;;;;;;
k_pays_noble_adj;Pays Noble;;;;;;;;;;;;;
k_pays_noble_desc;Pays Noble;;;;;;;;;;;;;
lacerion;Lacerion;;;;;;;;;;;;;
lacerion_adj;Lacerion;;;;;;;;;;;;;
lacerion_desc;Lacerion;;;;;;;;;;;;;
d_lacerion;Lacerion;;;;;;;;;;;;;
d_lacerion_adj;Lacerion;;;;;;;;;;;;;
d_lacerion_desc;Lacerion;;;;;;;;;;;;;
boisse_ivoire;Boisse Ivoire;;;;;;;;;;;;;
boisse_ivoire_adj;Boisse Ivoire;;;;;;;;;;;;;
boisse_ivoire_desc;Boisse Ivoire;;;;;;;;;;;;;
c_boisse_ivoire;Boisse Ivoire;;;;;;;;;;;;;
c_boisse_ivoire_adj;Boisse Ivoire;;;;;;;;;;;;;
c_boisse_ivoire_desc;Boisse Ivoire;;;;;;;;;;;;;
PROV310;Boisse Ivoire;;;;;;;;;;;;;
PROV310_adj;Boisse Ivoire;;;;;;;;;;;;;
PROV310_desc;Boisse Ivoire;;;;;;;;;;;;;
b_boisse_ivoire;Boisse Ivoire;;;;;;;;;;;;;
b_boisse_ivoire_adj;Boisse Ivoire;;;;;;;;;;;;;
b_boisse_ivoire_desc;Boisse Ivoire;;;;;;;;;;;;;
b_boisse_ivoire2;Boisse Ivoire2;;;;;;;;;;;;;
b_boisse_ivoire2_adj;Boisse Ivoire2;;;;;;;;;;;;;
b_boisse_ivoire2_desc;Boisse Ivoire2;;;;;;;;;;;;;
mart_haute;Mart Haute;;;;;;;;;;;;;
mart_haute_adj;Mart Haute;;;;;;;;;;;;;
mart_haute_desc;Mart Haute;;;;;;;;;;;;;
c_mart_haute;Mart Haute;;;;;;;;;;;;;
c_mart_haute_adj;Mart Haute;;;;;;;;;;;;;
c_mart_haute_desc;Mart Haute;;;;;;;;;;;;;
PROV311;Mart Haute;;;;;;;;;;;;;
PROV311_adj;Mart Haute;;;;;;;;;;;;;
PROV311_desc;Mart Haute;;;;;;;;;;;;;
b_mart_haute;Mart Haute;;;;;;;;;;;;;
b_mart_haute_adj;Mart Haute;;;;;;;;;;;;;
b_mart_haute_desc;Mart Haute;;;;;;;;;;;;;
b_mart_haute2;Mart Haute2;;;;;;;;;;;;;
b_mart_haute2_adj;Mart Haute2;;;;;;;;;;;;;
b_mart_haute2_desc;Mart Haute2;;;;;;;;;;;;;
c_lacerion;Lacerion;;;;;;;;;;;;;
c_lacerion_adj;Lacerion;;;;;;;;;;;;;
c_lacerion_desc;Lacerion;;;;;;;;;;;;;
PROV312;Lacerion;;;;;;;;;;;;;
PROV312_adj;Lacerion;;;;;;;;;;;;;
PROV312_desc;Lacerion;;;;;;;;;;;;;
b_lacerion;Lacerion;;;;;;;;;;;;;
b_lacerion_adj;Lacerion;;;;;;;;;;;;;
b_lacerion_desc;Lacerion;;;;;;;;;;;;;
b_lacerion2;Lacerion2;;;;;;;;;;;;;
b_lacerion2_adj;Lacerion2;;;;;;;;;;;;;
b_lacerion2_desc;Lacerion2;;;;;;;;;;;;;
gap_de_dresse;Gap De Dresse;;;;;;;;;;;;;
gap_de_dresse_adj;Gap De Dresse;;;;;;;;;;;;;
gap_de_dresse_desc;Gap De Dresse;;;;;;;;;;;;;
c_gap_de_dresse;Gap De Dresse;;;;;;;;;;;;;
c_gap_de_dresse_adj;Gap De Dresse;;;;;;;;;;;;;
c_gap_de_dresse_desc;Gap De Dresse;;;;;;;;;;;;;
PROV313;Gap De Dresse;;;;;;;;;;;;;
PROV313_adj;Gap De Dresse;;;;;;;;;;;;;
PROV313_desc;Gap De Dresse;;;;;;;;;;;;;
b_gap_de_dresse;Gap De Dresse;;;;;;;;;;;;;
b_gap_de_dresse_adj;Gap De Dresse;;;;;;;;;;;;;
b_gap_de_dresse_desc;Gap De Dresse;;;;;;;;;;;;;
b_gap_de_dresse2;Gap De Dresse2;;;;;;;;;;;;;
b_gap_de_dresse2_adj;Gap De Dresse2;;;;;;;;;;;;;
b_gap_de_dresse2_desc;Gap De Dresse2;;;;;;;;;;;;;
lunnais;Lunnais;;;;;;;;;;;;;
lunnais_adj;Lunnais;;;;;;;;;;;;;
lunnais_desc;Lunnais;;;;;;;;;;;;;
d_lunnais;Lunnais;;;;;;;;;;;;;
d_lunnais_adj;Lunnais;;;;;;;;;;;;;
d_lunnais_desc;Lunnais;;;;;;;;;;;;;
c_lunnais;Lunnais;;;;;;;;;;;;;
c_lunnais_adj;Lunnais;;;;;;;;;;;;;
c_lunnais_desc;Lunnais;;;;;;;;;;;;;
PROV314;Lunnais;;;;;;;;;;;;;
PROV314_adj;Lunnais;;;;;;;;;;;;;
PROV314_desc;Lunnais;;;;;;;;;;;;;
b_lunnais;Lunnais;;;;;;;;;;;;;
b_lunnais_adj;Lunnais;;;;;;;;;;;;;
b_lunnais_desc;Lunnais;;;;;;;;;;;;;
b_lunnais2;Lunnais2;;;;;;;;;;;;;
b_lunnais2_adj;Lunnais2;;;;;;;;;;;;;
b_lunnais2_desc;Lunnais2;;;;;;;;;;;;;
dinnan;Dinnan;;;;;;;;;;;;;
dinnan_adj;Dinnan;;;;;;;;;;;;;
dinnan_desc;Dinnan;;;;;;;;;;;;;
c_dinnan;Dinnan;;;;;;;;;;;;;
c_dinnan_adj;Dinnan;;;;;;;;;;;;;
c_dinnan_desc;Dinnan;;;;;;;;;;;;;
PROV315;Dinnan;;;;;;;;;;;;;
PROV315_adj;Dinnan;;;;;;;;;;;;;
PROV315_desc;Dinnan;;;;;;;;;;;;;
b_dinnan;Dinnan;;;;;;;;;;;;;
b_dinnan_adj;Dinnan;;;;;;;;;;;;;
b_dinnan_desc;Dinnan;;;;;;;;;;;;;
b_dinnan2;Dinnan2;;;;;;;;;;;;;
b_dinnan2_adj;Dinnan2;;;;;;;;;;;;;
b_dinnan2_desc;Dinnan2;;;;;;;;;;;;;
toury;Toury;;;;;;;;;;;;;
toury_adj;Toury;;;;;;;;;;;;;
toury_desc;Toury;;;;;;;;;;;;;
c_toury;Toury;;;;;;;;;;;;;
c_toury_adj;Toury;;;;;;;;;;;;;
c_toury_desc;Toury;;;;;;;;;;;;;
PROV316;Toury;;;;;;;;;;;;;
PROV316_adj;Toury;;;;;;;;;;;;;
PROV316_desc;Toury;;;;;;;;;;;;;
b_toury;Toury;;;;;;;;;;;;;
b_toury_adj;Toury;;;;;;;;;;;;;
b_toury_desc;Toury;;;;;;;;;;;;;
b_toury2;Toury2;;;;;;;;;;;;;
b_toury2_adj;Toury2;;;;;;;;;;;;;
b_toury2_desc;Toury2;;;;;;;;;;;;;
rennais;Rennais;;;;;;;;;;;;;
rennais_adj;Rennais;;;;;;;;;;;;;
rennais_desc;Rennais;;;;;;;;;;;;;
c_rennais;Rennais;;;;;;;;;;;;;
c_rennais_adj;Rennais;;;;;;;;;;;;;
c_rennais_desc;Rennais;;;;;;;;;;;;;
PROV317;Rennais;;;;;;;;;;;;;
PROV317_adj;Rennais;;;;;;;;;;;;;
PROV317_desc;Rennais;;;;;;;;;;;;;
b_rennais;Rennais;;;;;;;;;;;;;
b_rennais_adj;Rennais;;;;;;;;;;;;;
b_rennais_desc;Rennais;;;;;;;;;;;;;
b_rennais2;Rennais2;;;;;;;;;;;;;
b_rennais2_adj;Rennais2;;;;;;;;;;;;;
b_rennais2_desc;Rennais2;;;;;;;;;;;;;
tullerion;Tullerion;;;;;;;;;;;;;
tullerion_adj;Tullerion;;;;;;;;;;;;;
tullerion_desc;Tullerion;;;;;;;;;;;;;
d_tullerion;Tullerion;;;;;;;;;;;;;
d_tullerion_adj;Tullerion;;;;;;;;;;;;;
d_tullerion_desc;Tullerion;;;;;;;;;;;;;
duvion;Duvion;;;;;;;;;;;;;
duvion_adj;Duvion;;;;;;;;;;;;;
duvion_desc;Duvion;;;;;;;;;;;;;
c_duvion;Duvion;;;;;;;;;;;;;
c_duvion_adj;Duvion;;;;;;;;;;;;;
c_duvion_desc;Duvion;;;;;;;;;;;;;
PROV318;Duvion;;;;;;;;;;;;;
PROV318_adj;Duvion;;;;;;;;;;;;;
PROV318_desc;Duvion;;;;;;;;;;;;;
b_duvion;Duvion;;;;;;;;;;;;;
b_duvion_adj;Duvion;;;;;;;;;;;;;
b_duvion_desc;Duvion;;;;;;;;;;;;;
b_duvion2;Duvion2;;;;;;;;;;;;;
b_duvion2_adj;Duvion2;;;;;;;;;;;;;
b_duvion2_desc;Duvion2;;;;;;;;;;;;;
pays_vert;Pays Vert;;;;;;;;;;;;;
pays_vert_adj;Pays Vert;;;;;;;;;;;;;
pays_vert_desc;Pays Vert;;;;;;;;;;;;;
k_pays_vert;Pays Vert;;;;;;;;;;;;;
k_pays_vert_adj;Pays Vert;;;;;;;;;;;;;
k_pays_vert_desc;Pays Vert;;;;;;;;;;;;;
attanais;Attanais;;;;;;;;;;;;;
attanais_adj;Attanais;;;;;;;;;;;;;
attanais_desc;Attanais;;;;;;;;;;;;;
d_attanais;Attanais;;;;;;;;;;;;;
d_attanais_adj;Attanais;;;;;;;;;;;;;
d_attanais_desc;Attanais;;;;;;;;;;;;;
laque_alais;Laque Alais;;;;;;;;;;;;;
laque_alais_adj;Laque Alais;;;;;;;;;;;;;
laque_alais_desc;Laque Alais;;;;;;;;;;;;;
c_laque_alais;Laque Alais;;;;;;;;;;;;;
c_laque_alais_adj;Laque Alais;;;;;;;;;;;;;
c_laque_alais_desc;Laque Alais;;;;;;;;;;;;;
PROV319;Laque Alais;;;;;;;;;;;;;
PROV319_adj;Laque Alais;;;;;;;;;;;;;
PROV319_desc;Laque Alais;;;;;;;;;;;;;
b_laque_alais;Laque Alais;;;;;;;;;;;;;
b_laque_alais_adj;Laque Alais;;;;;;;;;;;;;
b_laque_alais_desc;Laque Alais;;;;;;;;;;;;;
b_laque_alais2;Laque Alais2;;;;;;;;;;;;;
b_laque_alais2_adj;Laque Alais2;;;;;;;;;;;;;
b_laque_alais2_desc;Laque Alais2;;;;;;;;;;;;;
truve;Truve;;;;;;;;;;;;;
truve_adj;Truve;;;;;;;;;;;;;
truve_desc;Truve;;;;;;;;;;;;;
c_truve;Truve;;;;;;;;;;;;;
c_truve_adj;Truve;;;;;;;;;;;;;
c_truve_desc;Truve;;;;;;;;;;;;;
PROV320;Truve;;;;;;;;;;;;;
PROV320_adj;Truve;;;;;;;;;;;;;
PROV320_desc;Truve;;;;;;;;;;;;;
b_truve;Truve;;;;;;;;;;;;;
b_truve_adj;Truve;;;;;;;;;;;;;
b_truve_desc;Truve;;;;;;;;;;;;;
b_truve2;Truve2;;;;;;;;;;;;;
b_truve2_adj;Truve2;;;;;;;;;;;;;
b_truve2_desc;Truve2;;;;;;;;;;;;;
dirois;Dirois;;;;;;;;;;;;;
dirois_adj;Dirois;;;;;;;;;;;;;
dirois_desc;Dirois;;;;;;;;;;;;;
c_dirois;Dirois;;;;;;;;;;;;;
c_dirois_adj;Dirois;;;;;;;;;;;;;
c_dirois_desc;Dirois;;;;;;;;;;;;;
PROV321;Dirois;;;;;;;;;;;;;
PROV321_adj;Dirois;;;;;;;;;;;;;
PROV321_desc;Dirois;;;;;;;;;;;;;
b_dirois;Dirois;;;;;;;;;;;;;
b_dirois_adj;Dirois;;;;;;;;;;;;;
b_dirois_desc;Dirois;;;;;;;;;;;;;
b_dirois2;Dirois2;;;;;;;;;;;;;
b_dirois2_adj;Dirois2;;;;;;;;;;;;;
b_dirois2_desc;Dirois2;;;;;;;;;;;;;
c_attanais;Attanais;;;;;;;;;;;;;
c_attanais_adj;Attanais;;;;;;;;;;;;;
c_attanais_desc;Attanais;;;;;;;;;;;;;
PROV322;Attanais;;;;;;;;;;;;;
PROV322_adj;Attanais;;;;;;;;;;;;;
PROV322_desc;Attanais;;;;;;;;;;;;;
b_attanais;Attanais;;;;;;;;;;;;;
b_attanais_adj;Attanais;;;;;;;;;;;;;
b_attanais_desc;Attanais;;;;;;;;;;;;;
b_attanais2;Attanais2;;;;;;;;;;;;;
b_attanais2_adj;Attanais2;;;;;;;;;;;;;
b_attanais2_desc;Attanais2;;;;;;;;;;;;;
boise_alais;Boise Alais;;;;;;;;;;;;;
boise_alais_adj;Boise Alais;;;;;;;;;;;;;
boise_alais_desc;Boise Alais;;;;;;;;;;;;;
c_boise_alais;Boise Alais;;;;;;;;;;;;;
c_boise_alais_adj;Boise Alais;;;;;;;;;;;;;
c_boise_alais_desc;Boise Alais;;;;;;;;;;;;;
PROV323;Boise Alais;;;;;;;;;;;;;
PROV323_adj;Boise Alais;;;;;;;;;;;;;
PROV323_desc;Boise Alais;;;;;;;;;;;;;
b_boise_alais;Boise Alais;;;;;;;;;;;;;
b_boise_alais_adj;Boise Alais;;;;;;;;;;;;;
b_boise_alais_desc;Boise Alais;;;;;;;;;;;;;
b_boise_alais2;Boise Alais2;;;;;;;;;;;;;
b_boise_alais2_adj;Boise Alais2;;;;;;;;;;;;;
b_boise_alais2_desc;Boise Alais2;;;;;;;;;;;;;
lorelle;Lorelle;;;;;;;;;;;;;
lorelle_adj;Lorelle;;;;;;;;;;;;;
lorelle_desc;Lorelle;;;;;;;;;;;;;
d_lorelle;Lorelle;;;;;;;;;;;;;
d_lorelle_adj;Lorelle;;;;;;;;;;;;;
d_lorelle_desc;Lorelle;;;;;;;;;;;;;
vattanais;Vattanais;;;;;;;;;;;;;
vattanais_adj;Vattanais;;;;;;;;;;;;;
vattanais_desc;Vattanais;;;;;;;;;;;;;
c_vattanais;Vattanais;;;;;;;;;;;;;
c_vattanais_adj;Vattanais;;;;;;;;;;;;;
c_vattanais_desc;Vattanais;;;;;;;;;;;;;
PROV324;Vattanais;;;;;;;;;;;;;
PROV324_adj;Vattanais;;;;;;;;;;;;;
PROV324_desc;Vattanais;;;;;;;;;;;;;
b_vattanais;Vattanais;;;;;;;;;;;;;
b_vattanais_adj;Vattanais;;;;;;;;;;;;;
b_vattanais_desc;Vattanais;;;;;;;;;;;;;
b_vattanais2;Vattanais2;;;;;;;;;;;;;
b_vattanais2_adj;Vattanais2;;;;;;;;;;;;;
b_vattanais2_desc;Vattanais2;;;;;;;;;;;;;
versonne;Versonne;;;;;;;;;;;;;
versonne_adj;Versonne;;;;;;;;;;;;;
versonne_desc;Versonne;;;;;;;;;;;;;
d_versonne;Versonne;;;;;;;;;;;;;
d_versonne_adj;Versonne;;;;;;;;;;;;;
d_versonne_desc;Versonne;;;;;;;;;;;;;
sumerrois;Sumerrois;;;;;;;;;;;;;
sumerrois_adj;Sumerrois;;;;;;;;;;;;;
sumerrois_desc;Sumerrois;;;;;;;;;;;;;
c_sumerrois;Sumerrois;;;;;;;;;;;;;
c_sumerrois_adj;Sumerrois;;;;;;;;;;;;;
c_sumerrois_desc;Sumerrois;;;;;;;;;;;;;
PROV325;Sumerrois;;;;;;;;;;;;;
PROV325_adj;Sumerrois;;;;;;;;;;;;;
PROV325_desc;Sumerrois;;;;;;;;;;;;;
b_sumerrois;Sumerrois;;;;;;;;;;;;;
b_sumerrois_adj;Sumerrois;;;;;;;;;;;;;
b_sumerrois_desc;Sumerrois;;;;;;;;;;;;;
b_sumerrois2;Sumerrois2;;;;;;;;;;;;;
b_sumerrois2_adj;Sumerrois2;;;;;;;;;;;;;
b_sumerrois2_desc;Sumerrois2;;;;;;;;;;;;;
cacedarconne;Cacedarconne;;;;;;;;;;;;;
cacedarconne_adj;Cacedarconne;;;;;;;;;;;;;
cacedarconne_desc;Cacedarconne;;;;;;;;;;;;;
c_cacedarconne;Cacedarconne;;;;;;;;;;;;;
c_cacedarconne_adj;Cacedarconne;;;;;;;;;;;;;
c_cacedarconne_desc;Cacedarconne;;;;;;;;;;;;;
PROV326;Cacedarconne;;;;;;;;;;;;;
PROV326_adj;Cacedarconne;;;;;;;;;;;;;
PROV326_desc;Cacedarconne;;;;;;;;;;;;;
b_cacedarconne;Cacedarconne;;;;;;;;;;;;;
b_cacedarconne_adj;Cacedarconne;;;;;;;;;;;;;
b_cacedarconne_desc;Cacedarconne;;;;;;;;;;;;;
b_cacedarconne2;Cacedarconne2;;;;;;;;;;;;;
b_cacedarconne2_adj;Cacedarconne2;;;;;;;;;;;;;
b_cacedarconne2_desc;Cacedarconne2;;;;;;;;;;;;;
tulliere;Tulliere;;;;;;;;;;;;;
tulliere_adj;Tulliere;;;;;;;;;;;;;
tulliere_desc;Tulliere;;;;;;;;;;;;;
k_tulliere;Tulliere;;;;;;;;;;;;;
k_tulliere_adj;Tulliere;;;;;;;;;;;;;
k_tulliere_desc;Tulliere;;;;;;;;;;;;;
c_gimont;Gimont;;;;;;;;;;;;;
c_gimont_adj;Gimont;;;;;;;;;;;;;
c_gimont_desc;Gimont;;;;;;;;;;;;;
PROV327;Gimont;;;;;;;;;;;;;
PROV327_adj;Gimont;;;;;;;;;;;;;
PROV327_desc;Gimont;;;;;;;;;;;;;
b_gimont;Gimont;;;;;;;;;;;;;
b_gimont_adj;Gimont;;;;;;;;;;;;;
b_gimont_desc;Gimont;;;;;;;;;;;;;
b_gimont2;Gimont2;;;;;;;;;;;;;
b_gimont2_adj;Gimont2;;;;;;;;;;;;;
b_gimont2_desc;Gimont2;;;;;;;;;;;;;
gris;Gris;;;;;;;;;;;;;
gris_adj;Gris;;;;;;;;;;;;;
gris_desc;Gris;;;;;;;;;;;;;
c_gris;Gris;;;;;;;;;;;;;
c_gris_adj;Gris;;;;;;;;;;;;;
c_gris_desc;Gris;;;;;;;;;;;;;
PROV328;Gris;;;;;;;;;;;;;
PROV328_adj;Gris;;;;;;;;;;;;;
PROV328_desc;Gris;;;;;;;;;;;;;
b_gris;Gris;;;;;;;;;;;;;
b_gris_adj;Gris;;;;;;;;;;;;;
b_gris_desc;Gris;;;;;;;;;;;;;
b_gris2;Gris2;;;;;;;;;;;;;
b_gris2_adj;Gris2;;;;;;;;;;;;;
b_gris2_desc;Gris2;;;;;;;;;;;;;
ise_de_joudain;Ise De Joudain;;;;;;;;;;;;;
ise_de_joudain_adj;Ise De Joudain;;;;;;;;;;;;;
ise_de_joudain_desc;Ise De Joudain;;;;;;;;;;;;;
c_ise_de_joudain;Ise De Joudain;;;;;;;;;;;;;
c_ise_de_joudain_adj;Ise De Joudain;;;;;;;;;;;;;
c_ise_de_joudain_desc;Ise De Joudain;;;;;;;;;;;;;
PROV329;Ise De Joudain;;;;;;;;;;;;;
PROV329_adj;Ise De Joudain;;;;;;;;;;;;;
PROV329_desc;Ise De Joudain;;;;;;;;;;;;;
b_ise_de_joudain;Ise De Joudain;;;;;;;;;;;;;
b_ise_de_joudain_adj;Ise De Joudain;;;;;;;;;;;;;
b_ise_de_joudain_desc;Ise De Joudain;;;;;;;;;;;;;
b_ise_de_joudain2;Ise De Joudain2;;;;;;;;;;;;;
b_ise_de_joudain2_adj;Ise De Joudain2;;;;;;;;;;;;;
b_ise_de_joudain2_desc;Ise De Joudain2;;;;;;;;;;;;;
grisolle;Grisolle;;;;;;;;;;;;;
grisolle_adj;Grisolle;;;;;;;;;;;;;
grisolle_desc;Grisolle;;;;;;;;;;;;;
d_grisolle;Grisolle;;;;;;;;;;;;;
d_grisolle_adj;Grisolle;;;;;;;;;;;;;
d_grisolle_desc;Grisolle;;;;;;;;;;;;;
monperse;Monperse;;;;;;;;;;;;;
monperse_adj;Monperse;;;;;;;;;;;;;
monperse_desc;Monperse;;;;;;;;;;;;;
c_monperse;Monperse;;;;;;;;;;;;;
c_monperse_adj;Monperse;;;;;;;;;;;;;
c_monperse_desc;Monperse;;;;;;;;;;;;;
PROV330;Monperse;;;;;;;;;;;;;
PROV330_adj;Monperse;;;;;;;;;;;;;
PROV330_desc;Monperse;;;;;;;;;;;;;
b_monperse;Monperse;;;;;;;;;;;;;
b_monperse_adj;Monperse;;;;;;;;;;;;;
b_monperse_desc;Monperse;;;;;;;;;;;;;
b_monperse2;Monperse2;;;;;;;;;;;;;
b_monperse2_adj;Monperse2;;;;;;;;;;;;;
b_monperse2_desc;Monperse2;;;;;;;;;;;;;
gaillac;Gaillac;;;;;;;;;;;;;
gaillac_adj;Gaillac;;;;;;;;;;;;;
gaillac_desc;Gaillac;;;;;;;;;;;;;
c_gaillac;Gaillac;;;;;;;;;;;;;
c_gaillac_adj;Gaillac;;;;;;;;;;;;;
c_gaillac_desc;Gaillac;;;;;;;;;;;;;
PROV331;Gaillac;;;;;;;;;;;;;
PROV331_adj;Gaillac;;;;;;;;;;;;;
PROV331_desc;Gaillac;;;;;;;;;;;;;
b_gaillac;Gaillac;;;;;;;;;;;;;
b_gaillac_adj;Gaillac;;;;;;;;;;;;;
b_gaillac_desc;Gaillac;;;;;;;;;;;;;
b_gaillac2;Gaillac2;;;;;;;;;;;;;
b_gaillac2_adj;Gaillac2;;;;;;;;;;;;;
b_gaillac2_desc;Gaillac2;;;;;;;;;;;;;
bangnac;Bangnac;;;;;;;;;;;;;
bangnac_adj;Bangnac;;;;;;;;;;;;;
bangnac_desc;Bangnac;;;;;;;;;;;;;
c_bangnac;Bangnac;;;;;;;;;;;;;
c_bangnac_adj;Bangnac;;;;;;;;;;;;;
c_bangnac_desc;Bangnac;;;;;;;;;;;;;
PROV332;Bangnac;;;;;;;;;;;;;
PROV332_adj;Bangnac;;;;;;;;;;;;;
PROV332_desc;Bangnac;;;;;;;;;;;;;
b_bangnac;Bangnac;;;;;;;;;;;;;
b_bangnac_adj;Bangnac;;;;;;;;;;;;;
b_bangnac_desc;Bangnac;;;;;;;;;;;;;
b_bangnac2;Bangnac2;;;;;;;;;;;;;
b_bangnac2_adj;Bangnac2;;;;;;;;;;;;;
b_bangnac2_desc;Bangnac2;;;;;;;;;;;;;
c_grisolle;Grisolle;;;;;;;;;;;;;
c_grisolle_adj;Grisolle;;;;;;;;;;;;;
c_grisolle_desc;Grisolle;;;;;;;;;;;;;
PROV333;Grisolle;;;;;;;;;;;;;
PROV333_adj;Grisolle;;;;;;;;;;;;;
PROV333_desc;Grisolle;;;;;;;;;;;;;
b_grisolle;Grisolle;;;;;;;;;;;;;
b_grisolle_adj;Grisolle;;;;;;;;;;;;;
b_grisolle_desc;Grisolle;;;;;;;;;;;;;
b_grisolle2;Grisolle2;;;;;;;;;;;;;
b_grisolle2_adj;Grisolle2;;;;;;;;;;;;;
b_grisolle2_desc;Grisolle2;;;;;;;;;;;;;
de_colomiers;De Colomiers;;;;;;;;;;;;;
de_colomiers_adj;De Colomiers;;;;;;;;;;;;;
de_colomiers_desc;De Colomiers;;;;;;;;;;;;;
c_de_colomiers;De Colomiers;;;;;;;;;;;;;
c_de_colomiers_adj;De Colomiers;;;;;;;;;;;;;
c_de_colomiers_desc;De Colomiers;;;;;;;;;;;;;
PROV334;De Colomiers;;;;;;;;;;;;;
PROV334_adj;De Colomiers;;;;;;;;;;;;;
PROV334_desc;De Colomiers;;;;;;;;;;;;;
b_de_colomiers;De Colomiers;;;;;;;;;;;;;
b_de_colomiers_adj;De Colomiers;;;;;;;;;;;;;
b_de_colomiers_desc;De Colomiers;;;;;;;;;;;;;
b_de_colomiers2;De Colomiers2;;;;;;;;;;;;;
b_de_colomiers2_adj;De Colomiers2;;;;;;;;;;;;;
b_de_colomiers2_desc;De Colomiers2;;;;;;;;;;;;;
rabastence;Rabastence;;;;;;;;;;;;;
rabastence_adj;Rabastence;;;;;;;;;;;;;
rabastence_desc;Rabastence;;;;;;;;;;;;;
d_rabastence;Rabastence;;;;;;;;;;;;;
d_rabastence_adj;Rabastence;;;;;;;;;;;;;
d_rabastence_desc;Rabastence;;;;;;;;;;;;;
c_rabastence;Rabastence;;;;;;;;;;;;;
c_rabastence_adj;Rabastence;;;;;;;;;;;;;
c_rabastence_desc;Rabastence;;;;;;;;;;;;;
PROV335;Rabastence;;;;;;;;;;;;;
PROV335_adj;Rabastence;;;;;;;;;;;;;
PROV335_desc;Rabastence;;;;;;;;;;;;;
b_rabastence;Rabastence;;;;;;;;;;;;;
b_rabastence_adj;Rabastence;;;;;;;;;;;;;
b_rabastence_desc;Rabastence;;;;;;;;;;;;;
b_rabastence2;Rabastence2;;;;;;;;;;;;;
b_rabastence2_adj;Rabastence2;;;;;;;;;;;;;
b_rabastence2_desc;Rabastence2;;;;;;;;;;;;;
saint_lume;Saint Lume;;;;;;;;;;;;;
saint_lume_adj;Saint Lume;;;;;;;;;;;;;
saint_lume_desc;Saint Lume;;;;;;;;;;;;;
c_saint_lume;Saint Lume;;;;;;;;;;;;;
c_saint_lume_adj;Saint Lume;;;;;;;;;;;;;
c_saint_lume_desc;Saint Lume;;;;;;;;;;;;;
PROV336;Saint Lume;;;;;;;;;;;;;
PROV336_adj;Saint Lume;;;;;;;;;;;;;
PROV336_desc;Saint Lume;;;;;;;;;;;;;
b_saint_lume;Saint Lume;;;;;;;;;;;;;
b_saint_lume_adj;Saint Lume;;;;;;;;;;;;;
b_saint_lume_desc;Saint Lume;;;;;;;;;;;;;
b_saint_lume2;Saint Lume2;;;;;;;;;;;;;
b_saint_lume2_adj;Saint Lume2;;;;;;;;;;;;;
b_saint_lume2_desc;Saint Lume2;;;;;;;;;;;;;
saint_lys;Saint Lys;;;;;;;;;;;;;
saint_lys_adj;Saint Lys;;;;;;;;;;;;;
saint_lys_desc;Saint Lys;;;;;;;;;;;;;
c_saint_lys;Saint Lys;;;;;;;;;;;;;
c_saint_lys_adj;Saint Lys;;;;;;;;;;;;;
c_saint_lys_desc;Saint Lys;;;;;;;;;;;;;
PROV337;Saint Lys;;;;;;;;;;;;;
PROV337_adj;Saint Lys;;;;;;;;;;;;;
PROV337_desc;Saint Lys;;;;;;;;;;;;;
b_saint_lys;Saint Lys;;;;;;;;;;;;;
b_saint_lys_adj;Saint Lys;;;;;;;;;;;;;
b_saint_lys_desc;Saint Lys;;;;;;;;;;;;;
b_saint_lys2;Saint Lys2;;;;;;;;;;;;;
b_saint_lys2_adj;Saint Lys2;;;;;;;;;;;;;
b_saint_lys2_desc;Saint Lys2;;;;;;;;;;;;;
nouveaux_bije;Nouveaux Bije;;;;;;;;;;;;;
nouveaux_bije_adj;Nouveaux Bije;;;;;;;;;;;;;
nouveaux_bije_desc;Nouveaux Bije;;;;;;;;;;;;;
c_nouveaux_bije;Nouveaux Bije;;;;;;;;;;;;;
c_nouveaux_bije_adj;Nouveaux Bije;;;;;;;;;;;;;
c_nouveaux_bije_desc;Nouveaux Bije;;;;;;;;;;;;;
PROV338;Nouveaux Bije;;;;;;;;;;;;;
PROV338_adj;Nouveaux Bije;;;;;;;;;;;;;
PROV338_desc;Nouveaux Bije;;;;;;;;;;;;;
b_nouveaux_bije;Nouveaux Bije;;;;;;;;;;;;;
b_nouveaux_bije_adj;Nouveaux Bije;;;;;;;;;;;;;
b_nouveaux_bije_desc;Nouveaux Bije;;;;;;;;;;;;;
b_nouveaux_bije2;Nouveaux Bije2;;;;;;;;;;;;;
b_nouveaux_bije2_adj;Nouveaux Bije2;;;;;;;;;;;;;
b_nouveaux_bije2_desc;Nouveaux Bije2;;;;;;;;;;;;;
samatan;Samatan;;;;;;;;;;;;;
samatan_adj;Samatan;;;;;;;;;;;;;
samatan_desc;Samatan;;;;;;;;;;;;;
d_samatan;Samatan;;;;;;;;;;;;;
d_samatan_adj;Samatan;;;;;;;;;;;;;
d_samatan_desc;Samatan;;;;;;;;;;;;;
c_samatan;Samatan;;;;;;;;;;;;;
c_samatan_adj;Samatan;;;;;;;;;;;;;
c_samatan_desc;Samatan;;;;;;;;;;;;;
PROV339;Samatan;;;;;;;;;;;;;
PROV339_adj;Samatan;;;;;;;;;;;;;
PROV339_desc;Samatan;;;;;;;;;;;;;
b_samatan;Samatan;;;;;;;;;;;;;
b_samatan_adj;Samatan;;;;;;;;;;;;;
b_samatan_desc;Samatan;;;;;;;;;;;;;
b_samatan2;Samatan2;;;;;;;;;;;;;
b_samatan2_adj;Samatan2;;;;;;;;;;;;;
b_samatan2_desc;Samatan2;;;;;;;;;;;;;
lombez_trois;Lombez Trois;;;;;;;;;;;;;
lombez_trois_adj;Lombez Trois;;;;;;;;;;;;;
lombez_trois_desc;Lombez Trois;;;;;;;;;;;;;
c_lombez_trois;Lombez Trois;;;;;;;;;;;;;
c_lombez_trois_adj;Lombez Trois;;;;;;;;;;;;;
c_lombez_trois_desc;Lombez Trois;;;;;;;;;;;;;
PROV340;Lombez Trois;;;;;;;;;;;;;
PROV340_adj;Lombez Trois;;;;;;;;;;;;;
PROV340_desc;Lombez Trois;;;;;;;;;;;;;
b_lombez_trois;Lombez Trois;;;;;;;;;;;;;
b_lombez_trois_adj;Lombez Trois;;;;;;;;;;;;;
b_lombez_trois_desc;Lombez Trois;;;;;;;;;;;;;
b_lombez_trois2;Lombez Trois2;;;;;;;;;;;;;
b_lombez_trois2_adj;Lombez Trois2;;;;;;;;;;;;;
b_lombez_trois2_desc;Lombez Trois2;;;;;;;;;;;;;
vixhall;Vixhall;;;;;;;;;;;;;
vixhall_adj;Vixhall;;;;;;;;;;;;;
vixhall_desc;Vixhall;;;;;;;;;;;;;
k_vixhall;Vixhall;;;;;;;;;;;;;
k_vixhall_adj;Vixhall;;;;;;;;;;;;;
k_vixhall_desc;Vixhall;;;;;;;;;;;;;
chambery;Chambery;;;;;;;;;;;;;
chambery_adj;Chambery;;;;;;;;;;;;;
chambery_desc;Chambery;;;;;;;;;;;;;
d_chambery;Chambery;;;;;;;;;;;;;
d_chambery_adj;Chambery;;;;;;;;;;;;;
d_chambery_desc;Chambery;;;;;;;;;;;;;
des_ecrins;Des Ecrins;;;;;;;;;;;;;
des_ecrins_adj;Des Ecrins;;;;;;;;;;;;;
des_ecrins_desc;Des Ecrins;;;;;;;;;;;;;
c_des_ecrins;Des Ecrins;;;;;;;;;;;;;
c_des_ecrins_adj;Des Ecrins;;;;;;;;;;;;;
c_des_ecrins_desc;Des Ecrins;;;;;;;;;;;;;
PROV341;Des Ecrins;;;;;;;;;;;;;
PROV341_adj;Des Ecrins;;;;;;;;;;;;;
PROV341_desc;Des Ecrins;;;;;;;;;;;;;
b_des_ecrins;Des Ecrins;;;;;;;;;;;;;
b_des_ecrins_adj;Des Ecrins;;;;;;;;;;;;;
b_des_ecrins_desc;Des Ecrins;;;;;;;;;;;;;
b_des_ecrins2;Des Ecrins2;;;;;;;;;;;;;
b_des_ecrins2_adj;Des Ecrins2;;;;;;;;;;;;;
b_des_ecrins2_desc;Des Ecrins2;;;;;;;;;;;;;
pied_de_montagne;Pied De Montagne;;;;;;;;;;;;;
pied_de_montagne_adj;Pied De Montagne;;;;;;;;;;;;;
pied_de_montagne_desc;Pied De Montagne;;;;;;;;;;;;;
c_pied_de_montagne;Pied De Montagne;;;;;;;;;;;;;
c_pied_de_montagne_adj;Pied De Montagne;;;;;;;;;;;;;
c_pied_de_montagne_desc;Pied De Montagne;;;;;;;;;;;;;
PROV342;Pied De Montagne;;;;;;;;;;;;;
PROV342_adj;Pied De Montagne;;;;;;;;;;;;;
PROV342_desc;Pied De Montagne;;;;;;;;;;;;;
b_pied_de_montagne;Pied De Montagne;;;;;;;;;;;;;
b_pied_de_montagne_adj;Pied De Montagne;;;;;;;;;;;;;
b_pied_de_montagne_desc;Pied De Montagne;;;;;;;;;;;;;
b_pied_de_montagne2;Pied De Montagne2;;;;;;;;;;;;;
b_pied_de_montagne2_adj;Pied De Montagne2;;;;;;;;;;;;;
b_pied_de_montagne2_desc;Pied De Montagne2;;;;;;;;;;;;;
montelune;Montelune;;;;;;;;;;;;;
montelune_adj;Montelune;;;;;;;;;;;;;
montelune_desc;Montelune;;;;;;;;;;;;;
c_montelune;Montelune;;;;;;;;;;;;;
c_montelune_adj;Montelune;;;;;;;;;;;;;
c_montelune_desc;Montelune;;;;;;;;;;;;;
PROV343;Montelune;;;;;;;;;;;;;
PROV343_adj;Montelune;;;;;;;;;;;;;
PROV343_desc;Montelune;;;;;;;;;;;;;
b_montelune;Montelune;;;;;;;;;;;;;
b_montelune_adj;Montelune;;;;;;;;;;;;;
b_montelune_desc;Montelune;;;;;;;;;;;;;
b_montelune2;Montelune2;;;;;;;;;;;;;
b_montelune2_adj;Montelune2;;;;;;;;;;;;;
b_montelune2_desc;Montelune2;;;;;;;;;;;;;
c_chambery;Chambery;;;;;;;;;;;;;
c_chambery_adj;Chambery;;;;;;;;;;;;;
c_chambery_desc;Chambery;;;;;;;;;;;;;
PROV344;Chambery;;;;;;;;;;;;;
PROV344_adj;Chambery;;;;;;;;;;;;;
PROV344_desc;Chambery;;;;;;;;;;;;;
b_chambery;Chambery;;;;;;;;;;;;;
b_chambery_adj;Chambery;;;;;;;;;;;;;
b_chambery_desc;Chambery;;;;;;;;;;;;;
b_chambery2;Chambery2;;;;;;;;;;;;;
b_chambery2_adj;Chambery2;;;;;;;;;;;;;
b_chambery2_desc;Chambery2;;;;;;;;;;;;;
charmenix;Charmenix;;;;;;;;;;;;;
charmenix_adj;Charmenix;;;;;;;;;;;;;
charmenix_desc;Charmenix;;;;;;;;;;;;;
d_charmenix;Charmenix;;;;;;;;;;;;;
d_charmenix_adj;Charmenix;;;;;;;;;;;;;
d_charmenix_desc;Charmenix;;;;;;;;;;;;;
montelmar;Montelmar;;;;;;;;;;;;;
montelmar_adj;Montelmar;;;;;;;;;;;;;
montelmar_desc;Montelmar;;;;;;;;;;;;;
c_montelmar;Montelmar;;;;;;;;;;;;;
c_montelmar_adj;Montelmar;;;;;;;;;;;;;
c_montelmar_desc;Montelmar;;;;;;;;;;;;;
PROV345;Montelmar;;;;;;;;;;;;;
PROV345_adj;Montelmar;;;;;;;;;;;;;
PROV345_desc;Montelmar;;;;;;;;;;;;;
b_montelmar;Montelmar;;;;;;;;;;;;;
b_montelmar_adj;Montelmar;;;;;;;;;;;;;
b_montelmar_desc;Montelmar;;;;;;;;;;;;;
b_montelmar2;Montelmar2;;;;;;;;;;;;;
b_montelmar2_adj;Montelmar2;;;;;;;;;;;;;
b_montelmar2_desc;Montelmar2;;;;;;;;;;;;;
orne;Orne;;;;;;;;;;;;;
orne_adj;Orne;;;;;;;;;;;;;
orne_desc;Orne;;;;;;;;;;;;;
c_orne;Orne;;;;;;;;;;;;;
c_orne_adj;Orne;;;;;;;;;;;;;
c_orne_desc;Orne;;;;;;;;;;;;;
PROV346;Orne;;;;;;;;;;;;;
PROV346_adj;Orne;;;;;;;;;;;;;
PROV346_desc;Orne;;;;;;;;;;;;;
b_orne;Orne;;;;;;;;;;;;;
b_orne_adj;Orne;;;;;;;;;;;;;
b_orne_desc;Orne;;;;;;;;;;;;;
b_orne2;Orne2;;;;;;;;;;;;;
b_orne2_adj;Orne2;;;;;;;;;;;;;
b_orne2_desc;Orne2;;;;;;;;;;;;;
renoble;Renoble;;;;;;;;;;;;;
renoble_adj;Renoble;;;;;;;;;;;;;
renoble_desc;Renoble;;;;;;;;;;;;;
c_renoble;Renoble;;;;;;;;;;;;;
c_renoble_adj;Renoble;;;;;;;;;;;;;
c_renoble_desc;Renoble;;;;;;;;;;;;;
PROV347;Renoble;;;;;;;;;;;;;
PROV347_adj;Renoble;;;;;;;;;;;;;
PROV347_desc;Renoble;;;;;;;;;;;;;
b_renoble;Renoble;;;;;;;;;;;;;
b_renoble_adj;Renoble;;;;;;;;;;;;;
b_renoble_desc;Renoble;;;;;;;;;;;;;
b_renoble2;Renoble2;;;;;;;;;;;;;
b_renoble2_adj;Renoble2;;;;;;;;;;;;;
b_renoble2_desc;Renoble2;;;;;;;;;;;;;
c_charmenix;Charmenix;;;;;;;;;;;;;
c_charmenix_adj;Charmenix;;;;;;;;;;;;;
c_charmenix_desc;Charmenix;;;;;;;;;;;;;
PROV348;Charmenix;;;;;;;;;;;;;
PROV348_adj;Charmenix;;;;;;;;;;;;;
PROV348_desc;Charmenix;;;;;;;;;;;;;
b_charmenix;Charmenix;;;;;;;;;;;;;
b_charmenix_adj;Charmenix;;;;;;;;;;;;;
b_charmenix_desc;Charmenix;;;;;;;;;;;;;
b_charmenix2;Charmenix2;;;;;;;;;;;;;
b_charmenix2_adj;Charmenix2;;;;;;;;;;;;;
b_charmenix2_desc;Charmenix2;;;;;;;;;;;;;
teula;Teula;;;;;;;;;;;;;
teula_adj;Teula;;;;;;;;;;;;;
teula_desc;Teula;;;;;;;;;;;;;
c_teula;Teula;;;;;;;;;;;;;
c_teula_adj;Teula;;;;;;;;;;;;;
c_teula_desc;Teula;;;;;;;;;;;;;
PROV349;Teula;;;;;;;;;;;;;
PROV349_adj;Teula;;;;;;;;;;;;;
PROV349_desc;Teula;;;;;;;;;;;;;
b_teula;Teula;;;;;;;;;;;;;
b_teula_adj;Teula;;;;;;;;;;;;;
b_teula_desc;Teula;;;;;;;;;;;;;
b_teula2;Teula2;;;;;;;;;;;;;
b_teula2_adj;Teula2;;;;;;;;;;;;;
b_teula2_desc;Teula2;;;;;;;;;;;;;
couronne;Couronne;;;;;;;;;;;;;
couronne_adj;Couronne;;;;;;;;;;;;;
couronne_desc;Couronne;;;;;;;;;;;;;
d_couronne;Couronne;;;;;;;;;;;;;
d_couronne_adj;Couronne;;;;;;;;;;;;;
d_couronne_desc;Couronne;;;;;;;;;;;;;
centre_vixe;Centre Vixe;;;;;;;;;;;;;
centre_vixe_adj;Centre Vixe;;;;;;;;;;;;;
centre_vixe_desc;Centre Vixe;;;;;;;;;;;;;
c_centre_vixe;Centre Vixe;;;;;;;;;;;;;
c_centre_vixe_adj;Centre Vixe;;;;;;;;;;;;;
c_centre_vixe_desc;Centre Vixe;;;;;;;;;;;;;
PROV350;Centre Vixe;;;;;;;;;;;;;
PROV350_adj;Centre Vixe;;;;;;;;;;;;;
PROV350_desc;Centre Vixe;;;;;;;;;;;;;
b_centre_vixe;Centre Vixe;;;;;;;;;;;;;
b_centre_vixe_adj;Centre Vixe;;;;;;;;;;;;;
b_centre_vixe_desc;Centre Vixe;;;;;;;;;;;;;
b_centre_vixe2;Centre Vixe2;;;;;;;;;;;;;
b_centre_vixe2_adj;Centre Vixe2;;;;;;;;;;;;;
b_centre_vixe2_desc;Centre Vixe2;;;;;;;;;;;;;
surenne;Surenne;;;;;;;;;;;;;
surenne_adj;Surenne;;;;;;;;;;;;;
surenne_desc;Surenne;;;;;;;;;;;;;
c_surenne;Surenne;;;;;;;;;;;;;
c_surenne_adj;Surenne;;;;;;;;;;;;;
c_surenne_desc;Surenne;;;;;;;;;;;;;
PROV351;Surenne;;;;;;;;;;;;;
PROV351_adj;Surenne;;;;;;;;;;;;;
PROV351_desc;Surenne;;;;;;;;;;;;;
b_surenne;Surenne;;;;;;;;;;;;;
b_surenne_adj;Surenne;;;;;;;;;;;;;
b_surenne_desc;Surenne;;;;;;;;;;;;;
b_surenne2;Surenne2;;;;;;;;;;;;;
b_surenne2_adj;Surenne2;;;;;;;;;;;;;
b_surenne2_desc;Surenne2;;;;;;;;;;;;;
pays_de_liberte;Pays De Liberte;;;;;;;;;;;;;
pays_de_liberte_adj;Pays De Liberte;;;;;;;;;;;;;
pays_de_liberte_desc;Pays De Liberte;;;;;;;;;;;;;
d_pays_de_liberte;Pays De Liberte;;;;;;;;;;;;;
d_pays_de_liberte_adj;Pays De Liberte;;;;;;;;;;;;;
d_pays_de_liberte_desc;Pays De Liberte;;;;;;;;;;;;;
pays_de_loisir;Pays De Loisir;;;;;;;;;;;;;
pays_de_loisir_adj;Pays De Loisir;;;;;;;;;;;;;
pays_de_loisir_desc;Pays De Loisir;;;;;;;;;;;;;
c_pays_de_loisir;Pays De Loisir;;;;;;;;;;;;;
c_pays_de_loisir_adj;Pays De Loisir;;;;;;;;;;;;;
c_pays_de_loisir_desc;Pays De Loisir;;;;;;;;;;;;;
PROV352;Pays De Loisir;;;;;;;;;;;;;
PROV352_adj;Pays De Loisir;;;;;;;;;;;;;
PROV352_desc;Pays De Loisir;;;;;;;;;;;;;
b_pays_de_loisir;Pays De Loisir;;;;;;;;;;;;;
b_pays_de_loisir_adj;Pays De Loisir;;;;;;;;;;;;;
b_pays_de_loisir_desc;Pays De Loisir;;;;;;;;;;;;;
b_pays_de_loisir2;Pays De Loisir2;;;;;;;;;;;;;
b_pays_de_loisir2_adj;Pays De Loisir2;;;;;;;;;;;;;
b_pays_de_loisir2_desc;Pays De Loisir2;;;;;;;;;;;;;
loiree_haute;Loiree Haute;;;;;;;;;;;;;
loiree_haute_adj;Loiree Haute;;;;;;;;;;;;;
loiree_haute_desc;Loiree Haute;;;;;;;;;;;;;
c_loiree_haute;Loiree Haute;;;;;;;;;;;;;
c_loiree_haute_adj;Loiree Haute;;;;;;;;;;;;;
c_loiree_haute_desc;Loiree Haute;;;;;;;;;;;;;
PROV353;Loiree Haute;;;;;;;;;;;;;
PROV353_adj;Loiree Haute;;;;;;;;;;;;;
PROV353_desc;Loiree Haute;;;;;;;;;;;;;
b_loiree_haute;Loiree Haute;;;;;;;;;;;;;
b_loiree_haute_adj;Loiree Haute;;;;;;;;;;;;;
b_loiree_haute_desc;Loiree Haute;;;;;;;;;;;;;
b_loiree_haute2;Loiree Haute2;;;;;;;;;;;;;
b_loiree_haute2_adj;Loiree Haute2;;;;;;;;;;;;;
b_loiree_haute2_desc;Loiree Haute2;;;;;;;;;;;;;
pays_du_loiree;Pays Du Loiree;;;;;;;;;;;;;
pays_du_loiree_adj;Pays Du Loiree;;;;;;;;;;;;;
pays_du_loiree_desc;Pays Du Loiree;;;;;;;;;;;;;
c_pays_du_loiree;Pays Du Loiree;;;;;;;;;;;;;
c_pays_du_loiree_adj;Pays Du Loiree;;;;;;;;;;;;;
c_pays_du_loiree_desc;Pays Du Loiree;;;;;;;;;;;;;
PROV354;Pays Du Loiree;;;;;;;;;;;;;
PROV354_adj;Pays Du Loiree;;;;;;;;;;;;;
PROV354_desc;Pays Du Loiree;;;;;;;;;;;;;
b_pays_du_loiree;Pays Du Loiree;;;;;;;;;;;;;
b_pays_du_loiree_adj;Pays Du Loiree;;;;;;;;;;;;;
b_pays_du_loiree_desc;Pays Du Loiree;;;;;;;;;;;;;
b_pays_du_loiree2;Pays Du Loiree2;;;;;;;;;;;;;
b_pays_du_loiree2_adj;Pays Du Loiree2;;;;;;;;;;;;;
b_pays_du_loiree2_desc;Pays Du Loiree2;;;;;;;;;;;;;
heartland;Heartland;;;;;;;;;;;;;
heartland_adj;Heartland;;;;;;;;;;;;;
heartland_desc;Heartland;;;;;;;;;;;;;
e_waldmark;Waldmark;;;;;;;;;;;;;
e_waldmark_adj;Waldmarker;;;;;;;;;;;;;
e_waldmark_desc;Waldmark;;;;;;;;;;;;;
haltover;Haltover;;;;;;;;;;;;;
haltover_adj;Haltover;;;;;;;;;;;;;
haltover_desc;Haltover;;;;;;;;;;;;;
k_haltover;Haltover;;;;;;;;;;;;;
k_haltover_adj;Haltover;;;;;;;;;;;;;
k_haltover_desc;Haltover;;;;;;;;;;;;;
chedring;Chedring;;;;;;;;;;;;;
chedring_adj;Chedring;;;;;;;;;;;;;
chedring_desc;Chedring;;;;;;;;;;;;;
d_chedring;Chedring;;;;;;;;;;;;;
d_chedring_adj;Chedring;;;;;;;;;;;;;
d_chedring_desc;Chedring;;;;;;;;;;;;;
c_chedring;Chedring;;;;;;;;;;;;;
c_chedring_adj;Chedring;;;;;;;;;;;;;
c_chedring_desc;Chedring;;;;;;;;;;;;;
PROV355;Chedring;;;;;;;;;;;;;
PROV355_adj;Chedring;;;;;;;;;;;;;
PROV355_desc;Chedring;;;;;;;;;;;;;
b_chedring;Chedring;;;;;;;;;;;;;
b_chedring_adj;Chedring;;;;;;;;;;;;;
b_chedring_desc;Chedring;;;;;;;;;;;;;
b_chedring2;Chedring2;;;;;;;;;;;;;
b_chedring2_adj;Chedring2;;;;;;;;;;;;;
b_chedring2_desc;Chedring2;;;;;;;;;;;;;
castlefair;Castlefair;;;;;;;;;;;;;
castlefair_adj;Castlefair;;;;;;;;;;;;;
castlefair_desc;Castlefair;;;;;;;;;;;;;
c_castlefair;Castlefair;;;;;;;;;;;;;
c_castlefair_adj;Castlefair;;;;;;;;;;;;;
c_castlefair_desc;Castlefair;;;;;;;;;;;;;
PROV356;Castlefair;;;;;;;;;;;;;
PROV356_adj;Castlefair;;;;;;;;;;;;;
PROV356_desc;Castlefair;;;;;;;;;;;;;
b_castlefair;Castlefair;;;;;;;;;;;;;
b_castlefair_adj;Castlefair;;;;;;;;;;;;;
b_castlefair_desc;Castlefair;;;;;;;;;;;;;
b_castlefair2;Castlefair2;;;;;;;;;;;;;
b_castlefair2_adj;Castlefair2;;;;;;;;;;;;;
b_castlefair2_desc;Castlefair2;;;;;;;;;;;;;
milthousebridge;Milthousebridge;;;;;;;;;;;;;
milthousebridge_adj;Milthousebridge;;;;;;;;;;;;;
milthousebridge_desc;Milthousebridge;;;;;;;;;;;;;
c_milthousebridge;Milthousebridge;;;;;;;;;;;;;
c_milthousebridge_adj;Milthousebridge;;;;;;;;;;;;;
c_milthousebridge_desc;Milthousebridge;;;;;;;;;;;;;
PROV357;Milthousebridge;;;;;;;;;;;;;
PROV357_adj;Milthousebridge;;;;;;;;;;;;;
PROV357_desc;Milthousebridge;;;;;;;;;;;;;
b_milthousebridge;Milthousebridge;;;;;;;;;;;;;
b_milthousebridge_adj;Milthousebridge;;;;;;;;;;;;;
b_milthousebridge_desc;Milthousebridge;;;;;;;;;;;;;
b_milthousebridge2;Milthousebridge2;;;;;;;;;;;;;
b_milthousebridge2_adj;Milthousebridge2;;;;;;;;;;;;;
b_milthousebridge2_desc;Milthousebridge2;;;;;;;;;;;;;
ettrick;Ettrick;;;;;;;;;;;;;
ettrick_adj;Ettrick;;;;;;;;;;;;;
ettrick_desc;Ettrick;;;;;;;;;;;;;
d_ettrick;Ettrick;;;;;;;;;;;;;
d_ettrick_adj;Ettrick;;;;;;;;;;;;;
d_ettrick_desc;Ettrick;;;;;;;;;;;;;
kirkeland;Kirkeland;;;;;;;;;;;;;
kirkeland_adj;Kirkeland;;;;;;;;;;;;;
kirkeland_desc;Kirkeland;;;;;;;;;;;;;
c_kirkeland;Kirkeland;;;;;;;;;;;;;
c_kirkeland_adj;Kirkeland;;;;;;;;;;;;;
c_kirkeland_desc;Kirkeland;;;;;;;;;;;;;
PROV358;Kirkeland;;;;;;;;;;;;;
PROV358_adj;Kirkeland;;;;;;;;;;;;;
PROV358_desc;Kirkeland;;;;;;;;;;;;;
b_kirkeland;Kirkeland;;;;;;;;;;;;;
b_kirkeland_adj;Kirkeland;;;;;;;;;;;;;
b_kirkeland_desc;Kirkeland;;;;;;;;;;;;;
b_kirkeland2;Kirkeland2;;;;;;;;;;;;;
b_kirkeland2_adj;Kirkeland2;;;;;;;;;;;;;
b_kirkeland2_desc;Kirkeland2;;;;;;;;;;;;;
carron;Carron;;;;;;;;;;;;;
carron_adj;Carron;;;;;;;;;;;;;
carron_desc;Carron;;;;;;;;;;;;;
c_carron;Carron;;;;;;;;;;;;;
c_carron_adj;Carron;;;;;;;;;;;;;
c_carron_desc;Carron;;;;;;;;;;;;;
PROV359;Carron;;;;;;;;;;;;;
PROV359_adj;Carron;;;;;;;;;;;;;
PROV359_desc;Carron;;;;;;;;;;;;;
b_carron;Carron;;;;;;;;;;;;;
b_carron_adj;Carron;;;;;;;;;;;;;
b_carron_desc;Carron;;;;;;;;;;;;;
b_carron2;Carron2;;;;;;;;;;;;;
b_carron2_adj;Carron2;;;;;;;;;;;;;
b_carron2_desc;Carron2;;;;;;;;;;;;;
moffat;Moffat;;;;;;;;;;;;;
moffat_adj;Moffat;;;;;;;;;;;;;
moffat_desc;Moffat;;;;;;;;;;;;;
c_moffat;Moffat;;;;;;;;;;;;;
c_moffat_adj;Moffat;;;;;;;;;;;;;
c_moffat_desc;Moffat;;;;;;;;;;;;;
PROV360;Moffat;;;;;;;;;;;;;
PROV360_adj;Moffat;;;;;;;;;;;;;
PROV360_desc;Moffat;;;;;;;;;;;;;
b_moffat;Moffat;;;;;;;;;;;;;
b_moffat_adj;Moffat;;;;;;;;;;;;;
b_moffat_desc;Moffat;;;;;;;;;;;;;
b_moffat2;Moffat2;;;;;;;;;;;;;
b_moffat2_adj;Moffat2;;;;;;;;;;;;;
b_moffat2_desc;Moffat2;;;;;;;;;;;;;
galtrick;Galtrick;;;;;;;;;;;;;
galtrick_adj;Galtrick;;;;;;;;;;;;;
galtrick_desc;Galtrick;;;;;;;;;;;;;
c_galtrick;Galtrick;;;;;;;;;;;;;
c_galtrick_adj;Galtrick;;;;;;;;;;;;;
c_galtrick_desc;Galtrick;;;;;;;;;;;;;
PROV361;Galtrick;;;;;;;;;;;;;
PROV361_adj;Galtrick;;;;;;;;;;;;;
PROV361_desc;Galtrick;;;;;;;;;;;;;
b_galtrick;Galtrick;;;;;;;;;;;;;
b_galtrick_adj;Galtrick;;;;;;;;;;;;;
b_galtrick_desc;Galtrick;;;;;;;;;;;;;
b_galtrick2;Galtrick2;;;;;;;;;;;;;
b_galtrick2_adj;Galtrick2;;;;;;;;;;;;;
b_galtrick2_desc;Galtrick2;;;;;;;;;;;;;
c_ettrick;Ettrick;;;;;;;;;;;;;
c_ettrick_adj;Ettrick;;;;;;;;;;;;;
c_ettrick_desc;Ettrick;;;;;;;;;;;;;
PROV362;Ettrick;;;;;;;;;;;;;
PROV362_adj;Ettrick;;;;;;;;;;;;;
PROV362_desc;Ettrick;;;;;;;;;;;;;
b_ettrick;Ettrick;;;;;;;;;;;;;
b_ettrick_adj;Ettrick;;;;;;;;;;;;;
b_ettrick_desc;Ettrick;;;;;;;;;;;;;
b_ettrick2;Ettrick2;;;;;;;;;;;;;
b_ettrick2_adj;Ettrick2;;;;;;;;;;;;;
b_ettrick2_desc;Ettrick2;;;;;;;;;;;;;
stilton;Stilton;;;;;;;;;;;;;
stilton_adj;Stilton;;;;;;;;;;;;;
stilton_desc;Stilton;;;;;;;;;;;;;
d_stilton;Stilton;;;;;;;;;;;;;
d_stilton_adj;Stilton;;;;;;;;;;;;;
d_stilton_desc;Stilton;;;;;;;;;;;;;
milton;Milton;;;;;;;;;;;;;
milton_adj;Milton;;;;;;;;;;;;;
milton_desc;Milton;;;;;;;;;;;;;
c_milton;Milton;;;;;;;;;;;;;
c_milton_adj;Milton;;;;;;;;;;;;;
c_milton_desc;Milton;;;;;;;;;;;;;
PROV363;Milton;;;;;;;;;;;;;
PROV363_adj;Milton;;;;;;;;;;;;;
PROV363_desc;Milton;;;;;;;;;;;;;
b_milton;Milton;;;;;;;;;;;;;
b_milton_adj;Milton;;;;;;;;;;;;;
b_milton_desc;Milton;;;;;;;;;;;;;
b_milton2;Milton2;;;;;;;;;;;;;
b_milton2_adj;Milton2;;;;;;;;;;;;;
b_milton2_desc;Milton2;;;;;;;;;;;;;
roberton;Roberton;;;;;;;;;;;;;
roberton_adj;Roberton;;;;;;;;;;;;;
roberton_desc;Roberton;;;;;;;;;;;;;
c_roberton;Roberton;;;;;;;;;;;;;
c_roberton_adj;Roberton;;;;;;;;;;;;;
c_roberton_desc;Roberton;;;;;;;;;;;;;
PROV364;Roberton;;;;;;;;;;;;;
PROV364_adj;Roberton;;;;;;;;;;;;;
PROV364_desc;Roberton;;;;;;;;;;;;;
b_roberton;Roberton;;;;;;;;;;;;;
b_roberton_adj;Roberton;;;;;;;;;;;;;
b_roberton_desc;Roberton;;;;;;;;;;;;;
b_roberton2;Roberton2;;;;;;;;;;;;;
b_roberton2_adj;Roberton2;;;;;;;;;;;;;
b_roberton2_desc;Roberton2;;;;;;;;;;;;;
wintcastle;Wintcastle;;;;;;;;;;;;;
wintcastle_adj;Wintcastle;;;;;;;;;;;;;
wintcastle_desc;Wintcastle;;;;;;;;;;;;;
c_wintcastle;Wintcastle;;;;;;;;;;;;;
c_wintcastle_adj;Wintcastle;;;;;;;;;;;;;
c_wintcastle_desc;Wintcastle;;;;;;;;;;;;;
PROV365;Wintcastle;;;;;;;;;;;;;
PROV365_adj;Wintcastle;;;;;;;;;;;;;
PROV365_desc;Wintcastle;;;;;;;;;;;;;
b_wintcastle;Wintcastle;;;;;;;;;;;;;
b_wintcastle_adj;Wintcastle;;;;;;;;;;;;;
b_wintcastle_desc;Wintcastle;;;;;;;;;;;;;
b_wintcastle2;Wintcastle2;;;;;;;;;;;;;
b_wintcastle2_adj;Wintcastle2;;;;;;;;;;;;;
b_wintcastle2_desc;Wintcastle2;;;;;;;;;;;;;
garsmarket;Garsmarket;;;;;;;;;;;;;
garsmarket_adj;Garsmarket;;;;;;;;;;;;;
garsmarket_desc;Garsmarket;;;;;;;;;;;;;
c_garsmarket;Garsmarket;;;;;;;;;;;;;
c_garsmarket_adj;Garsmarket;;;;;;;;;;;;;
c_garsmarket_desc;Garsmarket;;;;;;;;;;;;;
PROV366;Garsmarket;;;;;;;;;;;;;
PROV366_adj;Garsmarket;;;;;;;;;;;;;
PROV366_desc;Garsmarket;;;;;;;;;;;;;
b_garsmarket;Garsmarket;;;;;;;;;;;;;
b_garsmarket_adj;Garsmarket;;;;;;;;;;;;;
b_garsmarket_desc;Garsmarket;;;;;;;;;;;;;
b_garsmarket2;Garsmarket2;;;;;;;;;;;;;
b_garsmarket2_adj;Garsmarket2;;;;;;;;;;;;;
b_garsmarket2_desc;Garsmarket2;;;;;;;;;;;;;
north_wessink;North Wessink;;;;;;;;;;;;;
north_wessink_adj;North Wessink;;;;;;;;;;;;;
north_wessink_desc;North Wessink;;;;;;;;;;;;;
k_north_wessink;North Wessink;;;;;;;;;;;;;
k_north_wessink_adj;North Wessink;;;;;;;;;;;;;
k_north_wessink_desc;North Wessink;;;;;;;;;;;;;
bootlecastle;Bootlecastle;;;;;;;;;;;;;
bootlecastle_adj;Bootlecastle;;;;;;;;;;;;;
bootlecastle_desc;Bootlecastle;;;;;;;;;;;;;
d_bootlecastle;Bootlecastle;;;;;;;;;;;;;
d_bootlecastle_adj;Bootlecastle;;;;;;;;;;;;;
d_bootlecastle_desc;Bootlecastle;;;;;;;;;;;;;
c_bootlecastle;Bootlecastle;;;;;;;;;;;;;
c_bootlecastle_adj;Bootlecastle;;;;;;;;;;;;;
c_bootlecastle_desc;Bootlecastle;;;;;;;;;;;;;
PROV367;Bootlecastle;;;;;;;;;;;;;
PROV367_adj;Bootlecastle;;;;;;;;;;;;;
PROV367_desc;Bootlecastle;;;;;;;;;;;;;
b_bootlecastle;Bootlecastle;;;;;;;;;;;;;
b_bootlecastle_adj;Bootlecastle;;;;;;;;;;;;;
b_bootlecastle_desc;Bootlecastle;;;;;;;;;;;;;
b_bootlecastle2;Bootlecastle2;;;;;;;;;;;;;
b_bootlecastle2_adj;Bootlecastle2;;;;;;;;;;;;;
b_bootlecastle2_desc;Bootlecastle2;;;;;;;;;;;;;
bolton;Bolton;;;;;;;;;;;;;
bolton_adj;Bolton;;;;;;;;;;;;;
bolton_desc;Bolton;;;;;;;;;;;;;
c_bolton;Bolton;;;;;;;;;;;;;
c_bolton_adj;Bolton;;;;;;;;;;;;;
c_bolton_desc;Bolton;;;;;;;;;;;;;
PROV368;Bolton;;;;;;;;;;;;;
PROV368_adj;Bolton;;;;;;;;;;;;;
PROV368_desc;Bolton;;;;;;;;;;;;;
b_bolton;Bolton;;;;;;;;;;;;;
b_bolton_adj;Bolton;;;;;;;;;;;;;
b_bolton_desc;Bolton;;;;;;;;;;;;;
b_bolton2;Bolton2;;;;;;;;;;;;;
b_bolton2_adj;Bolton2;;;;;;;;;;;;;
b_bolton2_desc;Bolton2;;;;;;;;;;;;;
roose;Roose;;;;;;;;;;;;;
roose_adj;Roose;;;;;;;;;;;;;
roose_desc;Roose;;;;;;;;;;;;;
c_roose;Roose;;;;;;;;;;;;;
c_roose_adj;Roose;;;;;;;;;;;;;
c_roose_desc;Roose;;;;;;;;;;;;;
PROV369;Roose;;;;;;;;;;;;;
PROV369_adj;Roose;;;;;;;;;;;;;
PROV369_desc;Roose;;;;;;;;;;;;;
b_roose;Roose;;;;;;;;;;;;;
b_roose_adj;Roose;;;;;;;;;;;;;
b_roose_desc;Roose;;;;;;;;;;;;;
b_roose2;Roose2;;;;;;;;;;;;;
b_roose2_adj;Roose2;;;;;;;;;;;;;
b_roose2_desc;Roose2;;;;;;;;;;;;;
skelmersdale;Skelmersdale;;;;;;;;;;;;;
skelmersdale_adj;Skelmersdale;;;;;;;;;;;;;
skelmersdale_desc;Skelmersdale;;;;;;;;;;;;;
c_skelmersdale;Skelmersdale;;;;;;;;;;;;;
c_skelmersdale_adj;Skelmersdale;;;;;;;;;;;;;
c_skelmersdale_desc;Skelmersdale;;;;;;;;;;;;;
PROV370;Skelmersdale;;;;;;;;;;;;;
PROV370_adj;Skelmersdale;;;;;;;;;;;;;
PROV370_desc;Skelmersdale;;;;;;;;;;;;;
b_skelmersdale;Skelmersdale;;;;;;;;;;;;;
b_skelmersdale_adj;Skelmersdale;;;;;;;;;;;;;
b_skelmersdale_desc;Skelmersdale;;;;;;;;;;;;;
b_skelmersdale2;Skelmersdale2;;;;;;;;;;;;;
b_skelmersdale2_adj;Skelmersdale2;;;;;;;;;;;;;
b_skelmersdale2_desc;Skelmersdale2;;;;;;;;;;;;;
dalern;Dalern;;;;;;;;;;;;;
dalern_adj;Dalern;;;;;;;;;;;;;
dalern_desc;Dalern;;;;;;;;;;;;;
d_dalern;Dalern;;;;;;;;;;;;;
d_dalern_adj;Dalern;;;;;;;;;;;;;
d_dalern_desc;Dalern;;;;;;;;;;;;;
westdale;Westdale;;;;;;;;;;;;;
westdale_adj;Westdale;;;;;;;;;;;;;
westdale_desc;Westdale;;;;;;;;;;;;;
c_westdale;Westdale;;;;;;;;;;;;;
c_westdale_adj;Westdale;;;;;;;;;;;;;
c_westdale_desc;Westdale;;;;;;;;;;;;;
PROV371;Westdale;;;;;;;;;;;;;
PROV371_adj;Westdale;;;;;;;;;;;;;
PROV371_desc;Westdale;;;;;;;;;;;;;
b_westdale;Westdale;;;;;;;;;;;;;
b_westdale_adj;Westdale;;;;;;;;;;;;;
b_westdale_desc;Westdale;;;;;;;;;;;;;
b_westdale2;Westdale2;;;;;;;;;;;;;
b_westdale2_adj;Westdale2;;;;;;;;;;;;;
b_westdale2_desc;Westdale2;;;;;;;;;;;;;
grint;Grint;;;;;;;;;;;;;
grint_adj;Grint;;;;;;;;;;;;;
grint_desc;Grint;;;;;;;;;;;;;
c_grint;Grint;;;;;;;;;;;;;
c_grint_adj;Grint;;;;;;;;;;;;;
c_grint_desc;Grint;;;;;;;;;;;;;
PROV372;Grint;;;;;;;;;;;;;
PROV372_adj;Grint;;;;;;;;;;;;;
PROV372_desc;Grint;;;;;;;;;;;;;
b_grint;Grint;;;;;;;;;;;;;
b_grint_adj;Grint;;;;;;;;;;;;;
b_grint_desc;Grint;;;;;;;;;;;;;
b_grint2;Grint2;;;;;;;;;;;;;
b_grint2_adj;Grint2;;;;;;;;;;;;;
b_grint2_desc;Grint2;;;;;;;;;;;;;
southdale;Southdale;;;;;;;;;;;;;
southdale_adj;Southdale;;;;;;;;;;;;;
southdale_desc;Southdale;;;;;;;;;;;;;
c_southdale;Southdale;;;;;;;;;;;;;
c_southdale_adj;Southdale;;;;;;;;;;;;;
c_southdale_desc;Southdale;;;;;;;;;;;;;
PROV373;Southdale;;;;;;;;;;;;;
PROV373_adj;Southdale;;;;;;;;;;;;;
PROV373_desc;Southdale;;;;;;;;;;;;;
b_southdale;Southdale;;;;;;;;;;;;;
b_southdale_adj;Southdale;;;;;;;;;;;;;
b_southdale_desc;Southdale;;;;;;;;;;;;;
b_southdale2;Southdale2;;;;;;;;;;;;;
b_southdale2_adj;Southdale2;;;;;;;;;;;;;
b_southdale2_desc;Southdale2;;;;;;;;;;;;;
newton_willows;Newton Willows;;;;;;;;;;;;;
newton_willows_adj;Newton Willows;;;;;;;;;;;;;
newton_willows_desc;Newton Willows;;;;;;;;;;;;;
c_newton_willows;Newton Willows;;;;;;;;;;;;;
c_newton_willows_adj;Newton Willows;;;;;;;;;;;;;
c_newton_willows_desc;Newton Willows;;;;;;;;;;;;;
PROV374;Newton Willows;;;;;;;;;;;;;
PROV374_adj;Newton Willows;;;;;;;;;;;;;
PROV374_desc;Newton Willows;;;;;;;;;;;;;
b_newton_willows;Newton Willows;;;;;;;;;;;;;
b_newton_willows_adj;Newton Willows;;;;;;;;;;;;;
b_newton_willows_desc;Newton Willows;;;;;;;;;;;;;
b_newton_willows2;Newton Willows2;;;;;;;;;;;;;
b_newton_willows2_adj;Newton Willows2;;;;;;;;;;;;;
b_newton_willows2_desc;Newton Willows2;;;;;;;;;;;;;
formeby;Formeby;;;;;;;;;;;;;
formeby_adj;Formeby;;;;;;;;;;;;;
formeby_desc;Formeby;;;;;;;;;;;;;
c_formeby;Formeby;;;;;;;;;;;;;
c_formeby_adj;Formeby;;;;;;;;;;;;;
c_formeby_desc;Formeby;;;;;;;;;;;;;
PROV375;Formeby;;;;;;;;;;;;;
PROV375_adj;Formeby;;;;;;;;;;;;;
PROV375_desc;Formeby;;;;;;;;;;;;;
b_formeby;Formeby;;;;;;;;;;;;;
b_formeby_adj;Formeby;;;;;;;;;;;;;
b_formeby_desc;Formeby;;;;;;;;;;;;;
b_formeby2;Formeby2;;;;;;;;;;;;;
b_formeby2_adj;Formeby2;;;;;;;;;;;;;
b_formeby2_desc;Formeby2;;;;;;;;;;;;;
c_dalern;Dalern;;;;;;;;;;;;;
c_dalern_adj;Dalern;;;;;;;;;;;;;
c_dalern_desc;Dalern;;;;;;;;;;;;;
PROV376;Dalern;;;;;;;;;;;;;
PROV376_adj;Dalern;;;;;;;;;;;;;
PROV376_desc;Dalern;;;;;;;;;;;;;
b_dalern;Dalern;;;;;;;;;;;;;
b_dalern_adj;Dalern;;;;;;;;;;;;;
b_dalern_desc;Dalern;;;;;;;;;;;;;
b_dalern2;Dalern2;;;;;;;;;;;;;
b_dalern2_adj;Dalern2;;;;;;;;;;;;;
b_dalern2_desc;Dalern2;;;;;;;;;;;;;
thorne;Thorne;;;;;;;;;;;;;
thorne_adj;Thorne;;;;;;;;;;;;;
thorne_desc;Thorne;;;;;;;;;;;;;
d_thorne;Thorne;;;;;;;;;;;;;
d_thorne_adj;Thorne;;;;;;;;;;;;;
d_thorne_desc;Thorne;;;;;;;;;;;;;
ellesmere;Ellesmere;;;;;;;;;;;;;
ellesmere_adj;Ellesmere;;;;;;;;;;;;;
ellesmere_desc;Ellesmere;;;;;;;;;;;;;
c_ellesmere;Ellesmere;;;;;;;;;;;;;
c_ellesmere_adj;Ellesmere;;;;;;;;;;;;;
c_ellesmere_desc;Ellesmere;;;;;;;;;;;;;
PROV377;Ellesmere;;;;;;;;;;;;;
PROV377_adj;Ellesmere;;;;;;;;;;;;;
PROV377_desc;Ellesmere;;;;;;;;;;;;;
b_ellesmere;Ellesmere;;;;;;;;;;;;;
b_ellesmere_adj;Ellesmere;;;;;;;;;;;;;
b_ellesmere_desc;Ellesmere;;;;;;;;;;;;;
b_ellesmere2;Ellesmere2;;;;;;;;;;;;;
b_ellesmere2_adj;Ellesmere2;;;;;;;;;;;;;
b_ellesmere2_desc;Ellesmere2;;;;;;;;;;;;;
ormsbrucht;Ormsbrucht;;;;;;;;;;;;;
ormsbrucht_adj;Ormsbrucht;;;;;;;;;;;;;
ormsbrucht_desc;Ormsbrucht;;;;;;;;;;;;;
c_ormsbrucht;Ormsbrucht;;;;;;;;;;;;;
c_ormsbrucht_adj;Ormsbrucht;;;;;;;;;;;;;
c_ormsbrucht_desc;Ormsbrucht;;;;;;;;;;;;;
PROV378;Ormsbrucht;;;;;;;;;;;;;
PROV378_adj;Ormsbrucht;;;;;;;;;;;;;
PROV378_desc;Ormsbrucht;;;;;;;;;;;;;
b_ormsbrucht;Ormsbrucht;;;;;;;;;;;;;
b_ormsbrucht_adj;Ormsbrucht;;;;;;;;;;;;;
b_ormsbrucht_desc;Ormsbrucht;;;;;;;;;;;;;
b_ormsbrucht2;Ormsbrucht2;;;;;;;;;;;;;
b_ormsbrucht2_adj;Ormsbrucht2;;;;;;;;;;;;;
b_ormsbrucht2_desc;Ormsbrucht2;;;;;;;;;;;;;
saint_helens;Saint Helens;;;;;;;;;;;;;
saint_helens_adj;Saint Helens;;;;;;;;;;;;;
saint_helens_desc;Saint Helens;;;;;;;;;;;;;
c_saint_helens;Saint Helens;;;;;;;;;;;;;
c_saint_helens_adj;Saint Helens;;;;;;;;;;;;;
c_saint_helens_desc;Saint Helens;;;;;;;;;;;;;
PROV379;Saint Helens;;;;;;;;;;;;;
PROV379_adj;Saint Helens;;;;;;;;;;;;;
PROV379_desc;Saint Helens;;;;;;;;;;;;;
b_saint_helens;Saint Helens;;;;;;;;;;;;;
b_saint_helens_adj;Saint Helens;;;;;;;;;;;;;
b_saint_helens_desc;Saint Helens;;;;;;;;;;;;;
b_saint_helens2;Saint Helens2;;;;;;;;;;;;;
b_saint_helens2_adj;Saint Helens2;;;;;;;;;;;;;
b_saint_helens2_desc;Saint Helens2;;;;;;;;;;;;;
c_thorne;Thorne;;;;;;;;;;;;;
c_thorne_adj;Thorne;;;;;;;;;;;;;
c_thorne_desc;Thorne;;;;;;;;;;;;;
PROV380;Thorne;;;;;;;;;;;;;
PROV380_adj;Thorne;;;;;;;;;;;;;
PROV380_desc;Thorne;;;;;;;;;;;;;
b_thorne;Thorne;;;;;;;;;;;;;
b_thorne_adj;Thorne;;;;;;;;;;;;;
b_thorne_desc;Thorne;;;;;;;;;;;;;
b_thorne2;Thorne2;;;;;;;;;;;;;
b_thorne2_adj;Thorne2;;;;;;;;;;;;;
b_thorne2_desc;Thorne2;;;;;;;;;;;;;
south_wessink;South Wessink;;;;;;;;;;;;;
south_wessink_adj;South Wessink;;;;;;;;;;;;;
south_wessink_desc;South Wessink;;;;;;;;;;;;;
k_south_wessink;South Wessink;;;;;;;;;;;;;
k_south_wessink_adj;South Wessink;;;;;;;;;;;;;
k_south_wessink_desc;South Wessink;;;;;;;;;;;;;
birming;Birming;;;;;;;;;;;;;
birming_adj;Birming;;;;;;;;;;;;;
birming_desc;Birming;;;;;;;;;;;;;
d_birming;Birming;;;;;;;;;;;;;
d_birming_adj;Birming;;;;;;;;;;;;;
d_birming_desc;Birming;;;;;;;;;;;;;
solthul;Solthul;;;;;;;;;;;;;
solthul_adj;Solthul;;;;;;;;;;;;;
solthul_desc;Solthul;;;;;;;;;;;;;
c_solthul;Solthul;;;;;;;;;;;;;
c_solthul_adj;Solthul;;;;;;;;;;;;;
c_solthul_desc;Solthul;;;;;;;;;;;;;
PROV381;Solthul;;;;;;;;;;;;;
PROV381_adj;Solthul;;;;;;;;;;;;;
PROV381_desc;Solthul;;;;;;;;;;;;;
b_solthul;Solthul;;;;;;;;;;;;;
b_solthul_adj;Solthul;;;;;;;;;;;;;
b_solthul_desc;Solthul;;;;;;;;;;;;;
b_solthul2;Solthul2;;;;;;;;;;;;;
b_solthul2_adj;Solthul2;;;;;;;;;;;;;
b_solthul2_desc;Solthul2;;;;;;;;;;;;;
c_birming;Birming;;;;;;;;;;;;;
c_birming_adj;Birming;;;;;;;;;;;;;
c_birming_desc;Birming;;;;;;;;;;;;;
PROV382;Birming;;;;;;;;;;;;;
PROV382_adj;Birming;;;;;;;;;;;;;
PROV382_desc;Birming;;;;;;;;;;;;;
b_birming;Birming;;;;;;;;;;;;;
b_birming_adj;Birming;;;;;;;;;;;;;
b_birming_desc;Birming;;;;;;;;;;;;;
b_birming2;Birming2;;;;;;;;;;;;;
b_birming2_adj;Birming2;;;;;;;;;;;;;
b_birming2_desc;Birming2;;;;;;;;;;;;;
stokesay;Stokesay;;;;;;;;;;;;;
stokesay_adj;Stokesay;;;;;;;;;;;;;
stokesay_desc;Stokesay;;;;;;;;;;;;;
c_stokesay;Stokesay;;;;;;;;;;;;;
c_stokesay_adj;Stokesay;;;;;;;;;;;;;
c_stokesay_desc;Stokesay;;;;;;;;;;;;;
PROV383;Stokesay;;;;;;;;;;;;;
PROV383_adj;Stokesay;;;;;;;;;;;;;
PROV383_desc;Stokesay;;;;;;;;;;;;;
b_stokesay;Stokesay;;;;;;;;;;;;;
b_stokesay_adj;Stokesay;;;;;;;;;;;;;
b_stokesay_desc;Stokesay;;;;;;;;;;;;;
b_stokesay2;Stokesay2;;;;;;;;;;;;;
b_stokesay2_adj;Stokesay2;;;;;;;;;;;;;
b_stokesay2_desc;Stokesay2;;;;;;;;;;;;;
spa;Spa;;;;;;;;;;;;;
spa_adj;Spa;;;;;;;;;;;;;
spa_desc;Spa;;;;;;;;;;;;;
c_spa;Spa;;;;;;;;;;;;;
c_spa_adj;Spa;;;;;;;;;;;;;
c_spa_desc;Spa;;;;;;;;;;;;;
PROV384;Spa;;;;;;;;;;;;;
PROV384_adj;Spa;;;;;;;;;;;;;
PROV384_desc;Spa;;;;;;;;;;;;;
b_spa;Spa;;;;;;;;;;;;;
b_spa_adj;Spa;;;;;;;;;;;;;
b_spa_desc;Spa;;;;;;;;;;;;;
b_spa2;Spa2;;;;;;;;;;;;;
b_spa2_adj;Spa2;;;;;;;;;;;;;
b_spa2_desc;Spa2;;;;;;;;;;;;;
brummyby;Brummyby;;;;;;;;;;;;;
brummyby_adj;Brummyby;;;;;;;;;;;;;
brummyby_desc;Brummyby;;;;;;;;;;;;;
d_brummyby;Brummyby;;;;;;;;;;;;;
d_brummyby_adj;Brummyby;;;;;;;;;;;;;
d_brummyby_desc;Brummyby;;;;;;;;;;;;;
mikchurch;Mikchurch;;;;;;;;;;;;;
mikchurch_adj;Mikchurch;;;;;;;;;;;;;
mikchurch_desc;Mikchurch;;;;;;;;;;;;;
c_mikchurch;Mikchurch;;;;;;;;;;;;;
c_mikchurch_adj;Mikchurch;;;;;;;;;;;;;
c_mikchurch_desc;Mikchurch;;;;;;;;;;;;;
PROV385;Mikchurch;;;;;;;;;;;;;
PROV385_adj;Mikchurch;;;;;;;;;;;;;
PROV385_desc;Mikchurch;;;;;;;;;;;;;
b_mikchurch;Mikchurch;;;;;;;;;;;;;
b_mikchurch_adj;Mikchurch;;;;;;;;;;;;;
b_mikchurch_desc;Mikchurch;;;;;;;;;;;;;
b_mikchurch2;Mikchurch2;;;;;;;;;;;;;
b_mikchurch2_adj;Mikchurch2;;;;;;;;;;;;;
b_mikchurch2_desc;Mikchurch2;;;;;;;;;;;;;
marston;Marston;;;;;;;;;;;;;
marston_adj;Marston;;;;;;;;;;;;;
marston_desc;Marston;;;;;;;;;;;;;
c_marston;Marston;;;;;;;;;;;;;
c_marston_adj;Marston;;;;;;;;;;;;;
c_marston_desc;Marston;;;;;;;;;;;;;
PROV386;Marston;;;;;;;;;;;;;
PROV386_adj;Marston;;;;;;;;;;;;;
PROV386_desc;Marston;;;;;;;;;;;;;
b_marston;Marston;;;;;;;;;;;;;
b_marston_adj;Marston;;;;;;;;;;;;;
b_marston_desc;Marston;;;;;;;;;;;;;
b_marston2;Marston2;;;;;;;;;;;;;
b_marston2_adj;Marston2;;;;;;;;;;;;;
b_marston2_desc;Marston2;;;;;;;;;;;;;
c_brummyby;Brummyby;;;;;;;;;;;;;
c_brummyby_adj;Brummyby;;;;;;;;;;;;;
c_brummyby_desc;Brummyby;;;;;;;;;;;;;
PROV387;Brummyby;;;;;;;;;;;;;
PROV387_adj;Brummyby;;;;;;;;;;;;;
PROV387_desc;Brummyby;;;;;;;;;;;;;
b_brummyby;Brummyby;;;;;;;;;;;;;
b_brummyby_adj;Brummyby;;;;;;;;;;;;;
b_brummyby_desc;Brummyby;;;;;;;;;;;;;
b_brummyby2;Brummyby2;;;;;;;;;;;;;
b_brummyby2_adj;Brummyby2;;;;;;;;;;;;;
b_brummyby2_desc;Brummyby2;;;;;;;;;;;;;
bromyard;Bromyard;;;;;;;;;;;;;
bromyard_adj;Bromyard;;;;;;;;;;;;;
bromyard_desc;Bromyard;;;;;;;;;;;;;
c_bromyard;Bromyard;;;;;;;;;;;;;
c_bromyard_adj;Bromyard;;;;;;;;;;;;;
c_bromyard_desc;Bromyard;;;;;;;;;;;;;
PROV388;Bromyard;;;;;;;;;;;;;
PROV388_adj;Bromyard;;;;;;;;;;;;;
PROV388_desc;Bromyard;;;;;;;;;;;;;
b_bromyard;Bromyard;;;;;;;;;;;;;
b_bromyard_adj;Bromyard;;;;;;;;;;;;;
b_bromyard_desc;Bromyard;;;;;;;;;;;;;
b_bromyard2;Bromyard2;;;;;;;;;;;;;
b_bromyard2_adj;Bromyard2;;;;;;;;;;;;;
b_bromyard2_desc;Bromyard2;;;;;;;;;;;;;
kidminister;Kidminister;;;;;;;;;;;;;
kidminister_adj;Kidminister;;;;;;;;;;;;;
kidminister_desc;Kidminister;;;;;;;;;;;;;
d_kidminister;Kidminister;;;;;;;;;;;;;
d_kidminister_adj;Kidminister;;;;;;;;;;;;;
d_kidminister_desc;Kidminister;;;;;;;;;;;;;
c_kidminister;Kidminister;;;;;;;;;;;;;
c_kidminister_adj;Kidminister;;;;;;;;;;;;;
c_kidminister_desc;Kidminister;;;;;;;;;;;;;
PROV389;Kidminister;;;;;;;;;;;;;
PROV389_adj;Kidminister;;;;;;;;;;;;;
PROV389_desc;Kidminister;;;;;;;;;;;;;
b_kidminister;Kidminister;;;;;;;;;;;;;
b_kidminister_adj;Kidminister;;;;;;;;;;;;;
b_kidminister_desc;Kidminister;;;;;;;;;;;;;
b_kidminister2;Kidminister2;;;;;;;;;;;;;
b_kidminister2_adj;Kidminister2;;;;;;;;;;;;;
b_kidminister2_desc;Kidminister2;;;;;;;;;;;;;
droitwich;Droitwich;;;;;;;;;;;;;
droitwich_adj;Droitwich;;;;;;;;;;;;;
droitwich_desc;Droitwich;;;;;;;;;;;;;
c_droitwich;Droitwich;;;;;;;;;;;;;
c_droitwich_adj;Droitwich;;;;;;;;;;;;;
c_droitwich_desc;Droitwich;;;;;;;;;;;;;
PROV390;Droitwich;;;;;;;;;;;;;
PROV390_adj;Droitwich;;;;;;;;;;;;;
PROV390_desc;Droitwich;;;;;;;;;;;;;
b_droitwich;Droitwich;;;;;;;;;;;;;
b_droitwich_adj;Droitwich;;;;;;;;;;;;;
b_droitwich_desc;Droitwich;;;;;;;;;;;;;
b_droitwich2;Droitwich2;;;;;;;;;;;;;
b_droitwich2_adj;Droitwich2;;;;;;;;;;;;;
b_droitwich2_desc;Droitwich2;;;;;;;;;;;;;
hull;Hull;;;;;;;;;;;;;
hull_adj;Hull;;;;;;;;;;;;;
hull_desc;Hull;;;;;;;;;;;;;
c_hull;Hull;;;;;;;;;;;;;
c_hull_adj;Hull;;;;;;;;;;;;;
c_hull_desc;Hull;;;;;;;;;;;;;
PROV391;Hull;;;;;;;;;;;;;
PROV391_adj;Hull;;;;;;;;;;;;;
PROV391_desc;Hull;;;;;;;;;;;;;
b_hull;Hull;;;;;;;;;;;;;
b_hull_adj;Hull;;;;;;;;;;;;;
b_hull_desc;Hull;;;;;;;;;;;;;
b_hull2;Hull2;;;;;;;;;;;;;
b_hull2_adj;Hull2;;;;;;;;;;;;;
b_hull2_desc;Hull2;;;;;;;;;;;;;
swebern;Swebern;;;;;;;;;;;;;
swebern_adj;Swebern;;;;;;;;;;;;;
swebern_desc;Swebern;;;;;;;;;;;;;
d_swebern;Swebern;;;;;;;;;;;;;
d_swebern_adj;Swebern;;;;;;;;;;;;;
d_swebern_desc;Swebern;;;;;;;;;;;;;
covet;Covet;;;;;;;;;;;;;
covet_adj;Covet;;;;;;;;;;;;;
covet_desc;Covet;;;;;;;;;;;;;
c_covet;Covet;;;;;;;;;;;;;
c_covet_adj;Covet;;;;;;;;;;;;;
c_covet_desc;Covet;;;;;;;;;;;;;
PROV392;Covet;;;;;;;;;;;;;
PROV392_adj;Covet;;;;;;;;;;;;;
PROV392_desc;Covet;;;;;;;;;;;;;
b_covet;Covet;;;;;;;;;;;;;
b_covet_adj;Covet;;;;;;;;;;;;;
b_covet_desc;Covet;;;;;;;;;;;;;
b_covet2;Covet2;;;;;;;;;;;;;
b_covet2_adj;Covet2;;;;;;;;;;;;;
b_covet2_desc;Covet2;;;;;;;;;;;;;
stouren;Stouren;;;;;;;;;;;;;
stouren_adj;Stouren;;;;;;;;;;;;;
stouren_desc;Stouren;;;;;;;;;;;;;
c_stouren;Stouren;;;;;;;;;;;;;
c_stouren_adj;Stouren;;;;;;;;;;;;;
c_stouren_desc;Stouren;;;;;;;;;;;;;
PROV393;Stouren;;;;;;;;;;;;;
PROV393_adj;Stouren;;;;;;;;;;;;;
PROV393_desc;Stouren;;;;;;;;;;;;;
b_stouren;Stouren;;;;;;;;;;;;;
b_stouren_adj;Stouren;;;;;;;;;;;;;
b_stouren_desc;Stouren;;;;;;;;;;;;;
b_stouren2;Stouren2;;;;;;;;;;;;;
b_stouren2_adj;Stouren2;;;;;;;;;;;;;
b_stouren2_desc;Stouren2;;;;;;;;;;;;;
lizenfurd;Lizenfurd;;;;;;;;;;;;;
lizenfurd_adj;Lizenfurd;;;;;;;;;;;;;
lizenfurd_desc;Lizenfurd;;;;;;;;;;;;;
c_lizenfurd;Lizenfurd;;;;;;;;;;;;;
c_lizenfurd_adj;Lizenfurd;;;;;;;;;;;;;
c_lizenfurd_desc;Lizenfurd;;;;;;;;;;;;;
PROV394;Lizenfurd;;;;;;;;;;;;;
PROV394_adj;Lizenfurd;;;;;;;;;;;;;
PROV394_desc;Lizenfurd;;;;;;;;;;;;;
b_lizenfurd;Lizenfurd;;;;;;;;;;;;;
b_lizenfurd_adj;Lizenfurd;;;;;;;;;;;;;
b_lizenfurd_desc;Lizenfurd;;;;;;;;;;;;;
b_lizenfurd2;Lizenfurd2;;;;;;;;;;;;;
b_lizenfurd2_adj;Lizenfurd2;;;;;;;;;;;;;
b_lizenfurd2_desc;Lizenfurd2;;;;;;;;;;;;;
styren;Styren;;;;;;;;;;;;;
styren_adj;Styren;;;;;;;;;;;;;
styren_desc;Styren;;;;;;;;;;;;;
c_styren;Styren;;;;;;;;;;;;;
c_styren_adj;Styren;;;;;;;;;;;;;
c_styren_desc;Styren;;;;;;;;;;;;;
PROV395;Styren;;;;;;;;;;;;;
PROV395_adj;Styren;;;;;;;;;;;;;
PROV395_desc;Styren;;;;;;;;;;;;;
b_styren;Styren;;;;;;;;;;;;;
b_styren_adj;Styren;;;;;;;;;;;;;
b_styren_desc;Styren;;;;;;;;;;;;;
b_styren2;Styren2;;;;;;;;;;;;;
b_styren2_adj;Styren2;;;;;;;;;;;;;
b_styren2_desc;Styren2;;;;;;;;;;;;;
treppewiss;Treppewiss;;;;;;;;;;;;;
treppewiss_adj;Treppewiss;;;;;;;;;;;;;
treppewiss_desc;Treppewiss;;;;;;;;;;;;;
k_treppewiss;Treppewiss;;;;;;;;;;;;;
k_treppewiss_adj;Treppewiss;;;;;;;;;;;;;
k_treppewiss_desc;Treppewiss;;;;;;;;;;;;;
albanfurd;Albanfurd;;;;;;;;;;;;;
albanfurd_adj;Albanfurd;;;;;;;;;;;;;
albanfurd_desc;Albanfurd;;;;;;;;;;;;;
d_albanfurd;Albanfurd;;;;;;;;;;;;;
d_albanfurd_adj;Albanfurd;;;;;;;;;;;;;
d_albanfurd_desc;Albanfurd;;;;;;;;;;;;;
aden;Aden;;;;;;;;;;;;;
aden_adj;Aden;;;;;;;;;;;;;
aden_desc;Aden;;;;;;;;;;;;;
c_aden;Aden;;;;;;;;;;;;;
c_aden_adj;Aden;;;;;;;;;;;;;
c_aden_desc;Aden;;;;;;;;;;;;;
PROV396;Aden;;;;;;;;;;;;;
PROV396_adj;Aden;;;;;;;;;;;;;
PROV396_desc;Aden;;;;;;;;;;;;;
b_aden;Aden;;;;;;;;;;;;;
b_aden_adj;Aden;;;;;;;;;;;;;
b_aden_desc;Aden;;;;;;;;;;;;;
b_aden2;Aden2;;;;;;;;;;;;;
b_aden2_adj;Aden2;;;;;;;;;;;;;
b_aden2_desc;Aden2;;;;;;;;;;;;;
reddington;Reddington;;;;;;;;;;;;;
reddington_adj;Reddington;;;;;;;;;;;;;
reddington_desc;Reddington;;;;;;;;;;;;;
c_reddington;Reddington;;;;;;;;;;;;;
c_reddington_adj;Reddington;;;;;;;;;;;;;
c_reddington_desc;Reddington;;;;;;;;;;;;;
PROV397;Reddington;;;;;;;;;;;;;
PROV397_adj;Reddington;;;;;;;;;;;;;
PROV397_desc;Reddington;;;;;;;;;;;;;
b_reddington;Reddington;;;;;;;;;;;;;
b_reddington_adj;Reddington;;;;;;;;;;;;;
b_reddington_desc;Reddington;;;;;;;;;;;;;
b_reddington2;Reddington2;;;;;;;;;;;;;
b_reddington2_adj;Reddington2;;;;;;;;;;;;;
b_reddington2_desc;Reddington2;;;;;;;;;;;;;
c_albanfurd;Albanfurd;;;;;;;;;;;;;
c_albanfurd_adj;Albanfurd;;;;;;;;;;;;;
c_albanfurd_desc;Albanfurd;;;;;;;;;;;;;
PROV398;Albanfurd;;;;;;;;;;;;;
PROV398_adj;Albanfurd;;;;;;;;;;;;;
PROV398_desc;Albanfurd;;;;;;;;;;;;;
b_albanfurd;Albanfurd;;;;;;;;;;;;;
b_albanfurd_adj;Albanfurd;;;;;;;;;;;;;
b_albanfurd_desc;Albanfurd;;;;;;;;;;;;;
b_albanfurd2;Albanfurd2;;;;;;;;;;;;;
b_albanfurd2_adj;Albanfurd2;;;;;;;;;;;;;
b_albanfurd2_desc;Albanfurd2;;;;;;;;;;;;;
welle;Welle;;;;;;;;;;;;;
welle_adj;Welle;;;;;;;;;;;;;
welle_desc;Welle;;;;;;;;;;;;;
c_welle;Welle;;;;;;;;;;;;;
c_welle_adj;Welle;;;;;;;;;;;;;
c_welle_desc;Welle;;;;;;;;;;;;;
PROV399;Welle;;;;;;;;;;;;;
PROV399_adj;Welle;;;;;;;;;;;;;
PROV399_desc;Welle;;;;;;;;;;;;;
b_welle;Welle;;;;;;;;;;;;;
b_welle_adj;Welle;;;;;;;;;;;;;
b_welle_desc;Welle;;;;;;;;;;;;;
b_welle2;Welle2;;;;;;;;;;;;;
b_welle2_adj;Welle2;;;;;;;;;;;;;
b_welle2_desc;Welle2;;;;;;;;;;;;;
klautern;Klautern;;;;;;;;;;;;;
klautern_adj;Klautern;;;;;;;;;;;;;
klautern_desc;Klautern;;;;;;;;;;;;;
c_klautern;Klautern;;;;;;;;;;;;;
c_klautern_adj;Klautern;;;;;;;;;;;;;
c_klautern_desc;Klautern;;;;;;;;;;;;;
PROV400;Klautern;;;;;;;;;;;;;
PROV400_adj;Klautern;;;;;;;;;;;;;
PROV400_desc;Klautern;;;;;;;;;;;;;
b_klautern;Klautern;;;;;;;;;;;;;
b_klautern_adj;Klautern;;;;;;;;;;;;;
b_klautern_desc;Klautern;;;;;;;;;;;;;
b_klautern2;Klautern2;;;;;;;;;;;;;
b_klautern2_adj;Klautern2;;;;;;;;;;;;;
b_klautern2_desc;Klautern2;;;;;;;;;;;;;
altenburg;Altenburg;;;;;;;;;;;;;
altenburg_adj;Altenburg;;;;;;;;;;;;;
altenburg_desc;Altenburg;;;;;;;;;;;;;
d_altenburg;Altenburg;;;;;;;;;;;;;
d_altenburg_adj;Altenburg;;;;;;;;;;;;;
d_altenburg_desc;Altenburg;;;;;;;;;;;;;
c_altenburg;Altenburg;;;;;;;;;;;;;
c_altenburg_adj;Altenburg;;;;;;;;;;;;;
c_altenburg_desc;Altenburg;;;;;;;;;;;;;
PROV401;Altenburg;;;;;;;;;;;;;
PROV401_adj;Altenburg;;;;;;;;;;;;;
PROV401_desc;Altenburg;;;;;;;;;;;;;
b_altenburg;Altenburg;;;;;;;;;;;;;
b_altenburg_adj;Altenburg;;;;;;;;;;;;;
b_altenburg_desc;Altenburg;;;;;;;;;;;;;
b_altenburg2;Altenburg2;;;;;;;;;;;;;
b_altenburg2_adj;Altenburg2;;;;;;;;;;;;;
b_altenburg2_desc;Altenburg2;;;;;;;;;;;;;
meumark;Meumark;;;;;;;;;;;;;
meumark_adj;Meumark;;;;;;;;;;;;;
meumark_desc;Meumark;;;;;;;;;;;;;
c_meumark;Meumark;;;;;;;;;;;;;
c_meumark_adj;Meumark;;;;;;;;;;;;;
c_meumark_desc;Meumark;;;;;;;;;;;;;
PROV402;Meumark;;;;;;;;;;;;;
PROV402_adj;Meumark;;;;;;;;;;;;;
PROV402_desc;Meumark;;;;;;;;;;;;;
b_meumark;Meumark;;;;;;;;;;;;;
b_meumark_adj;Meumark;;;;;;;;;;;;;
b_meumark_desc;Meumark;;;;;;;;;;;;;
b_meumark2;Meumark2;;;;;;;;;;;;;
b_meumark2_adj;Meumark2;;;;;;;;;;;;;
b_meumark2_desc;Meumark2;;;;;;;;;;;;;
treppewitz;Treppewitz;;;;;;;;;;;;;
treppewitz_adj;Treppewitz;;;;;;;;;;;;;
treppewitz_desc;Treppewitz;;;;;;;;;;;;;
d_treppewitz;Treppewitz;;;;;;;;;;;;;
d_treppewitz_adj;Treppewitz;;;;;;;;;;;;;
d_treppewitz_desc;Treppewitz;;;;;;;;;;;;;
magde;Magde;;;;;;;;;;;;;
magde_adj;Magde;;;;;;;;;;;;;
magde_desc;Magde;;;;;;;;;;;;;
c_magde;Magde;;;;;;;;;;;;;
c_magde_adj;Magde;;;;;;;;;;;;;
c_magde_desc;Magde;;;;;;;;;;;;;
PROV403;Magde;;;;;;;;;;;;;
PROV403_adj;Magde;;;;;;;;;;;;;
PROV403_desc;Magde;;;;;;;;;;;;;
b_magde;Magde;;;;;;;;;;;;;
b_magde_adj;Magde;;;;;;;;;;;;;
b_magde_desc;Magde;;;;;;;;;;;;;
b_magde2;Magde2;;;;;;;;;;;;;
b_magde2_adj;Magde2;;;;;;;;;;;;;
b_magde2_desc;Magde2;;;;;;;;;;;;;
durchenstein;Durchenstein;;;;;;;;;;;;;
durchenstein_adj;Durchenstein;;;;;;;;;;;;;
durchenstein_desc;Durchenstein;;;;;;;;;;;;;
c_durchenstein;Durchenstein;;;;;;;;;;;;;
c_durchenstein_adj;Durchenstein;;;;;;;;;;;;;
c_durchenstein_desc;Durchenstein;;;;;;;;;;;;;
PROV404;Durchenstein;;;;;;;;;;;;;
PROV404_adj;Durchenstein;;;;;;;;;;;;;
PROV404_desc;Durchenstein;;;;;;;;;;;;;
b_durchenstein;Durchenstein;;;;;;;;;;;;;
b_durchenstein_adj;Durchenstein;;;;;;;;;;;;;
b_durchenstein_desc;Durchenstein;;;;;;;;;;;;;
b_durchenstein2;Durchenstein2;;;;;;;;;;;;;
b_durchenstein2_adj;Durchenstein2;;;;;;;;;;;;;
b_durchenstein2_desc;Durchenstein2;;;;;;;;;;;;;
wassixen;Wassixen;;;;;;;;;;;;;
wassixen_adj;Wassixen;;;;;;;;;;;;;
wassixen_desc;Wassixen;;;;;;;;;;;;;
c_wassixen;Wassixen;;;;;;;;;;;;;
c_wassixen_adj;Wassixen;;;;;;;;;;;;;
c_wassixen_desc;Wassixen;;;;;;;;;;;;;
PROV405;Wassixen;;;;;;;;;;;;;
PROV405_adj;Wassixen;;;;;;;;;;;;;
PROV405_desc;Wassixen;;;;;;;;;;;;;
b_wassixen;Wassixen;;;;;;;;;;;;;
b_wassixen_adj;Wassixen;;;;;;;;;;;;;
b_wassixen_desc;Wassixen;;;;;;;;;;;;;
b_wassixen2;Wassixen2;;;;;;;;;;;;;
b_wassixen2_adj;Wassixen2;;;;;;;;;;;;;
b_wassixen2_desc;Wassixen2;;;;;;;;;;;;;
wurthingenburgh;Wurthingenburgh;;;;;;;;;;;;;
wurthingenburgh_adj;Wurthingenburgh;;;;;;;;;;;;;
wurthingenburgh_desc;Wurthingenburgh;;;;;;;;;;;;;
c_wurthingenburgh;Wurthingenburgh;;;;;;;;;;;;;
c_wurthingenburgh_adj;Wurthingenburgh;;;;;;;;;;;;;
c_wurthingenburgh_desc;Wurthingenburgh;;;;;;;;;;;;;
PROV406;Wurthingenburgh;;;;;;;;;;;;;
PROV406_adj;Wurthingenburgh;;;;;;;;;;;;;
PROV406_desc;Wurthingenburgh;;;;;;;;;;;;;
b_wurthingenburgh;Wurthingenburgh;;;;;;;;;;;;;
b_wurthingenburgh_adj;Wurthingenburgh;;;;;;;;;;;;;
b_wurthingenburgh_desc;Wurthingenburgh;;;;;;;;;;;;;
b_wurthingenburgh2;Wurthingenburgh2;;;;;;;;;;;;;
b_wurthingenburgh2_adj;Wurthingenburgh2;;;;;;;;;;;;;
b_wurthingenburgh2_desc;Wurthingenburgh2;;;;;;;;;;;;;
c_treppewitz;Treppewitz;;;;;;;;;;;;;
c_treppewitz_adj;Treppewitz;;;;;;;;;;;;;
c_treppewitz_desc;Treppewitz;;;;;;;;;;;;;
PROV407;Treppewitz;;;;;;;;;;;;;
PROV407_adj;Treppewitz;;;;;;;;;;;;;
PROV407_desc;Treppewitz;;;;;;;;;;;;;
b_treppewitz;Treppewitz;;;;;;;;;;;;;
b_treppewitz_adj;Treppewitz;;;;;;;;;;;;;
b_treppewitz_desc;Treppewitz;;;;;;;;;;;;;
b_treppewitz2;Treppewitz2;;;;;;;;;;;;;
b_treppewitz2_adj;Treppewitz2;;;;;;;;;;;;;
b_treppewitz2_desc;Treppewitz2;;;;;;;;;;;;;
uttgart;Uttgart;;;;;;;;;;;;;
uttgart_adj;Uttgart;;;;;;;;;;;;;
uttgart_desc;Uttgart;;;;;;;;;;;;;
c_uttgart;Uttgart;;;;;;;;;;;;;
c_uttgart_adj;Uttgart;;;;;;;;;;;;;
c_uttgart_desc;Uttgart;;;;;;;;;;;;;
PROV408;Uttgart;;;;;;;;;;;;;
PROV408_adj;Uttgart;;;;;;;;;;;;;
PROV408_desc;Uttgart;;;;;;;;;;;;;
b_uttgart;Uttgart;;;;;;;;;;;;;
b_uttgart_adj;Uttgart;;;;;;;;;;;;;
b_uttgart_desc;Uttgart;;;;;;;;;;;;;
b_uttgart2;Uttgart2;;;;;;;;;;;;;
b_uttgart2_adj;Uttgart2;;;;;;;;;;;;;
b_uttgart2_desc;Uttgart2;;;;;;;;;;;;;
hellatia;Hellatia;;;;;;;;;;;;;
hellatia_adj;Hellatia;;;;;;;;;;;;;
hellatia_desc;Hellatia;;;;;;;;;;;;;
e_hellatia;Hellatia;;;;;;;;;;;;;
e_hellatia_adj;Hellatian;;;;;;;;;;;;;
e_hellatia_desc;Hellatia;;;;;;;;;;;;;
bladmark;Bladmark;;;;;;;;;;;;;
bladmark_adj;Bladmark;;;;;;;;;;;;;
bladmark_desc;Bladmark;;;;;;;;;;;;;
k_bladmark;Bladmark;;;;;;;;;;;;;
k_bladmark_adj;Bladmark;;;;;;;;;;;;;
k_bladmark_desc;Bladmark;;;;;;;;;;;;;
boss_herze;Boss Herze;;;;;;;;;;;;;
boss_herze_adj;Boss Herze;;;;;;;;;;;;;
boss_herze_desc;Boss Herze;;;;;;;;;;;;;
d_boss_herze;Boss Herze;;;;;;;;;;;;;
d_boss_herze_adj;Boss Herze;;;;;;;;;;;;;
d_boss_herze_desc;Boss Herze;;;;;;;;;;;;;
ust_esverh;Ust Esverh;;;;;;;;;;;;;
ust_esverh_adj;Ust Esverh;;;;;;;;;;;;;
ust_esverh_desc;Ust Esverh;;;;;;;;;;;;;
c_ust_esverh;Ust Esverh;;;;;;;;;;;;;
c_ust_esverh_adj;Ust Esverh;;;;;;;;;;;;;
c_ust_esverh_desc;Ust Esverh;;;;;;;;;;;;;
PROV409;Ust Esverh;;;;;;;;;;;;;
PROV409_adj;Ust Esverh;;;;;;;;;;;;;
PROV409_desc;Ust Esverh;;;;;;;;;;;;;
b_ust_esverh;Ust Esverh;;;;;;;;;;;;;
b_ust_esverh_adj;Ust Esverh;;;;;;;;;;;;;
b_ust_esverh_desc;Ust Esverh;;;;;;;;;;;;;
b_ust_esverh2;Ust Esverh2;;;;;;;;;;;;;
b_ust_esverh2_adj;Ust Esverh2;;;;;;;;;;;;;
b_ust_esverh2_desc;Ust Esverh2;;;;;;;;;;;;;
boss_nen;Boss Nen;;;;;;;;;;;;;
boss_nen_adj;Boss Nen;;;;;;;;;;;;;
boss_nen_desc;Boss Nen;;;;;;;;;;;;;
c_boss_nen;Boss Nen;;;;;;;;;;;;;
c_boss_nen_adj;Boss Nen;;;;;;;;;;;;;
c_boss_nen_desc;Boss Nen;;;;;;;;;;;;;
PROV410;Boss Nen;;;;;;;;;;;;;
PROV410_adj;Boss Nen;;;;;;;;;;;;;
PROV410_desc;Boss Nen;;;;;;;;;;;;;
b_boss_nen;Boss Nen;;;;;;;;;;;;;
b_boss_nen_adj;Boss Nen;;;;;;;;;;;;;
b_boss_nen_desc;Boss Nen;;;;;;;;;;;;;
b_boss_nen2;Boss Nen2;;;;;;;;;;;;;
b_boss_nen2_adj;Boss Nen2;;;;;;;;;;;;;
b_boss_nen2_desc;Boss Nen2;;;;;;;;;;;;;
c_boss_herze;Boss Herze;;;;;;;;;;;;;
c_boss_herze_adj;Boss Herze;;;;;;;;;;;;;
c_boss_herze_desc;Boss Herze;;;;;;;;;;;;;
PROV411;Boss Herze;;;;;;;;;;;;;
PROV411_adj;Boss Herze;;;;;;;;;;;;;
PROV411_desc;Boss Herze;;;;;;;;;;;;;
b_boss_herze;Boss Herze;;;;;;;;;;;;;
b_boss_herze_adj;Boss Herze;;;;;;;;;;;;;
b_boss_herze_desc;Boss Herze;;;;;;;;;;;;;
b_boss_herze2;Boss Herze2;;;;;;;;;;;;;
b_boss_herze2_adj;Boss Herze2;;;;;;;;;;;;;
b_boss_herze2_desc;Boss Herze2;;;;;;;;;;;;;
rhodokia;Rhodokia;;;;;;;;;;;;;
rhodokia_adj;Rhodokia;;;;;;;;;;;;;
rhodokia_desc;Rhodokia;;;;;;;;;;;;;
d_rhodokia;Rhodokia;;;;;;;;;;;;;
d_rhodokia_adj;Rhodokia;;;;;;;;;;;;;
d_rhodokia_desc;Rhodokia;;;;;;;;;;;;;
allachia;Allachia;;;;;;;;;;;;;
allachia_adj;Allachia;;;;;;;;;;;;;
allachia_desc;Allachia;;;;;;;;;;;;;
c_allachia;Allachia;;;;;;;;;;;;;
c_allachia_adj;Allachia;;;;;;;;;;;;;
c_allachia_desc;Allachia;;;;;;;;;;;;;
PROV412;Allachia;;;;;;;;;;;;;
PROV412_adj;Allachia;;;;;;;;;;;;;
PROV412_desc;Allachia;;;;;;;;;;;;;
b_allachia;Allachia;;;;;;;;;;;;;
b_allachia_adj;Allachia;;;;;;;;;;;;;
b_allachia_desc;Allachia;;;;;;;;;;;;;
b_allachia2;Allachia2;;;;;;;;;;;;;
b_allachia2_adj;Allachia2;;;;;;;;;;;;;
b_allachia2_desc;Allachia2;;;;;;;;;;;;;
c_rhodokia;Rhodokia;;;;;;;;;;;;;
c_rhodokia_adj;Rhodokia;;;;;;;;;;;;;
c_rhodokia_desc;Rhodokia;;;;;;;;;;;;;
PROV413;Rhodokia;;;;;;;;;;;;;
PROV413_adj;Rhodokia;;;;;;;;;;;;;
PROV413_desc;Rhodokia;;;;;;;;;;;;;
b_rhodokia;Rhodokia;;;;;;;;;;;;;
b_rhodokia_adj;Rhodokia;;;;;;;;;;;;;
b_rhodokia_desc;Rhodokia;;;;;;;;;;;;;
b_rhodokia2;Rhodokia2;;;;;;;;;;;;;
b_rhodokia2_adj;Rhodokia2;;;;;;;;;;;;;
b_rhodokia2_desc;Rhodokia2;;;;;;;;;;;;;
morvinda;Morvinda;;;;;;;;;;;;;
morvinda_adj;Morvinda;;;;;;;;;;;;;
morvinda_desc;Morvinda;;;;;;;;;;;;;
c_morvinda;Morvinda;;;;;;;;;;;;;
c_morvinda_adj;Morvinda;;;;;;;;;;;;;
c_morvinda_desc;Morvinda;;;;;;;;;;;;;
PROV414;Morvinda;;;;;;;;;;;;;
PROV414_adj;Morvinda;;;;;;;;;;;;;
PROV414_desc;Morvinda;;;;;;;;;;;;;
b_morvinda;Morvinda;;;;;;;;;;;;;
b_morvinda_adj;Morvinda;;;;;;;;;;;;;
b_morvinda_desc;Morvinda;;;;;;;;;;;;;
b_morvinda2;Morvinda2;;;;;;;;;;;;;
b_morvinda2_adj;Morvinda2;;;;;;;;;;;;;
b_morvinda2_desc;Morvinda2;;;;;;;;;;;;;
rumvalia;Rumvalia;;;;;;;;;;;;;
rumvalia_adj;Rumvalia;;;;;;;;;;;;;
rumvalia_desc;Rumvalia;;;;;;;;;;;;;
d_rumvalia;Rumvalia;;;;;;;;;;;;;
d_rumvalia_adj;Rumvalia;;;;;;;;;;;;;
d_rumvalia_desc;Rumvalia;;;;;;;;;;;;;
bulvakia;Bulvakia;;;;;;;;;;;;;
bulvakia_adj;Bulvakia;;;;;;;;;;;;;
bulvakia_desc;Bulvakia;;;;;;;;;;;;;
c_bulvakia;Bulvakia;;;;;;;;;;;;;
c_bulvakia_adj;Bulvakia;;;;;;;;;;;;;
c_bulvakia_desc;Bulvakia;;;;;;;;;;;;;
PROV415;Bulvakia;;;;;;;;;;;;;
PROV415_adj;Bulvakia;;;;;;;;;;;;;
PROV415_desc;Bulvakia;;;;;;;;;;;;;
b_bulvakia;Bulvakia;;;;;;;;;;;;;
b_bulvakia_adj;Bulvakia;;;;;;;;;;;;;
b_bulvakia_desc;Bulvakia;;;;;;;;;;;;;
b_bulvakia2;Bulvakia2;;;;;;;;;;;;;
b_bulvakia2_adj;Bulvakia2;;;;;;;;;;;;;
b_bulvakia2_desc;Bulvakia2;;;;;;;;;;;;;
c_rumvalia;Rumvalia;;;;;;;;;;;;;
c_rumvalia_adj;Rumvalia;;;;;;;;;;;;;
c_rumvalia_desc;Rumvalia;;;;;;;;;;;;;
PROV416;Rumvalia;;;;;;;;;;;;;
PROV416_adj;Rumvalia;;;;;;;;;;;;;
PROV416_desc;Rumvalia;;;;;;;;;;;;;
b_rumvalia;Rumvalia;;;;;;;;;;;;;
b_rumvalia_adj;Rumvalia;;;;;;;;;;;;;
b_rumvalia_desc;Rumvalia;;;;;;;;;;;;;
b_rumvalia2;Rumvalia2;;;;;;;;;;;;;
b_rumvalia2_adj;Rumvalia2;;;;;;;;;;;;;
b_rumvalia2_desc;Rumvalia2;;;;;;;;;;;;;
virgoviste;Virgoviste;;;;;;;;;;;;;
virgoviste_adj;Virgoviste;;;;;;;;;;;;;
virgoviste_desc;Virgoviste;;;;;;;;;;;;;
c_virgoviste;Virgoviste;;;;;;;;;;;;;
c_virgoviste_adj;Virgoviste;;;;;;;;;;;;;
c_virgoviste_desc;Virgoviste;;;;;;;;;;;;;
PROV417;Virgoviste;;;;;;;;;;;;;
PROV417_adj;Virgoviste;;;;;;;;;;;;;
PROV417_desc;Virgoviste;;;;;;;;;;;;;
b_virgoviste;Virgoviste;;;;;;;;;;;;;
b_virgoviste_adj;Virgoviste;;;;;;;;;;;;;
b_virgoviste_desc;Virgoviste;;;;;;;;;;;;;
b_virgoviste2;Virgoviste2;;;;;;;;;;;;;
b_virgoviste2_adj;Virgoviste2;;;;;;;;;;;;;
b_virgoviste2_desc;Virgoviste2;;;;;;;;;;;;;
maz_zyaka;Maz Zyaka;;;;;;;;;;;;;
maz_zyaka_adj;Maz Zyaka;;;;;;;;;;;;;
maz_zyaka_desc;Maz Zyaka;;;;;;;;;;;;;
c_maz_zyaka;Maz Zyaka;;;;;;;;;;;;;
c_maz_zyaka_adj;Maz Zyaka;;;;;;;;;;;;;
c_maz_zyaka_desc;Maz Zyaka;;;;;;;;;;;;;
PROV418;Maz Zyaka;;;;;;;;;;;;;
PROV418_adj;Maz Zyaka;;;;;;;;;;;;;
PROV418_desc;Maz Zyaka;;;;;;;;;;;;;
b_maz_zyaka;Maz Zyaka;;;;;;;;;;;;;
b_maz_zyaka_adj;Maz Zyaka;;;;;;;;;;;;;
b_maz_zyaka_desc;Maz Zyaka;;;;;;;;;;;;;
b_maz_zyaka2;Maz Zyaka2;;;;;;;;;;;;;
b_maz_zyaka2_adj;Maz Zyaka2;;;;;;;;;;;;;
b_maz_zyaka2_desc;Maz Zyaka2;;;;;;;;;;;;;
sarve;Sarve;;;;;;;;;;;;;
sarve_adj;Sarve;;;;;;;;;;;;;
sarve_desc;Sarve;;;;;;;;;;;;;
d_sarve;Sarve;;;;;;;;;;;;;
d_sarve_adj;Sarve;;;;;;;;;;;;;
d_sarve_desc;Sarve;;;;;;;;;;;;;
maid_crno;Maid Crno;;;;;;;;;;;;;
maid_crno_adj;Maid Crno;;;;;;;;;;;;;
maid_crno_desc;Maid Crno;;;;;;;;;;;;;
c_maid_crno;Maid Crno;;;;;;;;;;;;;
c_maid_crno_adj;Maid Crno;;;;;;;;;;;;;
c_maid_crno_desc;Maid Crno;;;;;;;;;;;;;
PROV419;Maid Crno;;;;;;;;;;;;;
PROV419_adj;Maid Crno;;;;;;;;;;;;;
PROV419_desc;Maid Crno;;;;;;;;;;;;;
b_maid_crno;Maid Crno;;;;;;;;;;;;;
b_maid_crno_adj;Maid Crno;;;;;;;;;;;;;
b_maid_crno_desc;Maid Crno;;;;;;;;;;;;;
b_maid_crno2;Maid Crno2;;;;;;;;;;;;;
b_maid_crno2_adj;Maid Crno2;;;;;;;;;;;;;
b_maid_crno2_desc;Maid Crno2;;;;;;;;;;;;;
morelle;Morelle;;;;;;;;;;;;;
morelle_adj;Morelle;;;;;;;;;;;;;
morelle_desc;Morelle;;;;;;;;;;;;;
c_morelle;Morelle;;;;;;;;;;;;;
c_morelle_adj;Morelle;;;;;;;;;;;;;
c_morelle_desc;Morelle;;;;;;;;;;;;;
PROV420;Morelle;;;;;;;;;;;;;
PROV420_adj;Morelle;;;;;;;;;;;;;
PROV420_desc;Morelle;;;;;;;;;;;;;
b_morelle;Morelle;;;;;;;;;;;;;
b_morelle_adj;Morelle;;;;;;;;;;;;;
b_morelle_desc;Morelle;;;;;;;;;;;;;
b_morelle2;Morelle2;;;;;;;;;;;;;
b_morelle2_adj;Morelle2;;;;;;;;;;;;;
b_morelle2_desc;Morelle2;;;;;;;;;;;;;
epirania;Epirania;;;;;;;;;;;;;
epirania_adj;Epirania;;;;;;;;;;;;;
epirania_desc;Epirania;;;;;;;;;;;;;
c_epirania;Epirania;;;;;;;;;;;;;
c_epirania_adj;Epirania;;;;;;;;;;;;;
c_epirania_desc;Epirania;;;;;;;;;;;;;
PROV421;Epirania;;;;;;;;;;;;;
PROV421_adj;Epirania;;;;;;;;;;;;;
PROV421_desc;Epirania;;;;;;;;;;;;;
b_epirania;Epirania;;;;;;;;;;;;;
b_epirania_adj;Epirania;;;;;;;;;;;;;
b_epirania_desc;Epirania;;;;;;;;;;;;;
b_epirania2;Epirania2;;;;;;;;;;;;;
b_epirania2_adj;Epirania2;;;;;;;;;;;;;
b_epirania2_desc;Epirania2;;;;;;;;;;;;;
boss_sarve;Boss Sarve;;;;;;;;;;;;;
boss_sarve_adj;Boss Sarve;;;;;;;;;;;;;
boss_sarve_desc;Boss Sarve;;;;;;;;;;;;;
c_boss_sarve;Boss Sarve;;;;;;;;;;;;;
c_boss_sarve_adj;Boss Sarve;;;;;;;;;;;;;
c_boss_sarve_desc;Boss Sarve;;;;;;;;;;;;;
PROV422;Boss Sarve;;;;;;;;;;;;;
PROV422_adj;Boss Sarve;;;;;;;;;;;;;
PROV422_desc;Boss Sarve;;;;;;;;;;;;;
b_boss_sarve;Boss Sarve;;;;;;;;;;;;;
b_boss_sarve_adj;Boss Sarve;;;;;;;;;;;;;
b_boss_sarve_desc;Boss Sarve;;;;;;;;;;;;;
b_boss_sarve2;Boss Sarve2;;;;;;;;;;;;;
b_boss_sarve2_adj;Boss Sarve2;;;;;;;;;;;;;
b_boss_sarve2_desc;Boss Sarve2;;;;;;;;;;;;;
hellatos;Hellatos;;;;;;;;;;;;;
hellatos_adj;Hellatos;;;;;;;;;;;;;
hellatos_desc;Hellatos;;;;;;;;;;;;;
k_hellatos;Hellatos;;;;;;;;;;;;;
k_hellatos_adj;Hellatos;;;;;;;;;;;;;
k_hellatos_desc;Hellatos;;;;;;;;;;;;;
megara;Megara;;;;;;;;;;;;;
megara_adj;Megara;;;;;;;;;;;;;
megara_desc;Megara;;;;;;;;;;;;;
d_megara;Megara;;;;;;;;;;;;;
d_megara_adj;Megara;;;;;;;;;;;;;
d_megara_desc;Megara;;;;;;;;;;;;;
athenai_nisia;Athenai Nisia;;;;;;;;;;;;;
athenai_nisia_adj;Athenai Nisia;;;;;;;;;;;;;
athenai_nisia_desc;Athenai Nisia;;;;;;;;;;;;;
c_athenai_nisia;Athenai Nisia;;;;;;;;;;;;;
c_athenai_nisia_adj;Athenai Nisia;;;;;;;;;;;;;
c_athenai_nisia_desc;Athenai Nisia;;;;;;;;;;;;;
PROV423;Athenai Nisia;;;;;;;;;;;;;
PROV423_adj;Athenai Nisia;;;;;;;;;;;;;
PROV423_desc;Athenai Nisia;;;;;;;;;;;;;
b_athenai_nisia;Athenai Nisia;;;;;;;;;;;;;
b_athenai_nisia_adj;Athenai Nisia;;;;;;;;;;;;;
b_athenai_nisia_desc;Athenai Nisia;;;;;;;;;;;;;
b_athenai_nisia2;Athenai Nisia2;;;;;;;;;;;;;
b_athenai_nisia2_adj;Athenai Nisia2;;;;;;;;;;;;;
b_athenai_nisia2_desc;Athenai Nisia2;;;;;;;;;;;;;
nisidia;Nisidia;;;;;;;;;;;;;
nisidia_adj;Nisidia;;;;;;;;;;;;;
nisidia_desc;Nisidia;;;;;;;;;;;;;
c_nisidia;Nisidia;;;;;;;;;;;;;
c_nisidia_adj;Nisidia;;;;;;;;;;;;;
c_nisidia_desc;Nisidia;;;;;;;;;;;;;
PROV424;Nisidia;;;;;;;;;;;;;
PROV424_adj;Nisidia;;;;;;;;;;;;;
PROV424_desc;Nisidia;;;;;;;;;;;;;
b_nisidia;Nisidia;;;;;;;;;;;;;
b_nisidia_adj;Nisidia;;;;;;;;;;;;;
b_nisidia_desc;Nisidia;;;;;;;;;;;;;
b_nisidia2;Nisidia2;;;;;;;;;;;;;
b_nisidia2_adj;Nisidia2;;;;;;;;;;;;;
b_nisidia2_desc;Nisidia2;;;;;;;;;;;;;
monastiri;Monastiri;;;;;;;;;;;;;
monastiri_adj;Monastiri;;;;;;;;;;;;;
monastiri_desc;Monastiri;;;;;;;;;;;;;
c_monastiri;Monastiri;;;;;;;;;;;;;
c_monastiri_adj;Monastiri;;;;;;;;;;;;;
c_monastiri_desc;Monastiri;;;;;;;;;;;;;
PROV425;Monastiri;;;;;;;;;;;;;
PROV425_adj;Monastiri;;;;;;;;;;;;;
PROV425_desc;Monastiri;;;;;;;;;;;;;
b_monastiri;Monastiri;;;;;;;;;;;;;
b_monastiri_adj;Monastiri;;;;;;;;;;;;;
b_monastiri_desc;Monastiri;;;;;;;;;;;;;
b_monastiri2;Monastiri2;;;;;;;;;;;;;
b_monastiri2_adj;Monastiri2;;;;;;;;;;;;;
b_monastiri2_desc;Monastiri2;;;;;;;;;;;;;
c_megara;Megara;;;;;;;;;;;;;
c_megara_adj;Megara;;;;;;;;;;;;;
c_megara_desc;Megara;;;;;;;;;;;;;
PROV426;Megara;;;;;;;;;;;;;
PROV426_adj;Megara;;;;;;;;;;;;;
PROV426_desc;Megara;;;;;;;;;;;;;
b_megara;Megara;;;;;;;;;;;;;
b_megara_adj;Megara;;;;;;;;;;;;;
b_megara_desc;Megara;;;;;;;;;;;;;
b_megara2;Megara2;;;;;;;;;;;;;
b_megara2_adj;Megara2;;;;;;;;;;;;;
b_megara2_desc;Megara2;;;;;;;;;;;;;
limnos_nisia;Limnos Nisia;;;;;;;;;;;;;
limnos_nisia_adj;Limnos Nisia;;;;;;;;;;;;;
limnos_nisia_desc;Limnos Nisia;;;;;;;;;;;;;
c_limnos_nisia;Limnos Nisia;;;;;;;;;;;;;
c_limnos_nisia_adj;Limnos Nisia;;;;;;;;;;;;;
c_limnos_nisia_desc;Limnos Nisia;;;;;;;;;;;;;
PROV427;Limnos Nisia;;;;;;;;;;;;;
PROV427_adj;Limnos Nisia;;;;;;;;;;;;;
PROV427_desc;Limnos Nisia;;;;;;;;;;;;;
b_limnos_nisia;Limnos Nisia;;;;;;;;;;;;;
b_limnos_nisia_adj;Limnos Nisia;;;;;;;;;;;;;
b_limnos_nisia_desc;Limnos Nisia;;;;;;;;;;;;;
b_limnos_nisia2;Limnos Nisia2;;;;;;;;;;;;;
b_limnos_nisia2_adj;Limnos Nisia2;;;;;;;;;;;;;
b_limnos_nisia2_desc;Limnos Nisia2;;;;;;;;;;;;;
kriti;Kriti;;;;;;;;;;;;;
kriti_adj;Kriti;;;;;;;;;;;;;
kriti_desc;Kriti;;;;;;;;;;;;;
c_kriti;Kriti;;;;;;;;;;;;;
c_kriti_adj;Kriti;;;;;;;;;;;;;
c_kriti_desc;Kriti;;;;;;;;;;;;;
PROV428;Kriti;;;;;;;;;;;;;
PROV428_adj;Kriti;;;;;;;;;;;;;
PROV428_desc;Kriti;;;;;;;;;;;;;
b_kriti;Kriti;;;;;;;;;;;;;
b_kriti_adj;Kriti;;;;;;;;;;;;;
b_kriti_desc;Kriti;;;;;;;;;;;;;
b_kriti2;Kriti2;;;;;;;;;;;;;
b_kriti2_adj;Kriti2;;;;;;;;;;;;;
b_kriti2_desc;Kriti2;;;;;;;;;;;;;
tessoliki;Tessoliki;;;;;;;;;;;;;
tessoliki_adj;Tessoliki;;;;;;;;;;;;;
tessoliki_desc;Tessoliki;;;;;;;;;;;;;
d_tessoliki;Tessoliki;;;;;;;;;;;;;
d_tessoliki_adj;Tessoliki;;;;;;;;;;;;;
d_tessoliki_desc;Tessoliki;;;;;;;;;;;;;
c_tessoliki;Tessoliki;;;;;;;;;;;;;
c_tessoliki_adj;Tessoliki;;;;;;;;;;;;;
c_tessoliki_desc;Tessoliki;;;;;;;;;;;;;
PROV429;Tessoliki;;;;;;;;;;;;;
PROV429_adj;Tessoliki;;;;;;;;;;;;;
PROV429_desc;Tessoliki;;;;;;;;;;;;;
b_tessoliki;Tessoliki;;;;;;;;;;;;;
b_tessoliki_adj;Tessoliki;;;;;;;;;;;;;
b_tessoliki_desc;Tessoliki;;;;;;;;;;;;;
b_tessoliki2;Tessoliki2;;;;;;;;;;;;;
b_tessoliki2_adj;Tessoliki2;;;;;;;;;;;;;
b_tessoliki2_desc;Tessoliki2;;;;;;;;;;;;;
athous;Athous;;;;;;;;;;;;;
athous_adj;Athous;;;;;;;;;;;;;
athous_desc;Athous;;;;;;;;;;;;;
c_athous;Athous;;;;;;;;;;;;;
c_athous_adj;Athous;;;;;;;;;;;;;
c_athous_desc;Athous;;;;;;;;;;;;;
PROV430;Athous;;;;;;;;;;;;;
PROV430_adj;Athous;;;;;;;;;;;;;
PROV430_desc;Athous;;;;;;;;;;;;;
b_athous;Athous;;;;;;;;;;;;;
b_athous_adj;Athous;;;;;;;;;;;;;
b_athous_desc;Athous;;;;;;;;;;;;;
b_athous2;Athous2;;;;;;;;;;;;;
b_athous2_adj;Athous2;;;;;;;;;;;;;
b_athous2_desc;Athous2;;;;;;;;;;;;;
oreino_teichos;Oreino Teichos;;;;;;;;;;;;;
oreino_teichos_adj;Oreino Teichos;;;;;;;;;;;;;
oreino_teichos_desc;Oreino Teichos;;;;;;;;;;;;;
c_oreino_teichos;Oreino Teichos;;;;;;;;;;;;;
c_oreino_teichos_adj;Oreino Teichos;;;;;;;;;;;;;
c_oreino_teichos_desc;Oreino Teichos;;;;;;;;;;;;;
PROV431;Oreino Teichos;;;;;;;;;;;;;
PROV431_adj;Oreino Teichos;;;;;;;;;;;;;
PROV431_desc;Oreino Teichos;;;;;;;;;;;;;
b_oreino_teichos;Oreino Teichos;;;;;;;;;;;;;
b_oreino_teichos_adj;Oreino Teichos;;;;;;;;;;;;;
b_oreino_teichos_desc;Oreino Teichos;;;;;;;;;;;;;
b_oreino_teichos2;Oreino Teichos2;;;;;;;;;;;;;
b_oreino_teichos2_adj;Oreino Teichos2;;;;;;;;;;;;;
b_oreino_teichos2_desc;Oreino Teichos2;;;;;;;;;;;;;
ioannina;Ioannina;;;;;;;;;;;;;
ioannina_adj;Ioannina;;;;;;;;;;;;;
ioannina_desc;Ioannina;;;;;;;;;;;;;
c_ioannina;Ioannina;;;;;;;;;;;;;
c_ioannina_adj;Ioannina;;;;;;;;;;;;;
c_ioannina_desc;Ioannina;;;;;;;;;;;;;
PROV432;Ioannina;;;;;;;;;;;;;
PROV432_adj;Ioannina;;;;;;;;;;;;;
PROV432_desc;Ioannina;;;;;;;;;;;;;
b_ioannina;Ioannina;;;;;;;;;;;;;
b_ioannina_adj;Ioannina;;;;;;;;;;;;;
b_ioannina_desc;Ioannina;;;;;;;;;;;;;
b_ioannina2;Ioannina2;;;;;;;;;;;;;
b_ioannina2_adj;Ioannina2;;;;;;;;;;;;;
b_ioannina2_desc;Ioannina2;;;;;;;;;;;;;
therma;Therma;;;;;;;;;;;;;
therma_adj;Therma;;;;;;;;;;;;;
therma_desc;Therma;;;;;;;;;;;;;
d_therma;Therma;;;;;;;;;;;;;
d_therma_adj;Therma;;;;;;;;;;;;;
d_therma_desc;Therma;;;;;;;;;;;;;
c_therma;Therma;;;;;;;;;;;;;
c_therma_adj;Therma;;;;;;;;;;;;;
c_therma_desc;Therma;;;;;;;;;;;;;
PROV433;Therma;;;;;;;;;;;;;
PROV433_adj;Therma;;;;;;;;;;;;;
PROV433_desc;Therma;;;;;;;;;;;;;
b_therma;Therma;;;;;;;;;;;;;
b_therma_adj;Therma;;;;;;;;;;;;;
b_therma_desc;Therma;;;;;;;;;;;;;
b_therma2;Therma2;;;;;;;;;;;;;
b_therma2_adj;Therma2;;;;;;;;;;;;;
b_therma2_desc;Therma2;;;;;;;;;;;;;
karpenissi;Karpenissi;;;;;;;;;;;;;
karpenissi_adj;Karpenissi;;;;;;;;;;;;;
karpenissi_desc;Karpenissi;;;;;;;;;;;;;
c_karpenissi;Karpenissi;;;;;;;;;;;;;
c_karpenissi_adj;Karpenissi;;;;;;;;;;;;;
c_karpenissi_desc;Karpenissi;;;;;;;;;;;;;
PROV434;Karpenissi;;;;;;;;;;;;;
PROV434_adj;Karpenissi;;;;;;;;;;;;;
PROV434_desc;Karpenissi;;;;;;;;;;;;;
b_karpenissi;Karpenissi;;;;;;;;;;;;;
b_karpenissi_adj;Karpenissi;;;;;;;;;;;;;
b_karpenissi_desc;Karpenissi;;;;;;;;;;;;;
b_karpenissi2;Karpenissi2;;;;;;;;;;;;;
b_karpenissi2_adj;Karpenissi2;;;;;;;;;;;;;
b_karpenissi2_desc;Karpenissi2;;;;;;;;;;;;;
kappados;Kappados;;;;;;;;;;;;;
kappados_adj;Kappados;;;;;;;;;;;;;
kappados_desc;Kappados;;;;;;;;;;;;;
k_kappados;Kappados;;;;;;;;;;;;;
k_kappados_adj;Kappados;;;;;;;;;;;;;
k_kappados_desc;Kappados;;;;;;;;;;;;;
heraclea;Heraclea;;;;;;;;;;;;;
heraclea_adj;Heraclea;;;;;;;;;;;;;
heraclea_desc;Heraclea;;;;;;;;;;;;;
d_heraclea;Heraclea;;;;;;;;;;;;;
d_heraclea_adj;Heraclea;;;;;;;;;;;;;
d_heraclea_desc;Heraclea;;;;;;;;;;;;;
rakkai;Rakkai;;;;;;;;;;;;;
rakkai_adj;Rakkai;;;;;;;;;;;;;
rakkai_desc;Rakkai;;;;;;;;;;;;;
c_rakkai;Rakkai;;;;;;;;;;;;;
c_rakkai_adj;Rakkai;;;;;;;;;;;;;
c_rakkai_desc;Rakkai;;;;;;;;;;;;;
PROV435;Rakkai;;;;;;;;;;;;;
PROV435_adj;Rakkai;;;;;;;;;;;;;
PROV435_desc;Rakkai;;;;;;;;;;;;;
b_rakkai;Rakkai;;;;;;;;;;;;;
b_rakkai_adj;Rakkai;;;;;;;;;;;;;
b_rakkai_desc;Rakkai;;;;;;;;;;;;;
b_rakkai2;Rakkai2;;;;;;;;;;;;;
b_rakkai2_adj;Rakkai2;;;;;;;;;;;;;
b_rakkai2_desc;Rakkai2;;;;;;;;;;;;;
esmira;Esmira;;;;;;;;;;;;;
esmira_adj;Esmira;;;;;;;;;;;;;
esmira_desc;Esmira;;;;;;;;;;;;;
c_esmira;Esmira;;;;;;;;;;;;;
c_esmira_adj;Esmira;;;;;;;;;;;;;
c_esmira_desc;Esmira;;;;;;;;;;;;;
PROV436;Esmira;;;;;;;;;;;;;
PROV436_adj;Esmira;;;;;;;;;;;;;
PROV436_desc;Esmira;;;;;;;;;;;;;
b_esmira;Esmira;;;;;;;;;;;;;
b_esmira_adj;Esmira;;;;;;;;;;;;;
b_esmira_desc;Esmira;;;;;;;;;;;;;
b_esmira2;Esmira2;;;;;;;;;;;;;
b_esmira2_adj;Esmira2;;;;;;;;;;;;;
b_esmira2_desc;Esmira2;;;;;;;;;;;;;
c_heraclea;Heraclea;;;;;;;;;;;;;
c_heraclea_adj;Heraclea;;;;;;;;;;;;;
c_heraclea_desc;Heraclea;;;;;;;;;;;;;
PROV437;Heraclea;;;;;;;;;;;;;
PROV437_adj;Heraclea;;;;;;;;;;;;;
PROV437_desc;Heraclea;;;;;;;;;;;;;
b_heraclea;Heraclea;;;;;;;;;;;;;
b_heraclea_adj;Heraclea;;;;;;;;;;;;;
b_heraclea_desc;Heraclea;;;;;;;;;;;;;
b_heraclea2;Heraclea2;;;;;;;;;;;;;
b_heraclea2_adj;Heraclea2;;;;;;;;;;;;;
b_heraclea2_desc;Heraclea2;;;;;;;;;;;;;
kataion;Kataion;;;;;;;;;;;;;
kataion_adj;Kataion;;;;;;;;;;;;;
kataion_desc;Kataion;;;;;;;;;;;;;
c_kataion;Kataion;;;;;;;;;;;;;
c_kataion_adj;Kataion;;;;;;;;;;;;;
c_kataion_desc;Kataion;;;;;;;;;;;;;
PROV438;Kataion;;;;;;;;;;;;;
PROV438_adj;Kataion;;;;;;;;;;;;;
PROV438_desc;Kataion;;;;;;;;;;;;;
b_kataion;Kataion;;;;;;;;;;;;;
b_kataion_adj;Kataion;;;;;;;;;;;;;
b_kataion_desc;Kataion;;;;;;;;;;;;;
b_kataion2;Kataion2;;;;;;;;;;;;;
b_kataion2_adj;Kataion2;;;;;;;;;;;;;
b_kataion2_desc;Kataion2;;;;;;;;;;;;;
limnosa;Limnosa;;;;;;;;;;;;;
limnosa_adj;Limnosa;;;;;;;;;;;;;
limnosa_desc;Limnosa;;;;;;;;;;;;;
d_limnosa;Limnosa;;;;;;;;;;;;;
d_limnosa_adj;Limnosa;;;;;;;;;;;;;
d_limnosa_desc;Limnosa;;;;;;;;;;;;;
erzina;Erzina;;;;;;;;;;;;;
erzina_adj;Erzina;;;;;;;;;;;;;
erzina_desc;Erzina;;;;;;;;;;;;;
c_erzina;Erzina;;;;;;;;;;;;;
c_erzina_adj;Erzina;;;;;;;;;;;;;
c_erzina_desc;Erzina;;;;;;;;;;;;;
PROV439;Erzina;;;;;;;;;;;;;
PROV439_adj;Erzina;;;;;;;;;;;;;
PROV439_desc;Erzina;;;;;;;;;;;;;
b_erzina;Erzina;;;;;;;;;;;;;
b_erzina_adj;Erzina;;;;;;;;;;;;;
b_erzina_desc;Erzina;;;;;;;;;;;;;
b_erzina2;Erzina2;;;;;;;;;;;;;
b_erzina2_adj;Erzina2;;;;;;;;;;;;;
b_erzina2_desc;Erzina2;;;;;;;;;;;;;
arzabzon;Arzabzon;;;;;;;;;;;;;
arzabzon_adj;Arzabzon;;;;;;;;;;;;;
arzabzon_desc;Arzabzon;;;;;;;;;;;;;
c_arzabzon;Arzabzon;;;;;;;;;;;;;
c_arzabzon_adj;Arzabzon;;;;;;;;;;;;;
c_arzabzon_desc;Arzabzon;;;;;;;;;;;;;
PROV440;Arzabzon;;;;;;;;;;;;;
PROV440_adj;Arzabzon;;;;;;;;;;;;;
PROV440_desc;Arzabzon;;;;;;;;;;;;;
b_arzabzon;Arzabzon;;;;;;;;;;;;;
b_arzabzon_adj;Arzabzon;;;;;;;;;;;;;
b_arzabzon_desc;Arzabzon;;;;;;;;;;;;;
b_arzabzon2;Arzabzon2;;;;;;;;;;;;;
b_arzabzon2_adj;Arzabzon2;;;;;;;;;;;;;
b_arzabzon2_desc;Arzabzon2;;;;;;;;;;;;;
c_limnosa;Limnosa;;;;;;;;;;;;;
c_limnosa_adj;Limnosa;;;;;;;;;;;;;
c_limnosa_desc;Limnosa;;;;;;;;;;;;;
PROV441;Limnosa;;;;;;;;;;;;;
PROV441_adj;Limnosa;;;;;;;;;;;;;
PROV441_desc;Limnosa;;;;;;;;;;;;;
b_limnosa;Limnosa;;;;;;;;;;;;;
b_limnosa_adj;Limnosa;;;;;;;;;;;;;
b_limnosa_desc;Limnosa;;;;;;;;;;;;;
b_limnosa2;Limnosa2;;;;;;;;;;;;;
b_limnosa2_adj;Limnosa2;;;;;;;;;;;;;
b_limnosa2_desc;Limnosa2;;;;;;;;;;;;;
alexandroupoli;Alexandroupoli;;;;;;;;;;;;;
alexandroupoli_adj;Alexandroupoli;;;;;;;;;;;;;
alexandroupoli_desc;Alexandroupoli;;;;;;;;;;;;;
c_alexandroupoli;Alexandroupoli;;;;;;;;;;;;;
c_alexandroupoli_adj;Alexandroupoli;;;;;;;;;;;;;
c_alexandroupoli_desc;Alexandroupoli;;;;;;;;;;;;;
PROV442;Alexandroupoli;;;;;;;;;;;;;
PROV442_adj;Alexandroupoli;;;;;;;;;;;;;
PROV442_desc;Alexandroupoli;;;;;;;;;;;;;
b_alexandroupoli;Alexandroupoli;;;;;;;;;;;;;
b_alexandroupoli_adj;Alexandroupoli;;;;;;;;;;;;;
b_alexandroupoli_desc;Alexandroupoli;;;;;;;;;;;;;
b_alexandroupoli2;Alexandroupoli2;;;;;;;;;;;;;
b_alexandroupoli2_adj;Alexandroupoli2;;;;;;;;;;;;;
b_alexandroupoli2_desc;Alexandroupoli2;;;;;;;;;;;;;
atolia;Atolia;;;;;;;;;;;;;
atolia_adj;Atolia;;;;;;;;;;;;;
atolia_desc;Atolia;;;;;;;;;;;;;
c_atolia;Atolia;;;;;;;;;;;;;
c_atolia_adj;Atolia;;;;;;;;;;;;;
c_atolia_desc;Atolia;;;;;;;;;;;;;
PROV443;Atolia;;;;;;;;;;;;;
PROV443_adj;Atolia;;;;;;;;;;;;;
PROV443_desc;Atolia;;;;;;;;;;;;;
b_atolia;Atolia;;;;;;;;;;;;;
b_atolia_adj;Atolia;;;;;;;;;;;;;
b_atolia_desc;Atolia;;;;;;;;;;;;;
b_atolia2;Atolia2;;;;;;;;;;;;;
b_atolia2_adj;Atolia2;;;;;;;;;;;;;
b_atolia2_desc;Atolia2;;;;;;;;;;;;;
anakion;Anakion;;;;;;;;;;;;;
anakion_adj;Anakion;;;;;;;;;;;;;
anakion_desc;Anakion;;;;;;;;;;;;;
c_anakion;Anakion;;;;;;;;;;;;;
c_anakion_adj;Anakion;;;;;;;;;;;;;
c_anakion_desc;Anakion;;;;;;;;;;;;;
PROV444;Anakion;;;;;;;;;;;;;
PROV444_adj;Anakion;;;;;;;;;;;;;
PROV444_desc;Anakion;;;;;;;;;;;;;
b_anakion;Anakion;;;;;;;;;;;;;
b_anakion_adj;Anakion;;;;;;;;;;;;;
b_anakion_desc;Anakion;;;;;;;;;;;;;
b_anakion2;Anakion2;;;;;;;;;;;;;
b_anakion2_adj;Anakion2;;;;;;;;;;;;;
b_anakion2_desc;Anakion2;;;;;;;;;;;;;
tzakazvilis;Tzakazvilis;;;;;;;;;;;;;
tzakazvilis_adj;Tzakazvilis;;;;;;;;;;;;;
tzakazvilis_desc;Tzakazvilis;;;;;;;;;;;;;
d_tzakazvilis;Tzakazvilis;;;;;;;;;;;;;
d_tzakazvilis_adj;Tzakazvilis;;;;;;;;;;;;;
d_tzakazvilis_desc;Tzakazvilis;;;;;;;;;;;;;
sardes;Sardes;;;;;;;;;;;;;
sardes_adj;Sardes;;;;;;;;;;;;;
sardes_desc;Sardes;;;;;;;;;;;;;
c_sardes;Sardes;;;;;;;;;;;;;
c_sardes_adj;Sardes;;;;;;;;;;;;;
c_sardes_desc;Sardes;;;;;;;;;;;;;
PROV445;Sardes;;;;;;;;;;;;;
PROV445_adj;Sardes;;;;;;;;;;;;;
PROV445_desc;Sardes;;;;;;;;;;;;;
b_sardes;Sardes;;;;;;;;;;;;;
b_sardes_adj;Sardes;;;;;;;;;;;;;
b_sardes_desc;Sardes;;;;;;;;;;;;;
b_sardes2;Sardes2;;;;;;;;;;;;;
b_sardes2_adj;Sardes2;;;;;;;;;;;;;
b_sardes2_desc;Sardes2;;;;;;;;;;;;;
sebastamosa;Sebastamosa;;;;;;;;;;;;;
sebastamosa_adj;Sebastamosa;;;;;;;;;;;;;
sebastamosa_desc;Sebastamosa;;;;;;;;;;;;;
c_sebastamosa;Sebastamosa;;;;;;;;;;;;;
c_sebastamosa_adj;Sebastamosa;;;;;;;;;;;;;
c_sebastamosa_desc;Sebastamosa;;;;;;;;;;;;;
PROV446;Sebastamosa;;;;;;;;;;;;;
PROV446_adj;Sebastamosa;;;;;;;;;;;;;
PROV446_desc;Sebastamosa;;;;;;;;;;;;;
b_sebastamosa;Sebastamosa;;;;;;;;;;;;;
b_sebastamosa_adj;Sebastamosa;;;;;;;;;;;;;
b_sebastamosa_desc;Sebastamosa;;;;;;;;;;;;;
b_sebastamosa2;Sebastamosa2;;;;;;;;;;;;;
b_sebastamosa2_adj;Sebastamosa2;;;;;;;;;;;;;
b_sebastamosa2_desc;Sebastamosa2;;;;;;;;;;;;;
verkilis;Verkilis;;;;;;;;;;;;;
verkilis_adj;Verkilis;;;;;;;;;;;;;
verkilis_desc;Verkilis;;;;;;;;;;;;;
c_verkilis;Verkilis;;;;;;;;;;;;;
c_verkilis_adj;Verkilis;;;;;;;;;;;;;
c_verkilis_desc;Verkilis;;;;;;;;;;;;;
PROV447;Verkilis;;;;;;;;;;;;;
PROV447_adj;Verkilis;;;;;;;;;;;;;
PROV447_desc;Verkilis;;;;;;;;;;;;;
b_verkilis;Verkilis;;;;;;;;;;;;;
b_verkilis_adj;Verkilis;;;;;;;;;;;;;
b_verkilis_desc;Verkilis;;;;;;;;;;;;;
b_verkilis2;Verkilis2;;;;;;;;;;;;;
b_verkilis2_adj;Verkilis2;;;;;;;;;;;;;
b_verkilis2_desc;Verkilis2;;;;;;;;;;;;;
c_tzakazvilis;Tzakazvilis;;;;;;;;;;;;;
c_tzakazvilis_adj;Tzakazvilis;;;;;;;;;;;;;
c_tzakazvilis_desc;Tzakazvilis;;;;;;;;;;;;;
PROV448;Tzakazvilis;;;;;;;;;;;;;
PROV448_adj;Tzakazvilis;;;;;;;;;;;;;
PROV448_desc;Tzakazvilis;;;;;;;;;;;;;
b_tzakazvilis;Tzakazvilis;;;;;;;;;;;;;
b_tzakazvilis_adj;Tzakazvilis;;;;;;;;;;;;;
b_tzakazvilis_desc;Tzakazvilis;;;;;;;;;;;;;
b_tzakazvilis2;Tzakazvilis2;;;;;;;;;;;;;
b_tzakazvilis2_adj;Tzakazvilis2;;;;;;;;;;;;;
b_tzakazvilis2_desc;Tzakazvilis2;;;;;;;;;;;;;
rustvani;Rustvani;;;;;;;;;;;;;
rustvani_adj;Rustvani;;;;;;;;;;;;;
rustvani_desc;Rustvani;;;;;;;;;;;;;
k_rustvani;Rustvani;;;;;;;;;;;;;
k_rustvani_adj;Rustvani;;;;;;;;;;;;;
k_rustvani_desc;Rustvani;;;;;;;;;;;;;
beylagan;Beylagan;;;;;;;;;;;;;
beylagan_adj;Beylagan;;;;;;;;;;;;;
beylagan_desc;Beylagan;;;;;;;;;;;;;
d_beylagan;Beylagan;;;;;;;;;;;;;
d_beylagan_adj;Beylagan;;;;;;;;;;;;;
d_beylagan_desc;Beylagan;;;;;;;;;;;;;
akhalakaio;Akhalakaio;;;;;;;;;;;;;
akhalakaio_adj;Akhalakaio;;;;;;;;;;;;;
akhalakaio_desc;Akhalakaio;;;;;;;;;;;;;
c_akhalakaio;Akhalakaio;;;;;;;;;;;;;
c_akhalakaio_adj;Akhalakaio;;;;;;;;;;;;;
c_akhalakaio_desc;Akhalakaio;;;;;;;;;;;;;
PROV449;Akhalakaio;;;;;;;;;;;;;
PROV449_adj;Akhalakaio;;;;;;;;;;;;;
PROV449_desc;Akhalakaio;;;;;;;;;;;;;
b_akhalakaio;Akhalakaio;;;;;;;;;;;;;
b_akhalakaio_adj;Akhalakaio;;;;;;;;;;;;;
b_akhalakaio_desc;Akhalakaio;;;;;;;;;;;;;
b_akhalakaio2;Akhalakaio2;;;;;;;;;;;;;
b_akhalakaio2_adj;Akhalakaio2;;;;;;;;;;;;;
b_akhalakaio2_desc;Akhalakaio2;;;;;;;;;;;;;
karsatin;Karsatin;;;;;;;;;;;;;
karsatin_adj;Karsatin;;;;;;;;;;;;;
karsatin_desc;Karsatin;;;;;;;;;;;;;
c_karsatin;Karsatin;;;;;;;;;;;;;
c_karsatin_adj;Karsatin;;;;;;;;;;;;;
c_karsatin_desc;Karsatin;;;;;;;;;;;;;
PROV450;Karsatin;;;;;;;;;;;;;
PROV450_adj;Karsatin;;;;;;;;;;;;;
PROV450_desc;Karsatin;;;;;;;;;;;;;
b_karsatin;Karsatin;;;;;;;;;;;;;
b_karsatin_adj;Karsatin;;;;;;;;;;;;;
b_karsatin_desc;Karsatin;;;;;;;;;;;;;
b_karsatin2;Karsatin2;;;;;;;;;;;;;
b_karsatin2_adj;Karsatin2;;;;;;;;;;;;;
b_karsatin2_desc;Karsatin2;;;;;;;;;;;;;
shekit_khachmaz;Shekit Khachmaz;;;;;;;;;;;;;
shekit_khachmaz_adj;Shekit Khachmaz;;;;;;;;;;;;;
shekit_khachmaz_desc;Shekit Khachmaz;;;;;;;;;;;;;
c_shekit_khachmaz;Shekit Khachmaz;;;;;;;;;;;;;
c_shekit_khachmaz_adj;Shekit Khachmaz;;;;;;;;;;;;;
c_shekit_khachmaz_desc;Shekit Khachmaz;;;;;;;;;;;;;
PROV451;Shekit Khachmaz;;;;;;;;;;;;;
PROV451_adj;Shekit Khachmaz;;;;;;;;;;;;;
PROV451_desc;Shekit Khachmaz;;;;;;;;;;;;;
b_shekit_khachmaz;Shekit Khachmaz;;;;;;;;;;;;;
b_shekit_khachmaz_adj;Shekit Khachmaz;;;;;;;;;;;;;
b_shekit_khachmaz_desc;Shekit Khachmaz;;;;;;;;;;;;;
b_shekit_khachmaz2;Shekit Khachmaz2;;;;;;;;;;;;;
b_shekit_khachmaz2_adj;Shekit Khachmaz2;;;;;;;;;;;;;
b_shekit_khachmaz2_desc;Shekit Khachmaz2;;;;;;;;;;;;;
c_beylagan;Beylagan;;;;;;;;;;;;;
c_beylagan_adj;Beylagan;;;;;;;;;;;;;
c_beylagan_desc;Beylagan;;;;;;;;;;;;;
PROV452;Beylagan;;;;;;;;;;;;;
PROV452_adj;Beylagan;;;;;;;;;;;;;
PROV452_desc;Beylagan;;;;;;;;;;;;;
b_beylagan;Beylagan;;;;;;;;;;;;;
b_beylagan_adj;Beylagan;;;;;;;;;;;;;
b_beylagan_desc;Beylagan;;;;;;;;;;;;;
b_beylagan2;Beylagan2;;;;;;;;;;;;;
b_beylagan2_adj;Beylagan2;;;;;;;;;;;;;
b_beylagan2_desc;Beylagan2;;;;;;;;;;;;;
hrzavdanda;Hrzavdanda;;;;;;;;;;;;;
hrzavdanda_adj;Hrzavdanda;;;;;;;;;;;;;
hrzavdanda_desc;Hrzavdanda;;;;;;;;;;;;;
d_hrzavdanda;Hrzavdanda;;;;;;;;;;;;;
d_hrzavdanda_adj;Hrzavdanda;;;;;;;;;;;;;
d_hrzavdanda_desc;Hrzavdanda;;;;;;;;;;;;;
ozurgheti;Ozurgheti;;;;;;;;;;;;;
ozurgheti_adj;Ozurgheti;;;;;;;;;;;;;
ozurgheti_desc;Ozurgheti;;;;;;;;;;;;;
c_ozurgheti;Ozurgheti;;;;;;;;;;;;;
c_ozurgheti_adj;Ozurgheti;;;;;;;;;;;;;
c_ozurgheti_desc;Ozurgheti;;;;;;;;;;;;;
PROV453;Ozurgheti;;;;;;;;;;;;;
PROV453_adj;Ozurgheti;;;;;;;;;;;;;
PROV453_desc;Ozurgheti;;;;;;;;;;;;;
b_ozurgheti;Ozurgheti;;;;;;;;;;;;;
b_ozurgheti_adj;Ozurgheti;;;;;;;;;;;;;
b_ozurgheti_desc;Ozurgheti;;;;;;;;;;;;;
b_ozurgheti2;Ozurgheti2;;;;;;;;;;;;;
b_ozurgheti2_adj;Ozurgheti2;;;;;;;;;;;;;
b_ozurgheti2_desc;Ozurgheti2;;;;;;;;;;;;;
stepanavan;Stepanavan;;;;;;;;;;;;;
stepanavan_adj;Stepanavan;;;;;;;;;;;;;
stepanavan_desc;Stepanavan;;;;;;;;;;;;;
c_stepanavan;Stepanavan;;;;;;;;;;;;;
c_stepanavan_adj;Stepanavan;;;;;;;;;;;;;
c_stepanavan_desc;Stepanavan;;;;;;;;;;;;;
PROV454;Stepanavan;;;;;;;;;;;;;
PROV454_adj;Stepanavan;;;;;;;;;;;;;
PROV454_desc;Stepanavan;;;;;;;;;;;;;
b_stepanavan;Stepanavan;;;;;;;;;;;;;
b_stepanavan_adj;Stepanavan;;;;;;;;;;;;;
b_stepanavan_desc;Stepanavan;;;;;;;;;;;;;
b_stepanavan2;Stepanavan2;;;;;;;;;;;;;
b_stepanavan2_adj;Stepanavan2;;;;;;;;;;;;;
b_stepanavan2_desc;Stepanavan2;;;;;;;;;;;;;
alverdishvan;Alverdishvan;;;;;;;;;;;;;
alverdishvan_adj;Alverdishvan;;;;;;;;;;;;;
alverdishvan_desc;Alverdishvan;;;;;;;;;;;;;
c_alverdishvan;Alverdishvan;;;;;;;;;;;;;
c_alverdishvan_adj;Alverdishvan;;;;;;;;;;;;;
c_alverdishvan_desc;Alverdishvan;;;;;;;;;;;;;
PROV455;Alverdishvan;;;;;;;;;;;;;
PROV455_adj;Alverdishvan;;;;;;;;;;;;;
PROV455_desc;Alverdishvan;;;;;;;;;;;;;
b_alverdishvan;Alverdishvan;;;;;;;;;;;;;
b_alverdishvan_adj;Alverdishvan;;;;;;;;;;;;;
b_alverdishvan_desc;Alverdishvan;;;;;;;;;;;;;
b_alverdishvan2;Alverdishvan2;;;;;;;;;;;;;
b_alverdishvan2_adj;Alverdishvan2;;;;;;;;;;;;;
b_alverdishvan2_desc;Alverdishvan2;;;;;;;;;;;;;
hrzadan;Hrzadan;;;;;;;;;;;;;
hrzadan_adj;Hrzadan;;;;;;;;;;;;;
hrzadan_desc;Hrzadan;;;;;;;;;;;;;
c_hrzadan;Hrzadan;;;;;;;;;;;;;
c_hrzadan_adj;Hrzadan;;;;;;;;;;;;;
c_hrzadan_desc;Hrzadan;;;;;;;;;;;;;
PROV456;Hrzadan;;;;;;;;;;;;;
PROV456_adj;Hrzadan;;;;;;;;;;;;;
PROV456_desc;Hrzadan;;;;;;;;;;;;;
b_hrzadan;Hrzadan;;;;;;;;;;;;;
b_hrzadan_adj;Hrzadan;;;;;;;;;;;;;
b_hrzadan_desc;Hrzadan;;;;;;;;;;;;;
b_hrzadan2;Hrzadan2;;;;;;;;;;;;;
b_hrzadan2_adj;Hrzadan2;;;;;;;;;;;;;
b_hrzadan2_desc;Hrzadan2;;;;;;;;;;;;;
tsaikvansu;Tsaikvansu;;;;;;;;;;;;;
tsaikvansu_adj;Tsaikvansu;;;;;;;;;;;;;
tsaikvansu_desc;Tsaikvansu;;;;;;;;;;;;;
d_tsaikvansu;Tsaikvansu;;;;;;;;;;;;;
d_tsaikvansu_adj;Tsaikvansu;;;;;;;;;;;;;
d_tsaikvansu_desc;Tsaikvansu;;;;;;;;;;;;;
martvili;Martvili;;;;;;;;;;;;;
martvili_adj;Martvili;;;;;;;;;;;;;
martvili_desc;Martvili;;;;;;;;;;;;;
c_martvili;Martvili;;;;;;;;;;;;;
c_martvili_adj;Martvili;;;;;;;;;;;;;
c_martvili_desc;Martvili;;;;;;;;;;;;;
PROV457;Martvili;;;;;;;;;;;;;
PROV457_adj;Martvili;;;;;;;;;;;;;
PROV457_desc;Martvili;;;;;;;;;;;;;
b_martvili;Martvili;;;;;;;;;;;;;
b_martvili_adj;Martvili;;;;;;;;;;;;;
b_martvili_desc;Martvili;;;;;;;;;;;;;
b_martvili2;Martvili2;;;;;;;;;;;;;
b_martvili2_adj;Martvili2;;;;;;;;;;;;;
b_martvili2_desc;Martvili2;;;;;;;;;;;;;
derbentyurt;Derbentyurt;;;;;;;;;;;;;
derbentyurt_adj;Derbentyurt;;;;;;;;;;;;;
derbentyurt_desc;Derbentyurt;;;;;;;;;;;;;
c_derbentyurt;Derbentyurt;;;;;;;;;;;;;
c_derbentyurt_adj;Derbentyurt;;;;;;;;;;;;;
c_derbentyurt_desc;Derbentyurt;;;;;;;;;;;;;
PROV458;Derbentyurt;;;;;;;;;;;;;
PROV458_adj;Derbentyurt;;;;;;;;;;;;;
PROV458_desc;Derbentyurt;;;;;;;;;;;;;
b_derbentyurt;Derbentyurt;;;;;;;;;;;;;
b_derbentyurt_adj;Derbentyurt;;;;;;;;;;;;;
b_derbentyurt_desc;Derbentyurt;;;;;;;;;;;;;
b_derbentyurt2;Derbentyurt2;;;;;;;;;;;;;
b_derbentyurt2_adj;Derbentyurt2;;;;;;;;;;;;;
b_derbentyurt2_desc;Derbentyurt2;;;;;;;;;;;;;
tzkalaitsa;Tzkalaitsa;;;;;;;;;;;;;
tzkalaitsa_adj;Tzkalaitsa;;;;;;;;;;;;;
tzkalaitsa_desc;Tzkalaitsa;;;;;;;;;;;;;
c_tzkalaitsa;Tzkalaitsa;;;;;;;;;;;;;
c_tzkalaitsa_adj;Tzkalaitsa;;;;;;;;;;;;;
c_tzkalaitsa_desc;Tzkalaitsa;;;;;;;;;;;;;
PROV459;Tzkalaitsa;;;;;;;;;;;;;
PROV459_adj;Tzkalaitsa;;;;;;;;;;;;;
PROV459_desc;Tzkalaitsa;;;;;;;;;;;;;
b_tzkalaitsa;Tzkalaitsa;;;;;;;;;;;;;
b_tzkalaitsa_adj;Tzkalaitsa;;;;;;;;;;;;;
b_tzkalaitsa_desc;Tzkalaitsa;;;;;;;;;;;;;
b_tzkalaitsa2;Tzkalaitsa2;;;;;;;;;;;;;
b_tzkalaitsa2_adj;Tzkalaitsa2;;;;;;;;;;;;;
b_tzkalaitsa2_desc;Tzkalaitsa2;;;;;;;;;;;;;
khazavyurt;Khazavyurt;;;;;;;;;;;;;
khazavyurt_adj;Khazavyurt;;;;;;;;;;;;;
khazavyurt_desc;Khazavyurt;;;;;;;;;;;;;
c_khazavyurt;Khazavyurt;;;;;;;;;;;;;
c_khazavyurt_adj;Khazavyurt;;;;;;;;;;;;;
c_khazavyurt_desc;Khazavyurt;;;;;;;;;;;;;
PROV460;Khazavyurt;;;;;;;;;;;;;
PROV460_adj;Khazavyurt;;;;;;;;;;;;;
PROV460_desc;Khazavyurt;;;;;;;;;;;;;
b_khazavyurt;Khazavyurt;;;;;;;;;;;;;
b_khazavyurt_adj;Khazavyurt;;;;;;;;;;;;;
b_khazavyurt_desc;Khazavyurt;;;;;;;;;;;;;
b_khazavyurt2;Khazavyurt2;;;;;;;;;;;;;
b_khazavyurt2_adj;Khazavyurt2;;;;;;;;;;;;;
b_khazavyurt2_desc;Khazavyurt2;;;;;;;;;;;;;
kizlyar;Kizlyar;;;;;;;;;;;;;
kizlyar_adj;Kizlyar;;;;;;;;;;;;;
kizlyar_desc;Kizlyar;;;;;;;;;;;;;
c_kizlyar;Kizlyar;;;;;;;;;;;;;
c_kizlyar_adj;Kizlyar;;;;;;;;;;;;;
c_kizlyar_desc;Kizlyar;;;;;;;;;;;;;
PROV461;Kizlyar;;;;;;;;;;;;;
PROV461_adj;Kizlyar;;;;;;;;;;;;;
PROV461_desc;Kizlyar;;;;;;;;;;;;;
b_kizlyar;Kizlyar;;;;;;;;;;;;;
b_kizlyar_adj;Kizlyar;;;;;;;;;;;;;
b_kizlyar_desc;Kizlyar;;;;;;;;;;;;;
b_kizlyar2;Kizlyar2;;;;;;;;;;;;;
b_kizlyar2_adj;Kizlyar2;;;;;;;;;;;;;
b_kizlyar2_desc;Kizlyar2;;;;;;;;;;;;;
anaklia;Anaklia;;;;;;;;;;;;;
anaklia_adj;Anaklia;;;;;;;;;;;;;
anaklia_desc;Anaklia;;;;;;;;;;;;;
c_anaklia;Anaklia;;;;;;;;;;;;;
c_anaklia_adj;Anaklia;;;;;;;;;;;;;
c_anaklia_desc;Anaklia;;;;;;;;;;;;;
PROV462;Anaklia;;;;;;;;;;;;;
PROV462_adj;Anaklia;;;;;;;;;;;;;
PROV462_desc;Anaklia;;;;;;;;;;;;;
b_anaklia;Anaklia;;;;;;;;;;;;;
b_anaklia_adj;Anaklia;;;;;;;;;;;;;
b_anaklia_desc;Anaklia;;;;;;;;;;;;;
b_anaklia2;Anaklia2;;;;;;;;;;;;;
b_anaklia2_adj;Anaklia2;;;;;;;;;;;;;
b_anaklia2_desc;Anaklia2;;;;;;;;;;;;;
iltar;Iltar;;;;;;;;;;;;;
iltar_adj;Iltar;;;;;;;;;;;;;
iltar_desc;Iltar;;;;;;;;;;;;;
e_iltar;Iltar;;;;;;;;;;;;;
e_iltar_adj;Iltar;;;;;;;;;;;;;
e_iltar_desc;Iltar;;;;;;;;;;;;;
basta;Basta;;;;;;;;;;;;;
basta_adj;Basta;;;;;;;;;;;;;
basta_desc;Basta;;;;;;;;;;;;;
k_basta;Basta;;;;;;;;;;;;;
k_basta_adj;Basta;;;;;;;;;;;;;
k_basta_desc;Basta;;;;;;;;;;;;;
bastadon;Bastadon;;;;;;;;;;;;;
bastadon_adj;Bastadon;;;;;;;;;;;;;
bastadon_desc;Bastadon;;;;;;;;;;;;;
d_bastadon;Bastadon;;;;;;;;;;;;;
d_bastadon_adj;Bastadon;;;;;;;;;;;;;
d_bastadon_desc;Bastadon;;;;;;;;;;;;;
halle_centre;Halle Centre;;;;;;;;;;;;;
halle_centre_adj;Halle Centre;;;;;;;;;;;;;
halle_centre_desc;Halle Centre;;;;;;;;;;;;;
c_halle_centre;Halle Centre;;;;;;;;;;;;;
c_halle_centre_adj;Halle Centre;;;;;;;;;;;;;
c_halle_centre_desc;Halle Centre;;;;;;;;;;;;;
PROV463;Halle Centre;;;;;;;;;;;;;
PROV463_adj;Halle Centre;;;;;;;;;;;;;
PROV463_desc;Halle Centre;;;;;;;;;;;;;
b_halle_centre;Halle Centre;;;;;;;;;;;;;
b_halle_centre_adj;Halle Centre;;;;;;;;;;;;;
b_halle_centre_desc;Halle Centre;;;;;;;;;;;;;
b_halle_centre2;Halle Centre2;;;;;;;;;;;;;
b_halle_centre2_adj;Halle Centre2;;;;;;;;;;;;;
b_halle_centre2_desc;Halle Centre2;;;;;;;;;;;;;
halle_occident;Halle Occident;;;;;;;;;;;;;
halle_occident_adj;Halle Occident;;;;;;;;;;;;;
halle_occident_desc;Halle Occident;;;;;;;;;;;;;
c_halle_occident;Halle Occident;;;;;;;;;;;;;
c_halle_occident_adj;Halle Occident;;;;;;;;;;;;;
c_halle_occident_desc;Halle Occident;;;;;;;;;;;;;
PROV464;Halle Occident;;;;;;;;;;;;;
PROV464_adj;Halle Occident;;;;;;;;;;;;;
PROV464_desc;Halle Occident;;;;;;;;;;;;;
b_halle_occident;Halle Occident;;;;;;;;;;;;;
b_halle_occident_adj;Halle Occident;;;;;;;;;;;;;
b_halle_occident_desc;Halle Occident;;;;;;;;;;;;;
b_halle_occident2;Halle Occident2;;;;;;;;;;;;;
b_halle_occident2_adj;Halle Occident2;;;;;;;;;;;;;
b_halle_occident2_desc;Halle Occident2;;;;;;;;;;;;;
herrenix;Herrenix;;;;;;;;;;;;;
herrenix_adj;Herrenix;;;;;;;;;;;;;
herrenix_desc;Herrenix;;;;;;;;;;;;;
c_herrenix;Herrenix;;;;;;;;;;;;;
c_herrenix_adj;Herrenix;;;;;;;;;;;;;
c_herrenix_desc;Herrenix;;;;;;;;;;;;;
PROV465;Herrenix;;;;;;;;;;;;;
PROV465_adj;Herrenix;;;;;;;;;;;;;
PROV465_desc;Herrenix;;;;;;;;;;;;;
b_herrenix;Herrenix;;;;;;;;;;;;;
b_herrenix_adj;Herrenix;;;;;;;;;;;;;
b_herrenix_desc;Herrenix;;;;;;;;;;;;;
b_herrenix2;Herrenix2;;;;;;;;;;;;;
b_herrenix2_adj;Herrenix2;;;;;;;;;;;;;
b_herrenix2_desc;Herrenix2;;;;;;;;;;;;;
ais_surgenne;Ais Surgenne;;;;;;;;;;;;;
ais_surgenne_adj;Ais Surgenne;;;;;;;;;;;;;
ais_surgenne_desc;Ais Surgenne;;;;;;;;;;;;;
c_ais_surgenne;Ais Surgenne;;;;;;;;;;;;;
c_ais_surgenne_adj;Ais Surgenne;;;;;;;;;;;;;
c_ais_surgenne_desc;Ais Surgenne;;;;;;;;;;;;;
PROV466;Ais Surgenne;;;;;;;;;;;;;
PROV466_adj;Ais Surgenne;;;;;;;;;;;;;
PROV466_desc;Ais Surgenne;;;;;;;;;;;;;
b_ais_surgenne;Ais Surgenne;;;;;;;;;;;;;
b_ais_surgenne_adj;Ais Surgenne;;;;;;;;;;;;;
b_ais_surgenne_desc;Ais Surgenne;;;;;;;;;;;;;
b_ais_surgenne2;Ais Surgenne2;;;;;;;;;;;;;
b_ais_surgenne2_adj;Ais Surgenne2;;;;;;;;;;;;;
b_ais_surgenne2_desc;Ais Surgenne2;;;;;;;;;;;;;
c_bastadon;Bastadon;;;;;;;;;;;;;
c_bastadon_adj;Bastadon;;;;;;;;;;;;;
c_bastadon_desc;Bastadon;;;;;;;;;;;;;
PROV467;Bastadon;;;;;;;;;;;;;
PROV467_adj;Bastadon;;;;;;;;;;;;;
PROV467_desc;Bastadon;;;;;;;;;;;;;
b_bastadon;Bastadon;;;;;;;;;;;;;
b_bastadon_adj;Bastadon;;;;;;;;;;;;;
b_bastadon_desc;Bastadon;;;;;;;;;;;;;
b_bastadon2;Bastadon2;;;;;;;;;;;;;
b_bastadon2_adj;Bastadon2;;;;;;;;;;;;;
b_bastadon2_desc;Bastadon2;;;;;;;;;;;;;
haarle;Haarle;;;;;;;;;;;;;
haarle_adj;Haarle;;;;;;;;;;;;;
haarle_desc;Haarle;;;;;;;;;;;;;
d_haarle;Haarle;;;;;;;;;;;;;
d_haarle_adj;Haarle;;;;;;;;;;;;;
d_haarle_desc;Haarle;;;;;;;;;;;;;
veerle;Veerle;;;;;;;;;;;;;
veerle_adj;Veerle;;;;;;;;;;;;;
veerle_desc;Veerle;;;;;;;;;;;;;
c_veerle;Veerle;;;;;;;;;;;;;
c_veerle_adj;Veerle;;;;;;;;;;;;;
c_veerle_desc;Veerle;;;;;;;;;;;;;
PROV468;Veerle;;;;;;;;;;;;;
PROV468_adj;Veerle;;;;;;;;;;;;;
PROV468_desc;Veerle;;;;;;;;;;;;;
b_veerle;Veerle;;;;;;;;;;;;;
b_veerle_adj;Veerle;;;;;;;;;;;;;
b_veerle_desc;Veerle;;;;;;;;;;;;;
b_veerle2;Veerle2;;;;;;;;;;;;;
b_veerle2_adj;Veerle2;;;;;;;;;;;;;
b_veerle2_desc;Veerle2;;;;;;;;;;;;;
c_haarle;Haarle;;;;;;;;;;;;;
c_haarle_adj;Haarle;;;;;;;;;;;;;
c_haarle_desc;Haarle;;;;;;;;;;;;;
PROV469;Haarle;;;;;;;;;;;;;
PROV469_adj;Haarle;;;;;;;;;;;;;
PROV469_desc;Haarle;;;;;;;;;;;;;
b_haarle;Haarle;;;;;;;;;;;;;
b_haarle_adj;Haarle;;;;;;;;;;;;;
b_haarle_desc;Haarle;;;;;;;;;;;;;
b_haarle2;Haarle2;;;;;;;;;;;;;
b_haarle2_adj;Haarle2;;;;;;;;;;;;;
b_haarle2_desc;Haarle2;;;;;;;;;;;;;
heerle;Heerle;;;;;;;;;;;;;
heerle_adj;Heerle;;;;;;;;;;;;;
heerle_desc;Heerle;;;;;;;;;;;;;
c_heerle;Heerle;;;;;;;;;;;;;
c_heerle_adj;Heerle;;;;;;;;;;;;;
c_heerle_desc;Heerle;;;;;;;;;;;;;
PROV470;Heerle;;;;;;;;;;;;;
PROV470_adj;Heerle;;;;;;;;;;;;;
PROV470_desc;Heerle;;;;;;;;;;;;;
b_heerle;Heerle;;;;;;;;;;;;;
b_heerle_adj;Heerle;;;;;;;;;;;;;
b_heerle_desc;Heerle;;;;;;;;;;;;;
b_heerle2;Heerle2;;;;;;;;;;;;;
b_heerle2_adj;Heerle2;;;;;;;;;;;;;
b_heerle2_desc;Heerle2;;;;;;;;;;;;;
halle_nord;Halle Nord;;;;;;;;;;;;;
halle_nord_adj;Halle Nord;;;;;;;;;;;;;
halle_nord_desc;Halle Nord;;;;;;;;;;;;;
c_halle_nord;Halle Nord;;;;;;;;;;;;;
c_halle_nord_adj;Halle Nord;;;;;;;;;;;;;
c_halle_nord_desc;Halle Nord;;;;;;;;;;;;;
PROV471;Halle Nord;;;;;;;;;;;;;
PROV471_adj;Halle Nord;;;;;;;;;;;;;
PROV471_desc;Halle Nord;;;;;;;;;;;;;
b_halle_nord;Halle Nord;;;;;;;;;;;;;
b_halle_nord_adj;Halle Nord;;;;;;;;;;;;;
b_halle_nord_desc;Halle Nord;;;;;;;;;;;;;
b_halle_nord2;Halle Nord2;;;;;;;;;;;;;
b_halle_nord2_adj;Halle Nord2;;;;;;;;;;;;;
b_halle_nord2_desc;Halle Nord2;;;;;;;;;;;;;
irvelle;Irvelle;;;;;;;;;;;;;
irvelle_adj;Irvelle;;;;;;;;;;;;;
irvelle_desc;Irvelle;;;;;;;;;;;;;
d_irvelle;Irvelle;;;;;;;;;;;;;
d_irvelle_adj;Irvelle;;;;;;;;;;;;;
d_irvelle_desc;Irvelle;;;;;;;;;;;;;
c_irvelle;Irvelle;;;;;;;;;;;;;
c_irvelle_adj;Irvelle;;;;;;;;;;;;;
c_irvelle_desc;Irvelle;;;;;;;;;;;;;
PROV472;Irvelle;;;;;;;;;;;;;
PROV472_adj;Irvelle;;;;;;;;;;;;;
PROV472_desc;Irvelle;;;;;;;;;;;;;
b_irvelle;Irvelle;;;;;;;;;;;;;
b_irvelle_adj;Irvelle;;;;;;;;;;;;;
b_irvelle_desc;Irvelle;;;;;;;;;;;;;
b_irvelle2;Irvelle2;;;;;;;;;;;;;
b_irvelle2_adj;Irvelle2;;;;;;;;;;;;;
b_irvelle2_desc;Irvelle2;;;;;;;;;;;;;
callas;Callas;;;;;;;;;;;;;
callas_adj;Callas;;;;;;;;;;;;;
callas_desc;Callas;;;;;;;;;;;;;
k_callas;Valron;;;;;;;;;;;;;
k_callas_adj;Valronian;;;;;;;;;;;;;
k_callas_desc;Valron;;;;;;;;;;;;;
coutagne;Coutagne;;;;;;;;;;;;;
coutagne_adj;Coutagne;;;;;;;;;;;;;
coutagne_desc;Coutagne;;;;;;;;;;;;;
d_coutagne;Coutagne;;;;;;;;;;;;;
d_coutagne_adj;Coutagne;;;;;;;;;;;;;
d_coutagne_desc;Coutagne;;;;;;;;;;;;;
autinge;Autinge;;;;;;;;;;;;;
autinge_adj;Autinge;;;;;;;;;;;;;
autinge_desc;Autinge;;;;;;;;;;;;;
c_autinge;Autinge;;;;;;;;;;;;;
c_autinge_adj;Autinge;;;;;;;;;;;;;
c_autinge_desc;Autinge;;;;;;;;;;;;;
PROV473;Autinge;;;;;;;;;;;;;
PROV473_adj;Autinge;;;;;;;;;;;;;
PROV473_desc;Autinge;;;;;;;;;;;;;
b_autinge;Autinge;;;;;;;;;;;;;
b_autinge_adj;Autinge;;;;;;;;;;;;;
b_autinge_desc;Autinge;;;;;;;;;;;;;
b_autinge2;Autinge2;;;;;;;;;;;;;
b_autinge2_adj;Autinge2;;;;;;;;;;;;;
b_autinge2_desc;Autinge2;;;;;;;;;;;;;
coulogne;Coulogne;;;;;;;;;;;;;
coulogne_adj;Coulogne;;;;;;;;;;;;;
coulogne_desc;Coulogne;;;;;;;;;;;;;
c_coulogne;Coulogne;;;;;;;;;;;;;
c_coulogne_adj;Coulogne;;;;;;;;;;;;;
c_coulogne_desc;Coulogne;;;;;;;;;;;;;
PROV474;Coulogne;;;;;;;;;;;;;
PROV474_adj;Coulogne;;;;;;;;;;;;;
PROV474_desc;Coulogne;;;;;;;;;;;;;
b_coulogne;Coulogne;;;;;;;;;;;;;
b_coulogne_adj;Coulogne;;;;;;;;;;;;;
b_coulogne_desc;Coulogne;;;;;;;;;;;;;
b_coulogne2;Coulogne2;;;;;;;;;;;;;
b_coulogne2_adj;Coulogne2;;;;;;;;;;;;;
b_coulogne2_desc;Coulogne2;;;;;;;;;;;;;
hames;Hames;;;;;;;;;;;;;
hames_adj;Hames;;;;;;;;;;;;;
hames_desc;Hames;;;;;;;;;;;;;
c_hames;Hames;;;;;;;;;;;;;
c_hames_adj;Hames;;;;;;;;;;;;;
c_hames_desc;Hames;;;;;;;;;;;;;
PROV475;Hames;;;;;;;;;;;;;
PROV475_adj;Hames;;;;;;;;;;;;;
PROV475_desc;Hames;;;;;;;;;;;;;
b_hames;Hames;;;;;;;;;;;;;
b_hames_adj;Hames;;;;;;;;;;;;;
b_hames_desc;Hames;;;;;;;;;;;;;
b_hames2;Hames2;;;;;;;;;;;;;
b_hames2_adj;Hames2;;;;;;;;;;;;;
b_hames2_desc;Hames2;;;;;;;;;;;;;
guemps;Guemps;;;;;;;;;;;;;
guemps_adj;Guemps;;;;;;;;;;;;;
guemps_desc;Guemps;;;;;;;;;;;;;
d_guemps;Guemps;;;;;;;;;;;;;
d_guemps_adj;Guemps;;;;;;;;;;;;;
d_guemps_desc;Guemps;;;;;;;;;;;;;
c_guemps;Guemps;;;;;;;;;;;;;
c_guemps_adj;Guemps;;;;;;;;;;;;;
c_guemps_desc;Guemps;;;;;;;;;;;;;
PROV476;Guemps;;;;;;;;;;;;;
PROV476_adj;Guemps;;;;;;;;;;;;;
PROV476_desc;Guemps;;;;;;;;;;;;;
b_guemps;Guemps;;;;;;;;;;;;;
b_guemps_adj;Guemps;;;;;;;;;;;;;
b_guemps_desc;Guemps;;;;;;;;;;;;;
b_guemps2;Guemps2;;;;;;;;;;;;;
b_guemps2_adj;Guemps2;;;;;;;;;;;;;
b_guemps2_desc;Guemps2;;;;;;;;;;;;;
nortkerque;Nortkerque;;;;;;;;;;;;;
nortkerque_adj;Nortkerque;;;;;;;;;;;;;
nortkerque_desc;Nortkerque;;;;;;;;;;;;;
c_nortkerque;Nortkerque;;;;;;;;;;;;;
c_nortkerque_adj;Nortkerque;;;;;;;;;;;;;
c_nortkerque_desc;Nortkerque;;;;;;;;;;;;;
PROV477;Nortkerque;;;;;;;;;;;;;
PROV477_adj;Nortkerque;;;;;;;;;;;;;
PROV477_desc;Nortkerque;;;;;;;;;;;;;
b_nortkerque;Nortkerque;;;;;;;;;;;;;
b_nortkerque_adj;Nortkerque;;;;;;;;;;;;;
b_nortkerque_desc;Nortkerque;;;;;;;;;;;;;
b_nortkerque2;Nortkerque2;;;;;;;;;;;;;
b_nortkerque2_adj;Nortkerque2;;;;;;;;;;;;;
b_nortkerque2_desc;Nortkerque2;;;;;;;;;;;;;
wierre_effe;Wierre Effe;;;;;;;;;;;;;
wierre_effe_adj;Wierre Effe;;;;;;;;;;;;;
wierre_effe_desc;Wierre Effe;;;;;;;;;;;;;
c_wierre_effe;Wierre Effe;;;;;;;;;;;;;
c_wierre_effe_adj;Wierre Effe;;;;;;;;;;;;;
c_wierre_effe_desc;Wierre Effe;;;;;;;;;;;;;
PROV478;Wierre Effe;;;;;;;;;;;;;
PROV478_adj;Wierre Effe;;;;;;;;;;;;;
PROV478_desc;Wierre Effe;;;;;;;;;;;;;
b_wierre_effe;Wierre Effe;;;;;;;;;;;;;
b_wierre_effe_adj;Wierre Effe;;;;;;;;;;;;;
b_wierre_effe_desc;Wierre Effe;;;;;;;;;;;;;
b_wierre_effe2;Wierre Effe2;;;;;;;;;;;;;
b_wierre_effe2_adj;Wierre Effe2;;;;;;;;;;;;;
b_wierre_effe2_desc;Wierre Effe2;;;;;;;;;;;;;
wissant;Wissant;;;;;;;;;;;;;
wissant_adj;Wissant;;;;;;;;;;;;;
wissant_desc;Wissant;;;;;;;;;;;;;
d_wissant;Wissant;;;;;;;;;;;;;
d_wissant_adj;Wissant;;;;;;;;;;;;;
d_wissant_desc;Wissant;;;;;;;;;;;;;
bazinghen;Bazinghen;;;;;;;;;;;;;
bazinghen_adj;Bazinghen;;;;;;;;;;;;;
bazinghen_desc;Bazinghen;;;;;;;;;;;;;
c_bazinghen;Bazinghen;;;;;;;;;;;;;
c_bazinghen_adj;Bazinghen;;;;;;;;;;;;;
c_bazinghen_desc;Bazinghen;;;;;;;;;;;;;
PROV479;Bazinghen;;;;;;;;;;;;;
PROV479_adj;Bazinghen;;;;;;;;;;;;;
PROV479_desc;Bazinghen;;;;;;;;;;;;;
b_bazinghen;Bazinghen;;;;;;;;;;;;;
b_bazinghen_adj;Bazinghen;;;;;;;;;;;;;
b_bazinghen_desc;Bazinghen;;;;;;;;;;;;;
b_bazinghen2;Bazinghen2;;;;;;;;;;;;;
b_bazinghen2_adj;Bazinghen2;;;;;;;;;;;;;
b_bazinghen2_desc;Bazinghen2;;;;;;;;;;;;;
mansfield;Mansfield;;;;;;;;;;;;;
mansfield_adj;Mansfield;;;;;;;;;;;;;
mansfield_desc;Mansfield;;;;;;;;;;;;;
k_mansfield;Mansfield;;;;;;;;;;;;;
k_mansfield_adj;Mansfield;;;;;;;;;;;;;
k_mansfield_desc;Mansfield;;;;;;;;;;;;;
bonesward;Bonesward;;;;;;;;;;;;;
bonesward_adj;Bonesward;;;;;;;;;;;;;
bonesward_desc;Bonesward;;;;;;;;;;;;;
d_bonesward;Bonesward;;;;;;;;;;;;;
d_bonesward_adj;Bonesward;;;;;;;;;;;;;
d_bonesward_desc;Bonesward;;;;;;;;;;;;;
c_bonesward;Bonesward;;;;;;;;;;;;;
c_bonesward_adj;Bonesward;;;;;;;;;;;;;
c_bonesward_desc;Bonesward;;;;;;;;;;;;;
PROV480;Bonesward;;;;;;;;;;;;;
PROV480_adj;Bonesward;;;;;;;;;;;;;
PROV480_desc;Bonesward;;;;;;;;;;;;;
b_bonesward;Bonesward;;;;;;;;;;;;;
b_bonesward_adj;Bonesward;;;;;;;;;;;;;
b_bonesward_desc;Bonesward;;;;;;;;;;;;;
b_bonesward2;Bonesward2;;;;;;;;;;;;;
b_bonesward2_adj;Bonesward2;;;;;;;;;;;;;
b_bonesward2_desc;Bonesward2;;;;;;;;;;;;;
bottesford;Bottesford;;;;;;;;;;;;;
bottesford_adj;Bottesford;;;;;;;;;;;;;
bottesford_desc;Bottesford;;;;;;;;;;;;;
c_bottesford;Bottesford;;;;;;;;;;;;;
c_bottesford_adj;Bottesford;;;;;;;;;;;;;
c_bottesford_desc;Bottesford;;;;;;;;;;;;;
PROV481;Bottesford;;;;;;;;;;;;;
PROV481_adj;Bottesford;;;;;;;;;;;;;
PROV481_desc;Bottesford;;;;;;;;;;;;;
b_bottesford;Bottesford;;;;;;;;;;;;;
b_bottesford_adj;Bottesford;;;;;;;;;;;;;
b_bottesford_desc;Bottesford;;;;;;;;;;;;;
b_bottesford2;Bottesford2;;;;;;;;;;;;;
b_bottesford2_adj;Bottesford2;;;;;;;;;;;;;
b_bottesford2_desc;Bottesford2;;;;;;;;;;;;;
gobirston;Gobirston;;;;;;;;;;;;;
gobirston_adj;Gobirston;;;;;;;;;;;;;
gobirston_desc;Gobirston;;;;;;;;;;;;;
d_gobirston;Gobirston;;;;;;;;;;;;;
d_gobirston_adj;Gobirston;;;;;;;;;;;;;
d_gobirston_desc;Gobirston;;;;;;;;;;;;;
c_gobirston;Gobirston;;;;;;;;;;;;;
c_gobirston_adj;Gobirston;;;;;;;;;;;;;
c_gobirston_desc;Gobirston;;;;;;;;;;;;;
PROV482;Gobirston;;;;;;;;;;;;;
PROV482_adj;Gobirston;;;;;;;;;;;;;
PROV482_desc;Gobirston;;;;;;;;;;;;;
b_gobirston;Gobirston;;;;;;;;;;;;;
b_gobirston_adj;Gobirston;;;;;;;;;;;;;
b_gobirston_desc;Gobirston;;;;;;;;;;;;;
b_gobirston2;Gobirston2;;;;;;;;;;;;;
b_gobirston2_adj;Gobirston2;;;;;;;;;;;;;
b_gobirston2_desc;Gobirston2;;;;;;;;;;;;;
gratteham;Gratteham;;;;;;;;;;;;;
gratteham_adj;Gratteham;;;;;;;;;;;;;
gratteham_desc;Gratteham;;;;;;;;;;;;;
c_gratteham;Gratteham;;;;;;;;;;;;;
c_gratteham_adj;Gratteham;;;;;;;;;;;;;
c_gratteham_desc;Gratteham;;;;;;;;;;;;;
PROV483;Gratteham;;;;;;;;;;;;;
PROV483_adj;Gratteham;;;;;;;;;;;;;
PROV483_desc;Gratteham;;;;;;;;;;;;;
b_gratteham;Gratteham;;;;;;;;;;;;;
b_gratteham_adj;Gratteham;;;;;;;;;;;;;
b_gratteham_desc;Gratteham;;;;;;;;;;;;;
b_gratteham2;Gratteham2;;;;;;;;;;;;;
b_gratteham2_adj;Gratteham2;;;;;;;;;;;;;
b_gratteham2_desc;Gratteham2;;;;;;;;;;;;;
colsterworth;Colsterworth;;;;;;;;;;;;;
colsterworth_adj;Colsterworth;;;;;;;;;;;;;
colsterworth_desc;Colsterworth;;;;;;;;;;;;;
c_colsterworth;Colsterworth;;;;;;;;;;;;;
c_colsterworth_adj;Colsterworth;;;;;;;;;;;;;
c_colsterworth_desc;Colsterworth;;;;;;;;;;;;;
PROV484;Colsterworth;;;;;;;;;;;;;
PROV484_adj;Colsterworth;;;;;;;;;;;;;
PROV484_desc;Colsterworth;;;;;;;;;;;;;
b_colsterworth;Colsterworth;;;;;;;;;;;;;
b_colsterworth_adj;Colsterworth;;;;;;;;;;;;;
b_colsterworth_desc;Colsterworth;;;;;;;;;;;;;
b_colsterworth2;Colsterworth2;;;;;;;;;;;;;
b_colsterworth2_adj;Colsterworth2;;;;;;;;;;;;;
b_colsterworth2_desc;Colsterworth2;;;;;;;;;;;;;
eaton;Eaton;;;;;;;;;;;;;
eaton_adj;Eaton;;;;;;;;;;;;;
eaton_desc;Eaton;;;;;;;;;;;;;
c_eaton;Eaton;;;;;;;;;;;;;
c_eaton_adj;Eaton;;;;;;;;;;;;;
c_eaton_desc;Eaton;;;;;;;;;;;;;
PROV485;Eaton;;;;;;;;;;;;;
PROV485_adj;Eaton;;;;;;;;;;;;;
PROV485_desc;Eaton;;;;;;;;;;;;;
b_eaton;Eaton;;;;;;;;;;;;;
b_eaton_adj;Eaton;;;;;;;;;;;;;
b_eaton_desc;Eaton;;;;;;;;;;;;;
b_eaton2;Eaton2;;;;;;;;;;;;;
b_eaton2_adj;Eaton2;;;;;;;;;;;;;
b_eaton2_desc;Eaton2;;;;;;;;;;;;;
londerry;Londerry;;;;;;;;;;;;;
londerry_adj;Londerry;;;;;;;;;;;;;
londerry_desc;Londerry;;;;;;;;;;;;;
d_londerry;Londerry;;;;;;;;;;;;;
d_londerry_adj;Londerry;;;;;;;;;;;;;
d_londerry_desc;Londerry;;;;;;;;;;;;;
old_leake;Old Leake;;;;;;;;;;;;;
old_leake_adj;Old Leake;;;;;;;;;;;;;
old_leake_desc;Old Leake;;;;;;;;;;;;;
c_old_leake;Old Leake;;;;;;;;;;;;;
c_old_leake_adj;Old Leake;;;;;;;;;;;;;
c_old_leake_desc;Old Leake;;;;;;;;;;;;;
PROV486;Old Leake;;;;;;;;;;;;;
PROV486_adj;Old Leake;;;;;;;;;;;;;
PROV486_desc;Old Leake;;;;;;;;;;;;;
b_old_leake;Old Leake;;;;;;;;;;;;;
b_old_leake_adj;Old Leake;;;;;;;;;;;;;
b_old_leake_desc;Old Leake;;;;;;;;;;;;;
b_old_leake2;Old Leake2;;;;;;;;;;;;;
b_old_leake2_adj;Old Leake2;;;;;;;;;;;;;
b_old_leake2_desc;Old Leake2;;;;;;;;;;;;;
c_londerry;Londerry;;;;;;;;;;;;;
c_londerry_adj;Londerry;;;;;;;;;;;;;
c_londerry_desc;Londerry;;;;;;;;;;;;;
PROV487;Londerry;;;;;;;;;;;;;
PROV487_adj;Londerry;;;;;;;;;;;;;
PROV487_desc;Londerry;;;;;;;;;;;;;
b_londerry;Londerry;;;;;;;;;;;;;
b_londerry_adj;Londerry;;;;;;;;;;;;;
b_londerry_desc;Londerry;;;;;;;;;;;;;
b_londerry2;Londerry2;;;;;;;;;;;;;
b_londerry2_adj;Londerry2;;;;;;;;;;;;;
b_londerry2_desc;Londerry2;;;;;;;;;;;;;
billshay;Billshay;;;;;;;;;;;;;
billshay_adj;Billshay;;;;;;;;;;;;;
billshay_desc;Billshay;;;;;;;;;;;;;
c_billshay;Billshay;;;;;;;;;;;;;
c_billshay_adj;Billshay;;;;;;;;;;;;;
c_billshay_desc;Billshay;;;;;;;;;;;;;
PROV488;Billshay;;;;;;;;;;;;;
PROV488_adj;Billshay;;;;;;;;;;;;;
PROV488_desc;Billshay;;;;;;;;;;;;;
b_billshay;Billshay;;;;;;;;;;;;;
b_billshay_adj;Billshay;;;;;;;;;;;;;
b_billshay_desc;Billshay;;;;;;;;;;;;;
b_billshay2;Billshay2;;;;;;;;;;;;;
b_billshay2_adj;Billshay2;;;;;;;;;;;;;
b_billshay2_desc;Billshay2;;;;;;;;;;;;;
mawthorp;Mawthorp;;;;;;;;;;;;;
mawthorp_adj;Mawthorp;;;;;;;;;;;;;
mawthorp_desc;Mawthorp;;;;;;;;;;;;;
c_mawthorp;Mawthorp;;;;;;;;;;;;;
c_mawthorp_adj;Mawthorp;;;;;;;;;;;;;
c_mawthorp_desc;Mawthorp;;;;;;;;;;;;;
PROV489;Mawthorp;;;;;;;;;;;;;
PROV489_adj;Mawthorp;;;;;;;;;;;;;
PROV489_desc;Mawthorp;;;;;;;;;;;;;
b_mawthorp;Mawthorp;;;;;;;;;;;;;
b_mawthorp_adj;Mawthorp;;;;;;;;;;;;;
b_mawthorp_desc;Mawthorp;;;;;;;;;;;;;
b_mawthorp2;Mawthorp2;;;;;;;;;;;;;
b_mawthorp2_adj;Mawthorp2;;;;;;;;;;;;;
b_mawthorp2_desc;Mawthorp2;;;;;;;;;;;;;
spalding;Spalding;;;;;;;;;;;;;
spalding_adj;Spalding;;;;;;;;;;;;;
spalding_desc;Spalding;;;;;;;;;;;;;
d_spalding;Spalding;;;;;;;;;;;;;
d_spalding_adj;Spalding;;;;;;;;;;;;;
d_spalding_desc;Spalding;;;;;;;;;;;;;
c_spalding;Spalding;;;;;;;;;;;;;
c_spalding_adj;Spalding;;;;;;;;;;;;;
c_spalding_desc;Spalding;;;;;;;;;;;;;
PROV490;Spalding;;;;;;;;;;;;;
PROV490_adj;Spalding;;;;;;;;;;;;;
PROV490_desc;Spalding;;;;;;;;;;;;;
b_spalding;Spalding;;;;;;;;;;;;;
b_spalding_adj;Spalding;;;;;;;;;;;;;
b_spalding_desc;Spalding;;;;;;;;;;;;;
b_spalding2;Spalding2;;;;;;;;;;;;;
b_spalding2_adj;Spalding2;;;;;;;;;;;;;
b_spalding2_desc;Spalding2;;;;;;;;;;;;;
leake;Leake;;;;;;;;;;;;;
leake_adj;Leake;;;;;;;;;;;;;
leake_desc;Leake;;;;;;;;;;;;;
c_leake;Leake;;;;;;;;;;;;;
c_leake_adj;Leake;;;;;;;;;;;;;
c_leake_desc;Leake;;;;;;;;;;;;;
PROV491;Leake;;;;;;;;;;;;;
PROV491_adj;Leake;;;;;;;;;;;;;
PROV491_desc;Leake;;;;;;;;;;;;;
b_leake;Leake;;;;;;;;;;;;;
b_leake_adj;Leake;;;;;;;;;;;;;
b_leake_desc;Leake;;;;;;;;;;;;;
b_leake2;Leake2;;;;;;;;;;;;;
b_leake2_adj;Leake2;;;;;;;;;;;;;
b_leake2_desc;Leake2;;;;;;;;;;;;;
wyberton;Wyberton;;;;;;;;;;;;;
wyberton_adj;Wyberton;;;;;;;;;;;;;
wyberton_desc;Wyberton;;;;;;;;;;;;;
c_wyberton;Wyberton;;;;;;;;;;;;;
c_wyberton_adj;Wyberton;;;;;;;;;;;;;
c_wyberton_desc;Wyberton;;;;;;;;;;;;;
PROV492;Wyberton;;;;;;;;;;;;;
PROV492_adj;Wyberton;;;;;;;;;;;;;
PROV492_desc;Wyberton;;;;;;;;;;;;;
b_wyberton;Wyberton;;;;;;;;;;;;;
b_wyberton_adj;Wyberton;;;;;;;;;;;;;
b_wyberton_desc;Wyberton;;;;;;;;;;;;;
b_wyberton2;Wyberton2;;;;;;;;;;;;;
b_wyberton2_adj;Wyberton2;;;;;;;;;;;;;
b_wyberton2_desc;Wyberton2;;;;;;;;;;;;;
holbeach;Holbeach;;;;;;;;;;;;;
holbeach_adj;Holbeach;;;;;;;;;;;;;
holbeach_desc;Holbeach;;;;;;;;;;;;;
c_holbeach;Holbeach;;;;;;;;;;;;;
c_holbeach_adj;Holbeach;;;;;;;;;;;;;
c_holbeach_desc;Holbeach;;;;;;;;;;;;;
PROV493;Holbeach;;;;;;;;;;;;;
PROV493_adj;Holbeach;;;;;;;;;;;;;
PROV493_desc;Holbeach;;;;;;;;;;;;;
b_holbeach;Holbeach;;;;;;;;;;;;;
b_holbeach_adj;Holbeach;;;;;;;;;;;;;
b_holbeach_desc;Holbeach;;;;;;;;;;;;;
b_holbeach2;Holbeach2;;;;;;;;;;;;;
b_holbeach2_adj;Holbeach2;;;;;;;;;;;;;
b_holbeach2_desc;Holbeach2;;;;;;;;;;;;;
southwynd;Southwynd;;;;;;;;;;;;;
southwynd_adj;Southwynd;;;;;;;;;;;;;
southwynd_desc;Southwynd;;;;;;;;;;;;;
k_southwynd;Southwynd;;;;;;;;;;;;;
k_southwynd_adj;Southwynd;;;;;;;;;;;;;
k_southwynd_desc;Southwynd;;;;;;;;;;;;;
fareham;Fareham;;;;;;;;;;;;;
fareham_adj;Fareham;;;;;;;;;;;;;
fareham_desc;Fareham;;;;;;;;;;;;;
d_fareham;Fareham;;;;;;;;;;;;;
d_fareham_adj;Fareham;;;;;;;;;;;;;
d_fareham_desc;Fareham;;;;;;;;;;;;;
rustington;Rustington;;;;;;;;;;;;;
rustington_adj;Rustington;;;;;;;;;;;;;
rustington_desc;Rustington;;;;;;;;;;;;;
c_rustington;Rustington;;;;;;;;;;;;;
c_rustington_adj;Rustington;;;;;;;;;;;;;
c_rustington_desc;Rustington;;;;;;;;;;;;;
PROV494;Rustington;;;;;;;;;;;;;
PROV494_adj;Rustington;;;;;;;;;;;;;
PROV494_desc;Rustington;;;;;;;;;;;;;
b_rustington;Rustington;;;;;;;;;;;;;
b_rustington_adj;Rustington;;;;;;;;;;;;;
b_rustington_desc;Rustington;;;;;;;;;;;;;
b_rustington2;Rustington2;;;;;;;;;;;;;
b_rustington2_adj;Rustington2;;;;;;;;;;;;;
b_rustington2_desc;Rustington2;;;;;;;;;;;;;
borecastle;Borecastle;;;;;;;;;;;;;
borecastle_adj;Borecastle;;;;;;;;;;;;;
borecastle_desc;Borecastle;;;;;;;;;;;;;
c_borecastle;Borecastle;;;;;;;;;;;;;
c_borecastle_adj;Borecastle;;;;;;;;;;;;;
c_borecastle_desc;Borecastle;;;;;;;;;;;;;
PROV495;Borecastle;;;;;;;;;;;;;
PROV495_adj;Borecastle;;;;;;;;;;;;;
PROV495_desc;Borecastle;;;;;;;;;;;;;
b_borecastle;Borecastle;;;;;;;;;;;;;
b_borecastle_adj;Borecastle;;;;;;;;;;;;;
b_borecastle_desc;Borecastle;;;;;;;;;;;;;
b_borecastle2;Borecastle2;;;;;;;;;;;;;
b_borecastle2_adj;Borecastle2;;;;;;;;;;;;;
b_borecastle2_desc;Borecastle2;;;;;;;;;;;;;
walterloo;Walterloo;;;;;;;;;;;;;
walterloo_adj;Walterloo;;;;;;;;;;;;;
walterloo_desc;Walterloo;;;;;;;;;;;;;
c_walterloo;Walterloo;;;;;;;;;;;;;
c_walterloo_adj;Walterloo;;;;;;;;;;;;;
c_walterloo_desc;Walterloo;;;;;;;;;;;;;
PROV496;Walterloo;;;;;;;;;;;;;
PROV496_adj;Walterloo;;;;;;;;;;;;;
PROV496_desc;Walterloo;;;;;;;;;;;;;
b_walterloo;Walterloo;;;;;;;;;;;;;
b_walterloo_adj;Walterloo;;;;;;;;;;;;;
b_walterloo_desc;Walterloo;;;;;;;;;;;;;
b_walterloo2;Walterloo2;;;;;;;;;;;;;
b_walterloo2_adj;Walterloo2;;;;;;;;;;;;;
b_walterloo2_desc;Walterloo2;;;;;;;;;;;;;
mid_luvani;Mid Luvani;;;;;;;;;;;;;
mid_luvani_adj;Mid Luvani;;;;;;;;;;;;;
mid_luvani_desc;Mid Luvani;;;;;;;;;;;;;
c_mid_luvani;Mid Luvani;;;;;;;;;;;;;
c_mid_luvani_adj;Mid Luvani;;;;;;;;;;;;;
c_mid_luvani_desc;Mid Luvani;;;;;;;;;;;;;
PROV497;Mid Luvani;;;;;;;;;;;;;
PROV497_adj;Mid Luvani;;;;;;;;;;;;;
PROV497_desc;Mid Luvani;;;;;;;;;;;;;
b_mid_luvani;Mid Luvani;;;;;;;;;;;;;
b_mid_luvani_adj;Mid Luvani;;;;;;;;;;;;;
b_mid_luvani_desc;Mid Luvani;;;;;;;;;;;;;
b_mid_luvani2;Mid Luvani2;;;;;;;;;;;;;
b_mid_luvani2_adj;Mid Luvani2;;;;;;;;;;;;;
b_mid_luvani2_desc;Mid Luvani2;;;;;;;;;;;;;
haywarth;Haywarth;;;;;;;;;;;;;
haywarth_adj;Haywarth;;;;;;;;;;;;;
haywarth_desc;Haywarth;;;;;;;;;;;;;
d_haywarth;Haywarth;;;;;;;;;;;;;
d_haywarth_adj;Haywarth;;;;;;;;;;;;;
d_haywarth_desc;Haywarth;;;;;;;;;;;;;
crawlewes;Crawlewes;;;;;;;;;;;;;
crawlewes_adj;Crawlewes;;;;;;;;;;;;;
crawlewes_desc;Crawlewes;;;;;;;;;;;;;
c_crawlewes;Crawlewes;;;;;;;;;;;;;
c_crawlewes_adj;Crawlewes;;;;;;;;;;;;;
c_crawlewes_desc;Crawlewes;;;;;;;;;;;;;
PROV498;Crawlewes;;;;;;;;;;;;;
PROV498_adj;Crawlewes;;;;;;;;;;;;;
PROV498_desc;Crawlewes;;;;;;;;;;;;;
b_crawlewes;Crawlewes;;;;;;;;;;;;;
b_crawlewes_adj;Crawlewes;;;;;;;;;;;;;
b_crawlewes_desc;Crawlewes;;;;;;;;;;;;;
b_crawlewes2;Crawlewes2;;;;;;;;;;;;;
b_crawlewes2_adj;Crawlewes2;;;;;;;;;;;;;
b_crawlewes2_desc;Crawlewes2;;;;;;;;;;;;;
c_haywarth;Haywarth;;;;;;;;;;;;;
c_haywarth_adj;Haywarth;;;;;;;;;;;;;
c_haywarth_desc;Haywarth;;;;;;;;;;;;;
PROV499;Haywarth;;;;;;;;;;;;;
PROV499_adj;Haywarth;;;;;;;;;;;;;
PROV499_desc;Haywarth;;;;;;;;;;;;;
b_haywarth;Haywarth;;;;;;;;;;;;;
b_haywarth_adj;Haywarth;;;;;;;;;;;;;
b_haywarth_desc;Haywarth;;;;;;;;;;;;;
b_haywarth2;Haywarth2;;;;;;;;;;;;;
b_haywarth2_adj;Haywarth2;;;;;;;;;;;;;
b_haywarth2_desc;Haywarth2;;;;;;;;;;;;;
chisenceaester;Chisenceaester;;;;;;;;;;;;;
chisenceaester_adj;Chisenceaester;;;;;;;;;;;;;
chisenceaester_desc;Chisenceaester;;;;;;;;;;;;;
c_chisenceaester;Chisenceaester;;;;;;;;;;;;;
c_chisenceaester_adj;Chisenceaester;;;;;;;;;;;;;
c_chisenceaester_desc;Chisenceaester;;;;;;;;;;;;;
PROV500;Chisenceaester;;;;;;;;;;;;;
PROV500_adj;Chisenceaester;;;;;;;;;;;;;
PROV500_desc;Chisenceaester;;;;;;;;;;;;;
b_chisenceaester;Chisenceaester;;;;;;;;;;;;;
b_chisenceaester_adj;Chisenceaester;;;;;;;;;;;;;
b_chisenceaester_desc;Chisenceaester;;;;;;;;;;;;;
b_chisenceaester2;Chisenceaester2;;;;;;;;;;;;;
b_chisenceaester2_adj;Chisenceaester2;;;;;;;;;;;;;
b_chisenceaester2_desc;Chisenceaester2;;;;;;;;;;;;;
horsham;Horsham;;;;;;;;;;;;;
horsham_adj;Horsham;;;;;;;;;;;;;
horsham_desc;Horsham;;;;;;;;;;;;;
d_horsham;Horsham;;;;;;;;;;;;;
d_horsham_adj;Horsham;;;;;;;;;;;;;
d_horsham_desc;Horsham;;;;;;;;;;;;;
wynderwald;Wynderwald;;;;;;;;;;;;;
wynderwald_adj;Wynderwald;;;;;;;;;;;;;
wynderwald_desc;Wynderwald;;;;;;;;;;;;;
c_wynderwald;Wynderwald;;;;;;;;;;;;;
c_wynderwald_adj;Wynderwald;;;;;;;;;;;;;
c_wynderwald_desc;Wynderwald;;;;;;;;;;;;;
PROV501;Wynderwald;;;;;;;;;;;;;
PROV501_adj;Wynderwald;;;;;;;;;;;;;
PROV501_desc;Wynderwald;;;;;;;;;;;;;
b_wynderwald;Wynderwald;;;;;;;;;;;;;
b_wynderwald_adj;Wynderwald;;;;;;;;;;;;;
b_wynderwald_desc;Wynderwald;;;;;;;;;;;;;
b_wynderwald2;Wynderwald2;;;;;;;;;;;;;
b_wynderwald2_adj;Wynderwald2;;;;;;;;;;;;;
b_wynderwald2_desc;Wynderwald2;;;;;;;;;;;;;
tilletcastle;Tilletcastle;;;;;;;;;;;;;
tilletcastle_adj;Tilletcastle;;;;;;;;;;;;;
tilletcastle_desc;Tilletcastle;;;;;;;;;;;;;
c_tilletcastle;Tilletcastle;;;;;;;;;;;;;
c_tilletcastle_adj;Tilletcastle;;;;;;;;;;;;;
c_tilletcastle_desc;Tilletcastle;;;;;;;;;;;;;
PROV502;Tilletcastle;;;;;;;;;;;;;
PROV502_adj;Tilletcastle;;;;;;;;;;;;;
PROV502_desc;Tilletcastle;;;;;;;;;;;;;
b_tilletcastle;Tilletcastle;;;;;;;;;;;;;
b_tilletcastle_adj;Tilletcastle;;;;;;;;;;;;;
b_tilletcastle_desc;Tilletcastle;;;;;;;;;;;;;
b_tilletcastle2;Tilletcastle2;;;;;;;;;;;;;
b_tilletcastle2_adj;Tilletcastle2;;;;;;;;;;;;;
b_tilletcastle2_desc;Tilletcastle2;;;;;;;;;;;;;
burguess_hille;Burguess Hille;;;;;;;;;;;;;
burguess_hille_adj;Burguess Hille;;;;;;;;;;;;;
burguess_hille_desc;Burguess Hille;;;;;;;;;;;;;
c_burguess_hille;Burguess Hille;;;;;;;;;;;;;
c_burguess_hille_adj;Burguess Hille;;;;;;;;;;;;;
c_burguess_hille_desc;Burguess Hille;;;;;;;;;;;;;
PROV503;Burguess Hille;;;;;;;;;;;;;
PROV503_adj;Burguess Hille;;;;;;;;;;;;;
PROV503_desc;Burguess Hille;;;;;;;;;;;;;
b_burguess_hille;Burguess Hille;;;;;;;;;;;;;
b_burguess_hille_adj;Burguess Hille;;;;;;;;;;;;;
b_burguess_hille_desc;Burguess Hille;;;;;;;;;;;;;
b_burguess_hille2;Burguess Hille2;;;;;;;;;;;;;
b_burguess_hille2_adj;Burguess Hille2;;;;;;;;;;;;;
b_burguess_hille2_desc;Burguess Hille2;;;;;;;;;;;;;
c_horsham;Horsham;;;;;;;;;;;;;
c_horsham_adj;Horsham;;;;;;;;;;;;;
c_horsham_desc;Horsham;;;;;;;;;;;;;
PROV504;Horsham;;;;;;;;;;;;;
PROV504_adj;Horsham;;;;;;;;;;;;;
PROV504_desc;Horsham;;;;;;;;;;;;;
b_horsham;Horsham;;;;;;;;;;;;;
b_horsham_adj;Horsham;;;;;;;;;;;;;
b_horsham_desc;Horsham;;;;;;;;;;;;;
b_horsham2;Horsham2;;;;;;;;;;;;;
b_horsham2_adj;Horsham2;;;;;;;;;;;;;
b_horsham2_desc;Horsham2;;;;;;;;;;;;;
nutbourne;Nutbourne;;;;;;;;;;;;;
nutbourne_adj;Nutbourne;;;;;;;;;;;;;
nutbourne_desc;Nutbourne;;;;;;;;;;;;;
c_nutbourne;Nutbourne;;;;;;;;;;;;;
c_nutbourne_adj;Nutbourne;;;;;;;;;;;;;
c_nutbourne_desc;Nutbourne;;;;;;;;;;;;;
PROV505;Nutbourne;;;;;;;;;;;;;
PROV505_adj;Nutbourne;;;;;;;;;;;;;
PROV505_desc;Nutbourne;;;;;;;;;;;;;
b_nutbourne;Nutbourne;;;;;;;;;;;;;
b_nutbourne_adj;Nutbourne;;;;;;;;;;;;;
b_nutbourne_desc;Nutbourne;;;;;;;;;;;;;
b_nutbourne2;Nutbourne2;;;;;;;;;;;;;
b_nutbourne2_adj;Nutbourne2;;;;;;;;;;;;;
b_nutbourne2_desc;Nutbourne2;;;;;;;;;;;;;
wysland;Wysland;;;;;;;;;;;;;
wysland_adj;Wysland;;;;;;;;;;;;;
wysland_desc;Wysland;;;;;;;;;;;;;
k_wysland;Wysland;;;;;;;;;;;;;
k_wysland_adj;Wysland;;;;;;;;;;;;;
k_wysland_desc;Wysland;;;;;;;;;;;;;
abbinburgh;Abbinburgh;;;;;;;;;;;;;
abbinburgh_adj;Abbinburgh;;;;;;;;;;;;;
abbinburgh_desc;Abbinburgh;;;;;;;;;;;;;
d_abbinburgh;Abbinburgh;;;;;;;;;;;;;
d_abbinburgh_adj;Abbinburgh;;;;;;;;;;;;;
d_abbinburgh_desc;Abbinburgh;;;;;;;;;;;;;
paigneston;Paigneston;;;;;;;;;;;;;
paigneston_adj;Paigneston;;;;;;;;;;;;;
paigneston_desc;Paigneston;;;;;;;;;;;;;
c_paigneston;Paigneston;;;;;;;;;;;;;
c_paigneston_adj;Paigneston;;;;;;;;;;;;;
c_paigneston_desc;Paigneston;;;;;;;;;;;;;
PROV506;Paigneston;;;;;;;;;;;;;
PROV506_adj;Paigneston;;;;;;;;;;;;;
PROV506_desc;Paigneston;;;;;;;;;;;;;
b_paigneston;Paigneston;;;;;;;;;;;;;
b_paigneston_adj;Paigneston;;;;;;;;;;;;;
b_paigneston_desc;Paigneston;;;;;;;;;;;;;
b_paigneston2;Paigneston2;;;;;;;;;;;;;
b_paigneston2_adj;Paigneston2;;;;;;;;;;;;;
b_paigneston2_desc;Paigneston2;;;;;;;;;;;;;
south_tawton;South Tawton;;;;;;;;;;;;;
south_tawton_adj;South Tawton;;;;;;;;;;;;;
south_tawton_desc;South Tawton;;;;;;;;;;;;;
c_south_tawton;South Tawton;;;;;;;;;;;;;
c_south_tawton_adj;South Tawton;;;;;;;;;;;;;
c_south_tawton_desc;South Tawton;;;;;;;;;;;;;
PROV507;South Tawton;;;;;;;;;;;;;
PROV507_adj;South Tawton;;;;;;;;;;;;;
PROV507_desc;South Tawton;;;;;;;;;;;;;
b_south_tawton;South Tawton;;;;;;;;;;;;;
b_south_tawton_adj;South Tawton;;;;;;;;;;;;;
b_south_tawton_desc;South Tawton;;;;;;;;;;;;;
b_south_tawton2;South Tawton2;;;;;;;;;;;;;
b_south_tawton2_adj;South Tawton2;;;;;;;;;;;;;
b_south_tawton2_desc;South Tawton2;;;;;;;;;;;;;
c_abbinburgh;Abbinburgh;;;;;;;;;;;;;
c_abbinburgh_adj;Abbinburgh;;;;;;;;;;;;;
c_abbinburgh_desc;Abbinburgh;;;;;;;;;;;;;
PROV508;Abbinburgh;;;;;;;;;;;;;
PROV508_adj;Abbinburgh;;;;;;;;;;;;;
PROV508_desc;Abbinburgh;;;;;;;;;;;;;
b_abbinburgh;Abbinburgh;;;;;;;;;;;;;
b_abbinburgh_adj;Abbinburgh;;;;;;;;;;;;;
b_abbinburgh_desc;Abbinburgh;;;;;;;;;;;;;
b_abbinburgh2;Abbinburgh2;;;;;;;;;;;;;
b_abbinburgh2_adj;Abbinburgh2;;;;;;;;;;;;;
b_abbinburgh2_desc;Abbinburgh2;;;;;;;;;;;;;
lydsbridge_upon_langford;Lydsbridge Upon Langford;;;;;;;;;;;;;
lydsbridge_upon_langford_adj;Lydsbridge Upon Langford;;;;;;;;;;;;;
lydsbridge_upon_langford_desc;Lydsbridge Upon Langford;;;;;;;;;;;;;
c_lydsbridge_upon_langford;Lydsbridge Upon Langford;;;;;;;;;;;;;
c_lydsbridge_upon_langford_adj;Lydsbridge Upon Langford;;;;;;;;;;;;;
c_lydsbridge_upon_langford_desc;Lydsbridge Upon Langford;;;;;;;;;;;;;
PROV509;Lydsbridge Upon Langford;;;;;;;;;;;;;
PROV509_adj;Lydsbridge Upon Langford;;;;;;;;;;;;;
PROV509_desc;Lydsbridge Upon Langford;;;;;;;;;;;;;
b_lydsbridge_upon_langford;Lydsbridge Upon Langford;;;;;;;;;;;;;
b_lydsbridge_upon_langford_adj;Lydsbridge Upon Langford;;;;;;;;;;;;;
b_lydsbridge_upon_langford_desc;Lydsbridge Upon Langford;;;;;;;;;;;;;
b_lydsbridge_upon_langford2;Lydsbridge Upon Langford2;;;;;;;;;;;;;
b_lydsbridge_upon_langford2_adj;Lydsbridge Upon Langford2;;;;;;;;;;;;;
b_lydsbridge_upon_langford2_desc;Lydsbridge Upon Langford2;;;;;;;;;;;;;
helstone;Helstone;;;;;;;;;;;;;
helstone_adj;Helstone;;;;;;;;;;;;;
helstone_desc;Helstone;;;;;;;;;;;;;
d_helstone;Helstone;;;;;;;;;;;;;
d_helstone_adj;Helstone;;;;;;;;;;;;;
d_helstone_desc;Helstone;;;;;;;;;;;;;
godivaburgh;Godivaburgh;;;;;;;;;;;;;
godivaburgh_adj;Godivaburgh;;;;;;;;;;;;;
godivaburgh_desc;Godivaburgh;;;;;;;;;;;;;
c_godivaburgh;Godivaburgh;;;;;;;;;;;;;
c_godivaburgh_adj;Godivaburgh;;;;;;;;;;;;;
c_godivaburgh_desc;Godivaburgh;;;;;;;;;;;;;
PROV510;Godivaburgh;;;;;;;;;;;;;
PROV510_adj;Godivaburgh;;;;;;;;;;;;;
PROV510_desc;Godivaburgh;;;;;;;;;;;;;
b_godivaburgh;Godivaburgh;;;;;;;;;;;;;
b_godivaburgh_adj;Godivaburgh;;;;;;;;;;;;;
b_godivaburgh_desc;Godivaburgh;;;;;;;;;;;;;
b_godivaburgh2;Godivaburgh2;;;;;;;;;;;;;
b_godivaburgh2_adj;Godivaburgh2;;;;;;;;;;;;;
b_godivaburgh2_desc;Godivaburgh2;;;;;;;;;;;;;
falsmouthe;Falsmouthe;;;;;;;;;;;;;
falsmouthe_adj;Falsmouthe;;;;;;;;;;;;;
falsmouthe_desc;Falsmouthe;;;;;;;;;;;;;
c_falsmouthe;Falsmouthe;;;;;;;;;;;;;
c_falsmouthe_adj;Falsmouthe;;;;;;;;;;;;;
c_falsmouthe_desc;Falsmouthe;;;;;;;;;;;;;
PROV511;Falsmouthe;;;;;;;;;;;;;
PROV511_adj;Falsmouthe;;;;;;;;;;;;;
PROV511_desc;Falsmouthe;;;;;;;;;;;;;
b_falsmouthe;Falsmouthe;;;;;;;;;;;;;
b_falsmouthe_adj;Falsmouthe;;;;;;;;;;;;;
b_falsmouthe_desc;Falsmouthe;;;;;;;;;;;;;
b_falsmouthe2;Falsmouthe2;;;;;;;;;;;;;
b_falsmouthe2_adj;Falsmouthe2;;;;;;;;;;;;;
b_falsmouthe2_desc;Falsmouthe2;;;;;;;;;;;;;
c_helstone;Helstone;;;;;;;;;;;;;
c_helstone_adj;Helstone;;;;;;;;;;;;;
c_helstone_desc;Helstone;;;;;;;;;;;;;
PROV512;Helstone;;;;;;;;;;;;;
PROV512_adj;Helstone;;;;;;;;;;;;;
PROV512_desc;Helstone;;;;;;;;;;;;;
b_helstone;Helstone;;;;;;;;;;;;;
b_helstone_adj;Helstone;;;;;;;;;;;;;
b_helstone_desc;Helstone;;;;;;;;;;;;;
b_helstone2;Helstone2;;;;;;;;;;;;;
b_helstone2_adj;Helstone2;;;;;;;;;;;;;
b_helstone2_desc;Helstone2;;;;;;;;;;;;;
landuswyth;Landuswyth;;;;;;;;;;;;;
landuswyth_adj;Landuswyth;;;;;;;;;;;;;
landuswyth_desc;Landuswyth;;;;;;;;;;;;;
c_landuswyth;Landuswyth;;;;;;;;;;;;;
c_landuswyth_adj;Landuswyth;;;;;;;;;;;;;
c_landuswyth_desc;Landuswyth;;;;;;;;;;;;;
PROV513;Landuswyth;;;;;;;;;;;;;
PROV513_adj;Landuswyth;;;;;;;;;;;;;
PROV513_desc;Landuswyth;;;;;;;;;;;;;
b_landuswyth;Landuswyth;;;;;;;;;;;;;
b_landuswyth_adj;Landuswyth;;;;;;;;;;;;;
b_landuswyth_desc;Landuswyth;;;;;;;;;;;;;
b_landuswyth2;Landuswyth2;;;;;;;;;;;;;
b_landuswyth2_adj;Landuswyth2;;;;;;;;;;;;;
b_landuswyth2_desc;Landuswyth2;;;;;;;;;;;;;
verrickston;Verrickston;;;;;;;;;;;;;
verrickston_adj;Verrickston;;;;;;;;;;;;;
verrickston_desc;Verrickston;;;;;;;;;;;;;
d_verrickston;Verrickston;;;;;;;;;;;;;
d_verrickston_adj;Verrickston;;;;;;;;;;;;;
d_verrickston_desc;Verrickston;;;;;;;;;;;;;
north_tawton;North Tawton;;;;;;;;;;;;;
north_tawton_adj;North Tawton;;;;;;;;;;;;;
north_tawton_desc;North Tawton;;;;;;;;;;;;;
c_north_tawton;North Tawton;;;;;;;;;;;;;
c_north_tawton_adj;North Tawton;;;;;;;;;;;;;
c_north_tawton_desc;North Tawton;;;;;;;;;;;;;
PROV514;North Tawton;;;;;;;;;;;;;
PROV514_adj;North Tawton;;;;;;;;;;;;;
PROV514_desc;North Tawton;;;;;;;;;;;;;
b_north_tawton;North Tawton;;;;;;;;;;;;;
b_north_tawton_adj;North Tawton;;;;;;;;;;;;;
b_north_tawton_desc;North Tawton;;;;;;;;;;;;;
b_north_tawton2;North Tawton2;;;;;;;;;;;;;
b_north_tawton2_adj;North Tawton2;;;;;;;;;;;;;
b_north_tawton2_desc;North Tawton2;;;;;;;;;;;;;
newton;Newton;;;;;;;;;;;;;
newton_adj;Newton;;;;;;;;;;;;;
newton_desc;Newton;;;;;;;;;;;;;
c_newton;Newton;;;;;;;;;;;;;
c_newton_adj;Newton;;;;;;;;;;;;;
c_newton_desc;Newton;;;;;;;;;;;;;
PROV515;Newton;;;;;;;;;;;;;
PROV515_adj;Newton;;;;;;;;;;;;;
PROV515_desc;Newton;;;;;;;;;;;;;
b_newton;Newton;;;;;;;;;;;;;
b_newton_adj;Newton;;;;;;;;;;;;;
b_newton_desc;Newton;;;;;;;;;;;;;
b_newton2;Newton2;;;;;;;;;;;;;
b_newton2_adj;Newton2;;;;;;;;;;;;;
b_newton2_desc;Newton2;;;;;;;;;;;;;
postbridge;Postbridge;;;;;;;;;;;;;
postbridge_adj;Postbridge;;;;;;;;;;;;;
postbridge_desc;Postbridge;;;;;;;;;;;;;
c_postbridge;Postbridge;;;;;;;;;;;;;
c_postbridge_adj;Postbridge;;;;;;;;;;;;;
c_postbridge_desc;Postbridge;;;;;;;;;;;;;
PROV516;Postbridge;;;;;;;;;;;;;
PROV516_adj;Postbridge;;;;;;;;;;;;;
PROV516_desc;Postbridge;;;;;;;;;;;;;
b_postbridge;Postbridge;;;;;;;;;;;;;
b_postbridge_adj;Postbridge;;;;;;;;;;;;;
b_postbridge_desc;Postbridge;;;;;;;;;;;;;
b_postbridge2;Postbridge2;;;;;;;;;;;;;
b_postbridge2_adj;Postbridge2;;;;;;;;;;;;;
b_postbridge2_desc;Postbridge2;;;;;;;;;;;;;
bridlefort;Bridlefort;;;;;;;;;;;;;
bridlefort_adj;Bridlefort;;;;;;;;;;;;;
bridlefort_desc;Bridlefort;;;;;;;;;;;;;
c_bridlefort;Bridlefort;;;;;;;;;;;;;
c_bridlefort_adj;Bridlefort;;;;;;;;;;;;;
c_bridlefort_desc;Bridlefort;;;;;;;;;;;;;
PROV517;Bridlefort;;;;;;;;;;;;;
PROV517_adj;Bridlefort;;;;;;;;;;;;;
PROV517_desc;Bridlefort;;;;;;;;;;;;;
b_bridlefort;Bridlefort;;;;;;;;;;;;;
b_bridlefort_adj;Bridlefort;;;;;;;;;;;;;
b_bridlefort_desc;Bridlefort;;;;;;;;;;;;;
b_bridlefort2;Bridlefort2;;;;;;;;;;;;;
b_bridlefort2_adj;Bridlefort2;;;;;;;;;;;;;
b_bridlefort2_desc;Bridlefort2;;;;;;;;;;;;;
c_verrickston;Verrickston;;;;;;;;;;;;;
c_verrickston_adj;Verrickston;;;;;;;;;;;;;
c_verrickston_desc;Verrickston;;;;;;;;;;;;;
PROV518;Verrickston;;;;;;;;;;;;;
PROV518_adj;Verrickston;;;;;;;;;;;;;
PROV518_desc;Verrickston;;;;;;;;;;;;;
b_verrickston;Verrickston;;;;;;;;;;;;;
b_verrickston_adj;Verrickston;;;;;;;;;;;;;
b_verrickston_desc;Verrickston;;;;;;;;;;;;;
b_verrickston2;Verrickston2;;;;;;;;;;;;;
b_verrickston2_adj;Verrickston2;;;;;;;;;;;;;
b_verrickston2_desc;Verrickston2;;;;;;;;;;;;;
merredweg;Merredweg;;;;;;;;;;;;;
merredweg_adj;Merredweg;;;;;;;;;;;;;
merredweg_desc;Merredweg;;;;;;;;;;;;;
k_merredweg;Merredweg;;;;;;;;;;;;;
k_merredweg_adj;Merredweg;;;;;;;;;;;;;
k_merredweg_desc;Merredweg;;;;;;;;;;;;;
bergengreep;Bergengreep;;;;;;;;;;;;;
bergengreep_adj;Bergengreep;;;;;;;;;;;;;
bergengreep_desc;Bergengreep;;;;;;;;;;;;;
d_bergengreep;Bergengreep;;;;;;;;;;;;;
d_bergengreep_adj;Bergengreep;;;;;;;;;;;;;
d_bergengreep_desc;Bergengreep;;;;;;;;;;;;;
overbos;Overbos;;;;;;;;;;;;;
overbos_adj;Overbos;;;;;;;;;;;;;
overbos_desc;Overbos;;;;;;;;;;;;;
c_overbos;Overbos;;;;;;;;;;;;;
c_overbos_adj;Overbos;;;;;;;;;;;;;
c_overbos_desc;Overbos;;;;;;;;;;;;;
PROV519;Overbos;;;;;;;;;;;;;
PROV519_adj;Overbos;;;;;;;;;;;;;
PROV519_desc;Overbos;;;;;;;;;;;;;
b_overbos;Overbos;;;;;;;;;;;;;
b_overbos_adj;Overbos;;;;;;;;;;;;;
b_overbos_desc;Overbos;;;;;;;;;;;;;
b_overbos2;Overbos2;;;;;;;;;;;;;
b_overbos2_adj;Overbos2;;;;;;;;;;;;;
b_overbos2_desc;Overbos2;;;;;;;;;;;;;
pol_bijlmer;Pol Bijlmer;;;;;;;;;;;;;
pol_bijlmer_adj;Pol Bijlmer;;;;;;;;;;;;;
pol_bijlmer_desc;Pol Bijlmer;;;;;;;;;;;;;
c_pol_bijlmer;Pol Bijlmer;;;;;;;;;;;;;
c_pol_bijlmer_adj;Pol Bijlmer;;;;;;;;;;;;;
c_pol_bijlmer_desc;Pol Bijlmer;;;;;;;;;;;;;
PROV520;Pol Bijlmer;;;;;;;;;;;;;
PROV520_adj;Pol Bijlmer;;;;;;;;;;;;;
PROV520_desc;Pol Bijlmer;;;;;;;;;;;;;
b_pol_bijlmer;Pol Bijlmer;;;;;;;;;;;;;
b_pol_bijlmer_adj;Pol Bijlmer;;;;;;;;;;;;;
b_pol_bijlmer_desc;Pol Bijlmer;;;;;;;;;;;;;
b_pol_bijlmer2;Pol Bijlmer2;;;;;;;;;;;;;
b_pol_bijlmer2_adj;Pol Bijlmer2;;;;;;;;;;;;;
b_pol_bijlmer2_desc;Pol Bijlmer2;;;;;;;;;;;;;
c_bergengreep;Bergengreep;;;;;;;;;;;;;
c_bergengreep_adj;Bergengreep;;;;;;;;;;;;;
c_bergengreep_desc;Bergengreep;;;;;;;;;;;;;
PROV521;Bergengreep;;;;;;;;;;;;;
PROV521_adj;Bergengreep;;;;;;;;;;;;;
PROV521_desc;Bergengreep;;;;;;;;;;;;;
b_bergengreep;Bergengreep;;;;;;;;;;;;;
b_bergengreep_adj;Bergengreep;;;;;;;;;;;;;
b_bergengreep_desc;Bergengreep;;;;;;;;;;;;;
b_bergengreep2;Bergengreep2;;;;;;;;;;;;;
b_bergengreep2_adj;Bergengreep2;;;;;;;;;;;;;
b_bergengreep2_desc;Bergengreep2;;;;;;;;;;;;;
harling;Harling;;;;;;;;;;;;;
harling_adj;Harling;;;;;;;;;;;;;
harling_desc;Harling;;;;;;;;;;;;;
d_harling;Harling;;;;;;;;;;;;;
d_harling_adj;Harling;;;;;;;;;;;;;
d_harling_desc;Harling;;;;;;;;;;;;;
pol_harling;Pol Harling;;;;;;;;;;;;;
pol_harling_adj;Pol Harling;;;;;;;;;;;;;
pol_harling_desc;Pol Harling;;;;;;;;;;;;;
c_pol_harling;Pol Harling;;;;;;;;;;;;;
c_pol_harling_adj;Pol Harling;;;;;;;;;;;;;
c_pol_harling_desc;Pol Harling;;;;;;;;;;;;;
PROV522;Pol Harling;;;;;;;;;;;;;
PROV522_adj;Pol Harling;;;;;;;;;;;;;
PROV522_desc;Pol Harling;;;;;;;;;;;;;
b_pol_harling;Pol Harling;;;;;;;;;;;;;
b_pol_harling_adj;Pol Harling;;;;;;;;;;;;;
b_pol_harling_desc;Pol Harling;;;;;;;;;;;;;
b_pol_harling2;Pol Harling2;;;;;;;;;;;;;
b_pol_harling2_adj;Pol Harling2;;;;;;;;;;;;;
b_pol_harling2_desc;Pol Harling2;;;;;;;;;;;;;
pol_callant;Pol Callant;;;;;;;;;;;;;
pol_callant_adj;Pol Callant;;;;;;;;;;;;;
pol_callant_desc;Pol Callant;;;;;;;;;;;;;
c_pol_callant;Pol Callant;;;;;;;;;;;;;
c_pol_callant_adj;Pol Callant;;;;;;;;;;;;;
c_pol_callant_desc;Pol Callant;;;;;;;;;;;;;
PROV523;Pol Callant;;;;;;;;;;;;;
PROV523_adj;Pol Callant;;;;;;;;;;;;;
PROV523_desc;Pol Callant;;;;;;;;;;;;;
b_pol_callant;Pol Callant;;;;;;;;;;;;;
b_pol_callant_adj;Pol Callant;;;;;;;;;;;;;
b_pol_callant_desc;Pol Callant;;;;;;;;;;;;;
b_pol_callant2;Pol Callant2;;;;;;;;;;;;;
b_pol_callant2_adj;Pol Callant2;;;;;;;;;;;;;
b_pol_callant2_desc;Pol Callant2;;;;;;;;;;;;;
pol_elft;Pol Elft;;;;;;;;;;;;;
pol_elft_adj;Pol Elft;;;;;;;;;;;;;
pol_elft_desc;Pol Elft;;;;;;;;;;;;;
c_pol_elft;Pol Elft;;;;;;;;;;;;;
c_pol_elft_adj;Pol Elft;;;;;;;;;;;;;
c_pol_elft_desc;Pol Elft;;;;;;;;;;;;;
PROV524;Pol Elft;;;;;;;;;;;;;
PROV524_adj;Pol Elft;;;;;;;;;;;;;
PROV524_desc;Pol Elft;;;;;;;;;;;;;
b_pol_elft;Pol Elft;;;;;;;;;;;;;
b_pol_elft_adj;Pol Elft;;;;;;;;;;;;;
b_pol_elft_desc;Pol Elft;;;;;;;;;;;;;
b_pol_elft2;Pol Elft2;;;;;;;;;;;;;
b_pol_elft2_adj;Pol Elft2;;;;;;;;;;;;;
b_pol_elft2_desc;Pol Elft2;;;;;;;;;;;;;
valkmaar;Valkmaar;;;;;;;;;;;;;
valkmaar_adj;Valkmaar;;;;;;;;;;;;;
valkmaar_desc;Valkmaar;;;;;;;;;;;;;
d_valkmaar;Valkmaar;;;;;;;;;;;;;
d_valkmaar_adj;Valkmaar;;;;;;;;;;;;;
d_valkmaar_desc;Valkmaar;;;;;;;;;;;;;
middenmeer;Middenmeer;;;;;;;;;;;;;
middenmeer_adj;Middenmeer;;;;;;;;;;;;;
middenmeer_desc;Middenmeer;;;;;;;;;;;;;
c_middenmeer;Middenmeer;;;;;;;;;;;;;
c_middenmeer_adj;Middenmeer;;;;;;;;;;;;;
c_middenmeer_desc;Middenmeer;;;;;;;;;;;;;
PROV525;Middenmeer;;;;;;;;;;;;;
PROV525_adj;Middenmeer;;;;;;;;;;;;;
PROV525_desc;Middenmeer;;;;;;;;;;;;;
b_middenmeer;Middenmeer;;;;;;;;;;;;;
b_middenmeer_adj;Middenmeer;;;;;;;;;;;;;
b_middenmeer_desc;Middenmeer;;;;;;;;;;;;;
b_middenmeer2;Middenmeer2;;;;;;;;;;;;;
b_middenmeer2_adj;Middenmeer2;;;;;;;;;;;;;
b_middenmeer2_desc;Middenmeer2;;;;;;;;;;;;;
de_aker;De Aker;;;;;;;;;;;;;
de_aker_adj;De Aker;;;;;;;;;;;;;
de_aker_desc;De Aker;;;;;;;;;;;;;
c_de_aker;De Aker;;;;;;;;;;;;;
c_de_aker_adj;De Aker;;;;;;;;;;;;;
c_de_aker_desc;De Aker;;;;;;;;;;;;;
PROV526;De Aker;;;;;;;;;;;;;
PROV526_adj;De Aker;;;;;;;;;;;;;
PROV526_desc;De Aker;;;;;;;;;;;;;
b_de_aker;De Aker;;;;;;;;;;;;;
b_de_aker_adj;De Aker;;;;;;;;;;;;;
b_de_aker_desc;De Aker;;;;;;;;;;;;;
b_de_aker2;De Aker2;;;;;;;;;;;;;
b_de_aker2_adj;De Aker2;;;;;;;;;;;;;
b_de_aker2_desc;De Aker2;;;;;;;;;;;;;
gierenwijk;Gierenwijk;;;;;;;;;;;;;
gierenwijk_adj;Gierenwijk;;;;;;;;;;;;;
gierenwijk_desc;Gierenwijk;;;;;;;;;;;;;
c_gierenwijk;Gierenwijk;;;;;;;;;;;;;
c_gierenwijk_adj;Gierenwijk;;;;;;;;;;;;;
c_gierenwijk_desc;Gierenwijk;;;;;;;;;;;;;
PROV527;Gierenwijk;;;;;;;;;;;;;
PROV527_adj;Gierenwijk;;;;;;;;;;;;;
PROV527_desc;Gierenwijk;;;;;;;;;;;;;
b_gierenwijk;Gierenwijk;;;;;;;;;;;;;
b_gierenwijk_adj;Gierenwijk;;;;;;;;;;;;;
b_gierenwijk_desc;Gierenwijk;;;;;;;;;;;;;
b_gierenwijk2;Gierenwijk2;;;;;;;;;;;;;
b_gierenwijk2_adj;Gierenwijk2;;;;;;;;;;;;;
b_gierenwijk2_desc;Gierenwijk2;;;;;;;;;;;;;
vrouweaven;Vrouweaven;;;;;;;;;;;;;
vrouweaven_adj;Vrouweaven;;;;;;;;;;;;;
vrouweaven_desc;Vrouweaven;;;;;;;;;;;;;
d_vrouweaven;Vrouweaven;;;;;;;;;;;;;
d_vrouweaven_adj;Vrouweaven;;;;;;;;;;;;;
d_vrouweaven_desc;Vrouweaven;;;;;;;;;;;;;
pol_zwanen;Pol Zwanen;;;;;;;;;;;;;
pol_zwanen_adj;Pol Zwanen;;;;;;;;;;;;;
pol_zwanen_desc;Pol Zwanen;;;;;;;;;;;;;
c_pol_zwanen;Pol Zwanen;;;;;;;;;;;;;
c_pol_zwanen_adj;Pol Zwanen;;;;;;;;;;;;;
c_pol_zwanen_desc;Pol Zwanen;;;;;;;;;;;;;
PROV528;Pol Zwanen;;;;;;;;;;;;;
PROV528_adj;Pol Zwanen;;;;;;;;;;;;;
PROV528_desc;Pol Zwanen;;;;;;;;;;;;;
b_pol_zwanen;Pol Zwanen;;;;;;;;;;;;;
b_pol_zwanen_adj;Pol Zwanen;;;;;;;;;;;;;
b_pol_zwanen_desc;Pol Zwanen;;;;;;;;;;;;;
b_pol_zwanen2;Pol Zwanen2;;;;;;;;;;;;;
b_pol_zwanen2_adj;Pol Zwanen2;;;;;;;;;;;;;
b_pol_zwanen2_desc;Pol Zwanen2;;;;;;;;;;;;;
pol_helder;Pol Helder;;;;;;;;;;;;;
pol_helder_adj;Pol Helder;;;;;;;;;;;;;
pol_helder_desc;Pol Helder;;;;;;;;;;;;;
c_pol_helder;Pol Helder;;;;;;;;;;;;;
c_pol_helder_adj;Pol Helder;;;;;;;;;;;;;
c_pol_helder_desc;Pol Helder;;;;;;;;;;;;;
PROV529;Pol Helder;;;;;;;;;;;;;
PROV529_adj;Pol Helder;;;;;;;;;;;;;
PROV529_desc;Pol Helder;;;;;;;;;;;;;
b_pol_helder;Pol Helder;;;;;;;;;;;;;
b_pol_helder_adj;Pol Helder;;;;;;;;;;;;;
b_pol_helder_desc;Pol Helder;;;;;;;;;;;;;
b_pol_helder2;Pol Helder2;;;;;;;;;;;;;
b_pol_helder2_adj;Pol Helder2;;;;;;;;;;;;;
b_pol_helder2_desc;Pol Helder2;;;;;;;;;;;;;
schierland;Schierland;;;;;;;;;;;;;
schierland_adj;Schierland;;;;;;;;;;;;;
schierland_desc;Schierland;;;;;;;;;;;;;
k_schierland;Schierland;;;;;;;;;;;;;
k_schierland_adj;Schierland;;;;;;;;;;;;;
k_schierland_desc;Schierland;;;;;;;;;;;;;
koolplaats;Koolplaats;;;;;;;;;;;;;
koolplaats_adj;Koolplaats;;;;;;;;;;;;;
koolplaats_desc;Koolplaats;;;;;;;;;;;;;
d_koolplaats;Koolplaats;;;;;;;;;;;;;
d_koolplaats_adj;Koolplaats;;;;;;;;;;;;;
d_koolplaats_desc;Koolplaats;;;;;;;;;;;;;
ermeplaat;Ermeplaat;;;;;;;;;;;;;
ermeplaat_adj;Ermeplaat;;;;;;;;;;;;;
ermeplaat_desc;Ermeplaat;;;;;;;;;;;;;
c_ermeplaat;Ermeplaat;;;;;;;;;;;;;
c_ermeplaat_adj;Ermeplaat;;;;;;;;;;;;;
c_ermeplaat_desc;Ermeplaat;;;;;;;;;;;;;
PROV530;Ermeplaat;;;;;;;;;;;;;
PROV530_adj;Ermeplaat;;;;;;;;;;;;;
PROV530_desc;Ermeplaat;;;;;;;;;;;;;
b_ermeplaat;Ermeplaat;;;;;;;;;;;;;
b_ermeplaat_adj;Ermeplaat;;;;;;;;;;;;;
b_ermeplaat_desc;Ermeplaat;;;;;;;;;;;;;
b_ermeplaat2;Ermeplaat2;;;;;;;;;;;;;
b_ermeplaat2_adj;Ermeplaat2;;;;;;;;;;;;;
b_ermeplaat2_desc;Ermeplaat2;;;;;;;;;;;;;
westerschen;Westerschen;;;;;;;;;;;;;
westerschen_adj;Westerschen;;;;;;;;;;;;;
westerschen_desc;Westerschen;;;;;;;;;;;;;
c_westerschen;Westerschen;;;;;;;;;;;;;
c_westerschen_adj;Westerschen;;;;;;;;;;;;;
c_westerschen_desc;Westerschen;;;;;;;;;;;;;
PROV531;Westerschen;;;;;;;;;;;;;
PROV531_adj;Westerschen;;;;;;;;;;;;;
PROV531_desc;Westerschen;;;;;;;;;;;;;
b_westerschen;Westerschen;;;;;;;;;;;;;
b_westerschen_adj;Westerschen;;;;;;;;;;;;;
b_westerschen_desc;Westerschen;;;;;;;;;;;;;
b_westerschen2;Westerschen2;;;;;;;;;;;;;
b_westerschen2_adj;Westerschen2;;;;;;;;;;;;;
b_westerschen2_desc;Westerschen2;;;;;;;;;;;;;
c_koolplaats;Koolplaats;;;;;;;;;;;;;
c_koolplaats_adj;Koolplaats;;;;;;;;;;;;;
c_koolplaats_desc;Koolplaats;;;;;;;;;;;;;
PROV532;Koolplaats;;;;;;;;;;;;;
PROV532_adj;Koolplaats;;;;;;;;;;;;;
PROV532_desc;Koolplaats;;;;;;;;;;;;;
b_koolplaats;Koolplaats;;;;;;;;;;;;;
b_koolplaats_adj;Koolplaats;;;;;;;;;;;;;
b_koolplaats_desc;Koolplaats;;;;;;;;;;;;;
b_koolplaats2;Koolplaats2;;;;;;;;;;;;;
b_koolplaats2_adj;Koolplaats2;;;;;;;;;;;;;
b_koolplaats2_desc;Koolplaats2;;;;;;;;;;;;;
rollum;Rollum;;;;;;;;;;;;;
rollum_adj;Rollum;;;;;;;;;;;;;
rollum_desc;Rollum;;;;;;;;;;;;;
c_rollum;Rollum;;;;;;;;;;;;;
c_rollum_adj;Rollum;;;;;;;;;;;;;
c_rollum_desc;Rollum;;;;;;;;;;;;;
PROV533;Rollum;;;;;;;;;;;;;
PROV533_adj;Rollum;;;;;;;;;;;;;
PROV533_desc;Rollum;;;;;;;;;;;;;
b_rollum;Rollum;;;;;;;;;;;;;
b_rollum_adj;Rollum;;;;;;;;;;;;;
b_rollum_desc;Rollum;;;;;;;;;;;;;
b_rollum2;Rollum2;;;;;;;;;;;;;
b_rollum2_adj;Rollum2;;;;;;;;;;;;;
b_rollum2_desc;Rollum2;;;;;;;;;;;;;
hollum;Hollum;;;;;;;;;;;;;
hollum_adj;Hollum;;;;;;;;;;;;;
hollum_desc;Hollum;;;;;;;;;;;;;
c_hollum;Hollum;;;;;;;;;;;;;
c_hollum_adj;Hollum;;;;;;;;;;;;;
c_hollum_desc;Hollum;;;;;;;;;;;;;
PROV534;Hollum;;;;;;;;;;;;;
PROV534_adj;Hollum;;;;;;;;;;;;;
PROV534_desc;Hollum;;;;;;;;;;;;;
b_hollum;Hollum;;;;;;;;;;;;;
b_hollum_adj;Hollum;;;;;;;;;;;;;
b_hollum_desc;Hollum;;;;;;;;;;;;;
b_hollum2;Hollum2;;;;;;;;;;;;;
b_hollum2_adj;Hollum2;;;;;;;;;;;;;
b_hollum2_desc;Hollum2;;;;;;;;;;;;;
gastrikum;Gastrikum;;;;;;;;;;;;;
gastrikum_adj;Gastrikum;;;;;;;;;;;;;
gastrikum_desc;Gastrikum;;;;;;;;;;;;;
c_gastrikum;Gastrikum;;;;;;;;;;;;;
c_gastrikum_adj;Gastrikum;;;;;;;;;;;;;
c_gastrikum_desc;Gastrikum;;;;;;;;;;;;;
PROV535;Gastrikum;;;;;;;;;;;;;
PROV535_adj;Gastrikum;;;;;;;;;;;;;
PROV535_desc;Gastrikum;;;;;;;;;;;;;
b_gastrikum;Gastrikum;;;;;;;;;;;;;
b_gastrikum_adj;Gastrikum;;;;;;;;;;;;;
b_gastrikum_desc;Gastrikum;;;;;;;;;;;;;
b_gastrikum2;Gastrikum2;;;;;;;;;;;;;
b_gastrikum2_adj;Gastrikum2;;;;;;;;;;;;;
b_gastrikum2_desc;Gastrikum2;;;;;;;;;;;;;
tierensche;Tierensche;;;;;;;;;;;;;
tierensche_adj;Tierensche;;;;;;;;;;;;;
tierensche_desc;Tierensche;;;;;;;;;;;;;
d_tierensche;Tierensche;;;;;;;;;;;;;
d_tierensche_adj;Tierensche;;;;;;;;;;;;;
d_tierensche_desc;Tierensche;;;;;;;;;;;;;
dallevald;Dallevald;;;;;;;;;;;;;
dallevald_adj;Dallevald;;;;;;;;;;;;;
dallevald_desc;Dallevald;;;;;;;;;;;;;
c_dallevald;Dallevald;;;;;;;;;;;;;
c_dallevald_adj;Dallevald;;;;;;;;;;;;;
c_dallevald_desc;Dallevald;;;;;;;;;;;;;
PROV536;Dallevald;;;;;;;;;;;;;
PROV536_adj;Dallevald;;;;;;;;;;;;;
PROV536_desc;Dallevald;;;;;;;;;;;;;
b_dallevald;Dallevald;;;;;;;;;;;;;
b_dallevald_adj;Dallevald;;;;;;;;;;;;;
b_dallevald_desc;Dallevald;;;;;;;;;;;;;
b_dallevald2;Dallevald2;;;;;;;;;;;;;
b_dallevald2_adj;Dallevald2;;;;;;;;;;;;;
b_dallevald2_desc;Dallevald2;;;;;;;;;;;;;
west_aan_ze;West Aan Ze;;;;;;;;;;;;;
west_aan_ze_adj;West Aan Ze;;;;;;;;;;;;;
west_aan_ze_desc;West Aan Ze;;;;;;;;;;;;;
c_west_aan_ze;West Aan Ze;;;;;;;;;;;;;
c_west_aan_ze_adj;West Aan Ze;;;;;;;;;;;;;
c_west_aan_ze_desc;West Aan Ze;;;;;;;;;;;;;
PROV537;West Aan Ze;;;;;;;;;;;;;
PROV537_adj;West Aan Ze;;;;;;;;;;;;;
PROV537_desc;West Aan Ze;;;;;;;;;;;;;
b_west_aan_ze;West Aan Ze;;;;;;;;;;;;;
b_west_aan_ze_adj;West Aan Ze;;;;;;;;;;;;;
b_west_aan_ze_desc;West Aan Ze;;;;;;;;;;;;;
b_west_aan_ze2;West Aan Ze2;;;;;;;;;;;;;
b_west_aan_ze2_adj;West Aan Ze2;;;;;;;;;;;;;
b_west_aan_ze2_desc;West Aan Ze2;;;;;;;;;;;;;
tieren;Tieren;;;;;;;;;;;;;
tieren_adj;Tieren;;;;;;;;;;;;;
tieren_desc;Tieren;;;;;;;;;;;;;
c_tieren;Tieren;;;;;;;;;;;;;
c_tieren_adj;Tieren;;;;;;;;;;;;;
c_tieren_desc;Tieren;;;;;;;;;;;;;
PROV538;Tieren;;;;;;;;;;;;;
PROV538_adj;Tieren;;;;;;;;;;;;;
PROV538_desc;Tieren;;;;;;;;;;;;;
b_tieren;Tieren;;;;;;;;;;;;;
b_tieren_adj;Tieren;;;;;;;;;;;;;
b_tieren_desc;Tieren;;;;;;;;;;;;;
b_tieren2;Tieren2;;;;;;;;;;;;;
b_tieren2_adj;Tieren2;;;;;;;;;;;;;
b_tieren2_desc;Tieren2;;;;;;;;;;;;;
tielburg;Tielburg;;;;;;;;;;;;;
tielburg_adj;Tielburg;;;;;;;;;;;;;
tielburg_desc;Tielburg;;;;;;;;;;;;;
c_tielburg;Tielburg;;;;;;;;;;;;;
c_tielburg_adj;Tielburg;;;;;;;;;;;;;
c_tielburg_desc;Tielburg;;;;;;;;;;;;;
PROV539;Tielburg;;;;;;;;;;;;;
PROV539_adj;Tielburg;;;;;;;;;;;;;
PROV539_desc;Tielburg;;;;;;;;;;;;;
b_tielburg;Tielburg;;;;;;;;;;;;;
b_tielburg_adj;Tielburg;;;;;;;;;;;;;
b_tielburg_desc;Tielburg;;;;;;;;;;;;;
b_tielburg2;Tielburg2;;;;;;;;;;;;;
b_tielburg2_adj;Tielburg2;;;;;;;;;;;;;
b_tielburg2_desc;Tielburg2;;;;;;;;;;;;;
waddenzat;Waddenzat;;;;;;;;;;;;;
waddenzat_adj;Waddenzat;;;;;;;;;;;;;
waddenzat_desc;Waddenzat;;;;;;;;;;;;;
d_waddenzat;Waddenzat;;;;;;;;;;;;;
d_waddenzat_adj;Waddenzat;;;;;;;;;;;;;
d_waddenzat_desc;Waddenzat;;;;;;;;;;;;;
dee_horn;Dee Horn;;;;;;;;;;;;;
dee_horn_adj;Dee Horn;;;;;;;;;;;;;
dee_horn_desc;Dee Horn;;;;;;;;;;;;;
c_dee_horn;Dee Horn;;;;;;;;;;;;;
c_dee_horn_adj;Dee Horn;;;;;;;;;;;;;
c_dee_horn_desc;Dee Horn;;;;;;;;;;;;;
PROV540;Dee Horn;;;;;;;;;;;;;
PROV540_adj;Dee Horn;;;;;;;;;;;;;
PROV540_desc;Dee Horn;;;;;;;;;;;;;
b_dee_horn;Dee Horn;;;;;;;;;;;;;
b_dee_horn_adj;Dee Horn;;;;;;;;;;;;;
b_dee_horn_desc;Dee Horn;;;;;;;;;;;;;
b_dee_horn2;Dee Horn2;;;;;;;;;;;;;
b_dee_horn2_adj;Dee Horn2;;;;;;;;;;;;;
b_dee_horn2_desc;Dee Horn2;;;;;;;;;;;;;
scheiere;Scheiere;;;;;;;;;;;;;
scheiere_adj;Scheiere;;;;;;;;;;;;;
scheiere_desc;Scheiere;;;;;;;;;;;;;
c_scheiere;Scheiere;;;;;;;;;;;;;
c_scheiere_adj;Scheiere;;;;;;;;;;;;;
c_scheiere_desc;Scheiere;;;;;;;;;;;;;
PROV541;Scheiere;;;;;;;;;;;;;
PROV541_adj;Scheiere;;;;;;;;;;;;;
PROV541_desc;Scheiere;;;;;;;;;;;;;
b_scheiere;Scheiere;;;;;;;;;;;;;
b_scheiere_adj;Scheiere;;;;;;;;;;;;;
b_scheiere_desc;Scheiere;;;;;;;;;;;;;
b_scheiere2;Scheiere2;;;;;;;;;;;;;
b_scheiere2_adj;Scheiere2;;;;;;;;;;;;;
b_scheiere2_desc;Scheiere2;;;;;;;;;;;;;
c_waddenzat;Waddenzat;;;;;;;;;;;;;
c_waddenzat_adj;Waddenzat;;;;;;;;;;;;;
c_waddenzat_desc;Waddenzat;;;;;;;;;;;;;
PROV542;Waddenzat;;;;;;;;;;;;;
PROV542_adj;Waddenzat;;;;;;;;;;;;;
PROV542_desc;Waddenzat;;;;;;;;;;;;;
b_waddenzat;Waddenzat;;;;;;;;;;;;;
b_waddenzat_adj;Waddenzat;;;;;;;;;;;;;
b_waddenzat_desc;Waddenzat;;;;;;;;;;;;;
b_waddenzat2;Waddenzat2;;;;;;;;;;;;;
b_waddenzat2_adj;Waddenzat2;;;;;;;;;;;;;
b_waddenzat2_desc;Waddenzat2;;;;;;;;;;;;;
halfweg;Halfweg;;;;;;;;;;;;;
halfweg_adj;Halfweg;;;;;;;;;;;;;
halfweg_desc;Halfweg;;;;;;;;;;;;;
c_halfweg;Halfweg;;;;;;;;;;;;;
c_halfweg_adj;Halfweg;;;;;;;;;;;;;
c_halfweg_desc;Halfweg;;;;;;;;;;;;;
PROV543;Halfweg;;;;;;;;;;;;;
PROV543_adj;Halfweg;;;;;;;;;;;;;
PROV543_desc;Halfweg;;;;;;;;;;;;;
b_halfweg;Halfweg;;;;;;;;;;;;;
b_halfweg_adj;Halfweg;;;;;;;;;;;;;
b_halfweg_desc;Halfweg;;;;;;;;;;;;;
b_halfweg2;Halfweg2;;;;;;;;;;;;;
b_halfweg2_adj;Halfweg2;;;;;;;;;;;;;
b_halfweg2_desc;Halfweg2;;;;;;;;;;;;;
oosterschen;Oosterschen;;;;;;;;;;;;;
oosterschen_adj;Oosterschen;;;;;;;;;;;;;
oosterschen_desc;Oosterschen;;;;;;;;;;;;;
c_oosterschen;Oosterschen;;;;;;;;;;;;;
c_oosterschen_adj;Oosterschen;;;;;;;;;;;;;
c_oosterschen_desc;Oosterschen;;;;;;;;;;;;;
PROV544;Oosterschen;;;;;;;;;;;;;
PROV544_adj;Oosterschen;;;;;;;;;;;;;
PROV544_desc;Oosterschen;;;;;;;;;;;;;
b_oosterschen;Oosterschen;;;;;;;;;;;;;
b_oosterschen_adj;Oosterschen;;;;;;;;;;;;;
b_oosterschen_desc;Oosterschen;;;;;;;;;;;;;
b_oosterschen2;Oosterschen2;;;;;;;;;;;;;
b_oosterschen2_adj;Oosterschen2;;;;;;;;;;;;;
b_oosterschen2_desc;Oosterschen2;;;;;;;;;;;;;
mineria;Mineria;;;;;;;;;;;;;
mineria_adj;Mineria;;;;;;;;;;;;;
mineria_desc;Mineria;;;;;;;;;;;;;
e_mineria;Mineria;;;;;;;;;;;;;
e_mineria_adj;Mineria;;;;;;;;;;;;;
e_mineria_desc;Mineria;;;;;;;;;;;;;
erlen;Erlen;;;;;;;;;;;;;
erlen_adj;Erlen;;;;;;;;;;;;;
erlen_desc;Erlen;;;;;;;;;;;;;
k_erlen;Erlen;;;;;;;;;;;;;
k_erlen_adj;Erlen;;;;;;;;;;;;;
k_erlen_desc;Erlen;;;;;;;;;;;;;
elfenbos_kust;Elfenbos Kust;;;;;;;;;;;;;
elfenbos_kust_adj;Elfenbos Kust;;;;;;;;;;;;;
elfenbos_kust_desc;Elfenbos Kust;;;;;;;;;;;;;
d_elfenbos_kust;Elfenbos Kust;;;;;;;;;;;;;
d_elfenbos_kust_adj;Elfenbos Kust;;;;;;;;;;;;;
d_elfenbos_kust_desc;Elfenbos Kust;;;;;;;;;;;;;
versollen;Versollen;;;;;;;;;;;;;
versollen_adj;Versollen;;;;;;;;;;;;;
versollen_desc;Versollen;;;;;;;;;;;;;
c_versollen;Versollen;;;;;;;;;;;;;
c_versollen_adj;Versollen;;;;;;;;;;;;;
c_versollen_desc;Versollen;;;;;;;;;;;;;
PROV545;Versollen;;;;;;;;;;;;;
PROV545_adj;Versollen;;;;;;;;;;;;;
PROV545_desc;Versollen;;;;;;;;;;;;;
b_versollen;Versollen;;;;;;;;;;;;;
b_versollen_adj;Versollen;;;;;;;;;;;;;
b_versollen_desc;Versollen;;;;;;;;;;;;;
b_versollen2;Versollen2;;;;;;;;;;;;;
b_versollen2_adj;Versollen2;;;;;;;;;;;;;
b_versollen2_desc;Versollen2;;;;;;;;;;;;;
elfenbos;Elfenbos;;;;;;;;;;;;;
elfenbos_adj;Elfenbos;;;;;;;;;;;;;
elfenbos_desc;Elfenbos;;;;;;;;;;;;;
c_elfenbos;Elfenbos;;;;;;;;;;;;;
c_elfenbos_adj;Elfenbos;;;;;;;;;;;;;
c_elfenbos_desc;Elfenbos;;;;;;;;;;;;;
PROV546;Elfenbos;;;;;;;;;;;;;
PROV546_adj;Elfenbos;;;;;;;;;;;;;
PROV546_desc;Elfenbos;;;;;;;;;;;;;
b_elfenbos;Elfenbos;;;;;;;;;;;;;
b_elfenbos_adj;Elfenbos;;;;;;;;;;;;;
b_elfenbos_desc;Elfenbos;;;;;;;;;;;;;
b_elfenbos2;Elfenbos2;;;;;;;;;;;;;
b_elfenbos2_adj;Elfenbos2;;;;;;;;;;;;;
b_elfenbos2_desc;Elfenbos2;;;;;;;;;;;;;
elfenbos_march;Elfenbos March;;;;;;;;;;;;;
elfenbos_march_adj;Elfenbos March;;;;;;;;;;;;;
elfenbos_march_desc;Elfenbos March;;;;;;;;;;;;;
d_elfenbos_march;Elfenbos March;;;;;;;;;;;;;
d_elfenbos_march_adj;Elfenbos March;;;;;;;;;;;;;
d_elfenbos_march_desc;Elfenbos March;;;;;;;;;;;;;
nordeme;Nordeme;;;;;;;;;;;;;
nordeme_adj;Nordeme;;;;;;;;;;;;;
nordeme_desc;Nordeme;;;;;;;;;;;;;
c_nordeme;Nordeme;;;;;;;;;;;;;
c_nordeme_adj;Nordeme;;;;;;;;;;;;;
c_nordeme_desc;Nordeme;;;;;;;;;;;;;
PROV547;Nordeme;;;;;;;;;;;;;
PROV547_adj;Nordeme;;;;;;;;;;;;;
PROV547_desc;Nordeme;;;;;;;;;;;;;
b_nordeme;Nordeme;;;;;;;;;;;;;
b_nordeme_adj;Nordeme;;;;;;;;;;;;;
b_nordeme_desc;Nordeme;;;;;;;;;;;;;
b_nordeme2;Nordeme2;;;;;;;;;;;;;
b_nordeme2_adj;Nordeme2;;;;;;;;;;;;;
b_nordeme2_desc;Nordeme2;;;;;;;;;;;;;
rustwacht;Rustwacht;;;;;;;;;;;;;
rustwacht_adj;Rustwacht;;;;;;;;;;;;;
rustwacht_desc;Rustwacht;;;;;;;;;;;;;
c_rustwacht;Rustwacht;;;;;;;;;;;;;
c_rustwacht_adj;Rustwacht;;;;;;;;;;;;;
c_rustwacht_desc;Rustwacht;;;;;;;;;;;;;
PROV548;Rustwacht;;;;;;;;;;;;;
PROV548_adj;Rustwacht;;;;;;;;;;;;;
PROV548_desc;Rustwacht;;;;;;;;;;;;;
b_rustwacht;Rustwacht;;;;;;;;;;;;;
b_rustwacht_adj;Rustwacht;;;;;;;;;;;;;
b_rustwacht_desc;Rustwacht;;;;;;;;;;;;;
b_rustwacht2;Rustwacht2;;;;;;;;;;;;;
b_rustwacht2_adj;Rustwacht2;;;;;;;;;;;;;
b_rustwacht2_desc;Rustwacht2;;;;;;;;;;;;;
zuiderbank;Zuiderbank;;;;;;;;;;;;;
zuiderbank_adj;Zuiderbank;;;;;;;;;;;;;
zuiderbank_desc;Zuiderbank;;;;;;;;;;;;;
c_zuiderbank;Zuiderbank;;;;;;;;;;;;;
c_zuiderbank_adj;Zuiderbank;;;;;;;;;;;;;
c_zuiderbank_desc;Zuiderbank;;;;;;;;;;;;;
PROV549;Zuiderbank;;;;;;;;;;;;;
PROV549_adj;Zuiderbank;;;;;;;;;;;;;
PROV549_desc;Zuiderbank;;;;;;;;;;;;;
b_zuiderbank;Zuiderbank;;;;;;;;;;;;;
b_zuiderbank_adj;Zuiderbank;;;;;;;;;;;;;
b_zuiderbank_desc;Zuiderbank;;;;;;;;;;;;;
b_zuiderbank2;Zuiderbank2;;;;;;;;;;;;;
b_zuiderbank2_adj;Zuiderbank2;;;;;;;;;;;;;
b_zuiderbank2_desc;Zuiderbank2;;;;;;;;;;;;;
elfenmuur;Elfenmuur;;;;;;;;;;;;;
elfenmuur_adj;Elfenmuur;;;;;;;;;;;;;
elfenmuur_desc;Elfenmuur;;;;;;;;;;;;;
c_elfenmuur;Elfenmuur;;;;;;;;;;;;;
c_elfenmuur_adj;Elfenmuur;;;;;;;;;;;;;
c_elfenmuur_desc;Elfenmuur;;;;;;;;;;;;;
PROV550;Elfenmuur;;;;;;;;;;;;;
PROV550_adj;Elfenmuur;;;;;;;;;;;;;
PROV550_desc;Elfenmuur;;;;;;;;;;;;;
b_elfenmuur;Elfenmuur;;;;;;;;;;;;;
b_elfenmuur_adj;Elfenmuur;;;;;;;;;;;;;
b_elfenmuur_desc;Elfenmuur;;;;;;;;;;;;;
b_elfenmuur2;Elfenmuur2;;;;;;;;;;;;;
b_elfenmuur2_adj;Elfenmuur2;;;;;;;;;;;;;
b_elfenmuur2_desc;Elfenmuur2;;;;;;;;;;;;;
solmer_march;Solmer March;;;;;;;;;;;;;
solmer_march_adj;Solmer March;;;;;;;;;;;;;
solmer_march_desc;Solmer March;;;;;;;;;;;;;
d_solmer_march;Solmer March;;;;;;;;;;;;;
d_solmer_march_adj;Solmer March;;;;;;;;;;;;;
d_solmer_march_desc;Solmer March;;;;;;;;;;;;;
solmer;Solmer;;;;;;;;;;;;;
solmer_adj;Solmer;;;;;;;;;;;;;
solmer_desc;Solmer;;;;;;;;;;;;;
c_solmer;Solmer;;;;;;;;;;;;;
c_solmer_adj;Solmer;;;;;;;;;;;;;
c_solmer_desc;Solmer;;;;;;;;;;;;;
PROV551;Solmer;;;;;;;;;;;;;
PROV551_adj;Solmer;;;;;;;;;;;;;
PROV551_desc;Solmer;;;;;;;;;;;;;
b_solmer;Solmer;;;;;;;;;;;;;
b_solmer_adj;Solmer;;;;;;;;;;;;;
b_solmer_desc;Solmer;;;;;;;;;;;;;
b_solmer2;Solmer2;;;;;;;;;;;;;
b_solmer2_adj;Solmer2;;;;;;;;;;;;;
b_solmer2_desc;Solmer2;;;;;;;;;;;;;
westsollen;Westsollen;;;;;;;;;;;;;
westsollen_adj;Westsollen;;;;;;;;;;;;;
westsollen_desc;Westsollen;;;;;;;;;;;;;
c_westsollen;Westsollen;;;;;;;;;;;;;
c_westsollen_adj;Westsollen;;;;;;;;;;;;;
c_westsollen_desc;Westsollen;;;;;;;;;;;;;
PROV552;Westsollen;;;;;;;;;;;;;
PROV552_adj;Westsollen;;;;;;;;;;;;;
PROV552_desc;Westsollen;;;;;;;;;;;;;
b_westsollen;Westsollen;;;;;;;;;;;;;
b_westsollen_adj;Westsollen;;;;;;;;;;;;;
b_westsollen_desc;Westsollen;;;;;;;;;;;;;
b_westsollen2;Westsollen2;;;;;;;;;;;;;
b_westsollen2_adj;Westsollen2;;;;;;;;;;;;;
b_westsollen2_desc;Westsollen2;;;;;;;;;;;;;
susollen;Susollen;;;;;;;;;;;;;
susollen_adj;Susollen;;;;;;;;;;;;;
susollen_desc;Susollen;;;;;;;;;;;;;
c_susollen;Susollen;;;;;;;;;;;;;
c_susollen_adj;Susollen;;;;;;;;;;;;;
c_susollen_desc;Susollen;;;;;;;;;;;;;
PROV553;Susollen;;;;;;;;;;;;;
PROV553_adj;Susollen;;;;;;;;;;;;;
PROV553_desc;Susollen;;;;;;;;;;;;;
b_susollen;Susollen;;;;;;;;;;;;;
b_susollen_adj;Susollen;;;;;;;;;;;;;
b_susollen_desc;Susollen;;;;;;;;;;;;;
b_susollen2;Susollen2;;;;;;;;;;;;;
b_susollen2_adj;Susollen2;;;;;;;;;;;;;
b_susollen2_desc;Susollen2;;;;;;;;;;;;;
marken;Marken;;;;;;;;;;;;;
marken_adj;Marken;;;;;;;;;;;;;
marken_desc;Marken;;;;;;;;;;;;;
c_marken;Marken;;;;;;;;;;;;;
c_marken_adj;Marken;;;;;;;;;;;;;
c_marken_desc;Marken;;;;;;;;;;;;;
PROV554;Marken;;;;;;;;;;;;;
PROV554_adj;Marken;;;;;;;;;;;;;
PROV554_desc;Marken;;;;;;;;;;;;;
b_marken;Marken;;;;;;;;;;;;;
b_marken_adj;Marken;;;;;;;;;;;;;
b_marken_desc;Marken;;;;;;;;;;;;;
b_marken2;Marken2;;;;;;;;;;;;;
b_marken2_adj;Marken2;;;;;;;;;;;;;
b_marken2_desc;Marken2;;;;;;;;;;;;;
solmer_punt;Solmer Punt;;;;;;;;;;;;;
solmer_punt_adj;Solmer Punt;;;;;;;;;;;;;
solmer_punt_desc;Solmer Punt;;;;;;;;;;;;;
d_solmer_punt;Solmer Punt;;;;;;;;;;;;;
d_solmer_punt_adj;Solmer Punt;;;;;;;;;;;;;
d_solmer_punt_desc;Solmer Punt;;;;;;;;;;;;;
midsollen;Midsollen;;;;;;;;;;;;;
midsollen_adj;Midsollen;;;;;;;;;;;;;
midsollen_desc;Midsollen;;;;;;;;;;;;;
c_midsollen;Midsollen;;;;;;;;;;;;;
c_midsollen_adj;Midsollen;;;;;;;;;;;;;
c_midsollen_desc;Midsollen;;;;;;;;;;;;;
PROV555;Midsollen;;;;;;;;;;;;;
PROV555_adj;Midsollen;;;;;;;;;;;;;
PROV555_desc;Midsollen;;;;;;;;;;;;;
b_midsollen;Midsollen;;;;;;;;;;;;;
b_midsollen_adj;Midsollen;;;;;;;;;;;;;
b_midsollen_desc;Midsollen;;;;;;;;;;;;;
b_midsollen2;Midsollen2;;;;;;;;;;;;;
b_midsollen2_adj;Midsollen2;;;;;;;;;;;;;
b_midsollen2_desc;Midsollen2;;;;;;;;;;;;;
sollen_punt;Sollen Punt;;;;;;;;;;;;;
sollen_punt_adj;Sollen Punt;;;;;;;;;;;;;
sollen_punt_desc;Sollen Punt;;;;;;;;;;;;;
c_sollen_punt;Sollen Punt;;;;;;;;;;;;;
c_sollen_punt_adj;Sollen Punt;;;;;;;;;;;;;
c_sollen_punt_desc;Sollen Punt;;;;;;;;;;;;;
PROV556;Sollen Punt;;;;;;;;;;;;;
PROV556_adj;Sollen Punt;;;;;;;;;;;;;
PROV556_desc;Sollen Punt;;;;;;;;;;;;;
b_sollen_punt;Sollen Punt;;;;;;;;;;;;;
b_sollen_punt_adj;Sollen Punt;;;;;;;;;;;;;
b_sollen_punt_desc;Sollen Punt;;;;;;;;;;;;;
b_sollen_punt2;Sollen Punt2;;;;;;;;;;;;;
b_sollen_punt2_adj;Sollen Punt2;;;;;;;;;;;;;
b_sollen_punt2_desc;Sollen Punt2;;;;;;;;;;;;;
thurmar;Thurmar;;;;;;;;;;;;;
thurmar_adj;Thurmar;;;;;;;;;;;;;
thurmar_desc;Thurmar;;;;;;;;;;;;;
d_thurmar;Thurmar;;;;;;;;;;;;;
d_thurmar_adj;Thurmar;;;;;;;;;;;;;
d_thurmar_desc;Thurmar;;;;;;;;;;;;;
thurmar_ans;Thurmar Ans;;;;;;;;;;;;;
thurmar_ans_adj;Thurmar Ans;;;;;;;;;;;;;
thurmar_ans_desc;Thurmar Ans;;;;;;;;;;;;;
c_thurmar_ans;Thurmar Ans;;;;;;;;;;;;;
c_thurmar_ans_adj;Thurmar Ans;;;;;;;;;;;;;
c_thurmar_ans_desc;Thurmar Ans;;;;;;;;;;;;;
PROV557;Thurmar Ans;;;;;;;;;;;;;
PROV557_adj;Thurmar Ans;;;;;;;;;;;;;
PROV557_desc;Thurmar Ans;;;;;;;;;;;;;
b_thurmar_ans;Thurmar Ans;;;;;;;;;;;;;
b_thurmar_ans_adj;Thurmar Ans;;;;;;;;;;;;;
b_thurmar_ans_desc;Thurmar Ans;;;;;;;;;;;;;
b_thurmar_ans2;Thurmar Ans2;;;;;;;;;;;;;
b_thurmar_ans2_adj;Thurmar Ans2;;;;;;;;;;;;;
b_thurmar_ans2_desc;Thurmar Ans2;;;;;;;;;;;;;
lucht_siuil;Lucht Siuil;;;;;;;;;;;;;
lucht_siuil_adj;Lucht Siuil;;;;;;;;;;;;;
lucht_siuil_desc;Lucht Siuil;;;;;;;;;;;;;
c_lucht_siuil;Lucht Siuil;;;;;;;;;;;;;
c_lucht_siuil_adj;Lucht Siuil;;;;;;;;;;;;;
c_lucht_siuil_desc;Lucht Siuil;;;;;;;;;;;;;
PROV558;Lucht Siuil;;;;;;;;;;;;;
PROV558_adj;Lucht Siuil;;;;;;;;;;;;;
PROV558_desc;Lucht Siuil;;;;;;;;;;;;;
b_lucht_siuil;Lucht Siuil;;;;;;;;;;;;;
b_lucht_siuil_adj;Lucht Siuil;;;;;;;;;;;;;
b_lucht_siuil_desc;Lucht Siuil;;;;;;;;;;;;;
b_lucht_siuil2;Lucht Siuil2;;;;;;;;;;;;;
b_lucht_siuil2_adj;Lucht Siuil2;;;;;;;;;;;;;
b_lucht_siuil2_desc;Lucht Siuil2;;;;;;;;;;;;;
gan_arm;Gan Arm;;;;;;;;;;;;;
gan_arm_adj;Gan Arm;;;;;;;;;;;;;
gan_arm_desc;Gan Arm;;;;;;;;;;;;;
c_gan_arm;Gan Arm;;;;;;;;;;;;;
c_gan_arm_adj;Gan Arm;;;;;;;;;;;;;
c_gan_arm_desc;Gan Arm;;;;;;;;;;;;;
PROV559;Gan Arm;;;;;;;;;;;;;
PROV559_adj;Gan Arm;;;;;;;;;;;;;
PROV559_desc;Gan Arm;;;;;;;;;;;;;
b_gan_arm;Gan Arm;;;;;;;;;;;;;
b_gan_arm_adj;Gan Arm;;;;;;;;;;;;;
b_gan_arm_desc;Gan Arm;;;;;;;;;;;;;
b_gan_arm2;Gan Arm2;;;;;;;;;;;;;
b_gan_arm2_adj;Gan Arm2;;;;;;;;;;;;;
b_gan_arm2_desc;Gan Arm2;;;;;;;;;;;;;
sinnedh;Sinnedh;;;;;;;;;;;;;
sinnedh_adj;Sinnedh;;;;;;;;;;;;;
sinnedh_desc;Sinnedh;;;;;;;;;;;;;
k_sinnedh;Sinnedh;;;;;;;;;;;;;
k_sinnedh_adj;Sinnedh;;;;;;;;;;;;;
k_sinnedh_desc;Sinnedh;;;;;;;;;;;;;
fear_glas;Fear Glas;;;;;;;;;;;;;
fear_glas_adj;Fear Glas;;;;;;;;;;;;;
fear_glas_desc;Fear Glas;;;;;;;;;;;;;
d_fear_glas;Fear Glas;;;;;;;;;;;;;
d_fear_glas_adj;Fear Glas;;;;;;;;;;;;;
d_fear_glas_desc;Fear Glas;;;;;;;;;;;;;
coonanna;Coonanna;;;;;;;;;;;;;
coonanna_adj;Coonanna;;;;;;;;;;;;;
coonanna_desc;Coonanna;;;;;;;;;;;;;
c_coonanna;Coonanna;;;;;;;;;;;;;
c_coonanna_adj;Coonanna;;;;;;;;;;;;;
c_coonanna_desc;Coonanna;;;;;;;;;;;;;
PROV560;Coonanna;;;;;;;;;;;;;
PROV560_adj;Coonanna;;;;;;;;;;;;;
PROV560_desc;Coonanna;;;;;;;;;;;;;
b_coonanna;Coonanna;;;;;;;;;;;;;
b_coonanna_adj;Coonanna;;;;;;;;;;;;;
b_coonanna_desc;Coonanna;;;;;;;;;;;;;
b_coonanna2;Coonanna2;;;;;;;;;;;;;
b_coonanna2_adj;Coonanna2;;;;;;;;;;;;;
b_coonanna2_desc;Coonanna2;;;;;;;;;;;;;
c_fear_glas;Fear Glas;;;;;;;;;;;;;
c_fear_glas_adj;Fear Glas;;;;;;;;;;;;;
c_fear_glas_desc;Fear Glas;;;;;;;;;;;;;
PROV561;Fear Glas;;;;;;;;;;;;;
PROV561_adj;Fear Glas;;;;;;;;;;;;;
PROV561_desc;Fear Glas;;;;;;;;;;;;;
b_fear_glas;Fear Glas;;;;;;;;;;;;;
b_fear_glas_adj;Fear Glas;;;;;;;;;;;;;
b_fear_glas_desc;Fear Glas;;;;;;;;;;;;;
b_fear_glas2;Fear Glas2;;;;;;;;;;;;;
b_fear_glas2_adj;Fear Glas2;;;;;;;;;;;;;
b_fear_glas2_desc;Fear Glas2;;;;;;;;;;;;;
aonair;Aonair;;;;;;;;;;;;;
aonair_adj;Aonair;;;;;;;;;;;;;
aonair_desc;Aonair;;;;;;;;;;;;;
c_aonair;Aonair;;;;;;;;;;;;;
c_aonair_adj;Aonair;;;;;;;;;;;;;
c_aonair_desc;Aonair;;;;;;;;;;;;;
PROV562;Aonair;;;;;;;;;;;;;
PROV562_adj;Aonair;;;;;;;;;;;;;
PROV562_desc;Aonair;;;;;;;;;;;;;
b_aonair;Aonair;;;;;;;;;;;;;
b_aonair_adj;Aonair;;;;;;;;;;;;;
b_aonair_desc;Aonair;;;;;;;;;;;;;
b_aonair2;Aonair2;;;;;;;;;;;;;
b_aonair2_adj;Aonair2;;;;;;;;;;;;;
b_aonair2_desc;Aonair2;;;;;;;;;;;;;
chiarraii;Chiarraii;;;;;;;;;;;;;
chiarraii_adj;Chiarraii;;;;;;;;;;;;;
chiarraii_desc;Chiarraii;;;;;;;;;;;;;
c_chiarraii;Chiarraii;;;;;;;;;;;;;
c_chiarraii_adj;Chiarraii;;;;;;;;;;;;;
c_chiarraii_desc;Chiarraii;;;;;;;;;;;;;
PROV563;Chiarraii;;;;;;;;;;;;;
PROV563_adj;Chiarraii;;;;;;;;;;;;;
PROV563_desc;Chiarraii;;;;;;;;;;;;;
b_chiarraii;Chiarraii;;;;;;;;;;;;;
b_chiarraii_adj;Chiarraii;;;;;;;;;;;;;
b_chiarraii_desc;Chiarraii;;;;;;;;;;;;;
b_chiarraii2;Chiarraii2;;;;;;;;;;;;;
b_chiarraii2_adj;Chiarraii2;;;;;;;;;;;;;
b_chiarraii2_desc;Chiarraii2;;;;;;;;;;;;;
loughdonairt;Loughdonairt;;;;;;;;;;;;;
loughdonairt_adj;Loughdonairt;;;;;;;;;;;;;
loughdonairt_desc;Loughdonairt;;;;;;;;;;;;;
d_loughdonairt;Loughdonairt;;;;;;;;;;;;;
d_loughdonairt_adj;Loughdonairt;;;;;;;;;;;;;
d_loughdonairt_desc;Loughdonairt;;;;;;;;;;;;;
lar;Lar;;;;;;;;;;;;;
lar_adj;Lar;;;;;;;;;;;;;
lar_desc;Lar;;;;;;;;;;;;;
c_lar;Lar;;;;;;;;;;;;;
c_lar_adj;Lar;;;;;;;;;;;;;
c_lar_desc;Lar;;;;;;;;;;;;;
PROV564;Lar;;;;;;;;;;;;;
PROV564_adj;Lar;;;;;;;;;;;;;
PROV564_desc;Lar;;;;;;;;;;;;;
b_lar;Lar;;;;;;;;;;;;;
b_lar_adj;Lar;;;;;;;;;;;;;
b_lar_desc;Lar;;;;;;;;;;;;;
b_lar2;Lar2;;;;;;;;;;;;;
b_lar2_adj;Lar2;;;;;;;;;;;;;
b_lar2_desc;Lar2;;;;;;;;;;;;;
deiscirt;Deiscirt;;;;;;;;;;;;;
deiscirt_adj;Deiscirt;;;;;;;;;;;;;
deiscirt_desc;Deiscirt;;;;;;;;;;;;;
c_deiscirt;Deiscirt;;;;;;;;;;;;;
c_deiscirt_adj;Deiscirt;;;;;;;;;;;;;
c_deiscirt_desc;Deiscirt;;;;;;;;;;;;;
PROV565;Deiscirt;;;;;;;;;;;;;
PROV565_adj;Deiscirt;;;;;;;;;;;;;
PROV565_desc;Deiscirt;;;;;;;;;;;;;
b_deiscirt;Deiscirt;;;;;;;;;;;;;
b_deiscirt_adj;Deiscirt;;;;;;;;;;;;;
b_deiscirt_desc;Deiscirt;;;;;;;;;;;;;
b_deiscirt2;Deiscirt2;;;;;;;;;;;;;
b_deiscirt2_adj;Deiscirt2;;;;;;;;;;;;;
b_deiscirt2_desc;Deiscirt2;;;;;;;;;;;;;
aille;Aille;;;;;;;;;;;;;
aille_adj;Aille;;;;;;;;;;;;;
aille_desc;Aille;;;;;;;;;;;;;
c_aille;Aille;;;;;;;;;;;;;
c_aille_adj;Aille;;;;;;;;;;;;;
c_aille_desc;Aille;;;;;;;;;;;;;
PROV566;Aille;;;;;;;;;;;;;
PROV566_adj;Aille;;;;;;;;;;;;;
PROV566_desc;Aille;;;;;;;;;;;;;
b_aille;Aille;;;;;;;;;;;;;
b_aille_adj;Aille;;;;;;;;;;;;;
b_aille_desc;Aille;;;;;;;;;;;;;
b_aille2;Aille2;;;;;;;;;;;;;
b_aille2_adj;Aille2;;;;;;;;;;;;;
b_aille2_desc;Aille2;;;;;;;;;;;;;
bo;Bo;;;;;;;;;;;;;
bo_adj;Bo;;;;;;;;;;;;;
bo_desc;Bo;;;;;;;;;;;;;
c_bo;Bo;;;;;;;;;;;;;
c_bo_adj;Bo;;;;;;;;;;;;;
c_bo_desc;Bo;;;;;;;;;;;;;
PROV567;Bo;;;;;;;;;;;;;
PROV567_adj;Bo;;;;;;;;;;;;;
PROV567_desc;Bo;;;;;;;;;;;;;
b_bo;Bo;;;;;;;;;;;;;
b_bo_adj;Bo;;;;;;;;;;;;;
b_bo_desc;Bo;;;;;;;;;;;;;
b_bo2;Bo2;;;;;;;;;;;;;
b_bo2_adj;Bo2;;;;;;;;;;;;;
b_bo2_desc;Bo2;;;;;;;;;;;;;
oielan_gear;Oielan Gear;;;;;;;;;;;;;
oielan_gear_adj;Oielan Gear;;;;;;;;;;;;;
oielan_gear_desc;Oielan Gear;;;;;;;;;;;;;
c_oielan_gear;Oielan Gear;;;;;;;;;;;;;
c_oielan_gear_adj;Oielan Gear;;;;;;;;;;;;;
c_oielan_gear_desc;Oielan Gear;;;;;;;;;;;;;
PROV568;Oielan Gear;;;;;;;;;;;;;
PROV568_adj;Oielan Gear;;;;;;;;;;;;;
PROV568_desc;Oielan Gear;;;;;;;;;;;;;
b_oielan_gear;Oielan Gear;;;;;;;;;;;;;
b_oielan_gear_adj;Oielan Gear;;;;;;;;;;;;;
b_oielan_gear_desc;Oielan Gear;;;;;;;;;;;;;
b_oielan_gear2;Oielan Gear2;;;;;;;;;;;;;
b_oielan_gear2_adj;Oielan Gear2;;;;;;;;;;;;;
b_oielan_gear2_desc;Oielan Gear2;;;;;;;;;;;;;
thiar;Thiar;;;;;;;;;;;;;
thiar_adj;Thiar;;;;;;;;;;;;;
thiar_desc;Thiar;;;;;;;;;;;;;
d_thiar;Thiar;;;;;;;;;;;;;
d_thiar_adj;Thiar;;;;;;;;;;;;;
d_thiar_desc;Thiar;;;;;;;;;;;;;
iontabaobha;Iontabaobha;;;;;;;;;;;;;
iontabaobha_adj;Iontabaobha;;;;;;;;;;;;;
iontabaobha_desc;Iontabaobha;;;;;;;;;;;;;
c_iontabaobha;Iontabaobha;;;;;;;;;;;;;
c_iontabaobha_adj;Iontabaobha;;;;;;;;;;;;;
c_iontabaobha_desc;Iontabaobha;;;;;;;;;;;;;
PROV569;Iontabaobha;;;;;;;;;;;;;
PROV569_adj;Iontabaobha;;;;;;;;;;;;;
PROV569_desc;Iontabaobha;;;;;;;;;;;;;
b_iontabaobha;Iontabaobha;;;;;;;;;;;;;
b_iontabaobha_adj;Iontabaobha;;;;;;;;;;;;;
b_iontabaobha_desc;Iontabaobha;;;;;;;;;;;;;
b_iontabaobha2;Iontabaobha2;;;;;;;;;;;;;
b_iontabaobha2_adj;Iontabaobha2;;;;;;;;;;;;;
b_iontabaobha2_desc;Iontabaobha2;;;;;;;;;;;;;
fada;Fada;;;;;;;;;;;;;
fada_adj;Fada;;;;;;;;;;;;;
fada_desc;Fada;;;;;;;;;;;;;
c_fada;Fada;;;;;;;;;;;;;
c_fada_adj;Fada;;;;;;;;;;;;;
c_fada_desc;Fada;;;;;;;;;;;;;
PROV570;Fada;;;;;;;;;;;;;
PROV570_adj;Fada;;;;;;;;;;;;;
PROV570_desc;Fada;;;;;;;;;;;;;
b_fada;Fada;;;;;;;;;;;;;
b_fada_adj;Fada;;;;;;;;;;;;;
b_fada_desc;Fada;;;;;;;;;;;;;
b_fada2;Fada2;;;;;;;;;;;;;
b_fada2_adj;Fada2;;;;;;;;;;;;;
b_fada2_desc;Fada2;;;;;;;;;;;;;
c_thiar;Thiar;;;;;;;;;;;;;
c_thiar_adj;Thiar;;;;;;;;;;;;;
c_thiar_desc;Thiar;;;;;;;;;;;;;
PROV571;Thiar;;;;;;;;;;;;;
PROV571_adj;Thiar;;;;;;;;;;;;;
PROV571_desc;Thiar;;;;;;;;;;;;;
b_thiar;Thiar;;;;;;;;;;;;;
b_thiar_adj;Thiar;;;;;;;;;;;;;
b_thiar_desc;Thiar;;;;;;;;;;;;;
b_thiar2;Thiar2;;;;;;;;;;;;;
b_thiar2_adj;Thiar2;;;;;;;;;;;;;
b_thiar2_desc;Thiar2;;;;;;;;;;;;;
sochraide;Sochraide;;;;;;;;;;;;;
sochraide_adj;Sochraide;;;;;;;;;;;;;
sochraide_desc;Sochraide;;;;;;;;;;;;;
c_sochraide;Sochraide;;;;;;;;;;;;;
c_sochraide_adj;Sochraide;;;;;;;;;;;;;
c_sochraide_desc;Sochraide;;;;;;;;;;;;;
PROV572;Sochraide;;;;;;;;;;;;;
PROV572_adj;Sochraide;;;;;;;;;;;;;
PROV572_desc;Sochraide;;;;;;;;;;;;;
b_sochraide;Sochraide;;;;;;;;;;;;;
b_sochraide_adj;Sochraide;;;;;;;;;;;;;
b_sochraide_desc;Sochraide;;;;;;;;;;;;;
b_sochraide2;Sochraide2;;;;;;;;;;;;;
b_sochraide2_adj;Sochraide2;;;;;;;;;;;;;
b_sochraide2_desc;Sochraide2;;;;;;;;;;;;;
sylvaraine;Sylvaraine;;;;;;;;;;;;;
sylvaraine_adj;Sylvaraine;;;;;;;;;;;;;
sylvaraine_desc;Sylvaraine;;;;;;;;;;;;;
k_sylvaraine;Sylvaraine;;;;;;;;;;;;;
k_sylvaraine_adj;Sylvaraine;;;;;;;;;;;;;
k_sylvaraine_desc;Sylvaraine;;;;;;;;;;;;;
falorene;Falorene;;;;;;;;;;;;;
falorene_adj;Falorene;;;;;;;;;;;;;
falorene_desc;Falorene;;;;;;;;;;;;;
d_falorene;Falorene;;;;;;;;;;;;;
d_falorene_adj;Falorene;;;;;;;;;;;;;
d_falorene_desc;Falorene;;;;;;;;;;;;;
calirene;Calirene;;;;;;;;;;;;;
calirene_adj;Calirene;;;;;;;;;;;;;
calirene_desc;Calirene;;;;;;;;;;;;;
c_calirene;Calirene;;;;;;;;;;;;;
c_calirene_adj;Calirene;;;;;;;;;;;;;
c_calirene_desc;Calirene;;;;;;;;;;;;;
PROV573;Calirene;;;;;;;;;;;;;
PROV573_adj;Calirene;;;;;;;;;;;;;
PROV573_desc;Calirene;;;;;;;;;;;;;
b_calirene;Calirene;;;;;;;;;;;;;
b_calirene_adj;Calirene;;;;;;;;;;;;;
b_calirene_desc;Calirene;;;;;;;;;;;;;
b_calirene2;Calirene2;;;;;;;;;;;;;
b_calirene2_adj;Calirene2;;;;;;;;;;;;;
b_calirene2_desc;Calirene2;;;;;;;;;;;;;
tarralene;Tarralene;;;;;;;;;;;;;
tarralene_adj;Tarralene;;;;;;;;;;;;;
tarralene_desc;Tarralene;;;;;;;;;;;;;
c_tarralene;Tarralene;;;;;;;;;;;;;
c_tarralene_adj;Tarralene;;;;;;;;;;;;;
c_tarralene_desc;Tarralene;;;;;;;;;;;;;
PROV574;Tarralene;;;;;;;;;;;;;
PROV574_adj;Tarralene;;;;;;;;;;;;;
PROV574_desc;Tarralene;;;;;;;;;;;;;
b_tarralene;Tarralene;;;;;;;;;;;;;
b_tarralene_adj;Tarralene;;;;;;;;;;;;;
b_tarralene_desc;Tarralene;;;;;;;;;;;;;
b_tarralene2;Tarralene2;;;;;;;;;;;;;
b_tarralene2_adj;Tarralene2;;;;;;;;;;;;;
b_tarralene2_desc;Tarralene2;;;;;;;;;;;;;
donvarene;Donvarene;;;;;;;;;;;;;
donvarene_adj;Donvarene;;;;;;;;;;;;;
donvarene_desc;Donvarene;;;;;;;;;;;;;
c_donvarene;Donvarene;;;;;;;;;;;;;
c_donvarene_adj;Donvarene;;;;;;;;;;;;;
c_donvarene_desc;Donvarene;;;;;;;;;;;;;
PROV575;Donvarene;;;;;;;;;;;;;
PROV575_adj;Donvarene;;;;;;;;;;;;;
PROV575_desc;Donvarene;;;;;;;;;;;;;
b_donvarene;Donvarene;;;;;;;;;;;;;
b_donvarene_adj;Donvarene;;;;;;;;;;;;;
b_donvarene_desc;Donvarene;;;;;;;;;;;;;
b_donvarene2;Donvarene2;;;;;;;;;;;;;
b_donvarene2_adj;Donvarene2;;;;;;;;;;;;;
b_donvarene2_desc;Donvarene2;;;;;;;;;;;;;
lirinaye;Lirinaye;;;;;;;;;;;;;
lirinaye_adj;Lirinaye;;;;;;;;;;;;;
lirinaye_desc;Lirinaye;;;;;;;;;;;;;
d_lirinaye;Lirinaye;;;;;;;;;;;;;
d_lirinaye_adj;Lirinaye;;;;;;;;;;;;;
d_lirinaye_desc;Lirinaye;;;;;;;;;;;;;
seravelle;Seravelle;;;;;;;;;;;;;
seravelle_adj;Seravelle;;;;;;;;;;;;;
seravelle_desc;Seravelle;;;;;;;;;;;;;
c_seravelle;Seravelle;;;;;;;;;;;;;
c_seravelle_adj;Seravelle;;;;;;;;;;;;;
c_seravelle_desc;Seravelle;;;;;;;;;;;;;
PROV576;Seravelle;;;;;;;;;;;;;
PROV576_adj;Seravelle;;;;;;;;;;;;;
PROV576_desc;Seravelle;;;;;;;;;;;;;
b_seravelle;Seravelle;;;;;;;;;;;;;
b_seravelle_adj;Seravelle;;;;;;;;;;;;;
b_seravelle_desc;Seravelle;;;;;;;;;;;;;
b_seravelle2;Seravelle2;;;;;;;;;;;;;
b_seravelle2_adj;Seravelle2;;;;;;;;;;;;;
b_seravelle2_desc;Seravelle2;;;;;;;;;;;;;
oltenesse;Oltenesse;;;;;;;;;;;;;
oltenesse_adj;Oltenesse;;;;;;;;;;;;;
oltenesse_desc;Oltenesse;;;;;;;;;;;;;
c_oltenesse;Oltenesse;;;;;;;;;;;;;
c_oltenesse_adj;Oltenesse;;;;;;;;;;;;;
c_oltenesse_desc;Oltenesse;;;;;;;;;;;;;
PROV577;Oltenesse;;;;;;;;;;;;;
PROV577_adj;Oltenesse;;;;;;;;;;;;;
PROV577_desc;Oltenesse;;;;;;;;;;;;;
b_oltenesse;Oltenesse;;;;;;;;;;;;;
b_oltenesse_adj;Oltenesse;;;;;;;;;;;;;
b_oltenesse_desc;Oltenesse;;;;;;;;;;;;;
b_oltenesse2;Oltenesse2;;;;;;;;;;;;;
b_oltenesse2_adj;Oltenesse2;;;;;;;;;;;;;
b_oltenesse2_desc;Oltenesse2;;;;;;;;;;;;;
senavelle;Senavelle;;;;;;;;;;;;;
senavelle_adj;Senavelle;;;;;;;;;;;;;
senavelle_desc;Senavelle;;;;;;;;;;;;;
d_senavelle;Senavelle;;;;;;;;;;;;;
d_senavelle_adj;Senavelle;;;;;;;;;;;;;
d_senavelle_desc;Senavelle;;;;;;;;;;;;;
tervassene;Tervassene;;;;;;;;;;;;;
tervassene_adj;Tervassene;;;;;;;;;;;;;
tervassene_desc;Tervassene;;;;;;;;;;;;;
c_tervassene;Tervassene;;;;;;;;;;;;;
c_tervassene_adj;Tervassene;;;;;;;;;;;;;
c_tervassene_desc;Tervassene;;;;;;;;;;;;;
PROV578;Tervassene;;;;;;;;;;;;;
PROV578_adj;Tervassene;;;;;;;;;;;;;
PROV578_desc;Tervassene;;;;;;;;;;;;;
b_tervassene;Tervassene;;;;;;;;;;;;;
b_tervassene_adj;Tervassene;;;;;;;;;;;;;
b_tervassene_desc;Tervassene;;;;;;;;;;;;;
b_tervassene2;Tervassene2;;;;;;;;;;;;;
b_tervassene2_adj;Tervassene2;;;;;;;;;;;;;
b_tervassene2_desc;Tervassene2;;;;;;;;;;;;;
siltaleyne;Siltaleyne;;;;;;;;;;;;;
siltaleyne_adj;Siltaleyne;;;;;;;;;;;;;
siltaleyne_desc;Siltaleyne;;;;;;;;;;;;;
c_siltaleyne;Siltaleyne;;;;;;;;;;;;;
c_siltaleyne_adj;Siltaleyne;;;;;;;;;;;;;
c_siltaleyne_desc;Siltaleyne;;;;;;;;;;;;;
PROV579;Siltaleyne;;;;;;;;;;;;;
PROV579_adj;Siltaleyne;;;;;;;;;;;;;
PROV579_desc;Siltaleyne;;;;;;;;;;;;;
b_siltaleyne;Siltaleyne;;;;;;;;;;;;;
b_siltaleyne_adj;Siltaleyne;;;;;;;;;;;;;
b_siltaleyne_desc;Siltaleyne;;;;;;;;;;;;;
b_siltaleyne2;Siltaleyne2;;;;;;;;;;;;;
b_siltaleyne2_adj;Siltaleyne2;;;;;;;;;;;;;
b_siltaleyne2_desc;Siltaleyne2;;;;;;;;;;;;;
vassarena;Vassarena;;;;;;;;;;;;;
vassarena_adj;Vassarena;;;;;;;;;;;;;
vassarena_desc;Vassarena;;;;;;;;;;;;;
d_vassarena;Vassarena;;;;;;;;;;;;;
d_vassarena_adj;Vassarena;;;;;;;;;;;;;
d_vassarena_desc;Vassarena;;;;;;;;;;;;;
torissene;Torissene;;;;;;;;;;;;;
torissene_adj;Torissene;;;;;;;;;;;;;
torissene_desc;Torissene;;;;;;;;;;;;;
c_torissene;Torissene;;;;;;;;;;;;;
c_torissene_adj;Torissene;;;;;;;;;;;;;
c_torissene_desc;Torissene;;;;;;;;;;;;;
PROV580;Torissene;;;;;;;;;;;;;
PROV580_adj;Torissene;;;;;;;;;;;;;
PROV580_desc;Torissene;;;;;;;;;;;;;
b_torissene;Torissene;;;;;;;;;;;;;
b_torissene_adj;Torissene;;;;;;;;;;;;;
b_torissene_desc;Torissene;;;;;;;;;;;;;
b_torissene2;Torissene2;;;;;;;;;;;;;
b_torissene2_adj;Torissene2;;;;;;;;;;;;;
b_torissene2_desc;Torissene2;;;;;;;;;;;;;
pellantelle;Pellantelle;;;;;;;;;;;;;
pellantelle_adj;Pellantelle;;;;;;;;;;;;;
pellantelle_desc;Pellantelle;;;;;;;;;;;;;
c_pellantelle;Pellantelle;;;;;;;;;;;;;
c_pellantelle_adj;Pellantelle;;;;;;;;;;;;;
c_pellantelle_desc;Pellantelle;;;;;;;;;;;;;
PROV581;Pellantelle;;;;;;;;;;;;;
PROV581_adj;Pellantelle;;;;;;;;;;;;;
PROV581_desc;Pellantelle;;;;;;;;;;;;;
b_pellantelle;Pellantelle;;;;;;;;;;;;;
b_pellantelle_adj;Pellantelle;;;;;;;;;;;;;
b_pellantelle_desc;Pellantelle;;;;;;;;;;;;;
b_pellantelle2;Pellantelle2;;;;;;;;;;;;;
b_pellantelle2_adj;Pellantelle2;;;;;;;;;;;;;
b_pellantelle2_desc;Pellantelle2;;;;;;;;;;;;;
pellorisse;Pellorisse;;;;;;;;;;;;;
pellorisse_adj;Pellorisse;;;;;;;;;;;;;
pellorisse_desc;Pellorisse;;;;;;;;;;;;;
c_pellorisse;Pellorisse;;;;;;;;;;;;;
c_pellorisse_adj;Pellorisse;;;;;;;;;;;;;
c_pellorisse_desc;Pellorisse;;;;;;;;;;;;;
PROV582;Pellorisse;;;;;;;;;;;;;
PROV582_adj;Pellorisse;;;;;;;;;;;;;
PROV582_desc;Pellorisse;;;;;;;;;;;;;
b_pellorisse;Pellorisse;;;;;;;;;;;;;
b_pellorisse_adj;Pellorisse;;;;;;;;;;;;;
b_pellorisse_desc;Pellorisse;;;;;;;;;;;;;
b_pellorisse2;Pellorisse2;;;;;;;;;;;;;
b_pellorisse2_adj;Pellorisse2;;;;;;;;;;;;;
b_pellorisse2_desc;Pellorisse2;;;;;;;;;;;;;
pelarene;Pelarene;;;;;;;;;;;;;
pelarene_adj;Pelarene;;;;;;;;;;;;;
pelarene_desc;Pelarene;;;;;;;;;;;;;
c_pelarene;Pelarene;;;;;;;;;;;;;
c_pelarene_adj;Pelarene;;;;;;;;;;;;;
c_pelarene_desc;Pelarene;;;;;;;;;;;;;
PROV583;Pelarene;;;;;;;;;;;;;
PROV583_adj;Pelarene;;;;;;;;;;;;;
PROV583_desc;Pelarene;;;;;;;;;;;;;
b_pelarene;Pelarene;;;;;;;;;;;;;
b_pelarene_adj;Pelarene;;;;;;;;;;;;;
b_pelarene_desc;Pelarene;;;;;;;;;;;;;
b_pelarene2;Pelarene2;;;;;;;;;;;;;
b_pelarene2_adj;Pelarene2;;;;;;;;;;;;;
b_pelarene2_desc;Pelarene2;;;;;;;;;;;;;
orsanne;Orsanne;;;;;;;;;;;;;
orsanne_adj;Orsanne;;;;;;;;;;;;;
orsanne_desc;Orsanne;;;;;;;;;;;;;
c_orsanne;Orsanne;;;;;;;;;;;;;
c_orsanne_adj;Orsanne;;;;;;;;;;;;;
c_orsanne_desc;Orsanne;;;;;;;;;;;;;
PROV584;Orsanne;;;;;;;;;;;;;
PROV584_adj;Orsanne;;;;;;;;;;;;;
PROV584_desc;Orsanne;;;;;;;;;;;;;
b_orsanne;Orsanne;;;;;;;;;;;;;
b_orsanne_adj;Orsanne;;;;;;;;;;;;;
b_orsanne_desc;Orsanne;;;;;;;;;;;;;
b_orsanne2;Orsanne2;;;;;;;;;;;;;
b_orsanne2_adj;Orsanne2;;;;;;;;;;;;;
b_orsanne2_desc;Orsanne2;;;;;;;;;;;;;
fenassene;Fenassene;;;;;;;;;;;;;
fenassene_adj;Fenassene;;;;;;;;;;;;;
fenassene_desc;Fenassene;;;;;;;;;;;;;
c_fenassene;Fenassene;;;;;;;;;;;;;
c_fenassene_adj;Fenassene;;;;;;;;;;;;;
c_fenassene_desc;Fenassene;;;;;;;;;;;;;
PROV585;Fenassene;;;;;;;;;;;;;
PROV585_adj;Fenassene;;;;;;;;;;;;;
PROV585_desc;Fenassene;;;;;;;;;;;;;
b_fenassene;Fenassene;;;;;;;;;;;;;
b_fenassene_adj;Fenassene;;;;;;;;;;;;;
b_fenassene_desc;Fenassene;;;;;;;;;;;;;
b_fenassene2;Fenassene2;;;;;;;;;;;;;
b_fenassene2_adj;Fenassene2;;;;;;;;;;;;;
b_fenassene2_desc;Fenassene2;;;;;;;;;;;;;
valessaria;Valessaria;;;;;;;;;;;;;
valessaria_adj;Valessaria;;;;;;;;;;;;;
valessaria_desc;Valessaria;;;;;;;;;;;;;
k_valessaria;Valessaria;;;;;;;;;;;;;
k_valessaria_adj;Valessaria;;;;;;;;;;;;;
k_valessaria_desc;Valessaria;;;;;;;;;;;;;
orsana;Orsana;;;;;;;;;;;;;
orsana_adj;Orsana;;;;;;;;;;;;;
orsana_desc;Orsana;;;;;;;;;;;;;
d_orsana;Orsana;;;;;;;;;;;;;
d_orsana_adj;Orsana;;;;;;;;;;;;;
d_orsana_desc;Orsana;;;;;;;;;;;;;
c_senavelle;Senavelle;;;;;;;;;;;;;
c_senavelle_adj;Senavelle;;;;;;;;;;;;;
c_senavelle_desc;Senavelle;;;;;;;;;;;;;
PROV586;Senavelle;;;;;;;;;;;;;
PROV586_adj;Senavelle;;;;;;;;;;;;;
PROV586_desc;Senavelle;;;;;;;;;;;;;
b_senavelle;Senavelle;;;;;;;;;;;;;
b_senavelle_adj;Senavelle;;;;;;;;;;;;;
b_senavelle_desc;Senavelle;;;;;;;;;;;;;
b_senavelle2;Senavelle2;;;;;;;;;;;;;
b_senavelle2_adj;Senavelle2;;;;;;;;;;;;;
b_senavelle2_desc;Senavelle2;;;;;;;;;;;;;
pellayne;Pellayne;;;;;;;;;;;;;
pellayne_adj;Pellayne;;;;;;;;;;;;;
pellayne_desc;Pellayne;;;;;;;;;;;;;
c_pellayne;Pellayne;;;;;;;;;;;;;
c_pellayne_adj;Pellayne;;;;;;;;;;;;;
c_pellayne_desc;Pellayne;;;;;;;;;;;;;
PROV587;Pellayne;;;;;;;;;;;;;
PROV587_adj;Pellayne;;;;;;;;;;;;;
PROV587_desc;Pellayne;;;;;;;;;;;;;
b_pellayne;Pellayne;;;;;;;;;;;;;
b_pellayne_adj;Pellayne;;;;;;;;;;;;;
b_pellayne_desc;Pellayne;;;;;;;;;;;;;
b_pellayne2;Pellayne2;;;;;;;;;;;;;
b_pellayne2_adj;Pellayne2;;;;;;;;;;;;;
b_pellayne2_desc;Pellayne2;;;;;;;;;;;;;
rosalena;Rosalena;;;;;;;;;;;;;
rosalena_adj;Rosalena;;;;;;;;;;;;;
rosalena_desc;Rosalena;;;;;;;;;;;;;
d_rosalena;Rosalena;;;;;;;;;;;;;
d_rosalena_adj;Rosalena;;;;;;;;;;;;;
d_rosalena_desc;Rosalena;;;;;;;;;;;;;
sivalene;Sivalene;;;;;;;;;;;;;
sivalene_adj;Sivalene;;;;;;;;;;;;;
sivalene_desc;Sivalene;;;;;;;;;;;;;
c_sivalene;Sivalene;;;;;;;;;;;;;
c_sivalene_adj;Sivalene;;;;;;;;;;;;;
c_sivalene_desc;Sivalene;;;;;;;;;;;;;
PROV588;Sivalene;;;;;;;;;;;;;
PROV588_adj;Sivalene;;;;;;;;;;;;;
PROV588_desc;Sivalene;;;;;;;;;;;;;
b_sivalene;Sivalene;;;;;;;;;;;;;
b_sivalene_adj;Sivalene;;;;;;;;;;;;;
b_sivalene_desc;Sivalene;;;;;;;;;;;;;
b_sivalene2;Sivalene2;;;;;;;;;;;;;
b_sivalene2_adj;Sivalene2;;;;;;;;;;;;;
b_sivalene2_desc;Sivalene2;;;;;;;;;;;;;
serratenyo;Serratenyo;;;;;;;;;;;;;
serratenyo_adj;Serratenyo;;;;;;;;;;;;;
serratenyo_desc;Serratenyo;;;;;;;;;;;;;
c_serratenyo;Serratenyo;;;;;;;;;;;;;
c_serratenyo_adj;Serratenyo;;;;;;;;;;;;;
c_serratenyo_desc;Serratenyo;;;;;;;;;;;;;
PROV589;Serratenyo;;;;;;;;;;;;;
PROV589_adj;Serratenyo;;;;;;;;;;;;;
PROV589_desc;Serratenyo;;;;;;;;;;;;;
b_serratenyo;Serratenyo;;;;;;;;;;;;;
b_serratenyo_adj;Serratenyo;;;;;;;;;;;;;
b_serratenyo_desc;Serratenyo;;;;;;;;;;;;;
b_serratenyo2;Serratenyo2;;;;;;;;;;;;;
b_serratenyo2_adj;Serratenyo2;;;;;;;;;;;;;
b_serratenyo2_desc;Serratenyo2;;;;;;;;;;;;;
servalene;Servalene;;;;;;;;;;;;;
servalene_adj;Servalene;;;;;;;;;;;;;
servalene_desc;Servalene;;;;;;;;;;;;;
c_servalene;Servalene;;;;;;;;;;;;;
c_servalene_adj;Servalene;;;;;;;;;;;;;
c_servalene_desc;Servalene;;;;;;;;;;;;;
PROV590;Servalene;;;;;;;;;;;;;
PROV590_adj;Servalene;;;;;;;;;;;;;
PROV590_desc;Servalene;;;;;;;;;;;;;
b_servalene;Servalene;;;;;;;;;;;;;
b_servalene_adj;Servalene;;;;;;;;;;;;;
b_servalene_desc;Servalene;;;;;;;;;;;;;
b_servalene2;Servalene2;;;;;;;;;;;;;
b_servalene2_adj;Servalene2;;;;;;;;;;;;;
b_servalene2_desc;Servalene2;;;;;;;;;;;;;
vellorene;Vellorene;;;;;;;;;;;;;
vellorene_adj;Vellorene;;;;;;;;;;;;;
vellorene_desc;Vellorene;;;;;;;;;;;;;
c_vellorene;Vellorene;;;;;;;;;;;;;
c_vellorene_adj;Vellorene;;;;;;;;;;;;;
c_vellorene_desc;Vellorene;;;;;;;;;;;;;
PROV591;Vellorene;;;;;;;;;;;;;
PROV591_adj;Vellorene;;;;;;;;;;;;;
PROV591_desc;Vellorene;;;;;;;;;;;;;
b_vellorene;Vellorene;;;;;;;;;;;;;
b_vellorene_adj;Vellorene;;;;;;;;;;;;;
b_vellorene_desc;Vellorene;;;;;;;;;;;;;
b_vellorene2;Vellorene2;;;;;;;;;;;;;
b_vellorene2_adj;Vellorene2;;;;;;;;;;;;;
b_vellorene2_desc;Vellorene2;;;;;;;;;;;;;
selmarisse;Selmarisse;;;;;;;;;;;;;
selmarisse_adj;Selmarisse;;;;;;;;;;;;;
selmarisse_desc;Selmarisse;;;;;;;;;;;;;
d_selmarisse;Selmarisse;;;;;;;;;;;;;
d_selmarisse_adj;Selmarisse;;;;;;;;;;;;;
d_selmarisse_desc;Selmarisse;;;;;;;;;;;;;
narissene;Narissene;;;;;;;;;;;;;
narissene_adj;Narissene;;;;;;;;;;;;;
narissene_desc;Narissene;;;;;;;;;;;;;
c_narissene;Narissene;;;;;;;;;;;;;
c_narissene_adj;Narissene;;;;;;;;;;;;;
c_narissene_desc;Narissene;;;;;;;;;;;;;
PROV592;Narissene;;;;;;;;;;;;;
PROV592_adj;Narissene;;;;;;;;;;;;;
PROV592_desc;Narissene;;;;;;;;;;;;;
b_narissene;Narissene;;;;;;;;;;;;;
b_narissene_adj;Narissene;;;;;;;;;;;;;
b_narissene_desc;Narissene;;;;;;;;;;;;;
b_narissene2;Narissene2;;;;;;;;;;;;;
b_narissene2_adj;Narissene2;;;;;;;;;;;;;
b_narissene2_desc;Narissene2;;;;;;;;;;;;;
montessene;Montessene;;;;;;;;;;;;;
montessene_adj;Montessene;;;;;;;;;;;;;
montessene_desc;Montessene;;;;;;;;;;;;;
c_montessene;Montessene;;;;;;;;;;;;;
c_montessene_adj;Montessene;;;;;;;;;;;;;
c_montessene_desc;Montessene;;;;;;;;;;;;;
PROV593;Montessene;;;;;;;;;;;;;
PROV593_adj;Montessene;;;;;;;;;;;;;
PROV593_desc;Montessene;;;;;;;;;;;;;
b_montessene;Montessene;;;;;;;;;;;;;
b_montessene_adj;Montessene;;;;;;;;;;;;;
b_montessene_desc;Montessene;;;;;;;;;;;;;
b_montessene2;Montessene2;;;;;;;;;;;;;
b_montessene2_adj;Montessene2;;;;;;;;;;;;;
b_montessene2_desc;Montessene2;;;;;;;;;;;;;
ventenaye;Ventenaye;;;;;;;;;;;;;
ventenaye_adj;Ventenaye;;;;;;;;;;;;;
ventenaye_desc;Ventenaye;;;;;;;;;;;;;
d_ventenaye;Ventenaye;;;;;;;;;;;;;
d_ventenaye_adj;Ventenaye;;;;;;;;;;;;;
d_ventenaye_desc;Ventenaye;;;;;;;;;;;;;
tarvelleno;Tarvelleno;;;;;;;;;;;;;
tarvelleno_adj;Tarvelleno;;;;;;;;;;;;;
tarvelleno_desc;Tarvelleno;;;;;;;;;;;;;
c_tarvelleno;Tarvelleno;;;;;;;;;;;;;
c_tarvelleno_adj;Tarvelleno;;;;;;;;;;;;;
c_tarvelleno_desc;Tarvelleno;;;;;;;;;;;;;
PROV594;Tarvelleno;;;;;;;;;;;;;
PROV594_adj;Tarvelleno;;;;;;;;;;;;;
PROV594_desc;Tarvelleno;;;;;;;;;;;;;
b_tarvelleno;Tarvelleno;;;;;;;;;;;;;
b_tarvelleno_adj;Tarvelleno;;;;;;;;;;;;;
b_tarvelleno_desc;Tarvelleno;;;;;;;;;;;;;
b_tarvelleno2;Tarvelleno2;;;;;;;;;;;;;
b_tarvelleno2_adj;Tarvelleno2;;;;;;;;;;;;;
b_tarvelleno2_desc;Tarvelleno2;;;;;;;;;;;;;
ressalene;Ressalene;;;;;;;;;;;;;
ressalene_adj;Ressalene;;;;;;;;;;;;;
ressalene_desc;Ressalene;;;;;;;;;;;;;
c_ressalene;Ressalene;;;;;;;;;;;;;
c_ressalene_adj;Ressalene;;;;;;;;;;;;;
c_ressalene_desc;Ressalene;;;;;;;;;;;;;
PROV595;Ressalene;;;;;;;;;;;;;
PROV595_adj;Ressalene;;;;;;;;;;;;;
PROV595_desc;Ressalene;;;;;;;;;;;;;
b_ressalene;Ressalene;;;;;;;;;;;;;
b_ressalene_adj;Ressalene;;;;;;;;;;;;;
b_ressalene_desc;Ressalene;;;;;;;;;;;;;
b_ressalene2;Ressalene2;;;;;;;;;;;;;
b_ressalene2_adj;Ressalene2;;;;;;;;;;;;;
b_ressalene2_desc;Ressalene2;;;;;;;;;;;;;
sernavelle;Sernavelle;;;;;;;;;;;;;
sernavelle_adj;Sernavelle;;;;;;;;;;;;;
sernavelle_desc;Sernavelle;;;;;;;;;;;;;
c_sernavelle;Sernavelle;;;;;;;;;;;;;
c_sernavelle_adj;Sernavelle;;;;;;;;;;;;;
c_sernavelle_desc;Sernavelle;;;;;;;;;;;;;
PROV596;Sernavelle;;;;;;;;;;;;;
PROV596_adj;Sernavelle;;;;;;;;;;;;;
PROV596_desc;Sernavelle;;;;;;;;;;;;;
b_sernavelle;Sernavelle;;;;;;;;;;;;;
b_sernavelle_adj;Sernavelle;;;;;;;;;;;;;
b_sernavelle_desc;Sernavelle;;;;;;;;;;;;;
b_sernavelle2;Sernavelle2;;;;;;;;;;;;;
b_sernavelle2_adj;Sernavelle2;;;;;;;;;;;;;
b_sernavelle2_desc;Sernavelle2;;;;;;;;;;;;;
carvelleno;Carvelleno;;;;;;;;;;;;;
carvelleno_adj;Carvelleno;;;;;;;;;;;;;
carvelleno_desc;Carvelleno;;;;;;;;;;;;;
c_carvelleno;Carvelleno;;;;;;;;;;;;;
c_carvelleno_adj;Carvelleno;;;;;;;;;;;;;
c_carvelleno_desc;Carvelleno;;;;;;;;;;;;;
PROV597;Carvelleno;;;;;;;;;;;;;
PROV597_adj;Carvelleno;;;;;;;;;;;;;
PROV597_desc;Carvelleno;;;;;;;;;;;;;
b_carvelleno;Carvelleno;;;;;;;;;;;;;
b_carvelleno_adj;Carvelleno;;;;;;;;;;;;;
b_carvelleno_desc;Carvelleno;;;;;;;;;;;;;
b_carvelleno2;Carvelleno2;;;;;;;;;;;;;
b_carvelleno2_adj;Carvelleno2;;;;;;;;;;;;;
b_carvelleno2_desc;Carvelleno2;;;;;;;;;;;;;
nordskag;Nordskag;;;;;;;;;;;;;
nordskag_adj;Nordskag;;;;;;;;;;;;;
nordskag_desc;Nordskag;;;;;;;;;;;;;
e_drixagh;Drixagh;;;;;;;;;;;;;
e_drixagh_adj;Drixagher;;;;;;;;;;;;;
e_drixagh_desc;Drixagh;;;;;;;;;;;;;
agerik;Agerik;;;;;;;;;;;;;
agerik_adj;Agerik;;;;;;;;;;;;;
agerik_desc;Agerik;;;;;;;;;;;;;
k_agerik;Agerik;;;;;;;;;;;;;
k_agerik_adj;Agerik;;;;;;;;;;;;;
k_agerik_desc;Agerik;;;;;;;;;;;;;
billund;Billund;;;;;;;;;;;;;
billund_adj;Billund;;;;;;;;;;;;;
billund_desc;Billund;;;;;;;;;;;;;
d_billund;Billund;;;;;;;;;;;;;
d_billund_adj;Billund;;;;;;;;;;;;;
d_billund_desc;Billund;;;;;;;;;;;;;
solavik;Solavik;;;;;;;;;;;;;
solavik_adj;Solavik;;;;;;;;;;;;;
solavik_desc;Solavik;;;;;;;;;;;;;
c_solavik;Solavik;;;;;;;;;;;;;
c_solavik_adj;Solavik;;;;;;;;;;;;;
c_solavik_desc;Solavik;;;;;;;;;;;;;
PROV598;Solavik;;;;;;;;;;;;;
PROV598_adj;Solavik;;;;;;;;;;;;;
PROV598_desc;Solavik;;;;;;;;;;;;;
b_solavik;Solavik;;;;;;;;;;;;;
b_solavik_adj;Solavik;;;;;;;;;;;;;
b_solavik_desc;Solavik;;;;;;;;;;;;;
b_solavik2;Solavik2;;;;;;;;;;;;;
b_solavik2_adj;Solavik2;;;;;;;;;;;;;
b_solavik2_desc;Solavik2;;;;;;;;;;;;;
strandvik;Strandvik;;;;;;;;;;;;;
strandvik_adj;Strandvik;;;;;;;;;;;;;
strandvik_desc;Strandvik;;;;;;;;;;;;;
c_strandvik;Strandvik;;;;;;;;;;;;;
c_strandvik_adj;Strandvik;;;;;;;;;;;;;
c_strandvik_desc;Strandvik;;;;;;;;;;;;;
PROV599;Strandvik;;;;;;;;;;;;;
PROV599_adj;Strandvik;;;;;;;;;;;;;
PROV599_desc;Strandvik;;;;;;;;;;;;;
b_strandvik;Strandvik;;;;;;;;;;;;;
b_strandvik_adj;Strandvik;;;;;;;;;;;;;
b_strandvik_desc;Strandvik;;;;;;;;;;;;;
b_strandvik2;Strandvik2;;;;;;;;;;;;;
b_strandvik2_adj;Strandvik2;;;;;;;;;;;;;
b_strandvik2_desc;Strandvik2;;;;;;;;;;;;;
rilvik;Rilvik;;;;;;;;;;;;;
rilvik_adj;Rilvik;;;;;;;;;;;;;
rilvik_desc;Rilvik;;;;;;;;;;;;;
c_rilvik;Rilvik;;;;;;;;;;;;;
c_rilvik_adj;Rilvik;;;;;;;;;;;;;
c_rilvik_desc;Rilvik;;;;;;;;;;;;;
PROV600;Rilvik;;;;;;;;;;;;;
PROV600_adj;Rilvik;;;;;;;;;;;;;
PROV600_desc;Rilvik;;;;;;;;;;;;;
b_rilvik;Rilvik;;;;;;;;;;;;;
b_rilvik_adj;Rilvik;;;;;;;;;;;;;
b_rilvik_desc;Rilvik;;;;;;;;;;;;;
b_rilvik2;Rilvik2;;;;;;;;;;;;;
b_rilvik2_adj;Rilvik2;;;;;;;;;;;;;
b_rilvik2_desc;Rilvik2;;;;;;;;;;;;;
irvandvik;Irvandvik;;;;;;;;;;;;;
irvandvik_adj;Irvandvik;;;;;;;;;;;;;
irvandvik_desc;Irvandvik;;;;;;;;;;;;;
c_irvandvik;Irvandvik;;;;;;;;;;;;;
c_irvandvik_adj;Irvandvik;;;;;;;;;;;;;
c_irvandvik_desc;Irvandvik;;;;;;;;;;;;;
PROV601;Irvandvik;;;;;;;;;;;;;
PROV601_adj;Irvandvik;;;;;;;;;;;;;
PROV601_desc;Irvandvik;;;;;;;;;;;;;
b_irvandvik;Irvandvik;;;;;;;;;;;;;
b_irvandvik_adj;Irvandvik;;;;;;;;;;;;;
b_irvandvik_desc;Irvandvik;;;;;;;;;;;;;
b_irvandvik2;Irvandvik2;;;;;;;;;;;;;
b_irvandvik2_adj;Irvandvik2;;;;;;;;;;;;;
b_irvandvik2_desc;Irvandvik2;;;;;;;;;;;;;
c_billund;Billund;;;;;;;;;;;;;
c_billund_adj;Billund;;;;;;;;;;;;;
c_billund_desc;Billund;;;;;;;;;;;;;
PROV602;Billund;;;;;;;;;;;;;
PROV602_adj;Billund;;;;;;;;;;;;;
PROV602_desc;Billund;;;;;;;;;;;;;
b_billund;Billund;;;;;;;;;;;;;
b_billund_adj;Billund;;;;;;;;;;;;;
b_billund_desc;Billund;;;;;;;;;;;;;
b_billund2;Billund2;;;;;;;;;;;;;
b_billund2_adj;Billund2;;;;;;;;;;;;;
b_billund2_desc;Billund2;;;;;;;;;;;;;
ostervainvik;Ostervainvik;;;;;;;;;;;;;
ostervainvik_adj;Ostervainvik;;;;;;;;;;;;;
ostervainvik_desc;Ostervainvik;;;;;;;;;;;;;
c_ostervainvik;Ostervainvik;;;;;;;;;;;;;
c_ostervainvik_adj;Ostervainvik;;;;;;;;;;;;;
c_ostervainvik_desc;Ostervainvik;;;;;;;;;;;;;
PROV603;Ostervainvik;;;;;;;;;;;;;
PROV603_adj;Ostervainvik;;;;;;;;;;;;;
PROV603_desc;Ostervainvik;;;;;;;;;;;;;
b_ostervainvik;Ostervainvik;;;;;;;;;;;;;
b_ostervainvik_adj;Ostervainvik;;;;;;;;;;;;;
b_ostervainvik_desc;Ostervainvik;;;;;;;;;;;;;
b_ostervainvik2;Ostervainvik2;;;;;;;;;;;;;
b_ostervainvik2_adj;Ostervainvik2;;;;;;;;;;;;;
b_ostervainvik2_desc;Ostervainvik2;;;;;;;;;;;;;
mannerdrepland;Mannerdrepland;;;;;;;;;;;;;
mannerdrepland_adj;Mannerdrepland;;;;;;;;;;;;;
mannerdrepland_desc;Mannerdrepland;;;;;;;;;;;;;
d_mannerdrepland;Mannerdrepland;;;;;;;;;;;;;
d_mannerdrepland_adj;Mannerdrepland;;;;;;;;;;;;;
d_mannerdrepland_desc;Mannerdrepland;;;;;;;;;;;;;
alevik;Alevik;;;;;;;;;;;;;
alevik_adj;Alevik;;;;;;;;;;;;;
alevik_desc;Alevik;;;;;;;;;;;;;
c_alevik;Alevik;;;;;;;;;;;;;
c_alevik_adj;Alevik;;;;;;;;;;;;;
c_alevik_desc;Alevik;;;;;;;;;;;;;
PROV604;Alevik;;;;;;;;;;;;;
PROV604_adj;Alevik;;;;;;;;;;;;;
PROV604_desc;Alevik;;;;;;;;;;;;;
b_alevik;Alevik;;;;;;;;;;;;;
b_alevik_adj;Alevik;;;;;;;;;;;;;
b_alevik_desc;Alevik;;;;;;;;;;;;;
b_alevik2;Alevik2;;;;;;;;;;;;;
b_alevik2_adj;Alevik2;;;;;;;;;;;;;
b_alevik2_desc;Alevik2;;;;;;;;;;;;;
frederik;Frederik;;;;;;;;;;;;;
frederik_adj;Frederik;;;;;;;;;;;;;
frederik_desc;Frederik;;;;;;;;;;;;;
c_frederik;Frederik;;;;;;;;;;;;;
c_frederik_adj;Frederik;;;;;;;;;;;;;
c_frederik_desc;Frederik;;;;;;;;;;;;;
PROV605;Frederik;;;;;;;;;;;;;
PROV605_adj;Frederik;;;;;;;;;;;;;
PROV605_desc;Frederik;;;;;;;;;;;;;
b_frederik;Frederik;;;;;;;;;;;;;
b_frederik_adj;Frederik;;;;;;;;;;;;;
b_frederik_desc;Frederik;;;;;;;;;;;;;
b_frederik2;Frederik2;;;;;;;;;;;;;
b_frederik2_adj;Frederik2;;;;;;;;;;;;;
b_frederik2_desc;Frederik2;;;;;;;;;;;;;
mannelund;Mannelund;;;;;;;;;;;;;
mannelund_adj;Mannelund;;;;;;;;;;;;;
mannelund_desc;Mannelund;;;;;;;;;;;;;
c_mannelund;Mannelund;;;;;;;;;;;;;
c_mannelund_adj;Mannelund;;;;;;;;;;;;;
c_mannelund_desc;Mannelund;;;;;;;;;;;;;
PROV606;Mannelund;;;;;;;;;;;;;
PROV606_adj;Mannelund;;;;;;;;;;;;;
PROV606_desc;Mannelund;;;;;;;;;;;;;
b_mannelund;Mannelund;;;;;;;;;;;;;
b_mannelund_adj;Mannelund;;;;;;;;;;;;;
b_mannelund_desc;Mannelund;;;;;;;;;;;;;
b_mannelund2;Mannelund2;;;;;;;;;;;;;
b_mannelund2_adj;Mannelund2;;;;;;;;;;;;;
b_mannelund2_desc;Mannelund2;;;;;;;;;;;;;
kongmordland;Kongmordland;;;;;;;;;;;;;
kongmordland_adj;Kongmordland;;;;;;;;;;;;;
kongmordland_desc;Kongmordland;;;;;;;;;;;;;
c_kongmordland;Kongmordland;;;;;;;;;;;;;
c_kongmordland_adj;Kongmordland;;;;;;;;;;;;;
c_kongmordland_desc;Kongmordland;;;;;;;;;;;;;
PROV607;Kongmordland;;;;;;;;;;;;;
PROV607_adj;Kongmordland;;;;;;;;;;;;;
PROV607_desc;Kongmordland;;;;;;;;;;;;;
b_kongmordland;Kongmordland;;;;;;;;;;;;;
b_kongmordland_adj;Kongmordland;;;;;;;;;;;;;
b_kongmordland_desc;Kongmordland;;;;;;;;;;;;;
b_kongmordland2;Kongmordland2;;;;;;;;;;;;;
b_kongmordland2_adj;Kongmordland2;;;;;;;;;;;;;
b_kongmordland2_desc;Kongmordland2;;;;;;;;;;;;;
medelpad;Medelpad;;;;;;;;;;;;;
medelpad_adj;Medelpad;;;;;;;;;;;;;
medelpad_desc;Medelpad;;;;;;;;;;;;;
d_medelpad;Medelpad;;;;;;;;;;;;;
d_medelpad_adj;Medelpad;;;;;;;;;;;;;
d_medelpad_desc;Medelpad;;;;;;;;;;;;;
savorvik;Savorvik;;;;;;;;;;;;;
savorvik_adj;Savorvik;;;;;;;;;;;;;
savorvik_desc;Savorvik;;;;;;;;;;;;;
c_savorvik;Savorvik;;;;;;;;;;;;;
c_savorvik_adj;Savorvik;;;;;;;;;;;;;
c_savorvik_desc;Savorvik;;;;;;;;;;;;;
PROV608;Savorvik;;;;;;;;;;;;;
PROV608_adj;Savorvik;;;;;;;;;;;;;
PROV608_desc;Savorvik;;;;;;;;;;;;;
b_savorvik;Savorvik;;;;;;;;;;;;;
b_savorvik_adj;Savorvik;;;;;;;;;;;;;
b_savorvik_desc;Savorvik;;;;;;;;;;;;;
b_savorvik2;Savorvik2;;;;;;;;;;;;;
b_savorvik2_adj;Savorvik2;;;;;;;;;;;;;
b_savorvik2_desc;Savorvik2;;;;;;;;;;;;;
kjerulf;Kjerulf;;;;;;;;;;;;;
kjerulf_adj;Kjerulf;;;;;;;;;;;;;
kjerulf_desc;Kjerulf;;;;;;;;;;;;;
c_kjerulf;Kjerulf;;;;;;;;;;;;;
c_kjerulf_adj;Kjerulf;;;;;;;;;;;;;
c_kjerulf_desc;Kjerulf;;;;;;;;;;;;;
PROV609;Kjerulf;;;;;;;;;;;;;
PROV609_adj;Kjerulf;;;;;;;;;;;;;
PROV609_desc;Kjerulf;;;;;;;;;;;;;
b_kjerulf;Kjerulf;;;;;;;;;;;;;
b_kjerulf_adj;Kjerulf;;;;;;;;;;;;;
b_kjerulf_desc;Kjerulf;;;;;;;;;;;;;
b_kjerulf2;Kjerulf2;;;;;;;;;;;;;
b_kjerulf2_adj;Kjerulf2;;;;;;;;;;;;;
b_kjerulf2_desc;Kjerulf2;;;;;;;;;;;;;
c_medelpad;Medelpad;;;;;;;;;;;;;
c_medelpad_adj;Medelpad;;;;;;;;;;;;;
c_medelpad_desc;Medelpad;;;;;;;;;;;;;
PROV610;Medelpad;;;;;;;;;;;;;
PROV610_adj;Medelpad;;;;;;;;;;;;;
PROV610_desc;Medelpad;;;;;;;;;;;;;
b_medelpad;Medelpad;;;;;;;;;;;;;
b_medelpad_adj;Medelpad;;;;;;;;;;;;;
b_medelpad_desc;Medelpad;;;;;;;;;;;;;
b_medelpad2;Medelpad2;;;;;;;;;;;;;
b_medelpad2_adj;Medelpad2;;;;;;;;;;;;;
b_medelpad2_desc;Medelpad2;;;;;;;;;;;;;
stralsund;Stralsund;;;;;;;;;;;;;
stralsund_adj;Stralsund;;;;;;;;;;;;;
stralsund_desc;Stralsund;;;;;;;;;;;;;
c_stralsund;Stralsund;;;;;;;;;;;;;
c_stralsund_adj;Stralsund;;;;;;;;;;;;;
c_stralsund_desc;Stralsund;;;;;;;;;;;;;
PROV611;Stralsund;;;;;;;;;;;;;
PROV611_adj;Stralsund;;;;;;;;;;;;;
PROV611_desc;Stralsund;;;;;;;;;;;;;
b_stralsund;Stralsund;;;;;;;;;;;;;
b_stralsund_adj;Stralsund;;;;;;;;;;;;;
b_stralsund_desc;Stralsund;;;;;;;;;;;;;
b_stralsund2;Stralsund2;;;;;;;;;;;;;
b_stralsund2_adj;Stralsund2;;;;;;;;;;;;;
b_stralsund2_desc;Stralsund2;;;;;;;;;;;;;
uppland;Uppland;;;;;;;;;;;;;
uppland_adj;Uppland;;;;;;;;;;;;;
uppland_desc;Uppland;;;;;;;;;;;;;
c_uppland;Uppland;;;;;;;;;;;;;
c_uppland_adj;Uppland;;;;;;;;;;;;;
c_uppland_desc;Uppland;;;;;;;;;;;;;
PROV612;Uppland;;;;;;;;;;;;;
PROV612_adj;Uppland;;;;;;;;;;;;;
PROV612_desc;Uppland;;;;;;;;;;;;;
b_uppland;Uppland;;;;;;;;;;;;;
b_uppland_adj;Uppland;;;;;;;;;;;;;
b_uppland_desc;Uppland;;;;;;;;;;;;;
b_uppland2;Uppland2;;;;;;;;;;;;;
b_uppland2_adj;Uppland2;;;;;;;;;;;;;
b_uppland2_desc;Uppland2;;;;;;;;;;;;;
bergeland;Bergeland;;;;;;;;;;;;;
bergeland_adj;Bergeland;;;;;;;;;;;;;
bergeland_desc;Bergeland;;;;;;;;;;;;;
k_bergeland;Bergeland;;;;;;;;;;;;;
k_bergeland_adj;Bergeland;;;;;;;;;;;;;
k_bergeland_desc;Bergeland;;;;;;;;;;;;;
bergenhav;Bergenhav;;;;;;;;;;;;;
bergenhav_adj;Bergenhav;;;;;;;;;;;;;
bergenhav_desc;Bergenhav;;;;;;;;;;;;;
d_bergenhav;Bergenhav;;;;;;;;;;;;;
d_bergenhav_adj;Bergenhav;;;;;;;;;;;;;
d_bergenhav_desc;Bergenhav;;;;;;;;;;;;;
langeland;Langeland;;;;;;;;;;;;;
langeland_adj;Langeland;;;;;;;;;;;;;
langeland_desc;Langeland;;;;;;;;;;;;;
c_langeland;Langeland;;;;;;;;;;;;;
c_langeland_adj;Langeland;;;;;;;;;;;;;
c_langeland_desc;Langeland;;;;;;;;;;;;;
PROV613;Langeland;;;;;;;;;;;;;
PROV613_adj;Langeland;;;;;;;;;;;;;
PROV613_desc;Langeland;;;;;;;;;;;;;
b_langeland;Langeland;;;;;;;;;;;;;
b_langeland_adj;Langeland;;;;;;;;;;;;;
b_langeland_desc;Langeland;;;;;;;;;;;;;
b_langeland2;Langeland2;;;;;;;;;;;;;
b_langeland2_adj;Langeland2;;;;;;;;;;;;;
b_langeland2_desc;Langeland2;;;;;;;;;;;;;
c_bergenhav;Bergenhav;;;;;;;;;;;;;
c_bergenhav_adj;Bergenhav;;;;;;;;;;;;;
c_bergenhav_desc;Bergenhav;;;;;;;;;;;;;
PROV614;Bergenhav;;;;;;;;;;;;;
PROV614_adj;Bergenhav;;;;;;;;;;;;;
PROV614_desc;Bergenhav;;;;;;;;;;;;;
b_bergenhav;Bergenhav;;;;;;;;;;;;;
b_bergenhav_adj;Bergenhav;;;;;;;;;;;;;
b_bergenhav_desc;Bergenhav;;;;;;;;;;;;;
b_bergenhav2;Bergenhav2;;;;;;;;;;;;;
b_bergenhav2_adj;Bergenhav2;;;;;;;;;;;;;
b_bergenhav2_desc;Bergenhav2;;;;;;;;;;;;;
vidvagfjord;Vidvagfjord;;;;;;;;;;;;;
vidvagfjord_adj;Vidvagfjord;;;;;;;;;;;;;
vidvagfjord_desc;Vidvagfjord;;;;;;;;;;;;;
c_vidvagfjord;Vidvagfjord;;;;;;;;;;;;;
c_vidvagfjord_adj;Vidvagfjord;;;;;;;;;;;;;
c_vidvagfjord_desc;Vidvagfjord;;;;;;;;;;;;;
PROV615;Vidvagfjord;;;;;;;;;;;;;
PROV615_adj;Vidvagfjord;;;;;;;;;;;;;
PROV615_desc;Vidvagfjord;;;;;;;;;;;;;
b_vidvagfjord;Vidvagfjord;;;;;;;;;;;;;
b_vidvagfjord_adj;Vidvagfjord;;;;;;;;;;;;;
b_vidvagfjord_desc;Vidvagfjord;;;;;;;;;;;;;
b_vidvagfjord2;Vidvagfjord2;;;;;;;;;;;;;
b_vidvagfjord2_adj;Vidvagfjord2;;;;;;;;;;;;;
b_vidvagfjord2_desc;Vidvagfjord2;;;;;;;;;;;;;
talvikvass;Talvikvass;;;;;;;;;;;;;
talvikvass_adj;Talvikvass;;;;;;;;;;;;;
talvikvass_desc;Talvikvass;;;;;;;;;;;;;
c_talvikvass;Talvikvass;;;;;;;;;;;;;
c_talvikvass_adj;Talvikvass;;;;;;;;;;;;;
c_talvikvass_desc;Talvikvass;;;;;;;;;;;;;
PROV616;Talvikvass;;;;;;;;;;;;;
PROV616_adj;Talvikvass;;;;;;;;;;;;;
PROV616_desc;Talvikvass;;;;;;;;;;;;;
b_talvikvass;Talvikvass;;;;;;;;;;;;;
b_talvikvass_adj;Talvikvass;;;;;;;;;;;;;
b_talvikvass_desc;Talvikvass;;;;;;;;;;;;;
b_talvikvass2;Talvikvass2;;;;;;;;;;;;;
b_talvikvass2_adj;Talvikvass2;;;;;;;;;;;;;
b_talvikvass2_desc;Talvikvass2;;;;;;;;;;;;;
lundenes;Lundenes;;;;;;;;;;;;;
lundenes_adj;Lundenes;;;;;;;;;;;;;
lundenes_desc;Lundenes;;;;;;;;;;;;;
d_lundenes;Lundenes;;;;;;;;;;;;;
d_lundenes_adj;Lundenes;;;;;;;;;;;;;
d_lundenes_desc;Lundenes;;;;;;;;;;;;;
sterkberg;Sterkberg;;;;;;;;;;;;;
sterkberg_adj;Sterkberg;;;;;;;;;;;;;
sterkberg_desc;Sterkberg;;;;;;;;;;;;;
c_sterkberg;Sterkberg;;;;;;;;;;;;;
c_sterkberg_adj;Sterkberg;;;;;;;;;;;;;
c_sterkberg_desc;Sterkberg;;;;;;;;;;;;;
PROV617;Sterkberg;;;;;;;;;;;;;
PROV617_adj;Sterkberg;;;;;;;;;;;;;
PROV617_desc;Sterkberg;;;;;;;;;;;;;
b_sterkberg;Sterkberg;;;;;;;;;;;;;
b_sterkberg_adj;Sterkberg;;;;;;;;;;;;;
b_sterkberg_desc;Sterkberg;;;;;;;;;;;;;
b_sterkberg2;Sterkberg2;;;;;;;;;;;;;
b_sterkberg2_adj;Sterkberg2;;;;;;;;;;;;;
b_sterkberg2_desc;Sterkberg2;;;;;;;;;;;;;
c_lundenes;Lundenes;;;;;;;;;;;;;
c_lundenes_adj;Lundenes;;;;;;;;;;;;;
c_lundenes_desc;Lundenes;;;;;;;;;;;;;
PROV618;Lundenes;;;;;;;;;;;;;
PROV618_adj;Lundenes;;;;;;;;;;;;;
PROV618_desc;Lundenes;;;;;;;;;;;;;
b_lundenes;Lundenes;;;;;;;;;;;;;
b_lundenes_adj;Lundenes;;;;;;;;;;;;;
b_lundenes_desc;Lundenes;;;;;;;;;;;;;
b_lundenes2;Lundenes2;;;;;;;;;;;;;
b_lundenes2_adj;Lundenes2;;;;;;;;;;;;;
b_lundenes2_desc;Lundenes2;;;;;;;;;;;;;
svensberg;Svensberg;;;;;;;;;;;;;
svensberg_adj;Svensberg;;;;;;;;;;;;;
svensberg_desc;Svensberg;;;;;;;;;;;;;
c_svensberg;Svensberg;;;;;;;;;;;;;
c_svensberg_adj;Svensberg;;;;;;;;;;;;;
c_svensberg_desc;Svensberg;;;;;;;;;;;;;
PROV619;Svensberg;;;;;;;;;;;;;
PROV619_adj;Svensberg;;;;;;;;;;;;;
PROV619_desc;Svensberg;;;;;;;;;;;;;
b_svensberg;Svensberg;;;;;;;;;;;;;
b_svensberg_adj;Svensberg;;;;;;;;;;;;;
b_svensberg_desc;Svensberg;;;;;;;;;;;;;
b_svensberg2;Svensberg2;;;;;;;;;;;;;
b_svensberg2_adj;Svensberg2;;;;;;;;;;;;;
b_svensberg2_desc;Svensberg2;;;;;;;;;;;;;
hylgeberg;Hylgeberg;;;;;;;;;;;;;
hylgeberg_adj;Hylgeberg;;;;;;;;;;;;;
hylgeberg_desc;Hylgeberg;;;;;;;;;;;;;
c_hylgeberg;Hylgeberg;;;;;;;;;;;;;
c_hylgeberg_adj;Hylgeberg;;;;;;;;;;;;;
c_hylgeberg_desc;Hylgeberg;;;;;;;;;;;;;
PROV620;Hylgeberg;;;;;;;;;;;;;
PROV620_adj;Hylgeberg;;;;;;;;;;;;;
PROV620_desc;Hylgeberg;;;;;;;;;;;;;
b_hylgeberg;Hylgeberg;;;;;;;;;;;;;
b_hylgeberg_adj;Hylgeberg;;;;;;;;;;;;;
b_hylgeberg_desc;Hylgeberg;;;;;;;;;;;;;
b_hylgeberg2;Hylgeberg2;;;;;;;;;;;;;
b_hylgeberg2_adj;Hylgeberg2;;;;;;;;;;;;;
b_hylgeberg2_desc;Hylgeberg2;;;;;;;;;;;;;
rodsand;Rodsand;;;;;;;;;;;;;
rodsand_adj;Rodsand;;;;;;;;;;;;;
rodsand_desc;Rodsand;;;;;;;;;;;;;
d_rodsand;Rodsand;;;;;;;;;;;;;
d_rodsand_adj;Rodsand;;;;;;;;;;;;;
d_rodsand_desc;Rodsand;;;;;;;;;;;;;
kvenbotn;Kvenbotn;;;;;;;;;;;;;
kvenbotn_adj;Kvenbotn;;;;;;;;;;;;;
kvenbotn_desc;Kvenbotn;;;;;;;;;;;;;
c_kvenbotn;Kvenbotn;;;;;;;;;;;;;
c_kvenbotn_adj;Kvenbotn;;;;;;;;;;;;;
c_kvenbotn_desc;Kvenbotn;;;;;;;;;;;;;
PROV621;Kvenbotn;;;;;;;;;;;;;
PROV621_adj;Kvenbotn;;;;;;;;;;;;;
PROV621_desc;Kvenbotn;;;;;;;;;;;;;
b_kvenbotn;Kvenbotn;;;;;;;;;;;;;
b_kvenbotn_adj;Kvenbotn;;;;;;;;;;;;;
b_kvenbotn_desc;Kvenbotn;;;;;;;;;;;;;
b_kvenbotn2;Kvenbotn2;;;;;;;;;;;;;
b_kvenbotn2_adj;Kvenbotn2;;;;;;;;;;;;;
b_kvenbotn2_desc;Kvenbotn2;;;;;;;;;;;;;
ornvalberg;Ornvalberg;;;;;;;;;;;;;
ornvalberg_adj;Ornvalberg;;;;;;;;;;;;;
ornvalberg_desc;Ornvalberg;;;;;;;;;;;;;
c_ornvalberg;Ornvalberg;;;;;;;;;;;;;
c_ornvalberg_adj;Ornvalberg;;;;;;;;;;;;;
c_ornvalberg_desc;Ornvalberg;;;;;;;;;;;;;
PROV622;Ornvalberg;;;;;;;;;;;;;
PROV622_adj;Ornvalberg;;;;;;;;;;;;;
PROV622_desc;Ornvalberg;;;;;;;;;;;;;
b_ornvalberg;Ornvalberg;;;;;;;;;;;;;
b_ornvalberg_adj;Ornvalberg;;;;;;;;;;;;;
b_ornvalberg_desc;Ornvalberg;;;;;;;;;;;;;
b_ornvalberg2;Ornvalberg2;;;;;;;;;;;;;
b_ornvalberg2_adj;Ornvalberg2;;;;;;;;;;;;;
b_ornvalberg2_desc;Ornvalberg2;;;;;;;;;;;;;
norrland;Norrland;;;;;;;;;;;;;
norrland_adj;Norrland;;;;;;;;;;;;;
norrland_desc;Norrland;;;;;;;;;;;;;
c_norrland;Norrland;;;;;;;;;;;;;
c_norrland_adj;Norrland;;;;;;;;;;;;;
c_norrland_desc;Norrland;;;;;;;;;;;;;
PROV623;Norrland;;;;;;;;;;;;;
PROV623_adj;Norrland;;;;;;;;;;;;;
PROV623_desc;Norrland;;;;;;;;;;;;;
b_norrland;Norrland;;;;;;;;;;;;;
b_norrland_adj;Norrland;;;;;;;;;;;;;
b_norrland_desc;Norrland;;;;;;;;;;;;;
b_norrland2;Norrland2;;;;;;;;;;;;;
b_norrland2_adj;Norrland2;;;;;;;;;;;;;
b_norrland2_desc;Norrland2;;;;;;;;;;;;;
hurvaldberg;Hurvaldberg;;;;;;;;;;;;;
hurvaldberg_adj;Hurvaldberg;;;;;;;;;;;;;
hurvaldberg_desc;Hurvaldberg;;;;;;;;;;;;;
c_hurvaldberg;Hurvaldberg;;;;;;;;;;;;;
c_hurvaldberg_adj;Hurvaldberg;;;;;;;;;;;;;
c_hurvaldberg_desc;Hurvaldberg;;;;;;;;;;;;;
PROV624;Hurvaldberg;;;;;;;;;;;;;
PROV624_adj;Hurvaldberg;;;;;;;;;;;;;
PROV624_desc;Hurvaldberg;;;;;;;;;;;;;
b_hurvaldberg;Hurvaldberg;;;;;;;;;;;;;
b_hurvaldberg_adj;Hurvaldberg;;;;;;;;;;;;;
b_hurvaldberg_desc;Hurvaldberg;;;;;;;;;;;;;
b_hurvaldberg2;Hurvaldberg2;;;;;;;;;;;;;
b_hurvaldberg2_adj;Hurvaldberg2;;;;;;;;;;;;;
b_hurvaldberg2_desc;Hurvaldberg2;;;;;;;;;;;;;
sastorvik;Sastorvik;;;;;;;;;;;;;
sastorvik_adj;Sastorvik;;;;;;;;;;;;;
sastorvik_desc;Sastorvik;;;;;;;;;;;;;
c_sastorvik;Sastorvik;;;;;;;;;;;;;
c_sastorvik_adj;Sastorvik;;;;;;;;;;;;;
c_sastorvik_desc;Sastorvik;;;;;;;;;;;;;
PROV625;Sastorvik;;;;;;;;;;;;;
PROV625_adj;Sastorvik;;;;;;;;;;;;;
PROV625_desc;Sastorvik;;;;;;;;;;;;;
b_sastorvik;Sastorvik;;;;;;;;;;;;;
b_sastorvik_adj;Sastorvik;;;;;;;;;;;;;
b_sastorvik_desc;Sastorvik;;;;;;;;;;;;;
b_sastorvik2;Sastorvik2;;;;;;;;;;;;;
b_sastorvik2_adj;Sastorvik2;;;;;;;;;;;;;
b_sastorvik2_desc;Sastorvik2;;;;;;;;;;;;;
rundehaugen;Rundehaugen;;;;;;;;;;;;;
rundehaugen_adj;Rundehaugen;;;;;;;;;;;;;
rundehaugen_desc;Rundehaugen;;;;;;;;;;;;;
c_rundehaugen;Rundehaugen;;;;;;;;;;;;;
c_rundehaugen_adj;Rundehaugen;;;;;;;;;;;;;
c_rundehaugen_desc;Rundehaugen;;;;;;;;;;;;;
PROV626;Rundehaugen;;;;;;;;;;;;;
PROV626_adj;Rundehaugen;;;;;;;;;;;;;
PROV626_desc;Rundehaugen;;;;;;;;;;;;;
b_rundehaugen;Rundehaugen;;;;;;;;;;;;;
b_rundehaugen_adj;Rundehaugen;;;;;;;;;;;;;
b_rundehaugen_desc;Rundehaugen;;;;;;;;;;;;;
b_rundehaugen2;Rundehaugen2;;;;;;;;;;;;;
b_rundehaugen2_adj;Rundehaugen2;;;;;;;;;;;;;
b_rundehaugen2_desc;Rundehaugen2;;;;;;;;;;;;;
tormyr;Tormyr;;;;;;;;;;;;;
tormyr_adj;Tormyr;;;;;;;;;;;;;
tormyr_desc;Tormyr;;;;;;;;;;;;;
d_tormyr;Tormyr;;;;;;;;;;;;;
d_tormyr_adj;Tormyr;;;;;;;;;;;;;
d_tormyr_desc;Tormyr;;;;;;;;;;;;;
halsberg;Halsberg;;;;;;;;;;;;;
halsberg_adj;Halsberg;;;;;;;;;;;;;
halsberg_desc;Halsberg;;;;;;;;;;;;;
c_halsberg;Halsberg;;;;;;;;;;;;;
c_halsberg_adj;Halsberg;;;;;;;;;;;;;
c_halsberg_desc;Halsberg;;;;;;;;;;;;;
PROV627;Halsberg;;;;;;;;;;;;;
PROV627_adj;Halsberg;;;;;;;;;;;;;
PROV627_desc;Halsberg;;;;;;;;;;;;;
b_halsberg;Halsberg;;;;;;;;;;;;;
b_halsberg_adj;Halsberg;;;;;;;;;;;;;
b_halsberg_desc;Halsberg;;;;;;;;;;;;;
b_halsberg2;Halsberg2;;;;;;;;;;;;;
b_halsberg2_adj;Halsberg2;;;;;;;;;;;;;
b_halsberg2_desc;Halsberg2;;;;;;;;;;;;;
fjordeland;Fjordeland;;;;;;;;;;;;;
fjordeland_adj;Fjordeland;;;;;;;;;;;;;
fjordeland_desc;Fjordeland;;;;;;;;;;;;;
k_fjordeland;Fjordeland;;;;;;;;;;;;;
k_fjordeland_adj;Fjordeland;;;;;;;;;;;;;
k_fjordeland_desc;Fjordeland;;;;;;;;;;;;;
fylkesund;Fylkesund;;;;;;;;;;;;;
fylkesund_adj;Fylkesund;;;;;;;;;;;;;
fylkesund_desc;Fylkesund;;;;;;;;;;;;;
d_fylkesund;Fylkesund;;;;;;;;;;;;;
d_fylkesund_adj;Fylkesund;;;;;;;;;;;;;
d_fylkesund_desc;Fylkesund;;;;;;;;;;;;;
hestlund;Hestlund;;;;;;;;;;;;;
hestlund_adj;Hestlund;;;;;;;;;;;;;
hestlund_desc;Hestlund;;;;;;;;;;;;;
c_hestlund;Hestlund;;;;;;;;;;;;;
c_hestlund_adj;Hestlund;;;;;;;;;;;;;
c_hestlund_desc;Hestlund;;;;;;;;;;;;;
PROV628;Hestlund;;;;;;;;;;;;;
PROV628_adj;Hestlund;;;;;;;;;;;;;
PROV628_desc;Hestlund;;;;;;;;;;;;;
b_hestlund;Hestlund;;;;;;;;;;;;;
b_hestlund_adj;Hestlund;;;;;;;;;;;;;
b_hestlund_desc;Hestlund;;;;;;;;;;;;;
b_hestlund2;Hestlund2;;;;;;;;;;;;;
b_hestlund2_adj;Hestlund2;;;;;;;;;;;;;
b_hestlund2_desc;Hestlund2;;;;;;;;;;;;;
tollstiberg;Tollstiberg;;;;;;;;;;;;;
tollstiberg_adj;Tollstiberg;;;;;;;;;;;;;
tollstiberg_desc;Tollstiberg;;;;;;;;;;;;;
c_tollstiberg;Tollstiberg;;;;;;;;;;;;;
c_tollstiberg_adj;Tollstiberg;;;;;;;;;;;;;
c_tollstiberg_desc;Tollstiberg;;;;;;;;;;;;;
PROV629;Tollstiberg;;;;;;;;;;;;;
PROV629_adj;Tollstiberg;;;;;;;;;;;;;
PROV629_desc;Tollstiberg;;;;;;;;;;;;;
b_tollstiberg;Tollstiberg;;;;;;;;;;;;;
b_tollstiberg_adj;Tollstiberg;;;;;;;;;;;;;
b_tollstiberg_desc;Tollstiberg;;;;;;;;;;;;;
b_tollstiberg2;Tollstiberg2;;;;;;;;;;;;;
b_tollstiberg2_adj;Tollstiberg2;;;;;;;;;;;;;
b_tollstiberg2_desc;Tollstiberg2;;;;;;;;;;;;;
c_fylkesund;Fylkesund;;;;;;;;;;;;;
c_fylkesund_adj;Fylkesund;;;;;;;;;;;;;
c_fylkesund_desc;Fylkesund;;;;;;;;;;;;;
PROV630;Fylkesund;;;;;;;;;;;;;
PROV630_adj;Fylkesund;;;;;;;;;;;;;
PROV630_desc;Fylkesund;;;;;;;;;;;;;
b_fylkesund;Fylkesund;;;;;;;;;;;;;
b_fylkesund_adj;Fylkesund;;;;;;;;;;;;;
b_fylkesund_desc;Fylkesund;;;;;;;;;;;;;
b_fylkesund2;Fylkesund2;;;;;;;;;;;;;
b_fylkesund2_adj;Fylkesund2;;;;;;;;;;;;;
b_fylkesund2_desc;Fylkesund2;;;;;;;;;;;;;
garangerfjorden;Garangerfjorden;;;;;;;;;;;;;
garangerfjorden_adj;Garangerfjorden;;;;;;;;;;;;;
garangerfjorden_desc;Garangerfjorden;;;;;;;;;;;;;
d_garangerfjorden;Garangerfjorden;;;;;;;;;;;;;
d_garangerfjorden_adj;Garangerfjorden;;;;;;;;;;;;;
d_garangerfjorden_desc;Garangerfjorden;;;;;;;;;;;;;
geirangerfjord;Geirangerfjord;;;;;;;;;;;;;
geirangerfjord_adj;Geirangerfjord;;;;;;;;;;;;;
geirangerfjord_desc;Geirangerfjord;;;;;;;;;;;;;
c_geirangerfjord;Geirangerfjord;;;;;;;;;;;;;
c_geirangerfjord_adj;Geirangerfjord;;;;;;;;;;;;;
c_geirangerfjord_desc;Geirangerfjord;;;;;;;;;;;;;
PROV631;Geirangerfjord;;;;;;;;;;;;;
PROV631_adj;Geirangerfjord;;;;;;;;;;;;;
PROV631_desc;Geirangerfjord;;;;;;;;;;;;;
b_geirangerfjord;Geirangerfjord;;;;;;;;;;;;;
b_geirangerfjord_adj;Geirangerfjord;;;;;;;;;;;;;
b_geirangerfjord_desc;Geirangerfjord;;;;;;;;;;;;;
b_geirangerfjord2;Geirangerfjord2;;;;;;;;;;;;;
b_geirangerfjord2_adj;Geirangerfjord2;;;;;;;;;;;;;
b_geirangerfjord2_desc;Geirangerfjord2;;;;;;;;;;;;;
firingerfjord;Firingerfjord;;;;;;;;;;;;;
firingerfjord_adj;Firingerfjord;;;;;;;;;;;;;
firingerfjord_desc;Firingerfjord;;;;;;;;;;;;;
c_firingerfjord;Firingerfjord;;;;;;;;;;;;;
c_firingerfjord_adj;Firingerfjord;;;;;;;;;;;;;
c_firingerfjord_desc;Firingerfjord;;;;;;;;;;;;;
PROV632;Firingerfjord;;;;;;;;;;;;;
PROV632_adj;Firingerfjord;;;;;;;;;;;;;
PROV632_desc;Firingerfjord;;;;;;;;;;;;;
b_firingerfjord;Firingerfjord;;;;;;;;;;;;;
b_firingerfjord_adj;Firingerfjord;;;;;;;;;;;;;
b_firingerfjord_desc;Firingerfjord;;;;;;;;;;;;;
b_firingerfjord2;Firingerfjord2;;;;;;;;;;;;;
b_firingerfjord2_adj;Firingerfjord2;;;;;;;;;;;;;
b_firingerfjord2_desc;Firingerfjord2;;;;;;;;;;;;;
nystadfjord;Nystadfjord;;;;;;;;;;;;;
nystadfjord_adj;Nystadfjord;;;;;;;;;;;;;
nystadfjord_desc;Nystadfjord;;;;;;;;;;;;;
c_nystadfjord;Nystadfjord;;;;;;;;;;;;;
c_nystadfjord_adj;Nystadfjord;;;;;;;;;;;;;
c_nystadfjord_desc;Nystadfjord;;;;;;;;;;;;;
PROV633;Nystadfjord;;;;;;;;;;;;;
PROV633_adj;Nystadfjord;;;;;;;;;;;;;
PROV633_desc;Nystadfjord;;;;;;;;;;;;;
b_nystadfjord;Nystadfjord;;;;;;;;;;;;;
b_nystadfjord_adj;Nystadfjord;;;;;;;;;;;;;
b_nystadfjord_desc;Nystadfjord;;;;;;;;;;;;;
b_nystadfjord2;Nystadfjord2;;;;;;;;;;;;;
b_nystadfjord2_adj;Nystadfjord2;;;;;;;;;;;;;
b_nystadfjord2_desc;Nystadfjord2;;;;;;;;;;;;;
norrveneoya;Norrveneoya;;;;;;;;;;;;;
norrveneoya_adj;Norrveneoya;;;;;;;;;;;;;
norrveneoya_desc;Norrveneoya;;;;;;;;;;;;;
d_norrveneoya;Norrveneoya;;;;;;;;;;;;;
d_norrveneoya_adj;Norrveneoya;;;;;;;;;;;;;
d_norrveneoya_desc;Norrveneoya;;;;;;;;;;;;;
sundfjorden;Sundfjorden;;;;;;;;;;;;;
sundfjorden_adj;Sundfjorden;;;;;;;;;;;;;
sundfjorden_desc;Sundfjorden;;;;;;;;;;;;;
c_sundfjorden;Sundfjorden;;;;;;;;;;;;;
c_sundfjorden_adj;Sundfjorden;;;;;;;;;;;;;
c_sundfjorden_desc;Sundfjorden;;;;;;;;;;;;;
PROV634;Sundfjorden;;;;;;;;;;;;;
PROV634_adj;Sundfjorden;;;;;;;;;;;;;
PROV634_desc;Sundfjorden;;;;;;;;;;;;;
b_sundfjorden;Sundfjorden;;;;;;;;;;;;;
b_sundfjorden_adj;Sundfjorden;;;;;;;;;;;;;
b_sundfjorden_desc;Sundfjorden;;;;;;;;;;;;;
b_sundfjorden2;Sundfjorden2;;;;;;;;;;;;;
b_sundfjorden2_adj;Sundfjorden2;;;;;;;;;;;;;
b_sundfjorden2_desc;Sundfjorden2;;;;;;;;;;;;;
kerilfjord;Kerilfjord;;;;;;;;;;;;;
kerilfjord_adj;Kerilfjord;;;;;;;;;;;;;
kerilfjord_desc;Kerilfjord;;;;;;;;;;;;;
c_kerilfjord;Kerilfjord;;;;;;;;;;;;;
c_kerilfjord_adj;Kerilfjord;;;;;;;;;;;;;
c_kerilfjord_desc;Kerilfjord;;;;;;;;;;;;;
PROV635;Kerilfjord;;;;;;;;;;;;;
PROV635_adj;Kerilfjord;;;;;;;;;;;;;
PROV635_desc;Kerilfjord;;;;;;;;;;;;;
b_kerilfjord;Kerilfjord;;;;;;;;;;;;;
b_kerilfjord_adj;Kerilfjord;;;;;;;;;;;;;
b_kerilfjord_desc;Kerilfjord;;;;;;;;;;;;;
b_kerilfjord2;Kerilfjord2;;;;;;;;;;;;;
b_kerilfjord2_adj;Kerilfjord2;;;;;;;;;;;;;
b_kerilfjord2_desc;Kerilfjord2;;;;;;;;;;;;;
norveney;Norveney;;;;;;;;;;;;;
norveney_adj;Norveney;;;;;;;;;;;;;
norveney_desc;Norveney;;;;;;;;;;;;;
c_norveney;Norveney;;;;;;;;;;;;;
c_norveney_adj;Norveney;;;;;;;;;;;;;
c_norveney_desc;Norveney;;;;;;;;;;;;;
PROV636;Norveney;;;;;;;;;;;;;
PROV636_adj;Norveney;;;;;;;;;;;;;
PROV636_desc;Norveney;;;;;;;;;;;;;
b_norveney;Norveney;;;;;;;;;;;;;
b_norveney_adj;Norveney;;;;;;;;;;;;;
b_norveney_desc;Norveney;;;;;;;;;;;;;
b_norveney2;Norveney2;;;;;;;;;;;;;
b_norveney2_adj;Norveney2;;;;;;;;;;;;;
b_norveney2_desc;Norveney2;;;;;;;;;;;;;
kjetilfjord;Kjetilfjord;;;;;;;;;;;;;
kjetilfjord_adj;Kjetilfjord;;;;;;;;;;;;;
kjetilfjord_desc;Kjetilfjord;;;;;;;;;;;;;
c_kjetilfjord;Kjetilfjord;;;;;;;;;;;;;
c_kjetilfjord_adj;Kjetilfjord;;;;;;;;;;;;;
c_kjetilfjord_desc;Kjetilfjord;;;;;;;;;;;;;
PROV637;Kjetilfjord;;;;;;;;;;;;;
PROV637_adj;Kjetilfjord;;;;;;;;;;;;;
PROV637_desc;Kjetilfjord;;;;;;;;;;;;;
b_kjetilfjord;Kjetilfjord;;;;;;;;;;;;;
b_kjetilfjord_adj;Kjetilfjord;;;;;;;;;;;;;
b_kjetilfjord_desc;Kjetilfjord;;;;;;;;;;;;;
b_kjetilfjord2;Kjetilfjord2;;;;;;;;;;;;;
b_kjetilfjord2_adj;Kjetilfjord2;;;;;;;;;;;;;
b_kjetilfjord2_desc;Kjetilfjord2;;;;;;;;;;;;;
osrenoy;Osrenoy;;;;;;;;;;;;;
osrenoy_adj;Osrenoy;;;;;;;;;;;;;
osrenoy_desc;Osrenoy;;;;;;;;;;;;;
d_osrenoy;Osrenoy;;;;;;;;;;;;;
d_osrenoy_adj;Osrenoy;;;;;;;;;;;;;
d_osrenoy_desc;Osrenoy;;;;;;;;;;;;;
prekestland;Prekestland;;;;;;;;;;;;;
prekestland_adj;Prekestland;;;;;;;;;;;;;
prekestland_desc;Prekestland;;;;;;;;;;;;;
c_prekestland;Prekestland;;;;;;;;;;;;;
c_prekestland_adj;Prekestland;;;;;;;;;;;;;
c_prekestland_desc;Prekestland;;;;;;;;;;;;;
PROV638;Prekestland;;;;;;;;;;;;;
PROV638_adj;Prekestland;;;;;;;;;;;;;
PROV638_desc;Prekestland;;;;;;;;;;;;;
b_prekestland;Prekestland;;;;;;;;;;;;;
b_prekestland_adj;Prekestland;;;;;;;;;;;;;
b_prekestland_desc;Prekestland;;;;;;;;;;;;;
b_prekestland2;Prekestland2;;;;;;;;;;;;;
b_prekestland2_adj;Prekestland2;;;;;;;;;;;;;
b_prekestland2_desc;Prekestland2;;;;;;;;;;;;;
osreney;Osreney;;;;;;;;;;;;;
osreney_adj;Osreney;;;;;;;;;;;;;
osreney_desc;Osreney;;;;;;;;;;;;;
c_osreney;Osreney;;;;;;;;;;;;;
c_osreney_adj;Osreney;;;;;;;;;;;;;
c_osreney_desc;Osreney;;;;;;;;;;;;;
PROV639;Osreney;;;;;;;;;;;;;
PROV639_adj;Osreney;;;;;;;;;;;;;
PROV639_desc;Osreney;;;;;;;;;;;;;
b_osreney;Osreney;;;;;;;;;;;;;
b_osreney_adj;Osreney;;;;;;;;;;;;;
b_osreney_desc;Osreney;;;;;;;;;;;;;
b_osreney2;Osreney2;;;;;;;;;;;;;
b_osreney2_adj;Osreney2;;;;;;;;;;;;;
b_osreney2_desc;Osreney2;;;;;;;;;;;;;
kreney;Kreney;;;;;;;;;;;;;
kreney_adj;Kreney;;;;;;;;;;;;;
kreney_desc;Kreney;;;;;;;;;;;;;
c_kreney;Kreney;;;;;;;;;;;;;
c_kreney_adj;Kreney;;;;;;;;;;;;;
c_kreney_desc;Kreney;;;;;;;;;;;;;
PROV640;Kreney;;;;;;;;;;;;;
PROV640_adj;Kreney;;;;;;;;;;;;;
PROV640_desc;Kreney;;;;;;;;;;;;;
b_kreney;Kreney;;;;;;;;;;;;;
b_kreney_adj;Kreney;;;;;;;;;;;;;
b_kreney_desc;Kreney;;;;;;;;;;;;;
b_kreney2;Kreney2;;;;;;;;;;;;;
b_kreney2_adj;Kreney2;;;;;;;;;;;;;
b_kreney2_desc;Kreney2;;;;;;;;;;;;;
kirkland;Kirkland;;;;;;;;;;;;;
kirkland_adj;Kirkland;;;;;;;;;;;;;
kirkland_desc;Kirkland;;;;;;;;;;;;;
c_kirkland;Kirkland;;;;;;;;;;;;;
c_kirkland_adj;Kirkland;;;;;;;;;;;;;
c_kirkland_desc;Kirkland;;;;;;;;;;;;;
PROV641;Kirkland;;;;;;;;;;;;;
PROV641_adj;Kirkland;;;;;;;;;;;;;
PROV641_desc;Kirkland;;;;;;;;;;;;;
b_kirkland;Kirkland;;;;;;;;;;;;;
b_kirkland_adj;Kirkland;;;;;;;;;;;;;
b_kirkland_desc;Kirkland;;;;;;;;;;;;;
b_kirkland2;Kirkland2;;;;;;;;;;;;;
b_kirkland2_adj;Kirkland2;;;;;;;;;;;;;
b_kirkland2_desc;Kirkland2;;;;;;;;;;;;;
ingeney;Ingeney;;;;;;;;;;;;;
ingeney_adj;Ingeney;;;;;;;;;;;;;
ingeney_desc;Ingeney;;;;;;;;;;;;;
c_ingeney;Ingeney;;;;;;;;;;;;;
c_ingeney_adj;Ingeney;;;;;;;;;;;;;
c_ingeney_desc;Ingeney;;;;;;;;;;;;;
PROV642;Ingeney;;;;;;;;;;;;;
PROV642_adj;Ingeney;;;;;;;;;;;;;
PROV642_desc;Ingeney;;;;;;;;;;;;;
b_ingeney;Ingeney;;;;;;;;;;;;;
b_ingeney_adj;Ingeney;;;;;;;;;;;;;
b_ingeney_desc;Ingeney;;;;;;;;;;;;;
b_ingeney2;Ingeney2;;;;;;;;;;;;;
b_ingeney2_adj;Ingeney2;;;;;;;;;;;;;
b_ingeney2_desc;Ingeney2;;;;;;;;;;;;;
ingentey;Ingentey;;;;;;;;;;;;;
ingentey_adj;Ingentey;;;;;;;;;;;;;
ingentey_desc;Ingentey;;;;;;;;;;;;;
c_ingentey;Ingentey;;;;;;;;;;;;;
c_ingentey_adj;Ingentey;;;;;;;;;;;;;
c_ingentey_desc;Ingentey;;;;;;;;;;;;;
PROV643;Ingentey;;;;;;;;;;;;;
PROV643_adj;Ingentey;;;;;;;;;;;;;
PROV643_desc;Ingentey;;;;;;;;;;;;;
b_ingentey;Ingentey;;;;;;;;;;;;;
b_ingentey_adj;Ingentey;;;;;;;;;;;;;
b_ingentey_desc;Ingentey;;;;;;;;;;;;;
b_ingentey2;Ingentey2;;;;;;;;;;;;;
b_ingentey2_adj;Ingentey2;;;;;;;;;;;;;
b_ingentey2_desc;Ingentey2;;;;;;;;;;;;;
heikeland;Heikeland;;;;;;;;;;;;;
heikeland_adj;Heikeland;;;;;;;;;;;;;
heikeland_desc;Heikeland;;;;;;;;;;;;;
k_heikeland;Heikeland;;;;;;;;;;;;;
k_heikeland_adj;Heikeland;;;;;;;;;;;;;
k_heikeland_desc;Heikeland;;;;;;;;;;;;;
kankaanpaeae;Kankaanpaeae;;;;;;;;;;;;;
kankaanpaeae_adj;Kankaanpaeae;;;;;;;;;;;;;
kankaanpaeae_desc;Kankaanpaeae;;;;;;;;;;;;;
d_kankaanpaeae;Kankaanpaeae;;;;;;;;;;;;;
d_kankaanpaeae_adj;Kankaanpaeae;;;;;;;;;;;;;
d_kankaanpaeae_desc;Kankaanpaeae;;;;;;;;;;;;;
kautokinn;Kautokinn;;;;;;;;;;;;;
kautokinn_adj;Kautokinn;;;;;;;;;;;;;
kautokinn_desc;Kautokinn;;;;;;;;;;;;;
c_kautokinn;Kautokinn;;;;;;;;;;;;;
c_kautokinn_adj;Kautokinn;;;;;;;;;;;;;
c_kautokinn_desc;Kautokinn;;;;;;;;;;;;;
PROV644;Kautokinn;;;;;;;;;;;;;
PROV644_adj;Kautokinn;;;;;;;;;;;;;
PROV644_desc;Kautokinn;;;;;;;;;;;;;
b_kautokinn;Kautokinn;;;;;;;;;;;;;
b_kautokinn_adj;Kautokinn;;;;;;;;;;;;;
b_kautokinn_desc;Kautokinn;;;;;;;;;;;;;
b_kautokinn2;Kautokinn2;;;;;;;;;;;;;
b_kautokinn2_adj;Kautokinn2;;;;;;;;;;;;;
b_kautokinn2_desc;Kautokinn2;;;;;;;;;;;;;
helsund;Helsund;;;;;;;;;;;;;
helsund_adj;Helsund;;;;;;;;;;;;;
helsund_desc;Helsund;;;;;;;;;;;;;
c_helsund;Helsund;;;;;;;;;;;;;
c_helsund_adj;Helsund;;;;;;;;;;;;;
c_helsund_desc;Helsund;;;;;;;;;;;;;
PROV645;Helsund;;;;;;;;;;;;;
PROV645_adj;Helsund;;;;;;;;;;;;;
PROV645_desc;Helsund;;;;;;;;;;;;;
b_helsund;Helsund;;;;;;;;;;;;;
b_helsund_adj;Helsund;;;;;;;;;;;;;
b_helsund_desc;Helsund;;;;;;;;;;;;;
b_helsund2;Helsund2;;;;;;;;;;;;;
b_helsund2_adj;Helsund2;;;;;;;;;;;;;
b_helsund2_desc;Helsund2;;;;;;;;;;;;;
kankanvik;Kankanvik;;;;;;;;;;;;;
kankanvik_adj;Kankanvik;;;;;;;;;;;;;
kankanvik_desc;Kankanvik;;;;;;;;;;;;;
c_kankanvik;Kankanvik;;;;;;;;;;;;;
c_kankanvik_adj;Kankanvik;;;;;;;;;;;;;
c_kankanvik_desc;Kankanvik;;;;;;;;;;;;;
PROV646;Kankanvik;;;;;;;;;;;;;
PROV646_adj;Kankanvik;;;;;;;;;;;;;
PROV646_desc;Kankanvik;;;;;;;;;;;;;
b_kankanvik;Kankanvik;;;;;;;;;;;;;
b_kankanvik_adj;Kankanvik;;;;;;;;;;;;;
b_kankanvik_desc;Kankanvik;;;;;;;;;;;;;
b_kankanvik2;Kankanvik2;;;;;;;;;;;;;
b_kankanvik2_adj;Kankanvik2;;;;;;;;;;;;;
b_kankanvik2_desc;Kankanvik2;;;;;;;;;;;;;
peltola;Peltola;;;;;;;;;;;;;
peltola_adj;Peltola;;;;;;;;;;;;;
peltola_desc;Peltola;;;;;;;;;;;;;
d_peltola;Peltola;;;;;;;;;;;;;
d_peltola_adj;Peltola;;;;;;;;;;;;;
d_peltola_desc;Peltola;;;;;;;;;;;;;
itteksund;Itteksund;;;;;;;;;;;;;
itteksund_adj;Itteksund;;;;;;;;;;;;;
itteksund_desc;Itteksund;;;;;;;;;;;;;
c_itteksund;Itteksund;;;;;;;;;;;;;
c_itteksund_adj;Itteksund;;;;;;;;;;;;;
c_itteksund_desc;Itteksund;;;;;;;;;;;;;
PROV647;Itteksund;;;;;;;;;;;;;
PROV647_adj;Itteksund;;;;;;;;;;;;;
PROV647_desc;Itteksund;;;;;;;;;;;;;
b_itteksund;Itteksund;;;;;;;;;;;;;
b_itteksund_adj;Itteksund;;;;;;;;;;;;;
b_itteksund_desc;Itteksund;;;;;;;;;;;;;
b_itteksund2;Itteksund2;;;;;;;;;;;;;
b_itteksund2_adj;Itteksund2;;;;;;;;;;;;;
b_itteksund2_desc;Itteksund2;;;;;;;;;;;;;
mittberg;Mittberg;;;;;;;;;;;;;
mittberg_adj;Mittberg;;;;;;;;;;;;;
mittberg_desc;Mittberg;;;;;;;;;;;;;
c_mittberg;Mittberg;;;;;;;;;;;;;
c_mittberg_adj;Mittberg;;;;;;;;;;;;;
c_mittberg_desc;Mittberg;;;;;;;;;;;;;
PROV648;Mittberg;;;;;;;;;;;;;
PROV648_adj;Mittberg;;;;;;;;;;;;;
PROV648_desc;Mittberg;;;;;;;;;;;;;
b_mittberg;Mittberg;;;;;;;;;;;;;
b_mittberg_adj;Mittberg;;;;;;;;;;;;;
b_mittberg_desc;Mittberg;;;;;;;;;;;;;
b_mittberg2;Mittberg2;;;;;;;;;;;;;
b_mittberg2_adj;Mittberg2;;;;;;;;;;;;;
b_mittberg2_desc;Mittberg2;;;;;;;;;;;;;
c_peltola;Peltola;;;;;;;;;;;;;
c_peltola_adj;Peltola;;;;;;;;;;;;;
c_peltola_desc;Peltola;;;;;;;;;;;;;
PROV649;Peltola;;;;;;;;;;;;;
PROV649_adj;Peltola;;;;;;;;;;;;;
PROV649_desc;Peltola;;;;;;;;;;;;;
b_peltola;Peltola;;;;;;;;;;;;;
b_peltola_adj;Peltola;;;;;;;;;;;;;
b_peltola_desc;Peltola;;;;;;;;;;;;;
b_peltola2;Peltola2;;;;;;;;;;;;;
b_peltola2_adj;Peltola2;;;;;;;;;;;;;
b_peltola2_desc;Peltola2;;;;;;;;;;;;;
pieksimaksi;Pieksimaksi;;;;;;;;;;;;;
pieksimaksi_adj;Pieksimaksi;;;;;;;;;;;;;
pieksimaksi_desc;Pieksimaksi;;;;;;;;;;;;;
d_pieksimaksi;Pieksimaksi;;;;;;;;;;;;;
d_pieksimaksi_adj;Pieksimaksi;;;;;;;;;;;;;
d_pieksimaksi_desc;Pieksimaksi;;;;;;;;;;;;;
mikslund;Mikslund;;;;;;;;;;;;;
mikslund_adj;Mikslund;;;;;;;;;;;;;
mikslund_desc;Mikslund;;;;;;;;;;;;;
c_mikslund;Mikslund;;;;;;;;;;;;;
c_mikslund_adj;Mikslund;;;;;;;;;;;;;
c_mikslund_desc;Mikslund;;;;;;;;;;;;;
PROV650;Mikslund;;;;;;;;;;;;;
PROV650_adj;Mikslund;;;;;;;;;;;;;
PROV650_desc;Mikslund;;;;;;;;;;;;;
b_mikslund;Mikslund;;;;;;;;;;;;;
b_mikslund_adj;Mikslund;;;;;;;;;;;;;
b_mikslund_desc;Mikslund;;;;;;;;;;;;;
b_mikslund2;Mikslund2;;;;;;;;;;;;;
b_mikslund2_adj;Mikslund2;;;;;;;;;;;;;
b_mikslund2_desc;Mikslund2;;;;;;;;;;;;;
peksimark;Peksimark;;;;;;;;;;;;;
peksimark_adj;Peksimark;;;;;;;;;;;;;
peksimark_desc;Peksimark;;;;;;;;;;;;;
c_peksimark;Peksimark;;;;;;;;;;;;;
c_peksimark_adj;Peksimark;;;;;;;;;;;;;
c_peksimark_desc;Peksimark;;;;;;;;;;;;;
PROV651;Peksimark;;;;;;;;;;;;;
PROV651_adj;Peksimark;;;;;;;;;;;;;
PROV651_desc;Peksimark;;;;;;;;;;;;;
b_peksimark;Peksimark;;;;;;;;;;;;;
b_peksimark_adj;Peksimark;;;;;;;;;;;;;
b_peksimark_desc;Peksimark;;;;;;;;;;;;;
b_peksimark2;Peksimark2;;;;;;;;;;;;;
b_peksimark2_adj;Peksimark2;;;;;;;;;;;;;
b_peksimark2_desc;Peksimark2;;;;;;;;;;;;;
savolakan;Savolakan;;;;;;;;;;;;;
savolakan_adj;Savolakan;;;;;;;;;;;;;
savolakan_desc;Savolakan;;;;;;;;;;;;;
c_savolakan;Savolakan;;;;;;;;;;;;;
c_savolakan_adj;Savolakan;;;;;;;;;;;;;
c_savolakan_desc;Savolakan;;;;;;;;;;;;;
PROV652;Savolakan;;;;;;;;;;;;;
PROV652_adj;Savolakan;;;;;;;;;;;;;
PROV652_desc;Savolakan;;;;;;;;;;;;;
b_savolakan;Savolakan;;;;;;;;;;;;;
b_savolakan_adj;Savolakan;;;;;;;;;;;;;
b_savolakan_desc;Savolakan;;;;;;;;;;;;;
b_savolakan2;Savolakan2;;;;;;;;;;;;;
b_savolakan2_adj;Savolakan2;;;;;;;;;;;;;
b_savolakan2_desc;Savolakan2;;;;;;;;;;;;;
angermann;Angermann;;;;;;;;;;;;;
angermann_adj;Angermann;;;;;;;;;;;;;
angermann_desc;Angermann;;;;;;;;;;;;;
c_angermann;Angermann;;;;;;;;;;;;;
c_angermann_adj;Angermann;;;;;;;;;;;;;
c_angermann_desc;Angermann;;;;;;;;;;;;;
PROV653;Angermann;;;;;;;;;;;;;
PROV653_adj;Angermann;;;;;;;;;;;;;
PROV653_desc;Angermann;;;;;;;;;;;;;
b_angermann;Angermann;;;;;;;;;;;;;
b_angermann_adj;Angermann;;;;;;;;;;;;;
b_angermann_desc;Angermann;;;;;;;;;;;;;
b_angermann2;Angermann2;;;;;;;;;;;;;
b_angermann2_adj;Angermann2;;;;;;;;;;;;;
b_angermann2_desc;Angermann2;;;;;;;;;;;;;
vileikenes;Vileikenes;;;;;;;;;;;;;
vileikenes_adj;Vileikenes;;;;;;;;;;;;;
vileikenes_desc;Vileikenes;;;;;;;;;;;;;
d_vileikenes;Vileikenes;;;;;;;;;;;;;
d_vileikenes_adj;Vileikenes;;;;;;;;;;;;;
d_vileikenes_desc;Vileikenes;;;;;;;;;;;;;
isheim;Isheim;;;;;;;;;;;;;
isheim_adj;Isheim;;;;;;;;;;;;;
isheim_desc;Isheim;;;;;;;;;;;;;
c_isheim;Isheim;;;;;;;;;;;;;
c_isheim_adj;Isheim;;;;;;;;;;;;;
c_isheim_desc;Isheim;;;;;;;;;;;;;
PROV654;Isheim;;;;;;;;;;;;;
PROV654_adj;Isheim;;;;;;;;;;;;;
PROV654_desc;Isheim;;;;;;;;;;;;;
b_isheim;Isheim;;;;;;;;;;;;;
b_isheim_adj;Isheim;;;;;;;;;;;;;
b_isheim_desc;Isheim;;;;;;;;;;;;;
b_isheim2;Isheim2;;;;;;;;;;;;;
b_isheim2_adj;Isheim2;;;;;;;;;;;;;
b_isheim2_desc;Isheim2;;;;;;;;;;;;;
pansala;Pansala;;;;;;;;;;;;;
pansala_adj;Pansala;;;;;;;;;;;;;
pansala_desc;Pansala;;;;;;;;;;;;;
c_pansala;Pansala;;;;;;;;;;;;;
c_pansala_adj;Pansala;;;;;;;;;;;;;
c_pansala_desc;Pansala;;;;;;;;;;;;;
PROV655;Pansala;;;;;;;;;;;;;
PROV655_adj;Pansala;;;;;;;;;;;;;
PROV655_desc;Pansala;;;;;;;;;;;;;
b_pansala;Pansala;;;;;;;;;;;;;
b_pansala_adj;Pansala;;;;;;;;;;;;;
b_pansala_desc;Pansala;;;;;;;;;;;;;
b_pansala2;Pansala2;;;;;;;;;;;;;
b_pansala2_adj;Pansala2;;;;;;;;;;;;;
b_pansala2_desc;Pansala2;;;;;;;;;;;;;
karmarvik;Karmarvik;;;;;;;;;;;;;
karmarvik_adj;Karmarvik;;;;;;;;;;;;;
karmarvik_desc;Karmarvik;;;;;;;;;;;;;
c_karmarvik;Karmarvik;;;;;;;;;;;;;
c_karmarvik_adj;Karmarvik;;;;;;;;;;;;;
c_karmarvik_desc;Karmarvik;;;;;;;;;;;;;
PROV656;Karmarvik;;;;;;;;;;;;;
PROV656_adj;Karmarvik;;;;;;;;;;;;;
PROV656_desc;Karmarvik;;;;;;;;;;;;;
b_karmarvik;Karmarvik;;;;;;;;;;;;;
b_karmarvik_adj;Karmarvik;;;;;;;;;;;;;
b_karmarvik_desc;Karmarvik;;;;;;;;;;;;;
b_karmarvik2;Karmarvik2;;;;;;;;;;;;;
b_karmarvik2_adj;Karmarvik2;;;;;;;;;;;;;
b_karmarvik2_desc;Karmarvik2;;;;;;;;;;;;;
rimark;Rimark;;;;;;;;;;;;;
rimark_adj;Rimark;;;;;;;;;;;;;
rimark_desc;Rimark;;;;;;;;;;;;;
c_rimark;Rimark;;;;;;;;;;;;;
c_rimark_adj;Rimark;;;;;;;;;;;;;
c_rimark_desc;Rimark;;;;;;;;;;;;;
PROV657;Rimark;;;;;;;;;;;;;
PROV657_adj;Rimark;;;;;;;;;;;;;
PROV657_desc;Rimark;;;;;;;;;;;;;
b_rimark;Rimark;;;;;;;;;;;;;
b_rimark_adj;Rimark;;;;;;;;;;;;;
b_rimark_desc;Rimark;;;;;;;;;;;;;
b_rimark2;Rimark2;;;;;;;;;;;;;
b_rimark2_adj;Rimark2;;;;;;;;;;;;;
b_rimark2_desc;Rimark2;;;;;;;;;;;;;
kattehaugen;Kattehaugen;;;;;;;;;;;;;
kattehaugen_adj;Kattehaugen;;;;;;;;;;;;;
kattehaugen_desc;Kattehaugen;;;;;;;;;;;;;
c_kattehaugen;Kattehaugen;;;;;;;;;;;;;
c_kattehaugen_adj;Kattehaugen;;;;;;;;;;;;;
c_kattehaugen_desc;Kattehaugen;;;;;;;;;;;;;
PROV658;Kattehaugen;;;;;;;;;;;;;
PROV658_adj;Kattehaugen;;;;;;;;;;;;;
PROV658_desc;Kattehaugen;;;;;;;;;;;;;
b_kattehaugen;Kattehaugen;;;;;;;;;;;;;
b_kattehaugen_adj;Kattehaugen;;;;;;;;;;;;;
b_kattehaugen_desc;Kattehaugen;;;;;;;;;;;;;
b_kattehaugen2;Kattehaugen2;;;;;;;;;;;;;
b_kattehaugen2_adj;Kattehaugen2;;;;;;;;;;;;;
b_kattehaugen2_desc;Kattehaugen2;;;;;;;;;;;;;
e_norrland;Norrland;;;;;;;;;;;;;
e_norrland_adj;Norrland;;;;;;;;;;;;;
e_norrland_desc;Norrland;;;;;;;;;;;;;
brynholt;Brynholt;;;;;;;;;;;;;
brynholt_adj;Brynholt;;;;;;;;;;;;;
brynholt_desc;Brynholt;;;;;;;;;;;;;
k_brynholt;Brynholt;;;;;;;;;;;;;
k_brynholt_adj;Brynholt;;;;;;;;;;;;;
k_brynholt_desc;Brynholt;;;;;;;;;;;;;
farsund;Farsund;;;;;;;;;;;;;
farsund_adj;Farsund;;;;;;;;;;;;;
farsund_desc;Farsund;;;;;;;;;;;;;
d_farsund;Farsund;;;;;;;;;;;;;
d_farsund_adj;Farsund;;;;;;;;;;;;;
d_farsund_desc;Farsund;;;;;;;;;;;;;
lysasund;Lysasund;;;;;;;;;;;;;
lysasund_adj;Lysasund;;;;;;;;;;;;;
lysasund_desc;Lysasund;;;;;;;;;;;;;
c_lysasund;Lysasund;;;;;;;;;;;;;
c_lysasund_adj;Lysasund;;;;;;;;;;;;;
c_lysasund_desc;Lysasund;;;;;;;;;;;;;
PROV659;Lysasund;;;;;;;;;;;;;
PROV659_adj;Lysasund;;;;;;;;;;;;;
PROV659_desc;Lysasund;;;;;;;;;;;;;
b_lysasund;Lysasund;;;;;;;;;;;;;
b_lysasund_adj;Lysasund;;;;;;;;;;;;;
b_lysasund_desc;Lysasund;;;;;;;;;;;;;
b_lysasund2;Lysasund2;;;;;;;;;;;;;
b_lysasund2_adj;Lysasund2;;;;;;;;;;;;;
b_lysasund2_desc;Lysasund2;;;;;;;;;;;;;
elveig;Elveig;;;;;;;;;;;;;
elveig_adj;Elveig;;;;;;;;;;;;;
elveig_desc;Elveig;;;;;;;;;;;;;
c_elveig;Elveig;;;;;;;;;;;;;
c_elveig_adj;Elveig;;;;;;;;;;;;;
c_elveig_desc;Elveig;;;;;;;;;;;;;
PROV660;Elveig;;;;;;;;;;;;;
PROV660_adj;Elveig;;;;;;;;;;;;;
PROV660_desc;Elveig;;;;;;;;;;;;;
b_elveig;Elveig;;;;;;;;;;;;;
b_elveig_adj;Elveig;;;;;;;;;;;;;
b_elveig_desc;Elveig;;;;;;;;;;;;;
b_elveig2;Elveig2;;;;;;;;;;;;;
b_elveig2_adj;Elveig2;;;;;;;;;;;;;
b_elveig2_desc;Elveig2;;;;;;;;;;;;;
eidslind;Eidslind;;;;;;;;;;;;;
eidslind_adj;Eidslind;;;;;;;;;;;;;
eidslind_desc;Eidslind;;;;;;;;;;;;;
c_eidslind;Eidslind;;;;;;;;;;;;;
c_eidslind_adj;Eidslind;;;;;;;;;;;;;
c_eidslind_desc;Eidslind;;;;;;;;;;;;;
PROV661;Eidslind;;;;;;;;;;;;;
PROV661_adj;Eidslind;;;;;;;;;;;;;
PROV661_desc;Eidslind;;;;;;;;;;;;;
b_eidslind;Eidslind;;;;;;;;;;;;;
b_eidslind_adj;Eidslind;;;;;;;;;;;;;
b_eidslind_desc;Eidslind;;;;;;;;;;;;;
b_eidslind2;Eidslind2;;;;;;;;;;;;;
b_eidslind2_adj;Eidslind2;;;;;;;;;;;;;
b_eidslind2_desc;Eidslind2;;;;;;;;;;;;;
harstorn;Harstorn;;;;;;;;;;;;;
harstorn_adj;Harstorn;;;;;;;;;;;;;
harstorn_desc;Harstorn;;;;;;;;;;;;;
d_harstorn;Harstorn;;;;;;;;;;;;;
d_harstorn_adj;Harstorn;;;;;;;;;;;;;
d_harstorn_desc;Harstorn;;;;;;;;;;;;;
gismund;Gismund;;;;;;;;;;;;;
gismund_adj;Gismund;;;;;;;;;;;;;
gismund_desc;Gismund;;;;;;;;;;;;;
c_gismund;Gismund;;;;;;;;;;;;;
c_gismund_adj;Gismund;;;;;;;;;;;;;
c_gismund_desc;Gismund;;;;;;;;;;;;;
PROV662;Gismund;;;;;;;;;;;;;
PROV662_adj;Gismund;;;;;;;;;;;;;
PROV662_desc;Gismund;;;;;;;;;;;;;
b_gismund;Gismund;;;;;;;;;;;;;
b_gismund_adj;Gismund;;;;;;;;;;;;;
b_gismund_desc;Gismund;;;;;;;;;;;;;
b_gismund2;Gismund2;;;;;;;;;;;;;
b_gismund2_adj;Gismund2;;;;;;;;;;;;;
b_gismund2_desc;Gismund2;;;;;;;;;;;;;
nordveglor;Nordveglor;;;;;;;;;;;;;
nordveglor_adj;Nordveglor;;;;;;;;;;;;;
nordveglor_desc;Nordveglor;;;;;;;;;;;;;
c_nordveglor;Nordveglor;;;;;;;;;;;;;
c_nordveglor_adj;Nordveglor;;;;;;;;;;;;;
c_nordveglor_desc;Nordveglor;;;;;;;;;;;;;
PROV663;Nordveglor;;;;;;;;;;;;;
PROV663_adj;Nordveglor;;;;;;;;;;;;;
PROV663_desc;Nordveglor;;;;;;;;;;;;;
b_nordveglor;Nordveglor;;;;;;;;;;;;;
b_nordveglor_adj;Nordveglor;;;;;;;;;;;;;
b_nordveglor_desc;Nordveglor;;;;;;;;;;;;;
b_nordveglor2;Nordveglor2;;;;;;;;;;;;;
b_nordveglor2_adj;Nordveglor2;;;;;;;;;;;;;
b_nordveglor2_desc;Nordveglor2;;;;;;;;;;;;;
kvanne;Kvanne;;;;;;;;;;;;;
kvanne_adj;Kvanne;;;;;;;;;;;;;
kvanne_desc;Kvanne;;;;;;;;;;;;;
c_kvanne;Kvanne;;;;;;;;;;;;;
c_kvanne_adj;Kvanne;;;;;;;;;;;;;
c_kvanne_desc;Kvanne;;;;;;;;;;;;;
PROV664;Kvanne;;;;;;;;;;;;;
PROV664_adj;Kvanne;;;;;;;;;;;;;
PROV664_desc;Kvanne;;;;;;;;;;;;;
b_kvanne;Kvanne;;;;;;;;;;;;;
b_kvanne_adj;Kvanne;;;;;;;;;;;;;
b_kvanne_desc;Kvanne;;;;;;;;;;;;;
b_kvanne2;Kvanne2;;;;;;;;;;;;;
b_kvanne2_adj;Kvanne2;;;;;;;;;;;;;
b_kvanne2_desc;Kvanne2;;;;;;;;;;;;;
rovik;Rovik;;;;;;;;;;;;;
rovik_adj;Rovik;;;;;;;;;;;;;
rovik_desc;Rovik;;;;;;;;;;;;;
c_rovik;Rovik;;;;;;;;;;;;;
c_rovik_adj;Rovik;;;;;;;;;;;;;
c_rovik_desc;Rovik;;;;;;;;;;;;;
PROV665;Rovik;;;;;;;;;;;;;
PROV665_adj;Rovik;;;;;;;;;;;;;
PROV665_desc;Rovik;;;;;;;;;;;;;
b_rovik;Rovik;;;;;;;;;;;;;
b_rovik_adj;Rovik;;;;;;;;;;;;;
b_rovik_desc;Rovik;;;;;;;;;;;;;
b_rovik2;Rovik2;;;;;;;;;;;;;
b_rovik2_adj;Rovik2;;;;;;;;;;;;;
b_rovik2_desc;Rovik2;;;;;;;;;;;;;
runmar;Runmar;;;;;;;;;;;;;
runmar_adj;Runmar;;;;;;;;;;;;;
runmar_desc;Runmar;;;;;;;;;;;;;
d_runmar;Runmar;;;;;;;;;;;;;
d_runmar_adj;Runmar;;;;;;;;;;;;;
d_runmar_desc;Runmar;;;;;;;;;;;;;
kirkaby;Kirkaby;;;;;;;;;;;;;
kirkaby_adj;Kirkaby;;;;;;;;;;;;;
kirkaby_desc;Kirkaby;;;;;;;;;;;;;
c_kirkaby;Kirkaby;;;;;;;;;;;;;
c_kirkaby_adj;Kirkaby;;;;;;;;;;;;;
c_kirkaby_desc;Kirkaby;;;;;;;;;;;;;
PROV666;Kirkaby;;;;;;;;;;;;;
PROV666_adj;Kirkaby;;;;;;;;;;;;;
PROV666_desc;Kirkaby;;;;;;;;;;;;;
b_kirkaby;Kirkaby;;;;;;;;;;;;;
b_kirkaby_adj;Kirkaby;;;;;;;;;;;;;
b_kirkaby_desc;Kirkaby;;;;;;;;;;;;;
b_kirkaby2;Kirkaby2;;;;;;;;;;;;;
b_kirkaby2_adj;Kirkaby2;;;;;;;;;;;;;
b_kirkaby2_desc;Kirkaby2;;;;;;;;;;;;;
nesvik;Nesvik;;;;;;;;;;;;;
nesvik_adj;Nesvik;;;;;;;;;;;;;
nesvik_desc;Nesvik;;;;;;;;;;;;;
c_nesvik;Nesvik;;;;;;;;;;;;;
c_nesvik_adj;Nesvik;;;;;;;;;;;;;
c_nesvik_desc;Nesvik;;;;;;;;;;;;;
PROV667;Nesvik;;;;;;;;;;;;;
PROV667_adj;Nesvik;;;;;;;;;;;;;
PROV667_desc;Nesvik;;;;;;;;;;;;;
b_nesvik;Nesvik;;;;;;;;;;;;;
b_nesvik_adj;Nesvik;;;;;;;;;;;;;
b_nesvik_desc;Nesvik;;;;;;;;;;;;;
b_nesvik2;Nesvik2;;;;;;;;;;;;;
b_nesvik2_adj;Nesvik2;;;;;;;;;;;;;
b_nesvik2_desc;Nesvik2;;;;;;;;;;;;;
silley;Silley;;;;;;;;;;;;;
silley_adj;Silley;;;;;;;;;;;;;
silley_desc;Silley;;;;;;;;;;;;;
c_silley;Silley;;;;;;;;;;;;;
c_silley_adj;Silley;;;;;;;;;;;;;
c_silley_desc;Silley;;;;;;;;;;;;;
PROV668;Silley;;;;;;;;;;;;;
PROV668_adj;Silley;;;;;;;;;;;;;
PROV668_desc;Silley;;;;;;;;;;;;;
b_silley;Silley;;;;;;;;;;;;;
b_silley_adj;Silley;;;;;;;;;;;;;
b_silley_desc;Silley;;;;;;;;;;;;;
b_silley2;Silley2;;;;;;;;;;;;;
b_silley2_adj;Silley2;;;;;;;;;;;;;
b_silley2_desc;Silley2;;;;;;;;;;;;;
sekken;Sekken;;;;;;;;;;;;;
sekken_adj;Sekken;;;;;;;;;;;;;
sekken_desc;Sekken;;;;;;;;;;;;;
c_sekken;Sekken;;;;;;;;;;;;;
c_sekken_adj;Sekken;;;;;;;;;;;;;
c_sekken_desc;Sekken;;;;;;;;;;;;;
PROV669;Sekken;;;;;;;;;;;;;
PROV669_adj;Sekken;;;;;;;;;;;;;
PROV669_desc;Sekken;;;;;;;;;;;;;
b_sekken;Sekken;;;;;;;;;;;;;
b_sekken_adj;Sekken;;;;;;;;;;;;;
b_sekken_desc;Sekken;;;;;;;;;;;;;
b_sekken2;Sekken2;;;;;;;;;;;;;
b_sekken2_adj;Sekken2;;;;;;;;;;;;;
b_sekken2_desc;Sekken2;;;;;;;;;;;;;
vindal;Vindal;;;;;;;;;;;;;
vindal_adj;Vindal;;;;;;;;;;;;;
vindal_desc;Vindal;;;;;;;;;;;;;
d_vindal;Vindal;;;;;;;;;;;;;
d_vindal_adj;Vindal;;;;;;;;;;;;;
d_vindal_desc;Vindal;;;;;;;;;;;;;
odda;Odda;;;;;;;;;;;;;
odda_adj;Odda;;;;;;;;;;;;;
odda_desc;Odda;;;;;;;;;;;;;
c_odda;Odda;;;;;;;;;;;;;
c_odda_adj;Odda;;;;;;;;;;;;;
c_odda_desc;Odda;;;;;;;;;;;;;
PROV670;Odda;;;;;;;;;;;;;
PROV670_adj;Odda;;;;;;;;;;;;;
PROV670_desc;Odda;;;;;;;;;;;;;
b_odda;Odda;;;;;;;;;;;;;
b_odda_adj;Odda;;;;;;;;;;;;;
b_odda_desc;Odda;;;;;;;;;;;;;
b_odda2;Odda2;;;;;;;;;;;;;
b_odda2_adj;Odda2;;;;;;;;;;;;;
b_odda2_desc;Odda2;;;;;;;;;;;;;
mundheim;Mundheim;;;;;;;;;;;;;
mundheim_adj;Mundheim;;;;;;;;;;;;;
mundheim_desc;Mundheim;;;;;;;;;;;;;
c_mundheim;Mundheim;;;;;;;;;;;;;
c_mundheim_adj;Mundheim;;;;;;;;;;;;;
c_mundheim_desc;Mundheim;;;;;;;;;;;;;
PROV671;Mundheim;;;;;;;;;;;;;
PROV671_adj;Mundheim;;;;;;;;;;;;;
PROV671_desc;Mundheim;;;;;;;;;;;;;
b_mundheim;Mundheim;;;;;;;;;;;;;
b_mundheim_adj;Mundheim;;;;;;;;;;;;;
b_mundheim_desc;Mundheim;;;;;;;;;;;;;
b_mundheim2;Mundheim2;;;;;;;;;;;;;
b_mundheim2_adj;Mundheim2;;;;;;;;;;;;;
b_mundheim2_desc;Mundheim2;;;;;;;;;;;;;
augheim;Augheim;;;;;;;;;;;;;
augheim_adj;Augheim;;;;;;;;;;;;;
augheim_desc;Augheim;;;;;;;;;;;;;
c_augheim;Augheim;;;;;;;;;;;;;
c_augheim_adj;Augheim;;;;;;;;;;;;;
c_augheim_desc;Augheim;;;;;;;;;;;;;
PROV672;Augheim;;;;;;;;;;;;;
PROV672_adj;Augheim;;;;;;;;;;;;;
PROV672_desc;Augheim;;;;;;;;;;;;;
b_augheim;Augheim;;;;;;;;;;;;;
b_augheim_adj;Augheim;;;;;;;;;;;;;
b_augheim_desc;Augheim;;;;;;;;;;;;;
b_augheim2;Augheim2;;;;;;;;;;;;;
b_augheim2_adj;Augheim2;;;;;;;;;;;;;
b_augheim2_desc;Augheim2;;;;;;;;;;;;;
folheim;Folheim;;;;;;;;;;;;;
folheim_adj;Folheim;;;;;;;;;;;;;
folheim_desc;Folheim;;;;;;;;;;;;;
c_folheim;Folheim;;;;;;;;;;;;;
c_folheim_adj;Folheim;;;;;;;;;;;;;
c_folheim_desc;Folheim;;;;;;;;;;;;;
PROV673;Folheim;;;;;;;;;;;;;
PROV673_adj;Folheim;;;;;;;;;;;;;
PROV673_desc;Folheim;;;;;;;;;;;;;
b_folheim;Folheim;;;;;;;;;;;;;
b_folheim_adj;Folheim;;;;;;;;;;;;;
b_folheim_desc;Folheim;;;;;;;;;;;;;
b_folheim2;Folheim2;;;;;;;;;;;;;
b_folheim2_adj;Folheim2;;;;;;;;;;;;;
b_folheim2_desc;Folheim2;;;;;;;;;;;;;
nornvald;Nornvald;;;;;;;;;;;;;
nornvald_adj;Nornvald;;;;;;;;;;;;;
nornvald_desc;Nornvald;;;;;;;;;;;;;
k_nornvald;Nornvald;;;;;;;;;;;;;
k_nornvald_adj;Nornvald;;;;;;;;;;;;;
k_nornvald_desc;Nornvald;;;;;;;;;;;;;
mistmar;Mistmar;;;;;;;;;;;;;
mistmar_adj;Mistmar;;;;;;;;;;;;;
mistmar_desc;Mistmar;;;;;;;;;;;;;
d_mistmar;Mistmar;;;;;;;;;;;;;
d_mistmar_adj;Mistmar;;;;;;;;;;;;;
d_mistmar_desc;Mistmar;;;;;;;;;;;;;
bjeren;Bjeren;;;;;;;;;;;;;
bjeren_adj;Bjeren;;;;;;;;;;;;;
bjeren_desc;Bjeren;;;;;;;;;;;;;
c_bjeren;Bjeren;;;;;;;;;;;;;
c_bjeren_adj;Bjeren;;;;;;;;;;;;;
c_bjeren_desc;Bjeren;;;;;;;;;;;;;
PROV674;Bjeren;;;;;;;;;;;;;
PROV674_adj;Bjeren;;;;;;;;;;;;;
PROV674_desc;Bjeren;;;;;;;;;;;;;
b_bjeren;Bjeren;;;;;;;;;;;;;
b_bjeren_adj;Bjeren;;;;;;;;;;;;;
b_bjeren_desc;Bjeren;;;;;;;;;;;;;
b_bjeren2;Bjeren2;;;;;;;;;;;;;
b_bjeren2_adj;Bjeren2;;;;;;;;;;;;;
b_bjeren2_desc;Bjeren2;;;;;;;;;;;;;
nyslund;Nyslund;;;;;;;;;;;;;
nyslund_adj;Nyslund;;;;;;;;;;;;;
nyslund_desc;Nyslund;;;;;;;;;;;;;
c_nyslund;Nyslund;;;;;;;;;;;;;
c_nyslund_adj;Nyslund;;;;;;;;;;;;;
c_nyslund_desc;Nyslund;;;;;;;;;;;;;
PROV675;Nyslund;;;;;;;;;;;;;
PROV675_adj;Nyslund;;;;;;;;;;;;;
PROV675_desc;Nyslund;;;;;;;;;;;;;
b_nyslund;Nyslund;;;;;;;;;;;;;
b_nyslund_adj;Nyslund;;;;;;;;;;;;;
b_nyslund_desc;Nyslund;;;;;;;;;;;;;
b_nyslund2;Nyslund2;;;;;;;;;;;;;
b_nyslund2_adj;Nyslund2;;;;;;;;;;;;;
b_nyslund2_desc;Nyslund2;;;;;;;;;;;;;
heggenes;Heggenes;;;;;;;;;;;;;
heggenes_adj;Heggenes;;;;;;;;;;;;;
heggenes_desc;Heggenes;;;;;;;;;;;;;
c_heggenes;Heggenes;;;;;;;;;;;;;
c_heggenes_adj;Heggenes;;;;;;;;;;;;;
c_heggenes_desc;Heggenes;;;;;;;;;;;;;
PROV676;Heggenes;;;;;;;;;;;;;
PROV676_adj;Heggenes;;;;;;;;;;;;;
PROV676_desc;Heggenes;;;;;;;;;;;;;
b_heggenes;Heggenes;;;;;;;;;;;;;
b_heggenes_adj;Heggenes;;;;;;;;;;;;;
b_heggenes_desc;Heggenes;;;;;;;;;;;;;
b_heggenes2;Heggenes2;;;;;;;;;;;;;
b_heggenes2_adj;Heggenes2;;;;;;;;;;;;;
b_heggenes2_desc;Heggenes2;;;;;;;;;;;;;
ornfell;Ornfell;;;;;;;;;;;;;
ornfell_adj;Ornfell;;;;;;;;;;;;;
ornfell_desc;Ornfell;;;;;;;;;;;;;
d_ornfell;Ornfell;;;;;;;;;;;;;
d_ornfell_adj;Ornfell;;;;;;;;;;;;;
d_ornfell_desc;Ornfell;;;;;;;;;;;;;
vervik;Vervik;;;;;;;;;;;;;
vervik_adj;Vervik;;;;;;;;;;;;;
vervik_desc;Vervik;;;;;;;;;;;;;
c_vervik;Vervik;;;;;;;;;;;;;
c_vervik_adj;Vervik;;;;;;;;;;;;;
c_vervik_desc;Vervik;;;;;;;;;;;;;
PROV677;Vervik;;;;;;;;;;;;;
PROV677_adj;Vervik;;;;;;;;;;;;;
PROV677_desc;Vervik;;;;;;;;;;;;;
b_vervik;Vervik;;;;;;;;;;;;;
b_vervik_adj;Vervik;;;;;;;;;;;;;
b_vervik_desc;Vervik;;;;;;;;;;;;;
b_vervik2;Vervik2;;;;;;;;;;;;;
b_vervik2_adj;Vervik2;;;;;;;;;;;;;
b_vervik2_desc;Vervik2;;;;;;;;;;;;;
iseney;Iseney;;;;;;;;;;;;;
iseney_adj;Iseney;;;;;;;;;;;;;
iseney_desc;Iseney;;;;;;;;;;;;;
c_iseney;Iseney;;;;;;;;;;;;;
c_iseney_adj;Iseney;;;;;;;;;;;;;
c_iseney_desc;Iseney;;;;;;;;;;;;;
PROV678;Iseney;;;;;;;;;;;;;
PROV678_adj;Iseney;;;;;;;;;;;;;
PROV678_desc;Iseney;;;;;;;;;;;;;
b_iseney;Iseney;;;;;;;;;;;;;
b_iseney_adj;Iseney;;;;;;;;;;;;;
b_iseney_desc;Iseney;;;;;;;;;;;;;
b_iseney2;Iseney2;;;;;;;;;;;;;
b_iseney2_adj;Iseney2;;;;;;;;;;;;;
b_iseney2_desc;Iseney2;;;;;;;;;;;;;
stronvik;Stronvik;;;;;;;;;;;;;
stronvik_adj;Stronvik;;;;;;;;;;;;;
stronvik_desc;Stronvik;;;;;;;;;;;;;
d_stronvik;Stronvik;;;;;;;;;;;;;
d_stronvik_adj;Stronvik;;;;;;;;;;;;;
d_stronvik_desc;Stronvik;;;;;;;;;;;;;
milslund;Milslund;;;;;;;;;;;;;
milslund_adj;Milslund;;;;;;;;;;;;;
milslund_desc;Milslund;;;;;;;;;;;;;
c_milslund;Milslund;;;;;;;;;;;;;
c_milslund_adj;Milslund;;;;;;;;;;;;;
c_milslund_desc;Milslund;;;;;;;;;;;;;
PROV679;Milslund;;;;;;;;;;;;;
PROV679_adj;Milslund;;;;;;;;;;;;;
PROV679_desc;Milslund;;;;;;;;;;;;;
b_milslund;Milslund;;;;;;;;;;;;;
b_milslund_adj;Milslund;;;;;;;;;;;;;
b_milslund_desc;Milslund;;;;;;;;;;;;;
b_milslund2;Milslund2;;;;;;;;;;;;;
b_milslund2_adj;Milslund2;;;;;;;;;;;;;
b_milslund2_desc;Milslund2;;;;;;;;;;;;;
buldarey;Buldarey;;;;;;;;;;;;;
buldarey_adj;Buldarey;;;;;;;;;;;;;
buldarey_desc;Buldarey;;;;;;;;;;;;;
c_buldarey;Buldarey;;;;;;;;;;;;;
c_buldarey_adj;Buldarey;;;;;;;;;;;;;
c_buldarey_desc;Buldarey;;;;;;;;;;;;;
PROV680;Buldarey;;;;;;;;;;;;;
PROV680_adj;Buldarey;;;;;;;;;;;;;
PROV680_desc;Buldarey;;;;;;;;;;;;;
b_buldarey;Buldarey;;;;;;;;;;;;;
b_buldarey_adj;Buldarey;;;;;;;;;;;;;
b_buldarey_desc;Buldarey;;;;;;;;;;;;;
b_buldarey2;Buldarey2;;;;;;;;;;;;;
b_buldarey2_adj;Buldarey2;;;;;;;;;;;;;
b_buldarey2_desc;Buldarey2;;;;;;;;;;;;;
sandvik;Sandvik;;;;;;;;;;;;;
sandvik_adj;Sandvik;;;;;;;;;;;;;
sandvik_desc;Sandvik;;;;;;;;;;;;;
c_sandvik;Sandvik;;;;;;;;;;;;;
c_sandvik_adj;Sandvik;;;;;;;;;;;;;
c_sandvik_desc;Sandvik;;;;;;;;;;;;;
PROV681;Sandvik;;;;;;;;;;;;;
PROV681_adj;Sandvik;;;;;;;;;;;;;
PROV681_desc;Sandvik;;;;;;;;;;;;;
b_sandvik;Sandvik;;;;;;;;;;;;;
b_sandvik_adj;Sandvik;;;;;;;;;;;;;
b_sandvik_desc;Sandvik;;;;;;;;;;;;;
b_sandvik2;Sandvik2;;;;;;;;;;;;;
b_sandvik2_adj;Sandvik2;;;;;;;;;;;;;
b_sandvik2_desc;Sandvik2;;;;;;;;;;;;;
raundey;Raundey;;;;;;;;;;;;;
raundey_adj;Raundey;;;;;;;;;;;;;
raundey_desc;Raundey;;;;;;;;;;;;;
c_raundey;Raundey;;;;;;;;;;;;;
c_raundey_adj;Raundey;;;;;;;;;;;;;
c_raundey_desc;Raundey;;;;;;;;;;;;;
PROV682;Raundey;;;;;;;;;;;;;
PROV682_adj;Raundey;;;;;;;;;;;;;
PROV682_desc;Raundey;;;;;;;;;;;;;
b_raundey;Raundey;;;;;;;;;;;;;
b_raundey_adj;Raundey;;;;;;;;;;;;;
b_raundey_desc;Raundey;;;;;;;;;;;;;
b_raundey2;Raundey2;;;;;;;;;;;;;
b_raundey2_adj;Raundey2;;;;;;;;;;;;;
b_raundey2_desc;Raundey2;;;;;;;;;;;;;
arasoya;Arasoya;;;;;;;;;;;;;
arasoya_adj;Arasoya;;;;;;;;;;;;;
arasoya_desc;Arasoya;;;;;;;;;;;;;
c_arasoya;Arasoya;;;;;;;;;;;;;
c_arasoya_adj;Arasoya;;;;;;;;;;;;;
c_arasoya_desc;Arasoya;;;;;;;;;;;;;
PROV683;Arasoya;;;;;;;;;;;;;
PROV683_adj;Arasoya;;;;;;;;;;;;;
PROV683_desc;Arasoya;;;;;;;;;;;;;
b_arasoya;Arasoya;;;;;;;;;;;;;
b_arasoya_adj;Arasoya;;;;;;;;;;;;;
b_arasoya_desc;Arasoya;;;;;;;;;;;;;
b_arasoya2;Arasoya2;;;;;;;;;;;;;
b_arasoya2_adj;Arasoya2;;;;;;;;;;;;;
b_arasoya2_desc;Arasoya2;;;;;;;;;;;;;
ullnes;Ullnes;;;;;;;;;;;;;
ullnes_adj;Ullnes;;;;;;;;;;;;;
ullnes_desc;Ullnes;;;;;;;;;;;;;
d_ullnes;Ullnes;;;;;;;;;;;;;
d_ullnes_adj;Ullnes;;;;;;;;;;;;;
d_ullnes_desc;Ullnes;;;;;;;;;;;;;
eneby;Eneby;;;;;;;;;;;;;
eneby_adj;Eneby;;;;;;;;;;;;;
eneby_desc;Eneby;;;;;;;;;;;;;
c_eneby;Eneby;;;;;;;;;;;;;
c_eneby_adj;Eneby;;;;;;;;;;;;;
c_eneby_desc;Eneby;;;;;;;;;;;;;
PROV684;Eneby;;;;;;;;;;;;;
PROV684_adj;Eneby;;;;;;;;;;;;;
PROV684_desc;Eneby;;;;;;;;;;;;;
b_eneby;Eneby;;;;;;;;;;;;;
b_eneby_adj;Eneby;;;;;;;;;;;;;
b_eneby_desc;Eneby;;;;;;;;;;;;;
b_eneby2;Eneby2;;;;;;;;;;;;;
b_eneby2_adj;Eneby2;;;;;;;;;;;;;
b_eneby2_desc;Eneby2;;;;;;;;;;;;;
ravnholt;Ravnholt;;;;;;;;;;;;;
ravnholt_adj;Ravnholt;;;;;;;;;;;;;
ravnholt_desc;Ravnholt;;;;;;;;;;;;;
k_ravnholt;Ravnholt;;;;;;;;;;;;;
k_ravnholt_adj;Ravnholt;;;;;;;;;;;;;
k_ravnholt_desc;Ravnholt;;;;;;;;;;;;;
balfell;Balfell;;;;;;;;;;;;;
balfell_adj;Balfell;;;;;;;;;;;;;
balfell_desc;Balfell;;;;;;;;;;;;;
d_balfell;Balfell;;;;;;;;;;;;;
d_balfell_adj;Balfell;;;;;;;;;;;;;
d_balfell_desc;Balfell;;;;;;;;;;;;;
sleney;Sleney;;;;;;;;;;;;;
sleney_adj;Sleney;;;;;;;;;;;;;
sleney_desc;Sleney;;;;;;;;;;;;;
c_sleney;Sleney;;;;;;;;;;;;;
c_sleney_adj;Sleney;;;;;;;;;;;;;
c_sleney_desc;Sleney;;;;;;;;;;;;;
PROV685;Sleney;;;;;;;;;;;;;
PROV685_adj;Sleney;;;;;;;;;;;;;
PROV685_desc;Sleney;;;;;;;;;;;;;
b_sleney;Sleney;;;;;;;;;;;;;
b_sleney_adj;Sleney;;;;;;;;;;;;;
b_sleney_desc;Sleney;;;;;;;;;;;;;
b_sleney2;Sleney2;;;;;;;;;;;;;
b_sleney2_adj;Sleney2;;;;;;;;;;;;;
b_sleney2_desc;Sleney2;;;;;;;;;;;;;
tysey;Tysey;;;;;;;;;;;;;
tysey_adj;Tysey;;;;;;;;;;;;;
tysey_desc;Tysey;;;;;;;;;;;;;
c_tysey;Tysey;;;;;;;;;;;;;
c_tysey_adj;Tysey;;;;;;;;;;;;;
c_tysey_desc;Tysey;;;;;;;;;;;;;
PROV686;Tysey;;;;;;;;;;;;;
PROV686_adj;Tysey;;;;;;;;;;;;;
PROV686_desc;Tysey;;;;;;;;;;;;;
b_tysey;Tysey;;;;;;;;;;;;;
b_tysey_adj;Tysey;;;;;;;;;;;;;
b_tysey_desc;Tysey;;;;;;;;;;;;;
b_tysey2;Tysey2;;;;;;;;;;;;;
b_tysey2_adj;Tysey2;;;;;;;;;;;;;
b_tysey2_desc;Tysey2;;;;;;;;;;;;;
brunfell;Brunfell;;;;;;;;;;;;;
brunfell_adj;Brunfell;;;;;;;;;;;;;
brunfell_desc;Brunfell;;;;;;;;;;;;;
d_brunfell;Brunfell;;;;;;;;;;;;;
d_brunfell_adj;Brunfell;;;;;;;;;;;;;
d_brunfell_desc;Brunfell;;;;;;;;;;;;;
husavik;Husavik;;;;;;;;;;;;;
husavik_adj;Husavik;;;;;;;;;;;;;
husavik_desc;Husavik;;;;;;;;;;;;;
c_husavik;Husavik;;;;;;;;;;;;;
c_husavik_adj;Husavik;;;;;;;;;;;;;
c_husavik_desc;Husavik;;;;;;;;;;;;;
PROV687;Husavik;;;;;;;;;;;;;
PROV687_adj;Husavik;;;;;;;;;;;;;
PROV687_desc;Husavik;;;;;;;;;;;;;
b_husavik;Husavik;;;;;;;;;;;;;
b_husavik_adj;Husavik;;;;;;;;;;;;;
b_husavik_desc;Husavik;;;;;;;;;;;;;
b_husavik2;Husavik2;;;;;;;;;;;;;
b_husavik2_adj;Husavik2;;;;;;;;;;;;;
b_husavik2_desc;Husavik2;;;;;;;;;;;;;
stradvik;Stradvik;;;;;;;;;;;;;
stradvik_adj;Stradvik;;;;;;;;;;;;;
stradvik_desc;Stradvik;;;;;;;;;;;;;
c_stradvik;Stradvik;;;;;;;;;;;;;
c_stradvik_adj;Stradvik;;;;;;;;;;;;;
c_stradvik_desc;Stradvik;;;;;;;;;;;;;
PROV688;Stradvik;;;;;;;;;;;;;
PROV688_adj;Stradvik;;;;;;;;;;;;;
PROV688_desc;Stradvik;;;;;;;;;;;;;
b_stradvik;Stradvik;;;;;;;;;;;;;
b_stradvik_adj;Stradvik;;;;;;;;;;;;;
b_stradvik_desc;Stradvik;;;;;;;;;;;;;
b_stradvik2;Stradvik2;;;;;;;;;;;;;
b_stradvik2_adj;Stradvik2;;;;;;;;;;;;;
b_stradvik2_desc;Stradvik2;;;;;;;;;;;;;
halheim;Halheim;;;;;;;;;;;;;
halheim_adj;Halheim;;;;;;;;;;;;;
halheim_desc;Halheim;;;;;;;;;;;;;
c_halheim;Halheim;;;;;;;;;;;;;
c_halheim_adj;Halheim;;;;;;;;;;;;;
c_halheim_desc;Halheim;;;;;;;;;;;;;
PROV689;Halheim;;;;;;;;;;;;;
PROV689_adj;Halheim;;;;;;;;;;;;;
PROV689_desc;Halheim;;;;;;;;;;;;;
b_halheim;Halheim;;;;;;;;;;;;;
b_halheim_adj;Halheim;;;;;;;;;;;;;
b_halheim_desc;Halheim;;;;;;;;;;;;;
b_halheim2;Halheim2;;;;;;;;;;;;;
b_halheim2_adj;Halheim2;;;;;;;;;;;;;
b_halheim2_desc;Halheim2;;;;;;;;;;;;;
haugheim;Haugheim;;;;;;;;;;;;;
haugheim_adj;Haugheim;;;;;;;;;;;;;
haugheim_desc;Haugheim;;;;;;;;;;;;;
c_haugheim;Haugheim;;;;;;;;;;;;;
c_haugheim_adj;Haugheim;;;;;;;;;;;;;
c_haugheim_desc;Haugheim;;;;;;;;;;;;;
PROV690;Haugheim;;;;;;;;;;;;;
PROV690_adj;Haugheim;;;;;;;;;;;;;
PROV690_desc;Haugheim;;;;;;;;;;;;;
b_haugheim;Haugheim;;;;;;;;;;;;;
b_haugheim_adj;Haugheim;;;;;;;;;;;;;
b_haugheim_desc;Haugheim;;;;;;;;;;;;;
b_haugheim2;Haugheim2;;;;;;;;;;;;;
b_haugheim2_adj;Haugheim2;;;;;;;;;;;;;
b_haugheim2_desc;Haugheim2;;;;;;;;;;;;;
hundheim;Hundheim;;;;;;;;;;;;;
hundheim_adj;Hundheim;;;;;;;;;;;;;
hundheim_desc;Hundheim;;;;;;;;;;;;;
c_hundheim;Hundheim;;;;;;;;;;;;;
c_hundheim_adj;Hundheim;;;;;;;;;;;;;
c_hundheim_desc;Hundheim;;;;;;;;;;;;;
PROV691;Hundheim;;;;;;;;;;;;;
PROV691_adj;Hundheim;;;;;;;;;;;;;
PROV691_desc;Hundheim;;;;;;;;;;;;;
b_hundheim;Hundheim;;;;;;;;;;;;;
b_hundheim_adj;Hundheim;;;;;;;;;;;;;
b_hundheim_desc;Hundheim;;;;;;;;;;;;;
b_hundheim2;Hundheim2;;;;;;;;;;;;;
b_hundheim2_adj;Hundheim2;;;;;;;;;;;;;
b_hundheim2_desc;Hundheim2;;;;;;;;;;;;;
rekesvik;Rekesvik;;;;;;;;;;;;;
rekesvik_adj;Rekesvik;;;;;;;;;;;;;
rekesvik_desc;Rekesvik;;;;;;;;;;;;;
c_rekesvik;Rekesvik;;;;;;;;;;;;;
c_rekesvik_adj;Rekesvik;;;;;;;;;;;;;
c_rekesvik_desc;Rekesvik;;;;;;;;;;;;;
PROV692;Rekesvik;;;;;;;;;;;;;
PROV692_adj;Rekesvik;;;;;;;;;;;;;
PROV692_desc;Rekesvik;;;;;;;;;;;;;
b_rekesvik;Rekesvik;;;;;;;;;;;;;
b_rekesvik_adj;Rekesvik;;;;;;;;;;;;;
b_rekesvik_desc;Rekesvik;;;;;;;;;;;;;
b_rekesvik2;Rekesvik2;;;;;;;;;;;;;
b_rekesvik2_adj;Rekesvik2;;;;;;;;;;;;;
b_rekesvik2_desc;Rekesvik2;;;;;;;;;;;;;
stenvik;Stenvik;;;;;;;;;;;;;
stenvik_adj;Stenvik;;;;;;;;;;;;;
stenvik_desc;Stenvik;;;;;;;;;;;;;
d_stenvik;Stenvik;;;;;;;;;;;;;
d_stenvik_adj;Stenvik;;;;;;;;;;;;;
d_stenvik_desc;Stenvik;;;;;;;;;;;;;
kotheim;Kotheim;;;;;;;;;;;;;
kotheim_adj;Kotheim;;;;;;;;;;;;;
kotheim_desc;Kotheim;;;;;;;;;;;;;
c_kotheim;Kotheim;;;;;;;;;;;;;
c_kotheim_adj;Kotheim;;;;;;;;;;;;;
c_kotheim_desc;Kotheim;;;;;;;;;;;;;
PROV693;Kotheim;;;;;;;;;;;;;
PROV693_adj;Kotheim;;;;;;;;;;;;;
PROV693_desc;Kotheim;;;;;;;;;;;;;
b_kotheim;Kotheim;;;;;;;;;;;;;
b_kotheim_adj;Kotheim;;;;;;;;;;;;;
b_kotheim_desc;Kotheim;;;;;;;;;;;;;
b_kotheim2;Kotheim2;;;;;;;;;;;;;
b_kotheim2_adj;Kotheim2;;;;;;;;;;;;;
b_kotheim2_desc;Kotheim2;;;;;;;;;;;;;
kullheim;Kullheim;;;;;;;;;;;;;
kullheim_adj;Kullheim;;;;;;;;;;;;;
kullheim_desc;Kullheim;;;;;;;;;;;;;
c_kullheim;Kullheim;;;;;;;;;;;;;
c_kullheim_adj;Kullheim;;;;;;;;;;;;;
c_kullheim_desc;Kullheim;;;;;;;;;;;;;
PROV694;Kullheim;;;;;;;;;;;;;
PROV694_adj;Kullheim;;;;;;;;;;;;;
PROV694_desc;Kullheim;;;;;;;;;;;;;
b_kullheim;Kullheim;;;;;;;;;;;;;
b_kullheim_adj;Kullheim;;;;;;;;;;;;;
b_kullheim_desc;Kullheim;;;;;;;;;;;;;
b_kullheim2;Kullheim2;;;;;;;;;;;;;
b_kullheim2_adj;Kullheim2;;;;;;;;;;;;;
b_kullheim2_desc;Kullheim2;;;;;;;;;;;;;
tellevag;Tellevag;;;;;;;;;;;;;
tellevag_adj;Tellevag;;;;;;;;;;;;;
tellevag_desc;Tellevag;;;;;;;;;;;;;
c_tellevag;Tellevag;;;;;;;;;;;;;
c_tellevag_adj;Tellevag;;;;;;;;;;;;;
c_tellevag_desc;Tellevag;;;;;;;;;;;;;
PROV695;Tellevag;;;;;;;;;;;;;
PROV695_adj;Tellevag;;;;;;;;;;;;;
PROV695_desc;Tellevag;;;;;;;;;;;;;
b_tellevag;Tellevag;;;;;;;;;;;;;
b_tellevag_adj;Tellevag;;;;;;;;;;;;;
b_tellevag_desc;Tellevag;;;;;;;;;;;;;
b_tellevag2;Tellevag2;;;;;;;;;;;;;
b_tellevag2_adj;Tellevag2;;;;;;;;;;;;;
b_tellevag2_desc;Tellevag2;;;;;;;;;;;;;
rekeheim;Rekeheim;;;;;;;;;;;;;
rekeheim_adj;Rekeheim;;;;;;;;;;;;;
rekeheim_desc;Rekeheim;;;;;;;;;;;;;
c_rekeheim;Rekeheim;;;;;;;;;;;;;
c_rekeheim_adj;Rekeheim;;;;;;;;;;;;;
c_rekeheim_desc;Rekeheim;;;;;;;;;;;;;
PROV696;Rekeheim;;;;;;;;;;;;;
PROV696_adj;Rekeheim;;;;;;;;;;;;;
PROV696_desc;Rekeheim;;;;;;;;;;;;;
b_rekeheim;Rekeheim;;;;;;;;;;;;;
b_rekeheim_adj;Rekeheim;;;;;;;;;;;;;
b_rekeheim_desc;Rekeheim;;;;;;;;;;;;;
b_rekeheim2;Rekeheim2;;;;;;;;;;;;;
b_rekeheim2_adj;Rekeheim2;;;;;;;;;;;;;
b_rekeheim2_desc;Rekeheim2;;;;;;;;;;;;;
stonvar;Stonvar;;;;;;;;;;;;;
stonvar_adj;Stonvar;;;;;;;;;;;;;
stonvar_desc;Stonvar;;;;;;;;;;;;;
d_stonvar;Stonvar;;;;;;;;;;;;;
d_stonvar_adj;Stonvar;;;;;;;;;;;;;
d_stonvar_desc;Stonvar;;;;;;;;;;;;;
lutesfishheim;Lutesfishheim;;;;;;;;;;;;;
lutesfishheim_adj;Lutesfishheim;;;;;;;;;;;;;
lutesfishheim_desc;Lutesfishheim;;;;;;;;;;;;;
c_lutesfishheim;Lutesfishheim;;;;;;;;;;;;;
c_lutesfishheim_adj;Lutesfishheim;;;;;;;;;;;;;
c_lutesfishheim_desc;Lutesfishheim;;;;;;;;;;;;;
PROV697;Lutesfishheim;;;;;;;;;;;;;
PROV697_adj;Lutesfishheim;;;;;;;;;;;;;
PROV697_desc;Lutesfishheim;;;;;;;;;;;;;
b_lutesfishheim;Lutesfishheim;;;;;;;;;;;;;
b_lutesfishheim_adj;Lutesfishheim;;;;;;;;;;;;;
b_lutesfishheim_desc;Lutesfishheim;;;;;;;;;;;;;
b_lutesfishheim2;Lutesfishheim2;;;;;;;;;;;;;
b_lutesfishheim2_adj;Lutesfishheim2;;;;;;;;;;;;;
b_lutesfishheim2_desc;Lutesfishheim2;;;;;;;;;;;;;
torskheim;Torskheim;;;;;;;;;;;;;
torskheim_adj;Torskheim;;;;;;;;;;;;;
torskheim_desc;Torskheim;;;;;;;;;;;;;
c_torskheim;Torskheim;;;;;;;;;;;;;
c_torskheim_adj;Torskheim;;;;;;;;;;;;;
c_torskheim_desc;Torskheim;;;;;;;;;;;;;
PROV698;Torskheim;;;;;;;;;;;;;
PROV698_adj;Torskheim;;;;;;;;;;;;;
PROV698_desc;Torskheim;;;;;;;;;;;;;
b_torskheim;Torskheim;;;;;;;;;;;;;
b_torskheim_adj;Torskheim;;;;;;;;;;;;;
b_torskheim_desc;Torskheim;;;;;;;;;;;;;
b_torskheim2;Torskheim2;;;;;;;;;;;;;
b_torskheim2_adj;Torskheim2;;;;;;;;;;;;;
b_torskheim2_desc;Torskheim2;;;;;;;;;;;;;
viksalbard;Viksalbard;;;;;;;;;;;;;
viksalbard_adj;Viksalbard;;;;;;;;;;;;;
viksalbard_desc;Viksalbard;;;;;;;;;;;;;
k_viksalbard;Viksalbard;;;;;;;;;;;;;
k_viksalbard_adj;Viksalbard;;;;;;;;;;;;;
k_viksalbard_desc;Viksalbard;;;;;;;;;;;;;
brensholmen;Brensholmen;;;;;;;;;;;;;
brensholmen_adj;Brensholmen;;;;;;;;;;;;;
brensholmen_desc;Brensholmen;;;;;;;;;;;;;
d_brensholmen;Brensholmen;;;;;;;;;;;;;
d_brensholmen_adj;Brensholmen;;;;;;;;;;;;;
d_brensholmen_desc;Brensholmen;;;;;;;;;;;;;
middeland;Middeland;;;;;;;;;;;;;
middeland_adj;Middeland;;;;;;;;;;;;;
middeland_desc;Middeland;;;;;;;;;;;;;
c_middeland;Middeland;;;;;;;;;;;;;
c_middeland_adj;Middeland;;;;;;;;;;;;;
c_middeland_desc;Middeland;;;;;;;;;;;;;
PROV699;Middeland;;;;;;;;;;;;;
PROV699_adj;Middeland;;;;;;;;;;;;;
PROV699_desc;Middeland;;;;;;;;;;;;;
b_middeland;Middeland;;;;;;;;;;;;;
b_middeland_adj;Middeland;;;;;;;;;;;;;
b_middeland_desc;Middeland;;;;;;;;;;;;;
b_middeland2;Middeland2;;;;;;;;;;;;;
b_middeland2_adj;Middeland2;;;;;;;;;;;;;
b_middeland2_desc;Middeland2;;;;;;;;;;;;;
svenlandet;Svenlandet;;;;;;;;;;;;;
svenlandet_adj;Svenlandet;;;;;;;;;;;;;
svenlandet_desc;Svenlandet;;;;;;;;;;;;;
c_svenlandet;Svenlandet;;;;;;;;;;;;;
c_svenlandet_adj;Svenlandet;;;;;;;;;;;;;
c_svenlandet_desc;Svenlandet;;;;;;;;;;;;;
PROV700;Svenlandet;;;;;;;;;;;;;
PROV700_adj;Svenlandet;;;;;;;;;;;;;
PROV700_desc;Svenlandet;;;;;;;;;;;;;
b_svenlandet;Svenlandet;;;;;;;;;;;;;
b_svenlandet_adj;Svenlandet;;;;;;;;;;;;;
b_svenlandet_desc;Svenlandet;;;;;;;;;;;;;
b_svenlandet2;Svenlandet2;;;;;;;;;;;;;
b_svenlandet2_adj;Svenlandet2;;;;;;;;;;;;;
b_svenlandet2_desc;Svenlandet2;;;;;;;;;;;;;
langbyen;Langbyen;;;;;;;;;;;;;
langbyen_adj;Langbyen;;;;;;;;;;;;;
langbyen_desc;Langbyen;;;;;;;;;;;;;
c_langbyen;Langbyen;;;;;;;;;;;;;
c_langbyen_adj;Langbyen;;;;;;;;;;;;;
c_langbyen_desc;Langbyen;;;;;;;;;;;;;
PROV701;Langbyen;;;;;;;;;;;;;
PROV701_adj;Langbyen;;;;;;;;;;;;;
PROV701_desc;Langbyen;;;;;;;;;;;;;
b_langbyen;Langbyen;;;;;;;;;;;;;
b_langbyen_adj;Langbyen;;;;;;;;;;;;;
b_langbyen_desc;Langbyen;;;;;;;;;;;;;
b_langbyen2;Langbyen2;;;;;;;;;;;;;
b_langbyen2_adj;Langbyen2;;;;;;;;;;;;;
b_langbyen2_desc;Langbyen2;;;;;;;;;;;;;
nornhavn;Nornhavn;;;;;;;;;;;;;
nornhavn_adj;Nornhavn;;;;;;;;;;;;;
nornhavn_desc;Nornhavn;;;;;;;;;;;;;
c_nornhavn;Nornhavn;;;;;;;;;;;;;
c_nornhavn_adj;Nornhavn;;;;;;;;;;;;;
c_nornhavn_desc;Nornhavn;;;;;;;;;;;;;
PROV702;Nornhavn;;;;;;;;;;;;;
PROV702_adj;Nornhavn;;;;;;;;;;;;;
PROV702_desc;Nornhavn;;;;;;;;;;;;;
b_nornhavn;Nornhavn;;;;;;;;;;;;;
b_nornhavn_adj;Nornhavn;;;;;;;;;;;;;
b_nornhavn_desc;Nornhavn;;;;;;;;;;;;;
b_nornhavn2;Nornhavn2;;;;;;;;;;;;;
b_nornhavn2_adj;Nornhavn2;;;;;;;;;;;;;
b_nornhavn2_desc;Nornhavn2;;;;;;;;;;;;;
brorstad;Brorstad;;;;;;;;;;;;;
brorstad_adj;Brorstad;;;;;;;;;;;;;
brorstad_desc;Brorstad;;;;;;;;;;;;;
d_brorstad;Brorstad;;;;;;;;;;;;;
d_brorstad_adj;Brorstad;;;;;;;;;;;;;
d_brorstad_desc;Brorstad;;;;;;;;;;;;;
botn;Botn;;;;;;;;;;;;;
botn_adj;Botn;;;;;;;;;;;;;
botn_desc;Botn;;;;;;;;;;;;;
c_botn;Botn;;;;;;;;;;;;;
c_botn_adj;Botn;;;;;;;;;;;;;
c_botn_desc;Botn;;;;;;;;;;;;;
PROV703;Botn;;;;;;;;;;;;;
PROV703_adj;Botn;;;;;;;;;;;;;
PROV703_desc;Botn;;;;;;;;;;;;;
b_botn;Botn;;;;;;;;;;;;;
b_botn_adj;Botn;;;;;;;;;;;;;
b_botn_desc;Botn;;;;;;;;;;;;;
b_botn2;Botn2;;;;;;;;;;;;;
b_botn2_adj;Botn2;;;;;;;;;;;;;
b_botn2_desc;Botn2;;;;;;;;;;;;;
selfvik;Selfvik;;;;;;;;;;;;;
selfvik_adj;Selfvik;;;;;;;;;;;;;
selfvik_desc;Selfvik;;;;;;;;;;;;;
c_selfvik;Selfvik;;;;;;;;;;;;;
c_selfvik_adj;Selfvik;;;;;;;;;;;;;
c_selfvik_desc;Selfvik;;;;;;;;;;;;;
PROV704;Selfvik;;;;;;;;;;;;;
PROV704_adj;Selfvik;;;;;;;;;;;;;
PROV704_desc;Selfvik;;;;;;;;;;;;;
b_selfvik;Selfvik;;;;;;;;;;;;;
b_selfvik_adj;Selfvik;;;;;;;;;;;;;
b_selfvik_desc;Selfvik;;;;;;;;;;;;;
b_selfvik2;Selfvik2;;;;;;;;;;;;;
b_selfvik2_adj;Selfvik2;;;;;;;;;;;;;
b_selfvik2_desc;Selfvik2;;;;;;;;;;;;;
seilaland;Seilaland;;;;;;;;;;;;;
seilaland_adj;Seilaland;;;;;;;;;;;;;
seilaland_desc;Seilaland;;;;;;;;;;;;;
c_seilaland;Seilaland;;;;;;;;;;;;;
c_seilaland_adj;Seilaland;;;;;;;;;;;;;
c_seilaland_desc;Seilaland;;;;;;;;;;;;;
PROV705;Seilaland;;;;;;;;;;;;;
PROV705_adj;Seilaland;;;;;;;;;;;;;
PROV705_desc;Seilaland;;;;;;;;;;;;;
b_seilaland;Seilaland;;;;;;;;;;;;;
b_seilaland_adj;Seilaland;;;;;;;;;;;;;
b_seilaland_desc;Seilaland;;;;;;;;;;;;;
b_seilaland2;Seilaland2;;;;;;;;;;;;;
b_seilaland2_adj;Seilaland2;;;;;;;;;;;;;
b_seilaland2_desc;Seilaland2;;;;;;;;;;;;;
sundland;Sundland;;;;;;;;;;;;;
sundland_adj;Sundland;;;;;;;;;;;;;
sundland_desc;Sundland;;;;;;;;;;;;;
c_sundland;Sundland;;;;;;;;;;;;;
c_sundland_adj;Sundland;;;;;;;;;;;;;
c_sundland_desc;Sundland;;;;;;;;;;;;;
PROV706;Sundland;;;;;;;;;;;;;
PROV706_adj;Sundland;;;;;;;;;;;;;
PROV706_desc;Sundland;;;;;;;;;;;;;
b_sundland;Sundland;;;;;;;;;;;;;
b_sundland_adj;Sundland;;;;;;;;;;;;;
b_sundland_desc;Sundland;;;;;;;;;;;;;
b_sundland2;Sundland2;;;;;;;;;;;;;
b_sundland2_adj;Sundland2;;;;;;;;;;;;;
b_sundland2_desc;Sundland2;;;;;;;;;;;;;
gamlevik;Gamlevik;;;;;;;;;;;;;
gamlevik_adj;Gamlevik;;;;;;;;;;;;;
gamlevik_desc;Gamlevik;;;;;;;;;;;;;
d_gamlevik;Gamlevik;;;;;;;;;;;;;
d_gamlevik_adj;Gamlevik;;;;;;;;;;;;;
d_gamlevik_desc;Gamlevik;;;;;;;;;;;;;
c_gamlevik;Gamlevik;;;;;;;;;;;;;
c_gamlevik_adj;Gamlevik;;;;;;;;;;;;;
c_gamlevik_desc;Gamlevik;;;;;;;;;;;;;
PROV707;Gamlevik;;;;;;;;;;;;;
PROV707_adj;Gamlevik;;;;;;;;;;;;;
PROV707_desc;Gamlevik;;;;;;;;;;;;;
b_gamlevik;Gamlevik;;;;;;;;;;;;;
b_gamlevik_adj;Gamlevik;;;;;;;;;;;;;
b_gamlevik_desc;Gamlevik;;;;;;;;;;;;;
b_gamlevik2;Gamlevik2;;;;;;;;;;;;;
b_gamlevik2_adj;Gamlevik2;;;;;;;;;;;;;
b_gamlevik2_desc;Gamlevik2;;;;;;;;;;;;;
ripefjord;Ripefjord;;;;;;;;;;;;;
ripefjord_adj;Ripefjord;;;;;;;;;;;;;
ripefjord_desc;Ripefjord;;;;;;;;;;;;;
c_ripefjord;Ripefjord;;;;;;;;;;;;;
c_ripefjord_adj;Ripefjord;;;;;;;;;;;;;
c_ripefjord_desc;Ripefjord;;;;;;;;;;;;;
PROV708;Ripefjord;;;;;;;;;;;;;
PROV708_adj;Ripefjord;;;;;;;;;;;;;
PROV708_desc;Ripefjord;;;;;;;;;;;;;
b_ripefjord;Ripefjord;;;;;;;;;;;;;
b_ripefjord_adj;Ripefjord;;;;;;;;;;;;;
b_ripefjord_desc;Ripefjord;;;;;;;;;;;;;
b_ripefjord2;Ripefjord2;;;;;;;;;;;;;
b_ripefjord2_adj;Ripefjord2;;;;;;;;;;;;;
b_ripefjord2_desc;Ripefjord2;;;;;;;;;;;;;
hellefjord;Hellefjord;;;;;;;;;;;;;
hellefjord_adj;Hellefjord;;;;;;;;;;;;;
hellefjord_desc;Hellefjord;;;;;;;;;;;;;
c_hellefjord;Hellefjord;;;;;;;;;;;;;
c_hellefjord_adj;Hellefjord;;;;;;;;;;;;;
c_hellefjord_desc;Hellefjord;;;;;;;;;;;;;
PROV709;Hellefjord;;;;;;;;;;;;;
PROV709_adj;Hellefjord;;;;;;;;;;;;;
PROV709_desc;Hellefjord;;;;;;;;;;;;;
b_hellefjord;Hellefjord;;;;;;;;;;;;;
b_hellefjord_adj;Hellefjord;;;;;;;;;;;;;
b_hellefjord_desc;Hellefjord;;;;;;;;;;;;;
b_hellefjord2;Hellefjord2;;;;;;;;;;;;;
b_hellefjord2_adj;Hellefjord2;;;;;;;;;;;;;
b_hellefjord2_desc;Hellefjord2;;;;;;;;;;;;;
olavfjord;Olavfjord;;;;;;;;;;;;;
olavfjord_adj;Olavfjord;;;;;;;;;;;;;
olavfjord_desc;Olavfjord;;;;;;;;;;;;;
c_olavfjord;Olavfjord;;;;;;;;;;;;;
c_olavfjord_adj;Olavfjord;;;;;;;;;;;;;
c_olavfjord_desc;Olavfjord;;;;;;;;;;;;;
PROV710;Olavfjord;;;;;;;;;;;;;
PROV710_adj;Olavfjord;;;;;;;;;;;;;
PROV710_desc;Olavfjord;;;;;;;;;;;;;
b_olavfjord;Olavfjord;;;;;;;;;;;;;
b_olavfjord_adj;Olavfjord;;;;;;;;;;;;;
b_olavfjord_desc;Olavfjord;;;;;;;;;;;;;
b_olavfjord2;Olavfjord2;;;;;;;;;;;;;
b_olavfjord2_adj;Olavfjord2;;;;;;;;;;;;;
b_olavfjord2_desc;Olavfjord2;;;;;;;;;;;;;
viksfoten;Viksfoten;;;;;;;;;;;;;
viksfoten_adj;Viksfoten;;;;;;;;;;;;;
viksfoten_desc;Viksfoten;;;;;;;;;;;;;
k_viksfoten;Viksfoten;;;;;;;;;;;;;
k_viksfoten_adj;Viksfoten;;;;;;;;;;;;;
k_viksfoten_desc;Viksfoten;;;;;;;;;;;;;
flakstad;Flakstad;;;;;;;;;;;;;
flakstad_adj;Flakstad;;;;;;;;;;;;;
flakstad_desc;Flakstad;;;;;;;;;;;;;
d_flakstad;Flakstad;;;;;;;;;;;;;
d_flakstad_adj;Flakstad;;;;;;;;;;;;;
d_flakstad_desc;Flakstad;;;;;;;;;;;;;
skarmyre;Skarmyre;;;;;;;;;;;;;
skarmyre_adj;Skarmyre;;;;;;;;;;;;;
skarmyre_desc;Skarmyre;;;;;;;;;;;;;
c_skarmyre;Skarmyre;;;;;;;;;;;;;
c_skarmyre_adj;Skarmyre;;;;;;;;;;;;;
c_skarmyre_desc;Skarmyre;;;;;;;;;;;;;
PROV711;Skarmyre;;;;;;;;;;;;;
PROV711_adj;Skarmyre;;;;;;;;;;;;;
PROV711_desc;Skarmyre;;;;;;;;;;;;;
b_skarmyre;Skarmyre;;;;;;;;;;;;;
b_skarmyre_adj;Skarmyre;;;;;;;;;;;;;
b_skarmyre_desc;Skarmyre;;;;;;;;;;;;;
b_skarmyre2;Skarmyre2;;;;;;;;;;;;;
b_skarmyre2_adj;Skarmyre2;;;;;;;;;;;;;
b_skarmyre2_desc;Skarmyre2;;;;;;;;;;;;;
ringstad;Ringstad;;;;;;;;;;;;;
ringstad_adj;Ringstad;;;;;;;;;;;;;
ringstad_desc;Ringstad;;;;;;;;;;;;;
c_ringstad;Ringstad;;;;;;;;;;;;;
c_ringstad_adj;Ringstad;;;;;;;;;;;;;
c_ringstad_desc;Ringstad;;;;;;;;;;;;;
PROV712;Ringstad;;;;;;;;;;;;;
PROV712_adj;Ringstad;;;;;;;;;;;;;
PROV712_desc;Ringstad;;;;;;;;;;;;;
b_ringstad;Ringstad;;;;;;;;;;;;;
b_ringstad_adj;Ringstad;;;;;;;;;;;;;
b_ringstad_desc;Ringstad;;;;;;;;;;;;;
b_ringstad2;Ringstad2;;;;;;;;;;;;;
b_ringstad2_adj;Ringstad2;;;;;;;;;;;;;
b_ringstad2_desc;Ringstad2;;;;;;;;;;;;;
laudevik;Laudevik;;;;;;;;;;;;;
laudevik_adj;Laudevik;;;;;;;;;;;;;
laudevik_desc;Laudevik;;;;;;;;;;;;;
c_laudevik;Laudevik;;;;;;;;;;;;;
c_laudevik_adj;Laudevik;;;;;;;;;;;;;
c_laudevik_desc;Laudevik;;;;;;;;;;;;;
PROV713;Laudevik;;;;;;;;;;;;;
PROV713_adj;Laudevik;;;;;;;;;;;;;
PROV713_desc;Laudevik;;;;;;;;;;;;;
b_laudevik;Laudevik;;;;;;;;;;;;;
b_laudevik_adj;Laudevik;;;;;;;;;;;;;
b_laudevik_desc;Laudevik;;;;;;;;;;;;;
b_laudevik2;Laudevik2;;;;;;;;;;;;;
b_laudevik2_adj;Laudevik2;;;;;;;;;;;;;
b_laudevik2_desc;Laudevik2;;;;;;;;;;;;;
harstad;Harstad;;;;;;;;;;;;;
harstad_adj;Harstad;;;;;;;;;;;;;
harstad_desc;Harstad;;;;;;;;;;;;;
d_harstad;Harstad;;;;;;;;;;;;;
d_harstad_adj;Harstad;;;;;;;;;;;;;
d_harstad_desc;Harstad;;;;;;;;;;;;;
sortland;Sortland;;;;;;;;;;;;;
sortland_adj;Sortland;;;;;;;;;;;;;
sortland_desc;Sortland;;;;;;;;;;;;;
c_sortland;Sortland;;;;;;;;;;;;;
c_sortland_adj;Sortland;;;;;;;;;;;;;
c_sortland_desc;Sortland;;;;;;;;;;;;;
PROV714;Sortland;;;;;;;;;;;;;
PROV714_adj;Sortland;;;;;;;;;;;;;
PROV714_desc;Sortland;;;;;;;;;;;;;
b_sortland;Sortland;;;;;;;;;;;;;
b_sortland_adj;Sortland;;;;;;;;;;;;;
b_sortland_desc;Sortland;;;;;;;;;;;;;
b_sortland2;Sortland2;;;;;;;;;;;;;
b_sortland2_adj;Sortland2;;;;;;;;;;;;;
b_sortland2_desc;Sortland2;;;;;;;;;;;;;
hvitland;Hvitland;;;;;;;;;;;;;
hvitland_adj;Hvitland;;;;;;;;;;;;;
hvitland_desc;Hvitland;;;;;;;;;;;;;
c_hvitland;Hvitland;;;;;;;;;;;;;
c_hvitland_adj;Hvitland;;;;;;;;;;;;;
c_hvitland_desc;Hvitland;;;;;;;;;;;;;
PROV715;Hvitland;;;;;;;;;;;;;
PROV715_adj;Hvitland;;;;;;;;;;;;;
PROV715_desc;Hvitland;;;;;;;;;;;;;
b_hvitland;Hvitland;;;;;;;;;;;;;
b_hvitland_adj;Hvitland;;;;;;;;;;;;;
b_hvitland_desc;Hvitland;;;;;;;;;;;;;
b_hvitland2;Hvitland2;;;;;;;;;;;;;
b_hvitland2_adj;Hvitland2;;;;;;;;;;;;;
b_hvitland2_desc;Hvitland2;;;;;;;;;;;;;
c_harstad;Harstad;;;;;;;;;;;;;
c_harstad_adj;Harstad;;;;;;;;;;;;;
c_harstad_desc;Harstad;;;;;;;;;;;;;
PROV716;Harstad;;;;;;;;;;;;;
PROV716_adj;Harstad;;;;;;;;;;;;;
PROV716_desc;Harstad;;;;;;;;;;;;;
b_harstad;Harstad;;;;;;;;;;;;;
b_harstad_adj;Harstad;;;;;;;;;;;;;
b_harstad_desc;Harstad;;;;;;;;;;;;;
b_harstad2;Harstad2;;;;;;;;;;;;;
b_harstad2_adj;Harstad2;;;;;;;;;;;;;
b_harstad2_desc;Harstad2;;;;;;;;;;;;;
horsund;Horsund;;;;;;;;;;;;;
horsund_adj;Horsund;;;;;;;;;;;;;
horsund_desc;Horsund;;;;;;;;;;;;;
d_horsund;Horsund;;;;;;;;;;;;;
d_horsund_adj;Horsund;;;;;;;;;;;;;
d_horsund_desc;Horsund;;;;;;;;;;;;;
gravdal;Gravdal;;;;;;;;;;;;;
gravdal_adj;Gravdal;;;;;;;;;;;;;
gravdal_desc;Gravdal;;;;;;;;;;;;;
c_gravdal;Gravdal;;;;;;;;;;;;;
c_gravdal_adj;Gravdal;;;;;;;;;;;;;
c_gravdal_desc;Gravdal;;;;;;;;;;;;;
PROV717;Gravdal;;;;;;;;;;;;;
PROV717_adj;Gravdal;;;;;;;;;;;;;
PROV717_desc;Gravdal;;;;;;;;;;;;;
b_gravdal;Gravdal;;;;;;;;;;;;;
b_gravdal_adj;Gravdal;;;;;;;;;;;;;
b_gravdal_desc;Gravdal;;;;;;;;;;;;;
b_gravdal2;Gravdal2;;;;;;;;;;;;;
b_gravdal2_adj;Gravdal2;;;;;;;;;;;;;
b_gravdal2_desc;Gravdal2;;;;;;;;;;;;;
ramberg;Ramberg;;;;;;;;;;;;;
ramberg_adj;Ramberg;;;;;;;;;;;;;
ramberg_desc;Ramberg;;;;;;;;;;;;;
c_ramberg;Ramberg;;;;;;;;;;;;;
c_ramberg_adj;Ramberg;;;;;;;;;;;;;
c_ramberg_desc;Ramberg;;;;;;;;;;;;;
PROV718;Ramberg;;;;;;;;;;;;;
PROV718_adj;Ramberg;;;;;;;;;;;;;
PROV718_desc;Ramberg;;;;;;;;;;;;;
b_ramberg;Ramberg;;;;;;;;;;;;;
b_ramberg_adj;Ramberg;;;;;;;;;;;;;
b_ramberg_desc;Ramberg;;;;;;;;;;;;;
b_ramberg2;Ramberg2;;;;;;;;;;;;;
b_ramberg2_adj;Ramberg2;;;;;;;;;;;;;
b_ramberg2_desc;Ramberg2;;;;;;;;;;;;;
nykesund;Nykesund;;;;;;;;;;;;;
nykesund_adj;Nykesund;;;;;;;;;;;;;
nykesund_desc;Nykesund;;;;;;;;;;;;;
d_nykesund;Nykesund;;;;;;;;;;;;;
d_nykesund_adj;Nykesund;;;;;;;;;;;;;
d_nykesund_desc;Nykesund;;;;;;;;;;;;;
hunneberg;Hunneberg;;;;;;;;;;;;;
hunneberg_adj;Hunneberg;;;;;;;;;;;;;
hunneberg_desc;Hunneberg;;;;;;;;;;;;;
c_hunneberg;Hunneberg;;;;;;;;;;;;;
c_hunneberg_adj;Hunneberg;;;;;;;;;;;;;
c_hunneberg_desc;Hunneberg;;;;;;;;;;;;;
PROV719;Hunneberg;;;;;;;;;;;;;
PROV719_adj;Hunneberg;;;;;;;;;;;;;
PROV719_desc;Hunneberg;;;;;;;;;;;;;
b_hunneberg;Hunneberg;;;;;;;;;;;;;
b_hunneberg_adj;Hunneberg;;;;;;;;;;;;;
b_hunneberg_desc;Hunneberg;;;;;;;;;;;;;
b_hunneberg2;Hunneberg2;;;;;;;;;;;;;
b_hunneberg2_adj;Hunneberg2;;;;;;;;;;;;;
b_hunneberg2_desc;Hunneberg2;;;;;;;;;;;;;
risoyhamn;Risoyhamn;;;;;;;;;;;;;
risoyhamn_adj;Risoyhamn;;;;;;;;;;;;;
risoyhamn_desc;Risoyhamn;;;;;;;;;;;;;
c_risoyhamn;Risoyhamn;;;;;;;;;;;;;
c_risoyhamn_adj;Risoyhamn;;;;;;;;;;;;;
c_risoyhamn_desc;Risoyhamn;;;;;;;;;;;;;
PROV720;Risoyhamn;;;;;;;;;;;;;
PROV720_adj;Risoyhamn;;;;;;;;;;;;;
PROV720_desc;Risoyhamn;;;;;;;;;;;;;
b_risoyhamn;Risoyhamn;;;;;;;;;;;;;
b_risoyhamn_adj;Risoyhamn;;;;;;;;;;;;;
b_risoyhamn_desc;Risoyhamn;;;;;;;;;;;;;
b_risoyhamn2;Risoyhamn2;;;;;;;;;;;;;
b_risoyhamn2_adj;Risoyhamn2;;;;;;;;;;;;;
b_risoyhamn2_desc;Risoyhamn2;;;;;;;;;;;;;
c_nykesund;Nykesund;;;;;;;;;;;;;
c_nykesund_adj;Nykesund;;;;;;;;;;;;;
c_nykesund_desc;Nykesund;;;;;;;;;;;;;
PROV721;Nykesund;;;;;;;;;;;;;
PROV721_adj;Nykesund;;;;;;;;;;;;;
PROV721_desc;Nykesund;;;;;;;;;;;;;
b_nykesund;Nykesund;;;;;;;;;;;;;
b_nykesund_adj;Nykesund;;;;;;;;;;;;;
b_nykesund_desc;Nykesund;;;;;;;;;;;;;
b_nykesund2;Nykesund2;;;;;;;;;;;;;
b_nykesund2_adj;Nykesund2;;;;;;;;;;;;;
b_nykesund2_desc;Nykesund2;;;;;;;;;;;;;
skalaland;Skalaland;;;;;;;;;;;;;
skalaland_adj;Skalaland;;;;;;;;;;;;;
skalaland_desc;Skalaland;;;;;;;;;;;;;
d_skalaland;Skalaland;;;;;;;;;;;;;
d_skalaland_adj;Skalaland;;;;;;;;;;;;;
d_skalaland_desc;Skalaland;;;;;;;;;;;;;
bjarke;Bjarke;;;;;;;;;;;;;
bjarke_adj;Bjarke;;;;;;;;;;;;;
bjarke_desc;Bjarke;;;;;;;;;;;;;
c_bjarke;Bjarke;;;;;;;;;;;;;
c_bjarke_adj;Bjarke;;;;;;;;;;;;;
c_bjarke_desc;Bjarke;;;;;;;;;;;;;
PROV722;Bjarke;;;;;;;;;;;;;
PROV722_adj;Bjarke;;;;;;;;;;;;;
PROV722_desc;Bjarke;;;;;;;;;;;;;
b_bjarke;Bjarke;;;;;;;;;;;;;
b_bjarke_adj;Bjarke;;;;;;;;;;;;;
b_bjarke_desc;Bjarke;;;;;;;;;;;;;
b_bjarke2;Bjarke2;;;;;;;;;;;;;
b_bjarke2_adj;Bjarke2;;;;;;;;;;;;;
b_bjarke2_desc;Bjarke2;;;;;;;;;;;;;
skarkhamn;Skarkhamn;;;;;;;;;;;;;
skarkhamn_adj;Skarkhamn;;;;;;;;;;;;;
skarkhamn_desc;Skarkhamn;;;;;;;;;;;;;
c_skarkhamn;Skarkhamn;;;;;;;;;;;;;
c_skarkhamn_adj;Skarkhamn;;;;;;;;;;;;;
c_skarkhamn_desc;Skarkhamn;;;;;;;;;;;;;
PROV723;Skarkhamn;;;;;;;;;;;;;
PROV723_adj;Skarkhamn;;;;;;;;;;;;;
PROV723_desc;Skarkhamn;;;;;;;;;;;;;
b_skarkhamn;Skarkhamn;;;;;;;;;;;;;
b_skarkhamn_adj;Skarkhamn;;;;;;;;;;;;;
b_skarkhamn_desc;Skarkhamn;;;;;;;;;;;;;
b_skarkhamn2;Skarkhamn2;;;;;;;;;;;;;
b_skarkhamn2_adj;Skarkhamn2;;;;;;;;;;;;;
b_skarkhamn2_desc;Skarkhamn2;;;;;;;;;;;;;
sverreoy;Sverreoy;;;;;;;;;;;;;
sverreoy_adj;Sverreoy;;;;;;;;;;;;;
sverreoy_desc;Sverreoy;;;;;;;;;;;;;
c_sverreoy;Sverreoy;;;;;;;;;;;;;
c_sverreoy_adj;Sverreoy;;;;;;;;;;;;;
c_sverreoy_desc;Sverreoy;;;;;;;;;;;;;
PROV724;Sverreoy;;;;;;;;;;;;;
PROV724_adj;Sverreoy;;;;;;;;;;;;;
PROV724_desc;Sverreoy;;;;;;;;;;;;;
b_sverreoy;Sverreoy;;;;;;;;;;;;;
b_sverreoy_adj;Sverreoy;;;;;;;;;;;;;
b_sverreoy_desc;Sverreoy;;;;;;;;;;;;;
b_sverreoy2;Sverreoy2;;;;;;;;;;;;;
b_sverreoy2_adj;Sverreoy2;;;;;;;;;;;;;
b_sverreoy2_desc;Sverreoy2;;;;;;;;;;;;;
rosendale;Rosendale;;;;;;;;;;;;;
rosendale_adj;Rosendale;;;;;;;;;;;;;
rosendale_desc;Rosendale;;;;;;;;;;;;;
e_rosendale;Rosendale;;;;;;;;;;;;;
e_rosendale_adj;Rosendale;;;;;;;;;;;;;
e_rosendale_desc;Rosendale;;;;;;;;;;;;;
aexe;Aexe;;;;;;;;;;;;;
aexe_adj;Aexe;;;;;;;;;;;;;
aexe_desc;Aexe;;;;;;;;;;;;;
k_aexe;Aexe;;;;;;;;;;;;;
k_aexe_adj;Aexe;;;;;;;;;;;;;
k_aexe_desc;Aexe;;;;;;;;;;;;;
baybridge;Baybridge;;;;;;;;;;;;;
baybridge_adj;Baybridge;;;;;;;;;;;;;
baybridge_desc;Baybridge;;;;;;;;;;;;;
d_baybridge;Baybridge;;;;;;;;;;;;;
d_baybridge_adj;Baybridge;;;;;;;;;;;;;
d_baybridge_desc;Baybridge;;;;;;;;;;;;;
c_baybridge;Baybridge;;;;;;;;;;;;;
c_baybridge_adj;Baybridge;;;;;;;;;;;;;
c_baybridge_desc;Baybridge;;;;;;;;;;;;;
PROV725;Baybridge;;;;;;;;;;;;;
PROV725_adj;Baybridge;;;;;;;;;;;;;
PROV725_desc;Baybridge;;;;;;;;;;;;;
b_baybridge;Baybridge;;;;;;;;;;;;;
b_baybridge_adj;Baybridge;;;;;;;;;;;;;
b_baybridge_desc;Baybridge;;;;;;;;;;;;;
b_baybridge2;Baybridge2;;;;;;;;;;;;;
b_baybridge2_adj;Baybridge2;;;;;;;;;;;;;
b_baybridge2_desc;Baybridge2;;;;;;;;;;;;;
annfield;Annfield;;;;;;;;;;;;;
annfield_adj;Annfield;;;;;;;;;;;;;
annfield_desc;Annfield;;;;;;;;;;;;;
c_annfield;Annfield;;;;;;;;;;;;;
c_annfield_adj;Annfield;;;;;;;;;;;;;
c_annfield_desc;Annfield;;;;;;;;;;;;;
PROV726;Annfield;;;;;;;;;;;;;
PROV726_adj;Annfield;;;;;;;;;;;;;
PROV726_desc;Annfield;;;;;;;;;;;;;
b_annfield;Annfield;;;;;;;;;;;;;
b_annfield_adj;Annfield;;;;;;;;;;;;;
b_annfield_desc;Annfield;;;;;;;;;;;;;
b_annfield2;Annfield2;;;;;;;;;;;;;
b_annfield2_adj;Annfield2;;;;;;;;;;;;;
b_annfield2_desc;Annfield2;;;;;;;;;;;;;
chipestre;Chipestre;;;;;;;;;;;;;
chipestre_adj;Chipestre;;;;;;;;;;;;;
chipestre_desc;Chipestre;;;;;;;;;;;;;
c_chipestre;Chipestre;;;;;;;;;;;;;
c_chipestre_adj;Chipestre;;;;;;;;;;;;;
c_chipestre_desc;Chipestre;;;;;;;;;;;;;
PROV727;Chipestre;;;;;;;;;;;;;
PROV727_adj;Chipestre;;;;;;;;;;;;;
PROV727_desc;Chipestre;;;;;;;;;;;;;
b_chipestre;Chipestre;;;;;;;;;;;;;
b_chipestre_adj;Chipestre;;;;;;;;;;;;;
b_chipestre_desc;Chipestre;;;;;;;;;;;;;
b_chipestre2;Chipestre2;;;;;;;;;;;;;
b_chipestre2_adj;Chipestre2;;;;;;;;;;;;;
b_chipestre2_desc;Chipestre2;;;;;;;;;;;;;
stanley;Stanley;;;;;;;;;;;;;
stanley_adj;Stanley;;;;;;;;;;;;;
stanley_desc;Stanley;;;;;;;;;;;;;
d_stanley;Stanley;;;;;;;;;;;;;
d_stanley_adj;Stanley;;;;;;;;;;;;;
d_stanley_desc;Stanley;;;;;;;;;;;;;
c_stanley;Stanley;;;;;;;;;;;;;
c_stanley_adj;Stanley;;;;;;;;;;;;;
c_stanley_desc;Stanley;;;;;;;;;;;;;
PROV728;Stanley;;;;;;;;;;;;;
PROV728_adj;Stanley;;;;;;;;;;;;;
PROV728_desc;Stanley;;;;;;;;;;;;;
b_stanley;Stanley;;;;;;;;;;;;;
b_stanley_adj;Stanley;;;;;;;;;;;;;
b_stanley_desc;Stanley;;;;;;;;;;;;;
b_stanley2;Stanley2;;;;;;;;;;;;;
b_stanley2_adj;Stanley2;;;;;;;;;;;;;
b_stanley2_desc;Stanley2;;;;;;;;;;;;;
hought;Hought;;;;;;;;;;;;;
hought_adj;Hought;;;;;;;;;;;;;
hought_desc;Hought;;;;;;;;;;;;;
c_hought;Hought;;;;;;;;;;;;;
c_hought_adj;Hought;;;;;;;;;;;;;
c_hought_desc;Hought;;;;;;;;;;;;;
PROV729;Hought;;;;;;;;;;;;;
PROV729_adj;Hought;;;;;;;;;;;;;
PROV729_desc;Hought;;;;;;;;;;;;;
b_hought;Hought;;;;;;;;;;;;;
b_hought_adj;Hought;;;;;;;;;;;;;
b_hought_desc;Hought;;;;;;;;;;;;;
b_hought2;Hought2;;;;;;;;;;;;;
b_hought2_adj;Hought2;;;;;;;;;;;;;
b_hought2_desc;Hought2;;;;;;;;;;;;;
gateshead;Gateshead;;;;;;;;;;;;;
gateshead_adj;Gateshead;;;;;;;;;;;;;
gateshead_desc;Gateshead;;;;;;;;;;;;;
c_gateshead;Gateshead;;;;;;;;;;;;;
c_gateshead_adj;Gateshead;;;;;;;;;;;;;
c_gateshead_desc;Gateshead;;;;;;;;;;;;;
PROV730;Gateshead;;;;;;;;;;;;;
PROV730_adj;Gateshead;;;;;;;;;;;;;
PROV730_desc;Gateshead;;;;;;;;;;;;;
b_gateshead;Gateshead;;;;;;;;;;;;;
b_gateshead_adj;Gateshead;;;;;;;;;;;;;
b_gateshead_desc;Gateshead;;;;;;;;;;;;;
b_gateshead2;Gateshead2;;;;;;;;;;;;;
b_gateshead2_adj;Gateshead2;;;;;;;;;;;;;
b_gateshead2_desc;Gateshead2;;;;;;;;;;;;;
hexenham;Hexenham;;;;;;;;;;;;;
hexenham_adj;Hexenham;;;;;;;;;;;;;
hexenham_desc;Hexenham;;;;;;;;;;;;;
c_hexenham;Hexenham;;;;;;;;;;;;;
c_hexenham_adj;Hexenham;;;;;;;;;;;;;
c_hexenham_desc;Hexenham;;;;;;;;;;;;;
PROV731;Hexenham;;;;;;;;;;;;;
PROV731_adj;Hexenham;;;;;;;;;;;;;
PROV731_desc;Hexenham;;;;;;;;;;;;;
b_hexenham;Hexenham;;;;;;;;;;;;;
b_hexenham_adj;Hexenham;;;;;;;;;;;;;
b_hexenham_desc;Hexenham;;;;;;;;;;;;;
b_hexenham2;Hexenham2;;;;;;;;;;;;;
b_hexenham2_adj;Hexenham2;;;;;;;;;;;;;
b_hexenham2_desc;Hexenham2;;;;;;;;;;;;;
corbridge;Corbridge;;;;;;;;;;;;;
corbridge_adj;Corbridge;;;;;;;;;;;;;
corbridge_desc;Corbridge;;;;;;;;;;;;;
c_corbridge;Corbridge;;;;;;;;;;;;;
c_corbridge_adj;Corbridge;;;;;;;;;;;;;
c_corbridge_desc;Corbridge;;;;;;;;;;;;;
PROV732;Corbridge;;;;;;;;;;;;;
PROV732_adj;Corbridge;;;;;;;;;;;;;
PROV732_desc;Corbridge;;;;;;;;;;;;;
b_corbridge;Corbridge;;;;;;;;;;;;;
b_corbridge_adj;Corbridge;;;;;;;;;;;;;
b_corbridge_desc;Corbridge;;;;;;;;;;;;;
b_corbridge2;Corbridge2;;;;;;;;;;;;;
b_corbridge2_adj;Corbridge2;;;;;;;;;;;;;
b_corbridge2_desc;Corbridge2;;;;;;;;;;;;;
yorston;Yorston;;;;;;;;;;;;;
yorston_adj;Yorston;;;;;;;;;;;;;
yorston_desc;Yorston;;;;;;;;;;;;;
d_yorston;Yorston;;;;;;;;;;;;;
d_yorston_adj;Yorston;;;;;;;;;;;;;
d_yorston_desc;Yorston;;;;;;;;;;;;;
washing;Washing;;;;;;;;;;;;;
washing_adj;Washing;;;;;;;;;;;;;
washing_desc;Washing;;;;;;;;;;;;;
c_washing;Washing;;;;;;;;;;;;;
c_washing_adj;Washing;;;;;;;;;;;;;
c_washing_desc;Washing;;;;;;;;;;;;;
PROV733;Washing;;;;;;;;;;;;;
PROV733_adj;Washing;;;;;;;;;;;;;
PROV733_desc;Washing;;;;;;;;;;;;;
b_washing;Washing;;;;;;;;;;;;;
b_washing_adj;Washing;;;;;;;;;;;;;
b_washing_desc;Washing;;;;;;;;;;;;;
b_washing2;Washing2;;;;;;;;;;;;;
b_washing2_adj;Washing2;;;;;;;;;;;;;
b_washing2_desc;Washing2;;;;;;;;;;;;;
c_yorston;Yorston;;;;;;;;;;;;;
c_yorston_adj;Yorston;;;;;;;;;;;;;
c_yorston_desc;Yorston;;;;;;;;;;;;;
PROV734;Yorston;;;;;;;;;;;;;
PROV734_adj;Yorston;;;;;;;;;;;;;
PROV734_desc;Yorston;;;;;;;;;;;;;
b_yorston;Yorston;;;;;;;;;;;;;
b_yorston_adj;Yorston;;;;;;;;;;;;;
b_yorston_desc;Yorston;;;;;;;;;;;;;
b_yorston2;Yorston2;;;;;;;;;;;;;
b_yorston2_adj;Yorston2;;;;;;;;;;;;;
b_yorston2_desc;Yorston2;;;;;;;;;;;;;
whythergate;Whythergate;;;;;;;;;;;;;
whythergate_adj;Whythergate;;;;;;;;;;;;;
whythergate_desc;Whythergate;;;;;;;;;;;;;
c_whythergate;Whythergate;;;;;;;;;;;;;
c_whythergate_adj;Whythergate;;;;;;;;;;;;;
c_whythergate_desc;Whythergate;;;;;;;;;;;;;
PROV735;Whythergate;;;;;;;;;;;;;
PROV735_adj;Whythergate;;;;;;;;;;;;;
PROV735_desc;Whythergate;;;;;;;;;;;;;
b_whythergate;Whythergate;;;;;;;;;;;;;
b_whythergate_adj;Whythergate;;;;;;;;;;;;;
b_whythergate_desc;Whythergate;;;;;;;;;;;;;
b_whythergate2;Whythergate2;;;;;;;;;;;;;
b_whythergate2_adj;Whythergate2;;;;;;;;;;;;;
b_whythergate2_desc;Whythergate2;;;;;;;;;;;;;
consett;Consett;;;;;;;;;;;;;
consett_adj;Consett;;;;;;;;;;;;;
consett_desc;Consett;;;;;;;;;;;;;
c_consett;Consett;;;;;;;;;;;;;
c_consett_adj;Consett;;;;;;;;;;;;;
c_consett_desc;Consett;;;;;;;;;;;;;
PROV736;Consett;;;;;;;;;;;;;
PROV736_adj;Consett;;;;;;;;;;;;;
PROV736_desc;Consett;;;;;;;;;;;;;
b_consett;Consett;;;;;;;;;;;;;
b_consett_adj;Consett;;;;;;;;;;;;;
b_consett_desc;Consett;;;;;;;;;;;;;
b_consett2;Consett2;;;;;;;;;;;;;
b_consett2_adj;Consett2;;;;;;;;;;;;;
b_consett2_desc;Consett2;;;;;;;;;;;;;
ceardeland;Ceardeland;;;;;;;;;;;;;
ceardeland_adj;Ceardeland;;;;;;;;;;;;;
ceardeland_desc;Ceardeland;;;;;;;;;;;;;
k_ceardeland;Ceardeland;;;;;;;;;;;;;
k_ceardeland_adj;Ceardeland;;;;;;;;;;;;;
k_ceardeland_desc;Ceardeland;;;;;;;;;;;;;
mildenhal;Mildenhal;;;;;;;;;;;;;
mildenhal_adj;Mildenhal;;;;;;;;;;;;;
mildenhal_desc;Mildenhal;;;;;;;;;;;;;
d_mildenhal;Mildenhal;;;;;;;;;;;;;
d_mildenhal_adj;Mildenhal;;;;;;;;;;;;;
d_mildenhal_desc;Mildenhal;;;;;;;;;;;;;
fieldbury;Fieldbury;;;;;;;;;;;;;
fieldbury_adj;Fieldbury;;;;;;;;;;;;;
fieldbury_desc;Fieldbury;;;;;;;;;;;;;
c_fieldbury;Fieldbury;;;;;;;;;;;;;
c_fieldbury_adj;Fieldbury;;;;;;;;;;;;;
c_fieldbury_desc;Fieldbury;;;;;;;;;;;;;
PROV737;Fieldbury;;;;;;;;;;;;;
PROV737_adj;Fieldbury;;;;;;;;;;;;;
PROV737_desc;Fieldbury;;;;;;;;;;;;;
b_fieldbury;Fieldbury;;;;;;;;;;;;;
b_fieldbury_adj;Fieldbury;;;;;;;;;;;;;
b_fieldbury_desc;Fieldbury;;;;;;;;;;;;;
b_fieldbury2;Fieldbury2;;;;;;;;;;;;;
b_fieldbury2_adj;Fieldbury2;;;;;;;;;;;;;
b_fieldbury2_desc;Fieldbury2;;;;;;;;;;;;;
c_mildenhal;Mildenhal;;;;;;;;;;;;;
c_mildenhal_adj;Mildenhal;;;;;;;;;;;;;
c_mildenhal_desc;Mildenhal;;;;;;;;;;;;;
PROV738;Mildenhal;;;;;;;;;;;;;
PROV738_adj;Mildenhal;;;;;;;;;;;;;
PROV738_desc;Mildenhal;;;;;;;;;;;;;
b_mildenhal;Mildenhal;;;;;;;;;;;;;
b_mildenhal_adj;Mildenhal;;;;;;;;;;;;;
b_mildenhal_desc;Mildenhal;;;;;;;;;;;;;
b_mildenhal2;Mildenhal2;;;;;;;;;;;;;
b_mildenhal2_adj;Mildenhal2;;;;;;;;;;;;;
b_mildenhal2_desc;Mildenhal2;;;;;;;;;;;;;
slowmarket;Slowmarket;;;;;;;;;;;;;
slowmarket_adj;Slowmarket;;;;;;;;;;;;;
slowmarket_desc;Slowmarket;;;;;;;;;;;;;
c_slowmarket;Slowmarket;;;;;;;;;;;;;
c_slowmarket_adj;Slowmarket;;;;;;;;;;;;;
c_slowmarket_desc;Slowmarket;;;;;;;;;;;;;
PROV739;Slowmarket;;;;;;;;;;;;;
PROV739_adj;Slowmarket;;;;;;;;;;;;;
PROV739_desc;Slowmarket;;;;;;;;;;;;;
b_slowmarket;Slowmarket;;;;;;;;;;;;;
b_slowmarket_adj;Slowmarket;;;;;;;;;;;;;
b_slowmarket_desc;Slowmarket;;;;;;;;;;;;;
b_slowmarket2;Slowmarket2;;;;;;;;;;;;;
b_slowmarket2_adj;Slowmarket2;;;;;;;;;;;;;
b_slowmarket2_desc;Slowmarket2;;;;;;;;;;;;;
cloisterburgh;Cloisterburgh;;;;;;;;;;;;;
cloisterburgh_adj;Cloisterburgh;;;;;;;;;;;;;
cloisterburgh_desc;Cloisterburgh;;;;;;;;;;;;;
c_cloisterburgh;Cloisterburgh;;;;;;;;;;;;;
c_cloisterburgh_adj;Cloisterburgh;;;;;;;;;;;;;
c_cloisterburgh_desc;Cloisterburgh;;;;;;;;;;;;;
PROV740;Cloisterburgh;;;;;;;;;;;;;
PROV740_adj;Cloisterburgh;;;;;;;;;;;;;
PROV740_desc;Cloisterburgh;;;;;;;;;;;;;
b_cloisterburgh;Cloisterburgh;;;;;;;;;;;;;
b_cloisterburgh_adj;Cloisterburgh;;;;;;;;;;;;;
b_cloisterburgh_desc;Cloisterburgh;;;;;;;;;;;;;
b_cloisterburgh2;Cloisterburgh2;;;;;;;;;;;;;
b_cloisterburgh2_adj;Cloisterburgh2;;;;;;;;;;;;;
b_cloisterburgh2_desc;Cloisterburgh2;;;;;;;;;;;;;
potcastle;Potcastle;;;;;;;;;;;;;
potcastle_adj;Potcastle;;;;;;;;;;;;;
potcastle_desc;Potcastle;;;;;;;;;;;;;
d_potcastle;Potcastle;;;;;;;;;;;;;
d_potcastle_adj;Potcastle;;;;;;;;;;;;;
d_potcastle_desc;Potcastle;;;;;;;;;;;;;
witancastre;Witancastre;;;;;;;;;;;;;
witancastre_adj;Witancastre;;;;;;;;;;;;;
witancastre_desc;Witancastre;;;;;;;;;;;;;
c_witancastre;Witancastre;;;;;;;;;;;;;
c_witancastre_adj;Witancastre;;;;;;;;;;;;;
c_witancastre_desc;Witancastre;;;;;;;;;;;;;
PROV741;Witancastre;;;;;;;;;;;;;
PROV741_adj;Witancastre;;;;;;;;;;;;;
PROV741_desc;Witancastre;;;;;;;;;;;;;
b_witancastre;Witancastre;;;;;;;;;;;;;
b_witancastre_adj;Witancastre;;;;;;;;;;;;;
b_witancastre_desc;Witancastre;;;;;;;;;;;;;
b_witancastre2;Witancastre2;;;;;;;;;;;;;
b_witancastre2_adj;Witancastre2;;;;;;;;;;;;;
b_witancastre2_desc;Witancastre2;;;;;;;;;;;;;
c_potcastle;Potcastle;;;;;;;;;;;;;
c_potcastle_adj;Potcastle;;;;;;;;;;;;;
c_potcastle_desc;Potcastle;;;;;;;;;;;;;
PROV742;Potcastle;;;;;;;;;;;;;
PROV742_adj;Potcastle;;;;;;;;;;;;;
PROV742_desc;Potcastle;;;;;;;;;;;;;
b_potcastle;Potcastle;;;;;;;;;;;;;
b_potcastle_adj;Potcastle;;;;;;;;;;;;;
b_potcastle_desc;Potcastle;;;;;;;;;;;;;
b_potcastle2;Potcastle2;;;;;;;;;;;;;
b_potcastle2_adj;Potcastle2;;;;;;;;;;;;;
b_potcastle2_desc;Potcastle2;;;;;;;;;;;;;
lutton_upon_bridgead;Lutton Upon Bridgead;;;;;;;;;;;;;
lutton_upon_bridgead_adj;Lutton Upon Bridgead;;;;;;;;;;;;;
lutton_upon_bridgead_desc;Lutton Upon Bridgead;;;;;;;;;;;;;
c_lutton_upon_bridgead;Lutton Upon Bridgead;;;;;;;;;;;;;
c_lutton_upon_bridgead_adj;Lutton Upon Bridgead;;;;;;;;;;;;;
c_lutton_upon_bridgead_desc;Lutton Upon Bridgead;;;;;;;;;;;;;
PROV743;Lutton Upon Bridgead;;;;;;;;;;;;;
PROV743_adj;Lutton Upon Bridgead;;;;;;;;;;;;;
PROV743_desc;Lutton Upon Bridgead;;;;;;;;;;;;;
b_lutton_upon_bridgead;Lutton Upon Bridgead;;;;;;;;;;;;;
b_lutton_upon_bridgead_adj;Lutton Upon Bridgead;;;;;;;;;;;;;
b_lutton_upon_bridgead_desc;Lutton Upon Bridgead;;;;;;;;;;;;;
b_lutton_upon_bridgead2;Lutton Upon Bridgead2;;;;;;;;;;;;;
b_lutton_upon_bridgead2_adj;Lutton Upon Bridgead2;;;;;;;;;;;;;
b_lutton_upon_bridgead2_desc;Lutton Upon Bridgead2;;;;;;;;;;;;;
formesmeade;Formesmeade;;;;;;;;;;;;;
formesmeade_adj;Formesmeade;;;;;;;;;;;;;
formesmeade_desc;Formesmeade;;;;;;;;;;;;;
c_formesmeade;Formesmeade;;;;;;;;;;;;;
c_formesmeade_adj;Formesmeade;;;;;;;;;;;;;
c_formesmeade_desc;Formesmeade;;;;;;;;;;;;;
PROV744;Formesmeade;;;;;;;;;;;;;
PROV744_adj;Formesmeade;;;;;;;;;;;;;
PROV744_desc;Formesmeade;;;;;;;;;;;;;
b_formesmeade;Formesmeade;;;;;;;;;;;;;
b_formesmeade_adj;Formesmeade;;;;;;;;;;;;;
b_formesmeade_desc;Formesmeade;;;;;;;;;;;;;
b_formesmeade2;Formesmeade2;;;;;;;;;;;;;
b_formesmeade2_adj;Formesmeade2;;;;;;;;;;;;;
b_formesmeade2_desc;Formesmeade2;;;;;;;;;;;;;
lutton;Lutton;;;;;;;;;;;;;
lutton_adj;Lutton;;;;;;;;;;;;;
lutton_desc;Lutton;;;;;;;;;;;;;
c_lutton;Lutton;;;;;;;;;;;;;
c_lutton_adj;Lutton;;;;;;;;;;;;;
c_lutton_desc;Lutton;;;;;;;;;;;;;
PROV745;Lutton;;;;;;;;;;;;;
PROV745_adj;Lutton;;;;;;;;;;;;;
PROV745_desc;Lutton;;;;;;;;;;;;;
b_lutton;Lutton;;;;;;;;;;;;;
b_lutton_adj;Lutton;;;;;;;;;;;;;
b_lutton_desc;Lutton;;;;;;;;;;;;;
b_lutton2;Lutton2;;;;;;;;;;;;;
b_lutton2_adj;Lutton2;;;;;;;;;;;;;
b_lutton2_desc;Lutton2;;;;;;;;;;;;;
royston;Royston;;;;;;;;;;;;;
royston_adj;Royston;;;;;;;;;;;;;
royston_desc;Royston;;;;;;;;;;;;;
d_royston;Royston;;;;;;;;;;;;;
d_royston_adj;Royston;;;;;;;;;;;;;
d_royston_desc;Royston;;;;;;;;;;;;;
saint_ives;Saint Ives;;;;;;;;;;;;;
saint_ives_adj;Saint Ives;;;;;;;;;;;;;
saint_ives_desc;Saint Ives;;;;;;;;;;;;;
c_saint_ives;Saint Ives;;;;;;;;;;;;;
c_saint_ives_adj;Saint Ives;;;;;;;;;;;;;
c_saint_ives_desc;Saint Ives;;;;;;;;;;;;;
PROV746;Saint Ives;;;;;;;;;;;;;
PROV746_adj;Saint Ives;;;;;;;;;;;;;
PROV746_desc;Saint Ives;;;;;;;;;;;;;
b_saint_ives;Saint Ives;;;;;;;;;;;;;
b_saint_ives_adj;Saint Ives;;;;;;;;;;;;;
b_saint_ives_desc;Saint Ives;;;;;;;;;;;;;
b_saint_ives2;Saint Ives2;;;;;;;;;;;;;
b_saint_ives2_adj;Saint Ives2;;;;;;;;;;;;;
b_saint_ives2_desc;Saint Ives2;;;;;;;;;;;;;
hadleigh;Hadleigh;;;;;;;;;;;;;
hadleigh_adj;Hadleigh;;;;;;;;;;;;;
hadleigh_desc;Hadleigh;;;;;;;;;;;;;
c_hadleigh;Hadleigh;;;;;;;;;;;;;
c_hadleigh_adj;Hadleigh;;;;;;;;;;;;;
c_hadleigh_desc;Hadleigh;;;;;;;;;;;;;
PROV747;Hadleigh;;;;;;;;;;;;;
PROV747_adj;Hadleigh;;;;;;;;;;;;;
PROV747_desc;Hadleigh;;;;;;;;;;;;;
b_hadleigh;Hadleigh;;;;;;;;;;;;;
b_hadleigh_adj;Hadleigh;;;;;;;;;;;;;
b_hadleigh_desc;Hadleigh;;;;;;;;;;;;;
b_hadleigh2;Hadleigh2;;;;;;;;;;;;;
b_hadleigh2_adj;Hadleigh2;;;;;;;;;;;;;
b_hadleigh2_desc;Hadleigh2;;;;;;;;;;;;;
steerland;Steerland;;;;;;;;;;;;;
steerland_adj;Steerland;;;;;;;;;;;;;
steerland_desc;Steerland;;;;;;;;;;;;;
k_steerland;Steerland;;;;;;;;;;;;;
k_steerland_adj;Steerland;;;;;;;;;;;;;
k_steerland_desc;Steerland;;;;;;;;;;;;;
catterbury;Catterbury;;;;;;;;;;;;;
catterbury_adj;Catterbury;;;;;;;;;;;;;
catterbury_desc;Catterbury;;;;;;;;;;;;;
d_catterbury;Catterbury;;;;;;;;;;;;;
d_catterbury_adj;Catterbury;;;;;;;;;;;;;
d_catterbury_desc;Catterbury;;;;;;;;;;;;;
rinnetcastle;Rinnetcastle;;;;;;;;;;;;;
rinnetcastle_adj;Rinnetcastle;;;;;;;;;;;;;
rinnetcastle_desc;Rinnetcastle;;;;;;;;;;;;;
c_rinnetcastle;Rinnetcastle;;;;;;;;;;;;;
c_rinnetcastle_adj;Rinnetcastle;;;;;;;;;;;;;
c_rinnetcastle_desc;Rinnetcastle;;;;;;;;;;;;;
PROV748;Rinnetcastle;;;;;;;;;;;;;
PROV748_adj;Rinnetcastle;;;;;;;;;;;;;
PROV748_desc;Rinnetcastle;;;;;;;;;;;;;
b_rinnetcastle;Rinnetcastle;;;;;;;;;;;;;
b_rinnetcastle_adj;Rinnetcastle;;;;;;;;;;;;;
b_rinnetcastle_desc;Rinnetcastle;;;;;;;;;;;;;
b_rinnetcastle2;Rinnetcastle2;;;;;;;;;;;;;
b_rinnetcastle2_adj;Rinnetcastle2;;;;;;;;;;;;;
b_rinnetcastle2_desc;Rinnetcastle2;;;;;;;;;;;;;
c_catterbury;Catterbury;;;;;;;;;;;;;
c_catterbury_adj;Catterbury;;;;;;;;;;;;;
c_catterbury_desc;Catterbury;;;;;;;;;;;;;
PROV749;Catterbury;;;;;;;;;;;;;
PROV749_adj;Catterbury;;;;;;;;;;;;;
PROV749_desc;Catterbury;;;;;;;;;;;;;
b_catterbury;Catterbury;;;;;;;;;;;;;
b_catterbury_adj;Catterbury;;;;;;;;;;;;;
b_catterbury_desc;Catterbury;;;;;;;;;;;;;
b_catterbury2;Catterbury2;;;;;;;;;;;;;
b_catterbury2_adj;Catterbury2;;;;;;;;;;;;;
b_catterbury2_desc;Catterbury2;;;;;;;;;;;;;
worthing;Worthing;;;;;;;;;;;;;
worthing_adj;Worthing;;;;;;;;;;;;;
worthing_desc;Worthing;;;;;;;;;;;;;
c_worthing;Worthing;;;;;;;;;;;;;
c_worthing_adj;Worthing;;;;;;;;;;;;;
c_worthing_desc;Worthing;;;;;;;;;;;;;
PROV750;Worthing;;;;;;;;;;;;;
PROV750_adj;Worthing;;;;;;;;;;;;;
PROV750_desc;Worthing;;;;;;;;;;;;;
b_worthing;Worthing;;;;;;;;;;;;;
b_worthing_adj;Worthing;;;;;;;;;;;;;
b_worthing_desc;Worthing;;;;;;;;;;;;;
b_worthing2;Worthing2;;;;;;;;;;;;;
b_worthing2_adj;Worthing2;;;;;;;;;;;;;
b_worthing2_desc;Worthing2;;;;;;;;;;;;;
oxenfurd;Oxenfurd;;;;;;;;;;;;;
oxenfurd_adj;Oxenfurd;;;;;;;;;;;;;
oxenfurd_desc;Oxenfurd;;;;;;;;;;;;;
c_oxenfurd;Oxenfurd;;;;;;;;;;;;;
c_oxenfurd_adj;Oxenfurd;;;;;;;;;;;;;
c_oxenfurd_desc;Oxenfurd;;;;;;;;;;;;;
PROV751;Oxenfurd;;;;;;;;;;;;;
PROV751_adj;Oxenfurd;;;;;;;;;;;;;
PROV751_desc;Oxenfurd;;;;;;;;;;;;;
b_oxenfurd;Oxenfurd;;;;;;;;;;;;;
b_oxenfurd_adj;Oxenfurd;;;;;;;;;;;;;
b_oxenfurd_desc;Oxenfurd;;;;;;;;;;;;;
b_oxenfurd2;Oxenfurd2;;;;;;;;;;;;;
b_oxenfurd2_adj;Oxenfurd2;;;;;;;;;;;;;
b_oxenfurd2_desc;Oxenfurd2;;;;;;;;;;;;;
narlas;Narlas;;;;;;;;;;;;;
narlas_adj;Narlas;;;;;;;;;;;;;
narlas_desc;Narlas;;;;;;;;;;;;;
d_narlas;Narlas;;;;;;;;;;;;;
d_narlas_adj;Narlas;;;;;;;;;;;;;
d_narlas_desc;Narlas;;;;;;;;;;;;;
c_narlas;Narlas;;;;;;;;;;;;;
c_narlas_adj;Narlas;;;;;;;;;;;;;
c_narlas_desc;Narlas;;;;;;;;;;;;;
PROV752;Narlas;;;;;;;;;;;;;
PROV752_adj;Narlas;;;;;;;;;;;;;
PROV752_desc;Narlas;;;;;;;;;;;;;
b_narlas;Narlas;;;;;;;;;;;;;
b_narlas_adj;Narlas;;;;;;;;;;;;;
b_narlas_desc;Narlas;;;;;;;;;;;;;
b_narlas2;Narlas2;;;;;;;;;;;;;
b_narlas2_adj;Narlas2;;;;;;;;;;;;;
b_narlas2_desc;Narlas2;;;;;;;;;;;;;
siltcastle;Siltcastle;;;;;;;;;;;;;
siltcastle_adj;Siltcastle;;;;;;;;;;;;;
siltcastle_desc;Siltcastle;;;;;;;;;;;;;
c_siltcastle;Siltcastle;;;;;;;;;;;;;
c_siltcastle_adj;Siltcastle;;;;;;;;;;;;;
c_siltcastle_desc;Siltcastle;;;;;;;;;;;;;
PROV753;Siltcastle;;;;;;;;;;;;;
PROV753_adj;Siltcastle;;;;;;;;;;;;;
PROV753_desc;Siltcastle;;;;;;;;;;;;;
b_siltcastle;Siltcastle;;;;;;;;;;;;;
b_siltcastle_adj;Siltcastle;;;;;;;;;;;;;
b_siltcastle_desc;Siltcastle;;;;;;;;;;;;;
b_siltcastle2;Siltcastle2;;;;;;;;;;;;;
b_siltcastle2_adj;Siltcastle2;;;;;;;;;;;;;
b_siltcastle2_desc;Siltcastle2;;;;;;;;;;;;;
stormington;Stormington;;;;;;;;;;;;;
stormington_adj;Stormington;;;;;;;;;;;;;
stormington_desc;Stormington;;;;;;;;;;;;;
d_stormington;Stormington;;;;;;;;;;;;;
d_stormington_adj;Stormington;;;;;;;;;;;;;
d_stormington_desc;Stormington;;;;;;;;;;;;;
walthingburgh;Walthingburgh;;;;;;;;;;;;;
walthingburgh_adj;Walthingburgh;;;;;;;;;;;;;
walthingburgh_desc;Walthingburgh;;;;;;;;;;;;;
c_walthingburgh;Walthingburgh;;;;;;;;;;;;;
c_walthingburgh_adj;Walthingburgh;;;;;;;;;;;;;
c_walthingburgh_desc;Walthingburgh;;;;;;;;;;;;;
PROV754;Walthingburgh;;;;;;;;;;;;;
PROV754_adj;Walthingburgh;;;;;;;;;;;;;
PROV754_desc;Walthingburgh;;;;;;;;;;;;;
b_walthingburgh;Walthingburgh;;;;;;;;;;;;;
b_walthingburgh_adj;Walthingburgh;;;;;;;;;;;;;
b_walthingburgh_desc;Walthingburgh;;;;;;;;;;;;;
b_walthingburgh2;Walthingburgh2;;;;;;;;;;;;;
b_walthingburgh2_adj;Walthingburgh2;;;;;;;;;;;;;
b_walthingburgh2_desc;Walthingburgh2;;;;;;;;;;;;;
sutton;Sutton;;;;;;;;;;;;;
sutton_adj;Sutton;;;;;;;;;;;;;
sutton_desc;Sutton;;;;;;;;;;;;;
c_sutton;Sutton;;;;;;;;;;;;;
c_sutton_adj;Sutton;;;;;;;;;;;;;
c_sutton_desc;Sutton;;;;;;;;;;;;;
PROV755;Sutton;;;;;;;;;;;;;
PROV755_adj;Sutton;;;;;;;;;;;;;
PROV755_desc;Sutton;;;;;;;;;;;;;
b_sutton;Sutton;;;;;;;;;;;;;
b_sutton_adj;Sutton;;;;;;;;;;;;;
b_sutton_desc;Sutton;;;;;;;;;;;;;
b_sutton2;Sutton2;;;;;;;;;;;;;
b_sutton2_adj;Sutton2;;;;;;;;;;;;;
b_sutton2_desc;Sutton2;;;;;;;;;;;;;
bovrington;Bovrington;;;;;;;;;;;;;
bovrington_adj;Bovrington;;;;;;;;;;;;;
bovrington_desc;Bovrington;;;;;;;;;;;;;
c_bovrington;Bovrington;;;;;;;;;;;;;
c_bovrington_adj;Bovrington;;;;;;;;;;;;;
c_bovrington_desc;Bovrington;;;;;;;;;;;;;
PROV756;Bovrington;;;;;;;;;;;;;
PROV756_adj;Bovrington;;;;;;;;;;;;;
PROV756_desc;Bovrington;;;;;;;;;;;;;
b_bovrington;Bovrington;;;;;;;;;;;;;
b_bovrington_adj;Bovrington;;;;;;;;;;;;;
b_bovrington_desc;Bovrington;;;;;;;;;;;;;
b_bovrington2;Bovrington2;;;;;;;;;;;;;
b_bovrington2_adj;Bovrington2;;;;;;;;;;;;;
b_bovrington2_desc;Bovrington2;;;;;;;;;;;;;
attelgate;Attelgate;;;;;;;;;;;;;
attelgate_adj;Attelgate;;;;;;;;;;;;;
attelgate_desc;Attelgate;;;;;;;;;;;;;
c_attelgate;Attelgate;;;;;;;;;;;;;
c_attelgate_adj;Attelgate;;;;;;;;;;;;;
c_attelgate_desc;Attelgate;;;;;;;;;;;;;
PROV757;Attelgate;;;;;;;;;;;;;
PROV757_adj;Attelgate;;;;;;;;;;;;;
PROV757_desc;Attelgate;;;;;;;;;;;;;
b_attelgate;Attelgate;;;;;;;;;;;;;
b_attelgate_adj;Attelgate;;;;;;;;;;;;;
b_attelgate_desc;Attelgate;;;;;;;;;;;;;
b_attelgate2;Attelgate2;;;;;;;;;;;;;
b_attelgate2_adj;Attelgate2;;;;;;;;;;;;;
b_attelgate2_desc;Attelgate2;;;;;;;;;;;;;
c_stormington;Stormington;;;;;;;;;;;;;
c_stormington_adj;Stormington;;;;;;;;;;;;;
c_stormington_desc;Stormington;;;;;;;;;;;;;
PROV758;Stormington;;;;;;;;;;;;;
PROV758_adj;Stormington;;;;;;;;;;;;;
PROV758_desc;Stormington;;;;;;;;;;;;;
b_stormington;Stormington;;;;;;;;;;;;;
b_stormington_adj;Stormington;;;;;;;;;;;;;
b_stormington_desc;Stormington;;;;;;;;;;;;;
b_stormington2;Stormington2;;;;;;;;;;;;;
b_stormington2_adj;Stormington2;;;;;;;;;;;;;
b_stormington2_desc;Stormington2;;;;;;;;;;;;;
solleria;Solleria;;;;;;;;;;;;;
solleria_adj;Solleria;;;;;;;;;;;;;
solleria_desc;Solleria;;;;;;;;;;;;;
e_solleria;Solleria;;;;;;;;;;;;;
e_solleria_adj;Solleria;;;;;;;;;;;;;
e_solleria_desc;Solleria;;;;;;;;;;;;;
anchal;Anchal;;;;;;;;;;;;;
anchal_adj;Anchal;;;;;;;;;;;;;
anchal_desc;Anchal;;;;;;;;;;;;;
k_anchal;Anchal;;;;;;;;;;;;;
k_anchal_adj;Anchal;;;;;;;;;;;;;
k_anchal_desc;Anchal;;;;;;;;;;;;;
anchallea;Anchallea;;;;;;;;;;;;;
anchallea_adj;Anchallea;;;;;;;;;;;;;
anchallea_desc;Anchallea;;;;;;;;;;;;;
d_anchallea;Anchallea;;;;;;;;;;;;;
d_anchallea_adj;Anchallea;;;;;;;;;;;;;
d_anchallea_desc;Anchallea;;;;;;;;;;;;;
sciermanna;Sciermanna;;;;;;;;;;;;;
sciermanna_adj;Sciermanna;;;;;;;;;;;;;
sciermanna_desc;Sciermanna;;;;;;;;;;;;;
c_sciermanna;Sciermanna;;;;;;;;;;;;;
c_sciermanna_adj;Sciermanna;;;;;;;;;;;;;
c_sciermanna_desc;Sciermanna;;;;;;;;;;;;;
PROV759;Sciermanna;;;;;;;;;;;;;
PROV759_adj;Sciermanna;;;;;;;;;;;;;
PROV759_desc;Sciermanna;;;;;;;;;;;;;
b_sciermanna;Sciermanna;;;;;;;;;;;;;
b_sciermanna_adj;Sciermanna;;;;;;;;;;;;;
b_sciermanna_desc;Sciermanna;;;;;;;;;;;;;
b_sciermanna2;Sciermanna2;;;;;;;;;;;;;
b_sciermanna2_adj;Sciermanna2;;;;;;;;;;;;;
b_sciermanna2_desc;Sciermanna2;;;;;;;;;;;;;
sadeiannaar;Sadeiannaar;;;;;;;;;;;;;
sadeiannaar_adj;Sadeiannaar;;;;;;;;;;;;;
sadeiannaar_desc;Sadeiannaar;;;;;;;;;;;;;
c_sadeiannaar;Sadeiannaar;;;;;;;;;;;;;
c_sadeiannaar_adj;Sadeiannaar;;;;;;;;;;;;;
c_sadeiannaar_desc;Sadeiannaar;;;;;;;;;;;;;
PROV760;Sadeiannaar;;;;;;;;;;;;;
PROV760_adj;Sadeiannaar;;;;;;;;;;;;;
PROV760_desc;Sadeiannaar;;;;;;;;;;;;;
b_sadeiannaar;Sadeiannaar;;;;;;;;;;;;;
b_sadeiannaar_adj;Sadeiannaar;;;;;;;;;;;;;
b_sadeiannaar_desc;Sadeiannaar;;;;;;;;;;;;;
b_sadeiannaar2;Sadeiannaar2;;;;;;;;;;;;;
b_sadeiannaar2_adj;Sadeiannaar2;;;;;;;;;;;;;
b_sadeiannaar2_desc;Sadeiannaar2;;;;;;;;;;;;;
anchal_wald;Anchal Wald;;;;;;;;;;;;;
anchal_wald_adj;Anchal Wald;;;;;;;;;;;;;
anchal_wald_desc;Anchal Wald;;;;;;;;;;;;;
c_anchal_wald;Anchal Wald;;;;;;;;;;;;;
c_anchal_wald_adj;Anchal Wald;;;;;;;;;;;;;
c_anchal_wald_desc;Anchal Wald;;;;;;;;;;;;;
PROV761;Anchal Wald;;;;;;;;;;;;;
PROV761_adj;Anchal Wald;;;;;;;;;;;;;
PROV761_desc;Anchal Wald;;;;;;;;;;;;;
b_anchal_wald;Anchal Wald;;;;;;;;;;;;;
b_anchal_wald_adj;Anchal Wald;;;;;;;;;;;;;
b_anchal_wald_desc;Anchal Wald;;;;;;;;;;;;;
b_anchal_wald2;Anchal Wald2;;;;;;;;;;;;;
b_anchal_wald2_adj;Anchal Wald2;;;;;;;;;;;;;
b_anchal_wald2_desc;Anchal Wald2;;;;;;;;;;;;;
lesinmon_mo;Lesinmon Mo;;;;;;;;;;;;;
lesinmon_mo_adj;Lesinmon Mo;;;;;;;;;;;;;
lesinmon_mo_desc;Lesinmon Mo;;;;;;;;;;;;;
c_lesinmon_mo;Lesinmon Mo;;;;;;;;;;;;;
c_lesinmon_mo_adj;Lesinmon Mo;;;;;;;;;;;;;
c_lesinmon_mo_desc;Lesinmon Mo;;;;;;;;;;;;;
PROV762;Lesinmon Mo;;;;;;;;;;;;;
PROV762_adj;Lesinmon Mo;;;;;;;;;;;;;
PROV762_desc;Lesinmon Mo;;;;;;;;;;;;;
b_lesinmon_mo;Lesinmon Mo;;;;;;;;;;;;;
b_lesinmon_mo_adj;Lesinmon Mo;;;;;;;;;;;;;
b_lesinmon_mo_desc;Lesinmon Mo;;;;;;;;;;;;;
b_lesinmon_mo2;Lesinmon Mo2;;;;;;;;;;;;;
b_lesinmon_mo2_adj;Lesinmon Mo2;;;;;;;;;;;;;
b_lesinmon_mo2_desc;Lesinmon Mo2;;;;;;;;;;;;;
oseilan;Oseilan;;;;;;;;;;;;;
oseilan_adj;Oseilan;;;;;;;;;;;;;
oseilan_desc;Oseilan;;;;;;;;;;;;;
d_oseilan;Oseilan;;;;;;;;;;;;;
d_oseilan_adj;Oseilan;;;;;;;;;;;;;
d_oseilan_desc;Oseilan;;;;;;;;;;;;;
arranca;Arranca;;;;;;;;;;;;;
arranca_adj;Arranca;;;;;;;;;;;;;
arranca_desc;Arranca;;;;;;;;;;;;;
c_arranca;Arranca;;;;;;;;;;;;;
c_arranca_adj;Arranca;;;;;;;;;;;;;
c_arranca_desc;Arranca;;;;;;;;;;;;;
PROV763;Arranca;;;;;;;;;;;;;
PROV763_adj;Arranca;;;;;;;;;;;;;
PROV763_desc;Arranca;;;;;;;;;;;;;
b_arranca;Arranca;;;;;;;;;;;;;
b_arranca_adj;Arranca;;;;;;;;;;;;;
b_arranca_desc;Arranca;;;;;;;;;;;;;
b_arranca2;Arranca2;;;;;;;;;;;;;
b_arranca2_adj;Arranca2;;;;;;;;;;;;;
b_arranca2_desc;Arranca2;;;;;;;;;;;;;
meiasn_moor;Meiasn Moor;;;;;;;;;;;;;
meiasn_moor_adj;Meiasn Moor;;;;;;;;;;;;;
meiasn_moor_desc;Meiasn Moor;;;;;;;;;;;;;
c_meiasn_moor;Meiasn Moor;;;;;;;;;;;;;
c_meiasn_moor_adj;Meiasn Moor;;;;;;;;;;;;;
c_meiasn_moor_desc;Meiasn Moor;;;;;;;;;;;;;
PROV764;Meiasn Moor;;;;;;;;;;;;;
PROV764_adj;Meiasn Moor;;;;;;;;;;;;;
PROV764_desc;Meiasn Moor;;;;;;;;;;;;;
b_meiasn_moor;Meiasn Moor;;;;;;;;;;;;;
b_meiasn_moor_adj;Meiasn Moor;;;;;;;;;;;;;
b_meiasn_moor_desc;Meiasn Moor;;;;;;;;;;;;;
b_meiasn_moor2;Meiasn Moor2;;;;;;;;;;;;;
b_meiasn_moor2_adj;Meiasn Moor2;;;;;;;;;;;;;
b_meiasn_moor2_desc;Meiasn Moor2;;;;;;;;;;;;;
mirikiaan;Mirikiaan;;;;;;;;;;;;;
mirikiaan_adj;Mirikiaan;;;;;;;;;;;;;
mirikiaan_desc;Mirikiaan;;;;;;;;;;;;;
c_mirikiaan;Mirikiaan;;;;;;;;;;;;;
c_mirikiaan_adj;Mirikiaan;;;;;;;;;;;;;
c_mirikiaan_desc;Mirikiaan;;;;;;;;;;;;;
PROV765;Mirikiaan;;;;;;;;;;;;;
PROV765_adj;Mirikiaan;;;;;;;;;;;;;
PROV765_desc;Mirikiaan;;;;;;;;;;;;;
b_mirikiaan;Mirikiaan;;;;;;;;;;;;;
b_mirikiaan_adj;Mirikiaan;;;;;;;;;;;;;
b_mirikiaan_desc;Mirikiaan;;;;;;;;;;;;;
b_mirikiaan2;Mirikiaan2;;;;;;;;;;;;;
b_mirikiaan2_adj;Mirikiaan2;;;;;;;;;;;;;
b_mirikiaan2_desc;Mirikiaan2;;;;;;;;;;;;;
leisaranaar;Leisaranaar;;;;;;;;;;;;;
leisaranaar_adj;Leisaranaar;;;;;;;;;;;;;
leisaranaar_desc;Leisaranaar;;;;;;;;;;;;;
c_leisaranaar;Leisaranaar;;;;;;;;;;;;;
c_leisaranaar_adj;Leisaranaar;;;;;;;;;;;;;
c_leisaranaar_desc;Leisaranaar;;;;;;;;;;;;;
PROV766;Leisaranaar;;;;;;;;;;;;;
PROV766_adj;Leisaranaar;;;;;;;;;;;;;
PROV766_desc;Leisaranaar;;;;;;;;;;;;;
b_leisaranaar;Leisaranaar;;;;;;;;;;;;;
b_leisaranaar_adj;Leisaranaar;;;;;;;;;;;;;
b_leisaranaar_desc;Leisaranaar;;;;;;;;;;;;;
b_leisaranaar2;Leisaranaar2;;;;;;;;;;;;;
b_leisaranaar2_adj;Leisaranaar2;;;;;;;;;;;;;
b_leisaranaar2_desc;Leisaranaar2;;;;;;;;;;;;;
paravannaar;Paravannaar;;;;;;;;;;;;;
paravannaar_adj;Paravannaar;;;;;;;;;;;;;
paravannaar_desc;Paravannaar;;;;;;;;;;;;;
c_paravannaar;Paravannaar;;;;;;;;;;;;;
c_paravannaar_adj;Paravannaar;;;;;;;;;;;;;
c_paravannaar_desc;Paravannaar;;;;;;;;;;;;;
PROV767;Paravannaar;;;;;;;;;;;;;
PROV767_adj;Paravannaar;;;;;;;;;;;;;
PROV767_desc;Paravannaar;;;;;;;;;;;;;
b_paravannaar;Paravannaar;;;;;;;;;;;;;
b_paravannaar_adj;Paravannaar;;;;;;;;;;;;;
b_paravannaar_desc;Paravannaar;;;;;;;;;;;;;
b_paravannaar2;Paravannaar2;;;;;;;;;;;;;
b_paravannaar2_adj;Paravannaar2;;;;;;;;;;;;;
b_paravannaar2_desc;Paravannaar2;;;;;;;;;;;;;
ravannas;Ravannas;;;;;;;;;;;;;
ravannas_adj;Ravannas;;;;;;;;;;;;;
ravannas_desc;Ravannas;;;;;;;;;;;;;
d_ravannas;Ravannas;;;;;;;;;;;;;
d_ravannas_adj;Ravannas;;;;;;;;;;;;;
d_ravannas_desc;Ravannas;;;;;;;;;;;;;
anchal_peak;Anchal Peak;;;;;;;;;;;;;
anchal_peak_adj;Anchal Peak;;;;;;;;;;;;;
anchal_peak_desc;Anchal Peak;;;;;;;;;;;;;
c_anchal_peak;Anchal Peak;;;;;;;;;;;;;
c_anchal_peak_adj;Anchal Peak;;;;;;;;;;;;;
c_anchal_peak_desc;Anchal Peak;;;;;;;;;;;;;
PROV768;Anchal Peak;;;;;;;;;;;;;
PROV768_adj;Anchal Peak;;;;;;;;;;;;;
PROV768_desc;Anchal Peak;;;;;;;;;;;;;
b_anchal_peak;Anchal Peak;;;;;;;;;;;;;
b_anchal_peak_adj;Anchal Peak;;;;;;;;;;;;;
b_anchal_peak_desc;Anchal Peak;;;;;;;;;;;;;
b_anchal_peak2;Anchal Peak2;;;;;;;;;;;;;
b_anchal_peak2_adj;Anchal Peak2;;;;;;;;;;;;;
b_anchal_peak2_desc;Anchal Peak2;;;;;;;;;;;;;
ravanaas;Ravanaas;;;;;;;;;;;;;
ravanaas_adj;Ravanaas;;;;;;;;;;;;;
ravanaas_desc;Ravanaas;;;;;;;;;;;;;
c_ravanaas;Ravanaas;;;;;;;;;;;;;
c_ravanaas_adj;Ravanaas;;;;;;;;;;;;;
c_ravanaas_desc;Ravanaas;;;;;;;;;;;;;
PROV769;Ravanaas;;;;;;;;;;;;;
PROV769_adj;Ravanaas;;;;;;;;;;;;;
PROV769_desc;Ravanaas;;;;;;;;;;;;;
b_ravanaas;Ravanaas;;;;;;;;;;;;;
b_ravanaas_adj;Ravanaas;;;;;;;;;;;;;
b_ravanaas_desc;Ravanaas;;;;;;;;;;;;;
b_ravanaas2;Ravanaas2;;;;;;;;;;;;;
b_ravanaas2_adj;Ravanaas2;;;;;;;;;;;;;
b_ravanaas2_desc;Ravanaas2;;;;;;;;;;;;;
paravennaar;Paravennaar;;;;;;;;;;;;;
paravennaar_adj;Paravennaar;;;;;;;;;;;;;
paravennaar_desc;Paravennaar;;;;;;;;;;;;;
c_paravennaar;Paravennaar;;;;;;;;;;;;;
c_paravennaar_adj;Paravennaar;;;;;;;;;;;;;
c_paravennaar_desc;Paravennaar;;;;;;;;;;;;;
PROV770;Paravennaar;;;;;;;;;;;;;
PROV770_adj;Paravennaar;;;;;;;;;;;;;
PROV770_desc;Paravennaar;;;;;;;;;;;;;
b_paravennaar;Paravennaar;;;;;;;;;;;;;
b_paravennaar_adj;Paravennaar;;;;;;;;;;;;;
b_paravennaar_desc;Paravennaar;;;;;;;;;;;;;
b_paravennaar2;Paravennaar2;;;;;;;;;;;;;
b_paravennaar2_adj;Paravennaar2;;;;;;;;;;;;;
b_paravennaar2_desc;Paravennaar2;;;;;;;;;;;;;
anchal_mars;Anchal Mars;;;;;;;;;;;;;
anchal_mars_adj;Anchal Mars;;;;;;;;;;;;;
anchal_mars_desc;Anchal Mars;;;;;;;;;;;;;
c_anchal_mars;Anchal Mars;;;;;;;;;;;;;
c_anchal_mars_adj;Anchal Mars;;;;;;;;;;;;;
c_anchal_mars_desc;Anchal Mars;;;;;;;;;;;;;
PROV771;Anchal Mars;;;;;;;;;;;;;
PROV771_adj;Anchal Mars;;;;;;;;;;;;;
PROV771_desc;Anchal Mars;;;;;;;;;;;;;
b_anchal_mars;Anchal Mars;;;;;;;;;;;;;
b_anchal_mars_adj;Anchal Mars;;;;;;;;;;;;;
b_anchal_mars_desc;Anchal Mars;;;;;;;;;;;;;
b_anchal_mars2;Anchal Mars2;;;;;;;;;;;;;
b_anchal_mars2_adj;Anchal Mars2;;;;;;;;;;;;;
b_anchal_mars2_desc;Anchal Mars2;;;;;;;;;;;;;
calleeia;Calleeia;;;;;;;;;;;;;
calleeia_adj;Calleeia;;;;;;;;;;;;;
calleeia_desc;Calleeia;;;;;;;;;;;;;
k_calleeia;Calleeia;;;;;;;;;;;;;
k_calleeia_adj;Calleeia;;;;;;;;;;;;;
k_calleeia_desc;Calleeia;;;;;;;;;;;;;
sameanna;Sameanna;;;;;;;;;;;;;
sameanna_adj;Sameanna;;;;;;;;;;;;;
sameanna_desc;Sameanna;;;;;;;;;;;;;
d_sameanna;Sameanna;;;;;;;;;;;;;
d_sameanna_adj;Sameanna;;;;;;;;;;;;;
d_sameanna_desc;Sameanna;;;;;;;;;;;;;
eil_ise;Eil Ise;;;;;;;;;;;;;
eil_ise_adj;Eil Ise;;;;;;;;;;;;;
eil_ise_desc;Eil Ise;;;;;;;;;;;;;
c_eil_ise;Eil Ise;;;;;;;;;;;;;
c_eil_ise_adj;Eil Ise;;;;;;;;;;;;;
c_eil_ise_desc;Eil Ise;;;;;;;;;;;;;
PROV772;Eil Ise;;;;;;;;;;;;;
PROV772_adj;Eil Ise;;;;;;;;;;;;;
PROV772_desc;Eil Ise;;;;;;;;;;;;;
b_eil_ise;Eil Ise;;;;;;;;;;;;;
b_eil_ise_adj;Eil Ise;;;;;;;;;;;;;
b_eil_ise_desc;Eil Ise;;;;;;;;;;;;;
b_eil_ise2;Eil Ise2;;;;;;;;;;;;;
b_eil_ise2_adj;Eil Ise2;;;;;;;;;;;;;
b_eil_ise2_desc;Eil Ise2;;;;;;;;;;;;;
allat;Allat;;;;;;;;;;;;;
allat_adj;Allat;;;;;;;;;;;;;
allat_desc;Allat;;;;;;;;;;;;;
c_allat;Allat;;;;;;;;;;;;;
c_allat_adj;Allat;;;;;;;;;;;;;
c_allat_desc;Allat;;;;;;;;;;;;;
PROV773;Allat;;;;;;;;;;;;;
PROV773_adj;Allat;;;;;;;;;;;;;
PROV773_desc;Allat;;;;;;;;;;;;;
b_allat;Allat;;;;;;;;;;;;;
b_allat_adj;Allat;;;;;;;;;;;;;
b_allat_desc;Allat;;;;;;;;;;;;;
b_allat2;Allat2;;;;;;;;;;;;;
b_allat2_adj;Allat2;;;;;;;;;;;;;
b_allat2_desc;Allat2;;;;;;;;;;;;;
sca_eeilon;Sca Eeilon;;;;;;;;;;;;;
sca_eeilon_adj;Sca Eeilon;;;;;;;;;;;;;
sca_eeilon_desc;Sca Eeilon;;;;;;;;;;;;;
c_sca_eeilon;Sca Eeilon;;;;;;;;;;;;;
c_sca_eeilon_adj;Sca Eeilon;;;;;;;;;;;;;
c_sca_eeilon_desc;Sca Eeilon;;;;;;;;;;;;;
PROV774;Sca Eeilon;;;;;;;;;;;;;
PROV774_adj;Sca Eeilon;;;;;;;;;;;;;
PROV774_desc;Sca Eeilon;;;;;;;;;;;;;
b_sca_eeilon;Sca Eeilon;;;;;;;;;;;;;
b_sca_eeilon_adj;Sca Eeilon;;;;;;;;;;;;;
b_sca_eeilon_desc;Sca Eeilon;;;;;;;;;;;;;
b_sca_eeilon2;Sca Eeilon2;;;;;;;;;;;;;
b_sca_eeilon2_adj;Sca Eeilon2;;;;;;;;;;;;;
b_sca_eeilon2_desc;Sca Eeilon2;;;;;;;;;;;;;
valon;Valon;;;;;;;;;;;;;
valon_adj;Valon;;;;;;;;;;;;;
valon_desc;Valon;;;;;;;;;;;;;
c_valon;Valon;;;;;;;;;;;;;
c_valon_adj;Valon;;;;;;;;;;;;;
c_valon_desc;Valon;;;;;;;;;;;;;
PROV775;Valon;;;;;;;;;;;;;
PROV775_adj;Valon;;;;;;;;;;;;;
PROV775_desc;Valon;;;;;;;;;;;;;
b_valon;Valon;;;;;;;;;;;;;
b_valon_adj;Valon;;;;;;;;;;;;;
b_valon_desc;Valon;;;;;;;;;;;;;
b_valon2;Valon2;;;;;;;;;;;;;
b_valon2_adj;Valon2;;;;;;;;;;;;;
b_valon2_desc;Valon2;;;;;;;;;;;;;
eilodoor;Eilodoor;;;;;;;;;;;;;
eilodoor_adj;Eilodoor;;;;;;;;;;;;;
eilodoor_desc;Eilodoor;;;;;;;;;;;;;
c_eilodoor;Eilodoor;;;;;;;;;;;;;
c_eilodoor_adj;Eilodoor;;;;;;;;;;;;;
c_eilodoor_desc;Eilodoor;;;;;;;;;;;;;
PROV776;Eilodoor;;;;;;;;;;;;;
PROV776_adj;Eilodoor;;;;;;;;;;;;;
PROV776_desc;Eilodoor;;;;;;;;;;;;;
b_eilodoor;Eilodoor;;;;;;;;;;;;;
b_eilodoor_adj;Eilodoor;;;;;;;;;;;;;
b_eilodoor_desc;Eilodoor;;;;;;;;;;;;;
b_eilodoor2;Eilodoor2;;;;;;;;;;;;;
b_eilodoor2_adj;Eilodoor2;;;;;;;;;;;;;
b_eilodoor2_desc;Eilodoor2;;;;;;;;;;;;;
sismaan;Sismaan;;;;;;;;;;;;;
sismaan_adj;Sismaan;;;;;;;;;;;;;
sismaan_desc;Sismaan;;;;;;;;;;;;;
d_sismaan;Sismaan;;;;;;;;;;;;;
d_sismaan_adj;Sismaan;;;;;;;;;;;;;
d_sismaan_desc;Sismaan;;;;;;;;;;;;;
olvoor_moor;Olvoor Moor;;;;;;;;;;;;;
olvoor_moor_adj;Olvoor Moor;;;;;;;;;;;;;
olvoor_moor_desc;Olvoor Moor;;;;;;;;;;;;;
c_olvoor_moor;Olvoor Moor;;;;;;;;;;;;;
c_olvoor_moor_adj;Olvoor Moor;;;;;;;;;;;;;
c_olvoor_moor_desc;Olvoor Moor;;;;;;;;;;;;;
PROV777;Olvoor Moor;;;;;;;;;;;;;
PROV777_adj;Olvoor Moor;;;;;;;;;;;;;
PROV777_desc;Olvoor Moor;;;;;;;;;;;;;
b_olvoor_moor;Olvoor Moor;;;;;;;;;;;;;
b_olvoor_moor_adj;Olvoor Moor;;;;;;;;;;;;;
b_olvoor_moor_desc;Olvoor Moor;;;;;;;;;;;;;
b_olvoor_moor2;Olvoor Moor2;;;;;;;;;;;;;
b_olvoor_moor2_adj;Olvoor Moor2;;;;;;;;;;;;;
b_olvoor_moor2_desc;Olvoor Moor2;;;;;;;;;;;;;
qartannaar;Qartannaar;;;;;;;;;;;;;
qartannaar_adj;Qartannaar;;;;;;;;;;;;;
qartannaar_desc;Qartannaar;;;;;;;;;;;;;
c_qartannaar;Qartannaar;;;;;;;;;;;;;
c_qartannaar_adj;Qartannaar;;;;;;;;;;;;;
c_qartannaar_desc;Qartannaar;;;;;;;;;;;;;
PROV778;Qartannaar;;;;;;;;;;;;;
PROV778_adj;Qartannaar;;;;;;;;;;;;;
PROV778_desc;Qartannaar;;;;;;;;;;;;;
b_qartannaar;Qartannaar;;;;;;;;;;;;;
b_qartannaar_adj;Qartannaar;;;;;;;;;;;;;
b_qartannaar_desc;Qartannaar;;;;;;;;;;;;;
b_qartannaar2;Qartannaar2;;;;;;;;;;;;;
b_qartannaar2_adj;Qartannaar2;;;;;;;;;;;;;
b_qartannaar2_desc;Qartannaar2;;;;;;;;;;;;;
simsaan;Simsaan;;;;;;;;;;;;;
simsaan_adj;Simsaan;;;;;;;;;;;;;
simsaan_desc;Simsaan;;;;;;;;;;;;;
c_simsaan;Simsaan;;;;;;;;;;;;;
c_simsaan_adj;Simsaan;;;;;;;;;;;;;
c_simsaan_desc;Simsaan;;;;;;;;;;;;;
PROV779;Simsaan;;;;;;;;;;;;;
PROV779_adj;Simsaan;;;;;;;;;;;;;
PROV779_desc;Simsaan;;;;;;;;;;;;;
b_simsaan;Simsaan;;;;;;;;;;;;;
b_simsaan_adj;Simsaan;;;;;;;;;;;;;
b_simsaan_desc;Simsaan;;;;;;;;;;;;;
b_simsaan2;Simsaan2;;;;;;;;;;;;;
b_simsaan2_adj;Simsaan2;;;;;;;;;;;;;
b_simsaan2_desc;Simsaan2;;;;;;;;;;;;;
uelman_feeila;Uelman Feeila;;;;;;;;;;;;;
uelman_feeila_adj;Uelman Feeila;;;;;;;;;;;;;
uelman_feeila_desc;Uelman Feeila;;;;;;;;;;;;;
c_uelman_feeila;Uelman Feeila;;;;;;;;;;;;;
c_uelman_feeila_adj;Uelman Feeila;;;;;;;;;;;;;
c_uelman_feeila_desc;Uelman Feeila;;;;;;;;;;;;;
PROV780;Uelman Feeila;;;;;;;;;;;;;
PROV780_adj;Uelman Feeila;;;;;;;;;;;;;
PROV780_desc;Uelman Feeila;;;;;;;;;;;;;
b_uelman_feeila;Uelman Feeila;;;;;;;;;;;;;
b_uelman_feeila_adj;Uelman Feeila;;;;;;;;;;;;;
b_uelman_feeila_desc;Uelman Feeila;;;;;;;;;;;;;
b_uelman_feeila2;Uelman Feeila2;;;;;;;;;;;;;
b_uelman_feeila2_adj;Uelman Feeila2;;;;;;;;;;;;;
b_uelman_feeila2_desc;Uelman Feeila2;;;;;;;;;;;;;
c_sismaan;Sismaan;;;;;;;;;;;;;
c_sismaan_adj;Sismaan;;;;;;;;;;;;;
c_sismaan_desc;Sismaan;;;;;;;;;;;;;
PROV781;Sismaan;;;;;;;;;;;;;
PROV781_adj;Sismaan;;;;;;;;;;;;;
PROV781_desc;Sismaan;;;;;;;;;;;;;
b_sismaan;Sismaan;;;;;;;;;;;;;
b_sismaan_adj;Sismaan;;;;;;;;;;;;;
b_sismaan_desc;Sismaan;;;;;;;;;;;;;
b_sismaan2;Sismaan2;;;;;;;;;;;;;
b_sismaan2_adj;Sismaan2;;;;;;;;;;;;;
b_sismaan2_desc;Sismaan2;;;;;;;;;;;;;
samannae;Samannae;;;;;;;;;;;;;
samannae_adj;Samannae;;;;;;;;;;;;;
samannae_desc;Samannae;;;;;;;;;;;;;
c_samannae;Samannae;;;;;;;;;;;;;
c_samannae_adj;Samannae;;;;;;;;;;;;;
c_samannae_desc;Samannae;;;;;;;;;;;;;
PROV782;Samannae;;;;;;;;;;;;;
PROV782_adj;Samannae;;;;;;;;;;;;;
PROV782_desc;Samannae;;;;;;;;;;;;;
b_samannae;Samannae;;;;;;;;;;;;;
b_samannae_adj;Samannae;;;;;;;;;;;;;
b_samannae_desc;Samannae;;;;;;;;;;;;;
b_samannae2;Samannae2;;;;;;;;;;;;;
b_samannae2_adj;Samannae2;;;;;;;;;;;;;
b_samannae2_desc;Samannae2;;;;;;;;;;;;;
varei;Varei;;;;;;;;;;;;;
varei_adj;Varei;;;;;;;;;;;;;
varei_desc;Varei;;;;;;;;;;;;;
d_varei;Varei;;;;;;;;;;;;;
d_varei_adj;Varei;;;;;;;;;;;;;
d_varei_desc;Varei;;;;;;;;;;;;;
ennas_varei;Ennas Varei;;;;;;;;;;;;;
ennas_varei_adj;Ennas Varei;;;;;;;;;;;;;
ennas_varei_desc;Ennas Varei;;;;;;;;;;;;;
c_ennas_varei;Ennas Varei;;;;;;;;;;;;;
c_ennas_varei_adj;Ennas Varei;;;;;;;;;;;;;
c_ennas_varei_desc;Ennas Varei;;;;;;;;;;;;;
PROV783;Ennas Varei;;;;;;;;;;;;;
PROV783_adj;Ennas Varei;;;;;;;;;;;;;
PROV783_desc;Ennas Varei;;;;;;;;;;;;;
b_ennas_varei;Ennas Varei;;;;;;;;;;;;;
b_ennas_varei_adj;Ennas Varei;;;;;;;;;;;;;
b_ennas_varei_desc;Ennas Varei;;;;;;;;;;;;;
b_ennas_varei2;Ennas Varei2;;;;;;;;;;;;;
b_ennas_varei2_adj;Ennas Varei2;;;;;;;;;;;;;
b_ennas_varei2_desc;Ennas Varei2;;;;;;;;;;;;;
caelaerre;Caelaerre;;;;;;;;;;;;;
caelaerre_adj;Caelaerre;;;;;;;;;;;;;
caelaerre_desc;Caelaerre;;;;;;;;;;;;;
c_caelaerre;Caelaerre;;;;;;;;;;;;;
c_caelaerre_adj;Caelaerre;;;;;;;;;;;;;
c_caelaerre_desc;Caelaerre;;;;;;;;;;;;;
PROV784;Caelaerre;;;;;;;;;;;;;
PROV784_adj;Caelaerre;;;;;;;;;;;;;
PROV784_desc;Caelaerre;;;;;;;;;;;;;
b_caelaerre;Caelaerre;;;;;;;;;;;;;
b_caelaerre_adj;Caelaerre;;;;;;;;;;;;;
b_caelaerre_desc;Caelaerre;;;;;;;;;;;;;
b_caelaerre2;Caelaerre2;;;;;;;;;;;;;
b_caelaerre2_adj;Caelaerre2;;;;;;;;;;;;;
b_caelaerre2_desc;Caelaerre2;;;;;;;;;;;;;
ennas_vis;Ennas Vis;;;;;;;;;;;;;
ennas_vis_adj;Ennas Vis;;;;;;;;;;;;;
ennas_vis_desc;Ennas Vis;;;;;;;;;;;;;
c_ennas_vis;Ennas Vis;;;;;;;;;;;;;
c_ennas_vis_adj;Ennas Vis;;;;;;;;;;;;;
c_ennas_vis_desc;Ennas Vis;;;;;;;;;;;;;
PROV785;Ennas Vis;;;;;;;;;;;;;
PROV785_adj;Ennas Vis;;;;;;;;;;;;;
PROV785_desc;Ennas Vis;;;;;;;;;;;;;
b_ennas_vis;Ennas Vis;;;;;;;;;;;;;
b_ennas_vis_adj;Ennas Vis;;;;;;;;;;;;;
b_ennas_vis_desc;Ennas Vis;;;;;;;;;;;;;
b_ennas_vis2;Ennas Vis2;;;;;;;;;;;;;
b_ennas_vis2_adj;Ennas Vis2;;;;;;;;;;;;;
b_ennas_vis2_desc;Ennas Vis2;;;;;;;;;;;;;
oesmalaan_ie;Oesmalaan Ie;;;;;;;;;;;;;
oesmalaan_ie_adj;Oesmalaan Ie;;;;;;;;;;;;;
oesmalaan_ie_desc;Oesmalaan Ie;;;;;;;;;;;;;
c_oesmalaan_ie;Oesmalaan Ie;;;;;;;;;;;;;
c_oesmalaan_ie_adj;Oesmalaan Ie;;;;;;;;;;;;;
c_oesmalaan_ie_desc;Oesmalaan Ie;;;;;;;;;;;;;
PROV786;Oesmalaan Ie;;;;;;;;;;;;;
PROV786_adj;Oesmalaan Ie;;;;;;;;;;;;;
PROV786_desc;Oesmalaan Ie;;;;;;;;;;;;;
b_oesmalaan_ie;Oesmalaan Ie;;;;;;;;;;;;;
b_oesmalaan_ie_adj;Oesmalaan Ie;;;;;;;;;;;;;
b_oesmalaan_ie_desc;Oesmalaan Ie;;;;;;;;;;;;;
b_oesmalaan_ie2;Oesmalaan Ie2;;;;;;;;;;;;;
b_oesmalaan_ie2_adj;Oesmalaan Ie2;;;;;;;;;;;;;
b_oesmalaan_ie2_desc;Oesmalaan Ie2;;;;;;;;;;;;;
essaleia;Essaleia;;;;;;;;;;;;;
essaleia_adj;Essaleia;;;;;;;;;;;;;
essaleia_desc;Essaleia;;;;;;;;;;;;;
k_essaleia;Essaleia;;;;;;;;;;;;;
k_essaleia_adj;Essaleia;;;;;;;;;;;;;
k_essaleia_desc;Essaleia;;;;;;;;;;;;;
athentol;Athentol;;;;;;;;;;;;;
athentol_adj;Athentol;;;;;;;;;;;;;
athentol_desc;Athentol;;;;;;;;;;;;;
d_athentol;Athentol;;;;;;;;;;;;;
d_athentol_adj;Athentol;;;;;;;;;;;;;
d_athentol_desc;Athentol;;;;;;;;;;;;;
carache_ise;Carache Ise;;;;;;;;;;;;;
carache_ise_adj;Carache Ise;;;;;;;;;;;;;
carache_ise_desc;Carache Ise;;;;;;;;;;;;;
c_carache_ise;Carache Ise;;;;;;;;;;;;;
c_carache_ise_adj;Carache Ise;;;;;;;;;;;;;
c_carache_ise_desc;Carache Ise;;;;;;;;;;;;;
PROV787;Carache Ise;;;;;;;;;;;;;
PROV787_adj;Carache Ise;;;;;;;;;;;;;
PROV787_desc;Carache Ise;;;;;;;;;;;;;
b_carache_ise;Carache Ise;;;;;;;;;;;;;
b_carache_ise_adj;Carache Ise;;;;;;;;;;;;;
b_carache_ise_desc;Carache Ise;;;;;;;;;;;;;
b_carache_ise2;Carache Ise2;;;;;;;;;;;;;
b_carache_ise2_adj;Carache Ise2;;;;;;;;;;;;;
b_carache_ise2_desc;Carache Ise2;;;;;;;;;;;;;
rivere_ise;Rivere Ise;;;;;;;;;;;;;
rivere_ise_adj;Rivere Ise;;;;;;;;;;;;;
rivere_ise_desc;Rivere Ise;;;;;;;;;;;;;
c_rivere_ise;Rivere Ise;;;;;;;;;;;;;
c_rivere_ise_adj;Rivere Ise;;;;;;;;;;;;;
c_rivere_ise_desc;Rivere Ise;;;;;;;;;;;;;
PROV788;Rivere Ise;;;;;;;;;;;;;
PROV788_adj;Rivere Ise;;;;;;;;;;;;;
PROV788_desc;Rivere Ise;;;;;;;;;;;;;
b_rivere_ise;Rivere Ise;;;;;;;;;;;;;
b_rivere_ise_adj;Rivere Ise;;;;;;;;;;;;;
b_rivere_ise_desc;Rivere Ise;;;;;;;;;;;;;
b_rivere_ise2;Rivere Ise2;;;;;;;;;;;;;
b_rivere_ise2_adj;Rivere Ise2;;;;;;;;;;;;;
b_rivere_ise2_desc;Rivere Ise2;;;;;;;;;;;;;
mollere_ise;Mollere Ise;;;;;;;;;;;;;
mollere_ise_adj;Mollere Ise;;;;;;;;;;;;;
mollere_ise_desc;Mollere Ise;;;;;;;;;;;;;
c_mollere_ise;Mollere Ise;;;;;;;;;;;;;
c_mollere_ise_adj;Mollere Ise;;;;;;;;;;;;;
c_mollere_ise_desc;Mollere Ise;;;;;;;;;;;;;
PROV789;Mollere Ise;;;;;;;;;;;;;
PROV789_adj;Mollere Ise;;;;;;;;;;;;;
PROV789_desc;Mollere Ise;;;;;;;;;;;;;
b_mollere_ise;Mollere Ise;;;;;;;;;;;;;
b_mollere_ise_adj;Mollere Ise;;;;;;;;;;;;;
b_mollere_ise_desc;Mollere Ise;;;;;;;;;;;;;
b_mollere_ise2;Mollere Ise2;;;;;;;;;;;;;
b_mollere_ise2_adj;Mollere Ise2;;;;;;;;;;;;;
b_mollere_ise2_desc;Mollere Ise2;;;;;;;;;;;;;
ivusul;Ivusul;;;;;;;;;;;;;
ivusul_adj;Ivusul;;;;;;;;;;;;;
ivusul_desc;Ivusul;;;;;;;;;;;;;
c_ivusul;Ivusul;;;;;;;;;;;;;
c_ivusul_adj;Ivusul;;;;;;;;;;;;;
c_ivusul_desc;Ivusul;;;;;;;;;;;;;
PROV790;Ivusul;;;;;;;;;;;;;
PROV790_adj;Ivusul;;;;;;;;;;;;;
PROV790_desc;Ivusul;;;;;;;;;;;;;
b_ivusul;Ivusul;;;;;;;;;;;;;
b_ivusul_adj;Ivusul;;;;;;;;;;;;;
b_ivusul_desc;Ivusul;;;;;;;;;;;;;
b_ivusul2;Ivusul2;;;;;;;;;;;;;
b_ivusul2_adj;Ivusul2;;;;;;;;;;;;;
b_ivusul2_desc;Ivusul2;;;;;;;;;;;;;
avalleia;Avalleia;;;;;;;;;;;;;
avalleia_adj;Avalleia;;;;;;;;;;;;;
avalleia_desc;Avalleia;;;;;;;;;;;;;
d_avalleia;Avalleia;;;;;;;;;;;;;
d_avalleia_adj;Avalleia;;;;;;;;;;;;;
d_avalleia_desc;Avalleia;;;;;;;;;;;;;
elleialavon;Elleialavon;;;;;;;;;;;;;
elleialavon_adj;Elleialavon;;;;;;;;;;;;;
elleialavon_desc;Elleialavon;;;;;;;;;;;;;
c_elleialavon;Elleialavon;;;;;;;;;;;;;
c_elleialavon_adj;Elleialavon;;;;;;;;;;;;;
c_elleialavon_desc;Elleialavon;;;;;;;;;;;;;
PROV791;Elleialavon;;;;;;;;;;;;;
PROV791_adj;Elleialavon;;;;;;;;;;;;;
PROV791_desc;Elleialavon;;;;;;;;;;;;;
b_elleialavon;Elleialavon;;;;;;;;;;;;;
b_elleialavon_adj;Elleialavon;;;;;;;;;;;;;
b_elleialavon_desc;Elleialavon;;;;;;;;;;;;;
b_elleialavon2;Elleialavon2;;;;;;;;;;;;;
b_elleialavon2_adj;Elleialavon2;;;;;;;;;;;;;
b_elleialavon2_desc;Elleialavon2;;;;;;;;;;;;;
ulvisalaan;Ulvisalaan;;;;;;;;;;;;;
ulvisalaan_adj;Ulvisalaan;;;;;;;;;;;;;
ulvisalaan_desc;Ulvisalaan;;;;;;;;;;;;;
c_ulvisalaan;Ulvisalaan;;;;;;;;;;;;;
c_ulvisalaan_adj;Ulvisalaan;;;;;;;;;;;;;
c_ulvisalaan_desc;Ulvisalaan;;;;;;;;;;;;;
PROV792;Ulvisalaan;;;;;;;;;;;;;
PROV792_adj;Ulvisalaan;;;;;;;;;;;;;
PROV792_desc;Ulvisalaan;;;;;;;;;;;;;
b_ulvisalaan;Ulvisalaan;;;;;;;;;;;;;
b_ulvisalaan_adj;Ulvisalaan;;;;;;;;;;;;;
b_ulvisalaan_desc;Ulvisalaan;;;;;;;;;;;;;
b_ulvisalaan2;Ulvisalaan2;;;;;;;;;;;;;
b_ulvisalaan2_adj;Ulvisalaan2;;;;;;;;;;;;;
b_ulvisalaan2_desc;Ulvisalaan2;;;;;;;;;;;;;
maan;Maan;;;;;;;;;;;;;
maan_adj;Maan;;;;;;;;;;;;;
maan_desc;Maan;;;;;;;;;;;;;
c_maan;Maan;;;;;;;;;;;;;
c_maan_adj;Maan;;;;;;;;;;;;;
c_maan_desc;Maan;;;;;;;;;;;;;
PROV793;Maan;;;;;;;;;;;;;
PROV793_adj;Maan;;;;;;;;;;;;;
PROV793_desc;Maan;;;;;;;;;;;;;
b_maan;Maan;;;;;;;;;;;;;
b_maan_adj;Maan;;;;;;;;;;;;;
b_maan_desc;Maan;;;;;;;;;;;;;
b_maan2;Maan2;;;;;;;;;;;;;
b_maan2_adj;Maan2;;;;;;;;;;;;;
b_maan2_desc;Maan2;;;;;;;;;;;;;
sanaara;Sanaara;;;;;;;;;;;;;
sanaara_adj;Sanaara;;;;;;;;;;;;;
sanaara_desc;Sanaara;;;;;;;;;;;;;
c_sanaara;Sanaara;;;;;;;;;;;;;
c_sanaara_adj;Sanaara;;;;;;;;;;;;;
c_sanaara_desc;Sanaara;;;;;;;;;;;;;
PROV794;Sanaara;;;;;;;;;;;;;
PROV794_adj;Sanaara;;;;;;;;;;;;;
PROV794_desc;Sanaara;;;;;;;;;;;;;
b_sanaara;Sanaara;;;;;;;;;;;;;
b_sanaara_adj;Sanaara;;;;;;;;;;;;;
b_sanaara_desc;Sanaara;;;;;;;;;;;;;
b_sanaara2;Sanaara2;;;;;;;;;;;;;
b_sanaara2_adj;Sanaara2;;;;;;;;;;;;;
b_sanaara2_desc;Sanaara2;;;;;;;;;;;;;
avalla_loseia;Avalla Loseia;;;;;;;;;;;;;
avalla_loseia_adj;Avalla Loseia;;;;;;;;;;;;;
avalla_loseia_desc;Avalla Loseia;;;;;;;;;;;;;
c_avalla_loseia;Avalla Loseia;;;;;;;;;;;;;
c_avalla_loseia_adj;Avalla Loseia;;;;;;;;;;;;;
c_avalla_loseia_desc;Avalla Loseia;;;;;;;;;;;;;
PROV795;Avalla Loseia;;;;;;;;;;;;;
PROV795_adj;Avalla Loseia;;;;;;;;;;;;;
PROV795_desc;Avalla Loseia;;;;;;;;;;;;;
b_avalla_loseia;Avalla Loseia;;;;;;;;;;;;;
b_avalla_loseia_adj;Avalla Loseia;;;;;;;;;;;;;
b_avalla_loseia_desc;Avalla Loseia;;;;;;;;;;;;;
b_avalla_loseia2;Avalla Loseia2;;;;;;;;;;;;;
b_avalla_loseia2_adj;Avalla Loseia2;;;;;;;;;;;;;
b_avalla_loseia2_desc;Avalla Loseia2;;;;;;;;;;;;;
velincara;Velincara;;;;;;;;;;;;;
velincara_adj;Velincara;;;;;;;;;;;;;
velincara_desc;Velincara;;;;;;;;;;;;;
d_velincara;Velincara;;;;;;;;;;;;;
d_velincara_adj;Velincara;;;;;;;;;;;;;
d_velincara_desc;Velincara;;;;;;;;;;;;;
athal_salen;Athal Salen;;;;;;;;;;;;;
athal_salen_adj;Athal Salen;;;;;;;;;;;;;
athal_salen_desc;Athal Salen;;;;;;;;;;;;;
c_athal_salen;Athal Salen;;;;;;;;;;;;;
c_athal_salen_adj;Athal Salen;;;;;;;;;;;;;
c_athal_salen_desc;Athal Salen;;;;;;;;;;;;;
PROV796;Athal Salen;;;;;;;;;;;;;
PROV796_adj;Athal Salen;;;;;;;;;;;;;
PROV796_desc;Athal Salen;;;;;;;;;;;;;
b_athal_salen;Athal Salen;;;;;;;;;;;;;
b_athal_salen_adj;Athal Salen;;;;;;;;;;;;;
b_athal_salen_desc;Athal Salen;;;;;;;;;;;;;
b_athal_salen2;Athal Salen2;;;;;;;;;;;;;
b_athal_salen2_adj;Athal Salen2;;;;;;;;;;;;;
b_athal_salen2_desc;Athal Salen2;;;;;;;;;;;;;
ailayan_ase;Ailayan Ase;;;;;;;;;;;;;
ailayan_ase_adj;Ailayan Ase;;;;;;;;;;;;;
ailayan_ase_desc;Ailayan Ase;;;;;;;;;;;;;
c_ailayan_ase;Ailayan Ase;;;;;;;;;;;;;
c_ailayan_ase_adj;Ailayan Ase;;;;;;;;;;;;;
c_ailayan_ase_desc;Ailayan Ase;;;;;;;;;;;;;
PROV797;Ailayan Ase;;;;;;;;;;;;;
PROV797_adj;Ailayan Ase;;;;;;;;;;;;;
PROV797_desc;Ailayan Ase;;;;;;;;;;;;;
b_ailayan_ase;Ailayan Ase;;;;;;;;;;;;;
b_ailayan_ase_adj;Ailayan Ase;;;;;;;;;;;;;
b_ailayan_ase_desc;Ailayan Ase;;;;;;;;;;;;;
b_ailayan_ase2;Ailayan Ase2;;;;;;;;;;;;;
b_ailayan_ase2_adj;Ailayan Ase2;;;;;;;;;;;;;
b_ailayan_ase2_desc;Ailayan Ase2;;;;;;;;;;;;;
c_velincara;Velincara;;;;;;;;;;;;;
c_velincara_adj;Velincara;;;;;;;;;;;;;
c_velincara_desc;Velincara;;;;;;;;;;;;;
PROV798;Velincara;;;;;;;;;;;;;
PROV798_adj;Velincara;;;;;;;;;;;;;
PROV798_desc;Velincara;;;;;;;;;;;;;
b_velincara;Velincara;;;;;;;;;;;;;
b_velincara_adj;Velincara;;;;;;;;;;;;;
b_velincara_desc;Velincara;;;;;;;;;;;;;
b_velincara2;Velincara2;;;;;;;;;;;;;
b_velincara2_adj;Velincara2;;;;;;;;;;;;;
b_velincara2_desc;Velincara2;;;;;;;;;;;;;
ylesse_ise;Ylesse Ise;;;;;;;;;;;;;
ylesse_ise_adj;Ylesse Ise;;;;;;;;;;;;;
ylesse_ise_desc;Ylesse Ise;;;;;;;;;;;;;
c_ylesse_ise;Ylesse Ise;;;;;;;;;;;;;
c_ylesse_ise_adj;Ylesse Ise;;;;;;;;;;;;;
c_ylesse_ise_desc;Ylesse Ise;;;;;;;;;;;;;
PROV799;Ylesse Ise;;;;;;;;;;;;;
PROV799_adj;Ylesse Ise;;;;;;;;;;;;;
PROV799_desc;Ylesse Ise;;;;;;;;;;;;;
b_ylesse_ise;Ylesse Ise;;;;;;;;;;;;;
b_ylesse_ise_adj;Ylesse Ise;;;;;;;;;;;;;
b_ylesse_ise_desc;Ylesse Ise;;;;;;;;;;;;;
b_ylesse_ise2;Ylesse Ise2;;;;;;;;;;;;;
b_ylesse_ise2_adj;Ylesse Ise2;;;;;;;;;;;;;
b_ylesse_ise2_desc;Ylesse Ise2;;;;;;;;;;;;;
saleiaan_fa;Saleiaan Fa;;;;;;;;;;;;;
saleiaan_fa_adj;Saleiaan Fa;;;;;;;;;;;;;
saleiaan_fa_desc;Saleiaan Fa;;;;;;;;;;;;;
c_saleiaan_fa;Saleiaan Fa;;;;;;;;;;;;;
c_saleiaan_fa_adj;Saleiaan Fa;;;;;;;;;;;;;
c_saleiaan_fa_desc;Saleiaan Fa;;;;;;;;;;;;;
PROV800;Saleiaan Fa;;;;;;;;;;;;;
PROV800_adj;Saleiaan Fa;;;;;;;;;;;;;
PROV800_desc;Saleiaan Fa;;;;;;;;;;;;;
b_saleiaan_fa;Saleiaan Fa;;;;;;;;;;;;;
b_saleiaan_fa_adj;Saleiaan Fa;;;;;;;;;;;;;
b_saleiaan_fa_desc;Saleiaan Fa;;;;;;;;;;;;;
b_saleiaan_fa2;Saleiaan Fa2;;;;;;;;;;;;;
b_saleiaan_fa2_adj;Saleiaan Fa2;;;;;;;;;;;;;
b_saleiaan_fa2_desc;Saleiaan Fa2;;;;;;;;;;;;;
milaaneia;Milaaneia;;;;;;;;;;;;;
milaaneia_adj;Milaaneia;;;;;;;;;;;;;
milaaneia_desc;Milaaneia;;;;;;;;;;;;;
k_milaaneia;Milaaneia;;;;;;;;;;;;;
k_milaaneia_adj;Milaaneia;;;;;;;;;;;;;
k_milaaneia_desc;Milaaneia;;;;;;;;;;;;;
avaal;Avaal;;;;;;;;;;;;;
avaal_adj;Avaal;;;;;;;;;;;;;
avaal_desc;Avaal;;;;;;;;;;;;;
d_avaal;Avaal;;;;;;;;;;;;;
d_avaal_adj;Avaal;;;;;;;;;;;;;
d_avaal_desc;Avaal;;;;;;;;;;;;;
hoogpunte;Hoogpunte;;;;;;;;;;;;;
hoogpunte_adj;Hoogpunte;;;;;;;;;;;;;
hoogpunte_desc;Hoogpunte;;;;;;;;;;;;;
c_hoogpunte;Hoogpunte;;;;;;;;;;;;;
c_hoogpunte_adj;Hoogpunte;;;;;;;;;;;;;
c_hoogpunte_desc;Hoogpunte;;;;;;;;;;;;;
PROV801;Hoogpunte;;;;;;;;;;;;;
PROV801_adj;Hoogpunte;;;;;;;;;;;;;
PROV801_desc;Hoogpunte;;;;;;;;;;;;;
b_hoogpunte;Hoogpunte;;;;;;;;;;;;;
b_hoogpunte_adj;Hoogpunte;;;;;;;;;;;;;
b_hoogpunte_desc;Hoogpunte;;;;;;;;;;;;;
b_hoogpunte2;Hoogpunte2;;;;;;;;;;;;;
b_hoogpunte2_adj;Hoogpunte2;;;;;;;;;;;;;
b_hoogpunte2_desc;Hoogpunte2;;;;;;;;;;;;;
ulmanaal;Ulmanaal;;;;;;;;;;;;;
ulmanaal_adj;Ulmanaal;;;;;;;;;;;;;
ulmanaal_desc;Ulmanaal;;;;;;;;;;;;;
c_ulmanaal;Ulmanaal;;;;;;;;;;;;;
c_ulmanaal_adj;Ulmanaal;;;;;;;;;;;;;
c_ulmanaal_desc;Ulmanaal;;;;;;;;;;;;;
PROV802;Ulmanaal;;;;;;;;;;;;;
PROV802_adj;Ulmanaal;;;;;;;;;;;;;
PROV802_desc;Ulmanaal;;;;;;;;;;;;;
b_ulmanaal;Ulmanaal;;;;;;;;;;;;;
b_ulmanaal_adj;Ulmanaal;;;;;;;;;;;;;
b_ulmanaal_desc;Ulmanaal;;;;;;;;;;;;;
b_ulmanaal2;Ulmanaal2;;;;;;;;;;;;;
b_ulmanaal2_adj;Ulmanaal2;;;;;;;;;;;;;
b_ulmanaal2_desc;Ulmanaal2;;;;;;;;;;;;;
avaal_moor;Avaal Moor;;;;;;;;;;;;;
avaal_moor_adj;Avaal Moor;;;;;;;;;;;;;
avaal_moor_desc;Avaal Moor;;;;;;;;;;;;;
c_avaal_moor;Avaal Moor;;;;;;;;;;;;;
c_avaal_moor_adj;Avaal Moor;;;;;;;;;;;;;
c_avaal_moor_desc;Avaal Moor;;;;;;;;;;;;;
PROV803;Avaal Moor;;;;;;;;;;;;;
PROV803_adj;Avaal Moor;;;;;;;;;;;;;
PROV803_desc;Avaal Moor;;;;;;;;;;;;;
b_avaal_moor;Avaal Moor;;;;;;;;;;;;;
b_avaal_moor_adj;Avaal Moor;;;;;;;;;;;;;
b_avaal_moor_desc;Avaal Moor;;;;;;;;;;;;;
b_avaal_moor2;Avaal Moor2;;;;;;;;;;;;;
b_avaal_moor2_adj;Avaal Moor2;;;;;;;;;;;;;
b_avaal_moor2_desc;Avaal Moor2;;;;;;;;;;;;;
meias_moor;Meias Moor;;;;;;;;;;;;;
meias_moor_adj;Meias Moor;;;;;;;;;;;;;
meias_moor_desc;Meias Moor;;;;;;;;;;;;;
c_meias_moor;Meias Moor;;;;;;;;;;;;;
c_meias_moor_adj;Meias Moor;;;;;;;;;;;;;
c_meias_moor_desc;Meias Moor;;;;;;;;;;;;;
PROV804;Meias Moor;;;;;;;;;;;;;
PROV804_adj;Meias Moor;;;;;;;;;;;;;
PROV804_desc;Meias Moor;;;;;;;;;;;;;
b_meias_moor;Meias Moor;;;;;;;;;;;;;
b_meias_moor_adj;Meias Moor;;;;;;;;;;;;;
b_meias_moor_desc;Meias Moor;;;;;;;;;;;;;
b_meias_moor2;Meias Moor2;;;;;;;;;;;;;
b_meias_moor2_adj;Meias Moor2;;;;;;;;;;;;;
b_meias_moor2_desc;Meias Moor2;;;;;;;;;;;;;
milaan_qarn;Milaan Qarn;;;;;;;;;;;;;
milaan_qarn_adj;Milaan Qarn;;;;;;;;;;;;;
milaan_qarn_desc;Milaan Qarn;;;;;;;;;;;;;
c_milaan_qarn;Milaan Qarn;;;;;;;;;;;;;
c_milaan_qarn_adj;Milaan Qarn;;;;;;;;;;;;;
c_milaan_qarn_desc;Milaan Qarn;;;;;;;;;;;;;
PROV805;Milaan Qarn;;;;;;;;;;;;;
PROV805_adj;Milaan Qarn;;;;;;;;;;;;;
PROV805_desc;Milaan Qarn;;;;;;;;;;;;;
b_milaan_qarn;Milaan Qarn;;;;;;;;;;;;;
b_milaan_qarn_adj;Milaan Qarn;;;;;;;;;;;;;
b_milaan_qarn_desc;Milaan Qarn;;;;;;;;;;;;;
b_milaan_qarn2;Milaan Qarn2;;;;;;;;;;;;;
b_milaan_qarn2_adj;Milaan Qarn2;;;;;;;;;;;;;
b_milaan_qarn2_desc;Milaan Qarn2;;;;;;;;;;;;;
avonn;Avonn;;;;;;;;;;;;;
avonn_adj;Avonn;;;;;;;;;;;;;
avonn_desc;Avonn;;;;;;;;;;;;;
d_avonn;Avonn;;;;;;;;;;;;;
d_avonn_adj;Avonn;;;;;;;;;;;;;
d_avonn_desc;Avonn;;;;;;;;;;;;;
allanlaaen;Allanlaaen;;;;;;;;;;;;;
allanlaaen_adj;Allanlaaen;;;;;;;;;;;;;
allanlaaen_desc;Allanlaaen;;;;;;;;;;;;;
c_allanlaaen;Allanlaaen;;;;;;;;;;;;;
c_allanlaaen_adj;Allanlaaen;;;;;;;;;;;;;
c_allanlaaen_desc;Allanlaaen;;;;;;;;;;;;;
PROV806;Allanlaaen;;;;;;;;;;;;;
PROV806_adj;Allanlaaen;;;;;;;;;;;;;
PROV806_desc;Allanlaaen;;;;;;;;;;;;;
b_allanlaaen;Allanlaaen;;;;;;;;;;;;;
b_allanlaaen_adj;Allanlaaen;;;;;;;;;;;;;
b_allanlaaen_desc;Allanlaaen;;;;;;;;;;;;;
b_allanlaaen2;Allanlaaen2;;;;;;;;;;;;;
b_allanlaaen2_adj;Allanlaaen2;;;;;;;;;;;;;
b_allanlaaen2_desc;Allanlaaen2;;;;;;;;;;;;;
c_avonn;Avonn;;;;;;;;;;;;;
c_avonn_adj;Avonn;;;;;;;;;;;;;
c_avonn_desc;Avonn;;;;;;;;;;;;;
PROV807;Avonn;;;;;;;;;;;;;
PROV807_adj;Avonn;;;;;;;;;;;;;
PROV807_desc;Avonn;;;;;;;;;;;;;
b_avonn;Avonn;;;;;;;;;;;;;
b_avonn_adj;Avonn;;;;;;;;;;;;;
b_avonn_desc;Avonn;;;;;;;;;;;;;
b_avonn2;Avonn2;;;;;;;;;;;;;
b_avonn2_adj;Avonn2;;;;;;;;;;;;;
b_avonn2_desc;Avonn2;;;;;;;;;;;;;
meelleenn;Meelleenn;;;;;;;;;;;;;
meelleenn_adj;Meelleenn;;;;;;;;;;;;;
meelleenn_desc;Meelleenn;;;;;;;;;;;;;
c_meelleenn;Meelleenn;;;;;;;;;;;;;
c_meelleenn_adj;Meelleenn;;;;;;;;;;;;;
c_meelleenn_desc;Meelleenn;;;;;;;;;;;;;
PROV808;Meelleenn;;;;;;;;;;;;;
PROV808_adj;Meelleenn;;;;;;;;;;;;;
PROV808_desc;Meelleenn;;;;;;;;;;;;;
b_meelleenn;Meelleenn;;;;;;;;;;;;;
b_meelleenn_adj;Meelleenn;;;;;;;;;;;;;
b_meelleenn_desc;Meelleenn;;;;;;;;;;;;;
b_meelleenn2;Meelleenn2;;;;;;;;;;;;;
b_meelleenn2_adj;Meelleenn2;;;;;;;;;;;;;
b_meelleenn2_desc;Meelleenn2;;;;;;;;;;;;;
salamaan;Salamaan;;;;;;;;;;;;;
salamaan_adj;Salamaan;;;;;;;;;;;;;
salamaan_desc;Salamaan;;;;;;;;;;;;;
c_salamaan;Salamaan;;;;;;;;;;;;;
c_salamaan_adj;Salamaan;;;;;;;;;;;;;
c_salamaan_desc;Salamaan;;;;;;;;;;;;;
PROV809;Salamaan;;;;;;;;;;;;;
PROV809_adj;Salamaan;;;;;;;;;;;;;
PROV809_desc;Salamaan;;;;;;;;;;;;;
b_salamaan;Salamaan;;;;;;;;;;;;;
b_salamaan_adj;Salamaan;;;;;;;;;;;;;
b_salamaan_desc;Salamaan;;;;;;;;;;;;;
b_salamaan2;Salamaan2;;;;;;;;;;;;;
b_salamaan2_adj;Salamaan2;;;;;;;;;;;;;
b_salamaan2_desc;Salamaan2;;;;;;;;;;;;;
qalamann;Qalamann;;;;;;;;;;;;;
qalamann_adj;Qalamann;;;;;;;;;;;;;
qalamann_desc;Qalamann;;;;;;;;;;;;;
c_qalamann;Qalamann;;;;;;;;;;;;;
c_qalamann_adj;Qalamann;;;;;;;;;;;;;
c_qalamann_desc;Qalamann;;;;;;;;;;;;;
PROV810;Qalamann;;;;;;;;;;;;;
PROV810_adj;Qalamann;;;;;;;;;;;;;
PROV810_desc;Qalamann;;;;;;;;;;;;;
b_qalamann;Qalamann;;;;;;;;;;;;;
b_qalamann_adj;Qalamann;;;;;;;;;;;;;
b_qalamann_desc;Qalamann;;;;;;;;;;;;;
b_qalamann2;Qalamann2;;;;;;;;;;;;;
b_qalamann2_adj;Qalamann2;;;;;;;;;;;;;
b_qalamann2_desc;Qalamann2;;;;;;;;;;;;;
callaei;Callaei;;;;;;;;;;;;;
callaei_adj;Callaei;;;;;;;;;;;;;
callaei_desc;Callaei;;;;;;;;;;;;;
c_callaei;Callaei;;;;;;;;;;;;;
c_callaei_adj;Callaei;;;;;;;;;;;;;
c_callaei_desc;Callaei;;;;;;;;;;;;;
PROV811;Callaei;;;;;;;;;;;;;
PROV811_adj;Callaei;;;;;;;;;;;;;
PROV811_desc;Callaei;;;;;;;;;;;;;
b_callaei;Callaei;;;;;;;;;;;;;
b_callaei_adj;Callaei;;;;;;;;;;;;;
b_callaei_desc;Callaei;;;;;;;;;;;;;
b_callaei2;Callaei2;;;;;;;;;;;;;
b_callaei2_adj;Callaei2;;;;;;;;;;;;;
b_callaei2_desc;Callaei2;;;;;;;;;;;;;
cerelia;Cerelia;;;;;;;;;;;;;
cerelia_adj;Cerelia;;;;;;;;;;;;;
cerelia_desc;Cerelia;;;;;;;;;;;;;
d_cerelia;Cerelia;;;;;;;;;;;;;
d_cerelia_adj;Cerelia;;;;;;;;;;;;;
d_cerelia_desc;Cerelia;;;;;;;;;;;;;
milaan_sora;Milaan Sora;;;;;;;;;;;;;
milaan_sora_adj;Milaan Sora;;;;;;;;;;;;;
milaan_sora_desc;Milaan Sora;;;;;;;;;;;;;
c_milaan_sora;Milaan Sora;;;;;;;;;;;;;
c_milaan_sora_adj;Milaan Sora;;;;;;;;;;;;;
c_milaan_sora_desc;Milaan Sora;;;;;;;;;;;;;
PROV812;Milaan Sora;;;;;;;;;;;;;
PROV812_adj;Milaan Sora;;;;;;;;;;;;;
PROV812_desc;Milaan Sora;;;;;;;;;;;;;
b_milaan_sora;Milaan Sora;;;;;;;;;;;;;
b_milaan_sora_adj;Milaan Sora;;;;;;;;;;;;;
b_milaan_sora_desc;Milaan Sora;;;;;;;;;;;;;
b_milaan_sora2;Milaan Sora2;;;;;;;;;;;;;
b_milaan_sora2_adj;Milaan Sora2;;;;;;;;;;;;;
b_milaan_sora2_desc;Milaan Sora2;;;;;;;;;;;;;
milaan_alaa;Milaan Alaa;;;;;;;;;;;;;
milaan_alaa_adj;Milaan Alaa;;;;;;;;;;;;;
milaan_alaa_desc;Milaan Alaa;;;;;;;;;;;;;
c_milaan_alaa;Milaan Alaa;;;;;;;;;;;;;
c_milaan_alaa_adj;Milaan Alaa;;;;;;;;;;;;;
c_milaan_alaa_desc;Milaan Alaa;;;;;;;;;;;;;
PROV813;Milaan Alaa;;;;;;;;;;;;;
PROV813_adj;Milaan Alaa;;;;;;;;;;;;;
PROV813_desc;Milaan Alaa;;;;;;;;;;;;;
b_milaan_alaa;Milaan Alaa;;;;;;;;;;;;;
b_milaan_alaa_adj;Milaan Alaa;;;;;;;;;;;;;
b_milaan_alaa_desc;Milaan Alaa;;;;;;;;;;;;;
b_milaan_alaa2;Milaan Alaa2;;;;;;;;;;;;;
b_milaan_alaa2_adj;Milaan Alaa2;;;;;;;;;;;;;
b_milaan_alaa2_desc;Milaan Alaa2;;;;;;;;;;;;;
eereseimaal;Eereseimaal;;;;;;;;;;;;;
eereseimaal_adj;Eereseimaal;;;;;;;;;;;;;
eereseimaal_desc;Eereseimaal;;;;;;;;;;;;;
c_eereseimaal;Eereseimaal;;;;;;;;;;;;;
c_eereseimaal_adj;Eereseimaal;;;;;;;;;;;;;
c_eereseimaal_desc;Eereseimaal;;;;;;;;;;;;;
PROV814;Eereseimaal;;;;;;;;;;;;;
PROV814_adj;Eereseimaal;;;;;;;;;;;;;
PROV814_desc;Eereseimaal;;;;;;;;;;;;;
b_eereseimaal;Eereseimaal;;;;;;;;;;;;;
b_eereseimaal_adj;Eereseimaal;;;;;;;;;;;;;
b_eereseimaal_desc;Eereseimaal;;;;;;;;;;;;;
b_eereseimaal2;Eereseimaal2;;;;;;;;;;;;;
b_eereseimaal2_adj;Eereseimaal2;;;;;;;;;;;;;
b_eereseimaal2_desc;Eereseimaal2;;;;;;;;;;;;;
ceerelia;Ceerelia;;;;;;;;;;;;;
ceerelia_adj;Ceerelia;;;;;;;;;;;;;
ceerelia_desc;Ceerelia;;;;;;;;;;;;;
c_ceerelia;Ceerelia;;;;;;;;;;;;;
c_ceerelia_adj;Ceerelia;;;;;;;;;;;;;
c_ceerelia_desc;Ceerelia;;;;;;;;;;;;;
PROV815;Ceerelia;;;;;;;;;;;;;
PROV815_adj;Ceerelia;;;;;;;;;;;;;
PROV815_desc;Ceerelia;;;;;;;;;;;;;
b_ceerelia;Ceerelia;;;;;;;;;;;;;
b_ceerelia_adj;Ceerelia;;;;;;;;;;;;;
b_ceerelia_desc;Ceerelia;;;;;;;;;;;;;
b_ceerelia2;Ceerelia2;;;;;;;;;;;;;
b_ceerelia2_adj;Ceerelia2;;;;;;;;;;;;;
b_ceerelia2_desc;Ceerelia2;;;;;;;;;;;;;
valei_maan;Valei Maan;;;;;;;;;;;;;
valei_maan_adj;Valei Maan;;;;;;;;;;;;;
valei_maan_desc;Valei Maan;;;;;;;;;;;;;
k_valei_maan;Valei Maan;;;;;;;;;;;;;
k_valei_maan_adj;Valei Maan;;;;;;;;;;;;;
k_valei_maan_desc;Valei Maan;;;;;;;;;;;;;
ennmeeia;Ennmeeia;;;;;;;;;;;;;
ennmeeia_adj;Ennmeeia;;;;;;;;;;;;;
ennmeeia_desc;Ennmeeia;;;;;;;;;;;;;
d_ennmeeia;Ennmeeia;;;;;;;;;;;;;
d_ennmeeia_adj;Ennmeeia;;;;;;;;;;;;;
d_ennmeeia_desc;Ennmeeia;;;;;;;;;;;;;
eihunt_moor;Eihunt Moor;;;;;;;;;;;;;
eihunt_moor_adj;Eihunt Moor;;;;;;;;;;;;;
eihunt_moor_desc;Eihunt Moor;;;;;;;;;;;;;
c_eihunt_moor;Eihunt Moor;;;;;;;;;;;;;
c_eihunt_moor_adj;Eihunt Moor;;;;;;;;;;;;;
c_eihunt_moor_desc;Eihunt Moor;;;;;;;;;;;;;
PROV816;Eihunt Moor;;;;;;;;;;;;;
PROV816_adj;Eihunt Moor;;;;;;;;;;;;;
PROV816_desc;Eihunt Moor;;;;;;;;;;;;;
b_eihunt_moor;Eihunt Moor;;;;;;;;;;;;;
b_eihunt_moor_adj;Eihunt Moor;;;;;;;;;;;;;
b_eihunt_moor_desc;Eihunt Moor;;;;;;;;;;;;;
b_eihunt_moor2;Eihunt Moor2;;;;;;;;;;;;;
b_eihunt_moor2_adj;Eihunt Moor2;;;;;;;;;;;;;
b_eihunt_moor2_desc;Eihunt Moor2;;;;;;;;;;;;;
valanara_mo;Valanara Mo;;;;;;;;;;;;;
valanara_mo_adj;Valanara Mo;;;;;;;;;;;;;
valanara_mo_desc;Valanara Mo;;;;;;;;;;;;;
c_valanara_mo;Valanara Mo;;;;;;;;;;;;;
c_valanara_mo_adj;Valanara Mo;;;;;;;;;;;;;
c_valanara_mo_desc;Valanara Mo;;;;;;;;;;;;;
PROV817;Valanara Mo;;;;;;;;;;;;;
PROV817_adj;Valanara Mo;;;;;;;;;;;;;
PROV817_desc;Valanara Mo;;;;;;;;;;;;;
b_valanara_mo;Valanara Mo;;;;;;;;;;;;;
b_valanara_mo_adj;Valanara Mo;;;;;;;;;;;;;
b_valanara_mo_desc;Valanara Mo;;;;;;;;;;;;;
b_valanara_mo2;Valanara Mo2;;;;;;;;;;;;;
b_valanara_mo2_adj;Valanara Mo2;;;;;;;;;;;;;
b_valanara_mo2_desc;Valanara Mo2;;;;;;;;;;;;;
ellei_moor;Ellei Moor;;;;;;;;;;;;;
ellei_moor_adj;Ellei Moor;;;;;;;;;;;;;
ellei_moor_desc;Ellei Moor;;;;;;;;;;;;;
c_ellei_moor;Ellei Moor;;;;;;;;;;;;;
c_ellei_moor_adj;Ellei Moor;;;;;;;;;;;;;
c_ellei_moor_desc;Ellei Moor;;;;;;;;;;;;;
PROV818;Ellei Moor;;;;;;;;;;;;;
PROV818_adj;Ellei Moor;;;;;;;;;;;;;
PROV818_desc;Ellei Moor;;;;;;;;;;;;;
b_ellei_moor;Ellei Moor;;;;;;;;;;;;;
b_ellei_moor_adj;Ellei Moor;;;;;;;;;;;;;
b_ellei_moor_desc;Ellei Moor;;;;;;;;;;;;;
b_ellei_moor2;Ellei Moor2;;;;;;;;;;;;;
b_ellei_moor2_adj;Ellei Moor2;;;;;;;;;;;;;
b_ellei_moor2_desc;Ellei Moor2;;;;;;;;;;;;;
mulaaan_moo;Mulaaan Moo;;;;;;;;;;;;;
mulaaan_moo_adj;Mulaaan Moo;;;;;;;;;;;;;
mulaaan_moo_desc;Mulaaan Moo;;;;;;;;;;;;;
c_mulaaan_moo;Mulaaan Moo;;;;;;;;;;;;;
c_mulaaan_moo_adj;Mulaaan Moo;;;;;;;;;;;;;
c_mulaaan_moo_desc;Mulaaan Moo;;;;;;;;;;;;;
PROV819;Mulaaan Moo;;;;;;;;;;;;;
PROV819_adj;Mulaaan Moo;;;;;;;;;;;;;
PROV819_desc;Mulaaan Moo;;;;;;;;;;;;;
b_mulaaan_moo;Mulaaan Moo;;;;;;;;;;;;;
b_mulaaan_moo_adj;Mulaaan Moo;;;;;;;;;;;;;
b_mulaaan_moo_desc;Mulaaan Moo;;;;;;;;;;;;;
b_mulaaan_moo2;Mulaaan Moo2;;;;;;;;;;;;;
b_mulaaan_moo2_adj;Mulaaan Moo2;;;;;;;;;;;;;
b_mulaaan_moo2_desc;Mulaaan Moo2;;;;;;;;;;;;;
ennmeia;Ennmeia;;;;;;;;;;;;;
ennmeia_adj;Ennmeia;;;;;;;;;;;;;
ennmeia_desc;Ennmeia;;;;;;;;;;;;;
c_ennmeia;Ennmeia;;;;;;;;;;;;;
c_ennmeia_adj;Ennmeia;;;;;;;;;;;;;
c_ennmeia_desc;Ennmeia;;;;;;;;;;;;;
PROV820;Ennmeia;;;;;;;;;;;;;
PROV820_adj;Ennmeia;;;;;;;;;;;;;
PROV820_desc;Ennmeia;;;;;;;;;;;;;
b_ennmeia;Ennmeia;;;;;;;;;;;;;
b_ennmeia_adj;Ennmeia;;;;;;;;;;;;;
b_ennmeia_desc;Ennmeia;;;;;;;;;;;;;
b_ennmeia2;Ennmeia2;;;;;;;;;;;;;
b_ennmeia2_adj;Ennmeia2;;;;;;;;;;;;;
b_ennmeia2_desc;Ennmeia2;;;;;;;;;;;;;
minneia;Minneia;;;;;;;;;;;;;
minneia_adj;Minneia;;;;;;;;;;;;;
minneia_desc;Minneia;;;;;;;;;;;;;
d_minneia;Minneia;;;;;;;;;;;;;
d_minneia_adj;Minneia;;;;;;;;;;;;;
d_minneia_desc;Minneia;;;;;;;;;;;;;
sca_menais;Sca Menais;;;;;;;;;;;;;
sca_menais_adj;Sca Menais;;;;;;;;;;;;;
sca_menais_desc;Sca Menais;;;;;;;;;;;;;
c_sca_menais;Sca Menais;;;;;;;;;;;;;
c_sca_menais_adj;Sca Menais;;;;;;;;;;;;;
c_sca_menais_desc;Sca Menais;;;;;;;;;;;;;
PROV821;Sca Menais;;;;;;;;;;;;;
PROV821_adj;Sca Menais;;;;;;;;;;;;;
PROV821_desc;Sca Menais;;;;;;;;;;;;;
b_sca_menais;Sca Menais;;;;;;;;;;;;;
b_sca_menais_adj;Sca Menais;;;;;;;;;;;;;
b_sca_menais_desc;Sca Menais;;;;;;;;;;;;;
b_sca_menais2;Sca Menais2;;;;;;;;;;;;;
b_sca_menais2_adj;Sca Menais2;;;;;;;;;;;;;
b_sca_menais2_desc;Sca Menais2;;;;;;;;;;;;;
olloesa;Olloesa;;;;;;;;;;;;;
olloesa_adj;Olloesa;;;;;;;;;;;;;
olloesa_desc;Olloesa;;;;;;;;;;;;;
c_olloesa;Olloesa;;;;;;;;;;;;;
c_olloesa_adj;Olloesa;;;;;;;;;;;;;
c_olloesa_desc;Olloesa;;;;;;;;;;;;;
PROV822;Olloesa;;;;;;;;;;;;;
PROV822_adj;Olloesa;;;;;;;;;;;;;
PROV822_desc;Olloesa;;;;;;;;;;;;;
b_olloesa;Olloesa;;;;;;;;;;;;;
b_olloesa_adj;Olloesa;;;;;;;;;;;;;
b_olloesa_desc;Olloesa;;;;;;;;;;;;;
b_olloesa2;Olloesa2;;;;;;;;;;;;;
b_olloesa2_adj;Olloesa2;;;;;;;;;;;;;
b_olloesa2_desc;Olloesa2;;;;;;;;;;;;;
c_minneia;Minneia;;;;;;;;;;;;;
c_minneia_adj;Minneia;;;;;;;;;;;;;
c_minneia_desc;Minneia;;;;;;;;;;;;;
PROV823;Minneia;;;;;;;;;;;;;
PROV823_adj;Minneia;;;;;;;;;;;;;
PROV823_desc;Minneia;;;;;;;;;;;;;
b_minneia;Minneia;;;;;;;;;;;;;
b_minneia_adj;Minneia;;;;;;;;;;;;;
b_minneia_desc;Minneia;;;;;;;;;;;;;
b_minneia2;Minneia2;;;;;;;;;;;;;
b_minneia2_adj;Minneia2;;;;;;;;;;;;;
b_minneia2_desc;Minneia2;;;;;;;;;;;;;
linasaam;Linasaam;;;;;;;;;;;;;
linasaam_adj;Linasaam;;;;;;;;;;;;;
linasaam_desc;Linasaam;;;;;;;;;;;;;
c_linasaam;Linasaam;;;;;;;;;;;;;
c_linasaam_adj;Linasaam;;;;;;;;;;;;;
c_linasaam_desc;Linasaam;;;;;;;;;;;;;
PROV824;Linasaam;;;;;;;;;;;;;
PROV824_adj;Linasaam;;;;;;;;;;;;;
PROV824_desc;Linasaam;;;;;;;;;;;;;
b_linasaam;Linasaam;;;;;;;;;;;;;
b_linasaam_adj;Linasaam;;;;;;;;;;;;;
b_linasaam_desc;Linasaam;;;;;;;;;;;;;
b_linasaam2;Linasaam2;;;;;;;;;;;;;
b_linasaam2_adj;Linasaam2;;;;;;;;;;;;;
b_linasaam2_desc;Linasaam2;;;;;;;;;;;;;
solmarse;Solmarse;;;;;;;;;;;;;
solmarse_adj;Solmarse;;;;;;;;;;;;;
solmarse_desc;Solmarse;;;;;;;;;;;;;
d_solmarse;Solmarse;;;;;;;;;;;;;
d_solmarse_adj;Solmarse;;;;;;;;;;;;;
d_solmarse_desc;Solmarse;;;;;;;;;;;;;
eismarse;Eismarse;;;;;;;;;;;;;
eismarse_adj;Eismarse;;;;;;;;;;;;;
eismarse_desc;Eismarse;;;;;;;;;;;;;
c_eismarse;Eismarse;;;;;;;;;;;;;
c_eismarse_adj;Eismarse;;;;;;;;;;;;;
c_eismarse_desc;Eismarse;;;;;;;;;;;;;
PROV825;Eismarse;;;;;;;;;;;;;
PROV825_adj;Eismarse;;;;;;;;;;;;;
PROV825_desc;Eismarse;;;;;;;;;;;;;
b_eismarse;Eismarse;;;;;;;;;;;;;
b_eismarse_adj;Eismarse;;;;;;;;;;;;;
b_eismarse_desc;Eismarse;;;;;;;;;;;;;
b_eismarse2;Eismarse2;;;;;;;;;;;;;
b_eismarse2_adj;Eismarse2;;;;;;;;;;;;;
b_eismarse2_desc;Eismarse2;;;;;;;;;;;;;
avmarsae;Avmarsae;;;;;;;;;;;;;
avmarsae_adj;Avmarsae;;;;;;;;;;;;;
avmarsae_desc;Avmarsae;;;;;;;;;;;;;
c_avmarsae;Avmarsae;;;;;;;;;;;;;
c_avmarsae_adj;Avmarsae;;;;;;;;;;;;;
c_avmarsae_desc;Avmarsae;;;;;;;;;;;;;
PROV826;Avmarsae;;;;;;;;;;;;;
PROV826_adj;Avmarsae;;;;;;;;;;;;;
PROV826_desc;Avmarsae;;;;;;;;;;;;;
b_avmarsae;Avmarsae;;;;;;;;;;;;;
b_avmarsae_adj;Avmarsae;;;;;;;;;;;;;
b_avmarsae_desc;Avmarsae;;;;;;;;;;;;;
b_avmarsae2;Avmarsae2;;;;;;;;;;;;;
b_avmarsae2_adj;Avmarsae2;;;;;;;;;;;;;
b_avmarsae2_desc;Avmarsae2;;;;;;;;;;;;;
iesh_mena;Iesh Mena;;;;;;;;;;;;;
iesh_mena_adj;Iesh Mena;;;;;;;;;;;;;
iesh_mena_desc;Iesh Mena;;;;;;;;;;;;;
c_iesh_mena;Iesh Mena;;;;;;;;;;;;;
c_iesh_mena_adj;Iesh Mena;;;;;;;;;;;;;
c_iesh_mena_desc;Iesh Mena;;;;;;;;;;;;;
PROV827;Iesh Mena;;;;;;;;;;;;;
PROV827_adj;Iesh Mena;;;;;;;;;;;;;
PROV827_desc;Iesh Mena;;;;;;;;;;;;;
b_iesh_mena;Iesh Mena;;;;;;;;;;;;;
b_iesh_mena_adj;Iesh Mena;;;;;;;;;;;;;
b_iesh_mena_desc;Iesh Mena;;;;;;;;;;;;;
b_iesh_mena2;Iesh Mena2;;;;;;;;;;;;;
b_iesh_mena2_adj;Iesh Mena2;;;;;;;;;;;;;
b_iesh_mena2_desc;Iesh Mena2;;;;;;;;;;;;;
c_solmarse;Solmarse;;;;;;;;;;;;;
c_solmarse_adj;Solmarse;;;;;;;;;;;;;
c_solmarse_desc;Solmarse;;;;;;;;;;;;;
PROV828;Solmarse;;;;;;;;;;;;;
PROV828_adj;Solmarse;;;;;;;;;;;;;
PROV828_desc;Solmarse;;;;;;;;;;;;;
b_solmarse;Solmarse;;;;;;;;;;;;;
b_solmarse_adj;Solmarse;;;;;;;;;;;;;
b_solmarse_desc;Solmarse;;;;;;;;;;;;;
b_solmarse2;Solmarse2;;;;;;;;;;;;;
b_solmarse2_adj;Solmarse2;;;;;;;;;;;;;
b_solmarse2_desc;Solmarse2;;;;;;;;;;;;;
aetlana;Aetlana;;;;;;;;;;;;;
aetlana_adj;Aetlana;;;;;;;;;;;;;
aetlana_desc;Aetlana;;;;;;;;;;;;;
c_aetlana;Aetlana;;;;;;;;;;;;;
c_aetlana_adj;Aetlana;;;;;;;;;;;;;
c_aetlana_desc;Aetlana;;;;;;;;;;;;;
PROV829;Aetlana;;;;;;;;;;;;;
PROV829_adj;Aetlana;;;;;;;;;;;;;
PROV829_desc;Aetlana;;;;;;;;;;;;;
b_aetlana;Aetlana;;;;;;;;;;;;;
b_aetlana_adj;Aetlana;;;;;;;;;;;;;
b_aetlana_desc;Aetlana;;;;;;;;;;;;;
b_aetlana2;Aetlana2;;;;;;;;;;;;;
b_aetlana2_adj;Aetlana2;;;;;;;;;;;;;
b_aetlana2_desc;Aetlana2;;;;;;;;;;;;;
olan_valei;Olan Valei;;;;;;;;;;;;;
olan_valei_adj;Olan Valei;;;;;;;;;;;;;
olan_valei_desc;Olan Valei;;;;;;;;;;;;;
c_olan_valei;Olan Valei;;;;;;;;;;;;;
c_olan_valei_adj;Olan Valei;;;;;;;;;;;;;
c_olan_valei_desc;Olan Valei;;;;;;;;;;;;;
PROV830;Olan Valei;;;;;;;;;;;;;
PROV830_adj;Olan Valei;;;;;;;;;;;;;
PROV830_desc;Olan Valei;;;;;;;;;;;;;
b_olan_valei;Olan Valei;;;;;;;;;;;;;
b_olan_valei_adj;Olan Valei;;;;;;;;;;;;;
b_olan_valei_desc;Olan Valei;;;;;;;;;;;;;
b_olan_valei2;Olan Valei2;;;;;;;;;;;;;
b_olan_valei2_adj;Olan Valei2;;;;;;;;;;;;;
b_olan_valei2_desc;Olan Valei2;;;;;;;;;;;;;
sudland;Sudland;;;;;;;;;;;;;
sudland_adj;Sudland;;;;;;;;;;;;;
sudland_desc;Sudland;;;;;;;;;;;;;
e_sudland;Mandu;;;;;;;;;;;;;
e_sudland_adj;Mandu;;;;;;;;;;;;;
e_sudland_desc;Mandu;;;;;;;;;;;;;
kassar;Kassar;;;;;;;;;;;;;
kassar_adj;Kassar;;;;;;;;;;;;;
kassar_desc;Kassar;;;;;;;;;;;;;
k_kassar;Kassar;;;;;;;;;;;;;
k_kassar_adj;Kassar;;;;;;;;;;;;;
k_kassar_desc;Kassar;;;;;;;;;;;;;
ammasadjef;Ammasadjef;;;;;;;;;;;;;
ammasadjef_adj;Ammasadjef;;;;;;;;;;;;;
ammasadjef_desc;Ammasadjef;;;;;;;;;;;;;
d_ammasadjef;Ammasadjef;;;;;;;;;;;;;
d_ammasadjef_adj;Ammasadjef;;;;;;;;;;;;;
d_ammasadjef_desc;Ammasadjef;;;;;;;;;;;;;
narran_isles;Narran Isles;;;;;;;;;;;;;
narran_isles_adj;Narran Isles;;;;;;;;;;;;;
narran_isles_desc;Narran Isles;;;;;;;;;;;;;
c_narran_isles;Narran Isles;;;;;;;;;;;;;
c_narran_isles_adj;Narran Isles;;;;;;;;;;;;;
c_narran_isles_desc;Narran Isles;;;;;;;;;;;;;
PROV831;Narran Isles;;;;;;;;;;;;;
PROV831_adj;Narran Isles;;;;;;;;;;;;;
PROV831_desc;Narran Isles;;;;;;;;;;;;;
b_narran_isles;Narran Isles;;;;;;;;;;;;;
b_narran_isles_adj;Narran Isles;;;;;;;;;;;;;
b_narran_isles_desc;Narran Isles;;;;;;;;;;;;;
b_narran_isles2;Narran Isles2;;;;;;;;;;;;;
b_narran_isles2_adj;Narran Isles2;;;;;;;;;;;;;
b_narran_isles2_desc;Narran Isles2;;;;;;;;;;;;;
essakos_isles;Essakos Isles;;;;;;;;;;;;;
essakos_isles_adj;Essakos Isles;;;;;;;;;;;;;
essakos_isles_desc;Essakos Isles;;;;;;;;;;;;;
c_essakos_isles;Essakos Isles;;;;;;;;;;;;;
c_essakos_isles_adj;Essakos Isles;;;;;;;;;;;;;
c_essakos_isles_desc;Essakos Isles;;;;;;;;;;;;;
PROV832;Essakos Isles;;;;;;;;;;;;;
PROV832_adj;Essakos Isles;;;;;;;;;;;;;
PROV832_desc;Essakos Isles;;;;;;;;;;;;;
b_essakos_isles;Essakos Isles;;;;;;;;;;;;;
b_essakos_isles_adj;Essakos Isles;;;;;;;;;;;;;
b_essakos_isles_desc;Essakos Isles;;;;;;;;;;;;;
b_essakos_isles2;Essakos Isles2;;;;;;;;;;;;;
b_essakos_isles2_adj;Essakos Isles2;;;;;;;;;;;;;
b_essakos_isles2_desc;Essakos Isles2;;;;;;;;;;;;;
kidal;Kidal;;;;;;;;;;;;;
kidal_adj;Kidal;;;;;;;;;;;;;
kidal_desc;Kidal;;;;;;;;;;;;;
d_kidal;Kidal;;;;;;;;;;;;;
d_kidal_adj;Kidal;;;;;;;;;;;;;
d_kidal_desc;Kidal;;;;;;;;;;;;;
kayes;Kayes;;;;;;;;;;;;;
kayes_adj;Kayes;;;;;;;;;;;;;
kayes_desc;Kayes;;;;;;;;;;;;;
c_kayes;Kayes;;;;;;;;;;;;;
c_kayes_adj;Kayes;;;;;;;;;;;;;
c_kayes_desc;Kayes;;;;;;;;;;;;;
PROV833;Kayes;;;;;;;;;;;;;
PROV833_adj;Kayes;;;;;;;;;;;;;
PROV833_desc;Kayes;;;;;;;;;;;;;
b_kayes;Kayes;;;;;;;;;;;;;
b_kayes_adj;Kayes;;;;;;;;;;;;;
b_kayes_desc;Kayes;;;;;;;;;;;;;
b_kayes2;Kayes2;;;;;;;;;;;;;
b_kayes2_adj;Kayes2;;;;;;;;;;;;;
b_kayes2_desc;Kayes2;;;;;;;;;;;;;
groumana;Groumana;;;;;;;;;;;;;
groumana_adj;Groumana;;;;;;;;;;;;;
groumana_desc;Groumana;;;;;;;;;;;;;
c_groumana;Groumana;;;;;;;;;;;;;
c_groumana_adj;Groumana;;;;;;;;;;;;;
c_groumana_desc;Groumana;;;;;;;;;;;;;
PROV834;Groumana;;;;;;;;;;;;;
PROV834_adj;Groumana;;;;;;;;;;;;;
PROV834_desc;Groumana;;;;;;;;;;;;;
b_groumana;Groumana;;;;;;;;;;;;;
b_groumana_adj;Groumana;;;;;;;;;;;;;
b_groumana_desc;Groumana;;;;;;;;;;;;;
b_groumana2;Groumana2;;;;;;;;;;;;;
b_groumana2_adj;Groumana2;;;;;;;;;;;;;
b_groumana2_desc;Groumana2;;;;;;;;;;;;;
dioran_isles;Dioran Isles;;;;;;;;;;;;;
dioran_isles_adj;Dioran Isles;;;;;;;;;;;;;
dioran_isles_desc;Dioran Isles;;;;;;;;;;;;;
c_dioran_isles;Dioran Isles;;;;;;;;;;;;;
c_dioran_isles_adj;Dioran Isles;;;;;;;;;;;;;
c_dioran_isles_desc;Dioran Isles;;;;;;;;;;;;;
PROV835;Dioran Isles;;;;;;;;;;;;;
PROV835_adj;Dioran Isles;;;;;;;;;;;;;
PROV835_desc;Dioran Isles;;;;;;;;;;;;;
b_dioran_isles;Dioran Isles;;;;;;;;;;;;;
b_dioran_isles_adj;Dioran Isles;;;;;;;;;;;;;
b_dioran_isles_desc;Dioran Isles;;;;;;;;;;;;;
b_dioran_isles2;Dioran Isles2;;;;;;;;;;;;;
b_dioran_isles2_adj;Dioran Isles2;;;;;;;;;;;;;
b_dioran_isles2_desc;Dioran Isles2;;;;;;;;;;;;;
c_kidal;Kidal;;;;;;;;;;;;;
c_kidal_adj;Kidal;;;;;;;;;;;;;
c_kidal_desc;Kidal;;;;;;;;;;;;;
PROV836;Kidal;;;;;;;;;;;;;
PROV836_adj;Kidal;;;;;;;;;;;;;
PROV836_desc;Kidal;;;;;;;;;;;;;
b_kidal;Kidal;;;;;;;;;;;;;
b_kidal_adj;Kidal;;;;;;;;;;;;;
b_kidal_desc;Kidal;;;;;;;;;;;;;
b_kidal2;Kidal2;;;;;;;;;;;;;
b_kidal2_adj;Kidal2;;;;;;;;;;;;;
b_kidal2_desc;Kidal2;;;;;;;;;;;;;
quossat;Quossat;;;;;;;;;;;;;
quossat_adj;Quossat;;;;;;;;;;;;;
quossat_desc;Quossat;;;;;;;;;;;;;
d_quossat;Quossat;;;;;;;;;;;;;
d_quossat_adj;Quossat;;;;;;;;;;;;;
d_quossat_desc;Quossat;;;;;;;;;;;;;
elevana;Elevana;;;;;;;;;;;;;
elevana_adj;Elevana;;;;;;;;;;;;;
elevana_desc;Elevana;;;;;;;;;;;;;
c_elevana;Elevana;;;;;;;;;;;;;
c_elevana_adj;Elevana;;;;;;;;;;;;;
c_elevana_desc;Elevana;;;;;;;;;;;;;
PROV837;Elevana;;;;;;;;;;;;;
PROV837_adj;Elevana;;;;;;;;;;;;;
PROV837_desc;Elevana;;;;;;;;;;;;;
b_elevana;Elevana;;;;;;;;;;;;;
b_elevana_adj;Elevana;;;;;;;;;;;;;
b_elevana_desc;Elevana;;;;;;;;;;;;;
b_elevana2;Elevana2;;;;;;;;;;;;;
b_elevana2_adj;Elevana2;;;;;;;;;;;;;
b_elevana2_desc;Elevana2;;;;;;;;;;;;;
nema_isles;Nema Isles;;;;;;;;;;;;;
nema_isles_adj;Nema Isles;;;;;;;;;;;;;
nema_isles_desc;Nema Isles;;;;;;;;;;;;;
c_nema_isles;Nema Isles;;;;;;;;;;;;;
c_nema_isles_adj;Nema Isles;;;;;;;;;;;;;
c_nema_isles_desc;Nema Isles;;;;;;;;;;;;;
PROV838;Nema Isles;;;;;;;;;;;;;
PROV838_adj;Nema Isles;;;;;;;;;;;;;
PROV838_desc;Nema Isles;;;;;;;;;;;;;
b_nema_isles;Nema Isles;;;;;;;;;;;;;
b_nema_isles_adj;Nema Isles;;;;;;;;;;;;;
b_nema_isles_desc;Nema Isles;;;;;;;;;;;;;
b_nema_isles2;Nema Isles2;;;;;;;;;;;;;
b_nema_isles2_adj;Nema Isles2;;;;;;;;;;;;;
b_nema_isles2_desc;Nema Isles2;;;;;;;;;;;;;
nema;Nema;;;;;;;;;;;;;
nema_adj;Nema;;;;;;;;;;;;;
nema_desc;Nema;;;;;;;;;;;;;
c_nema;Nema;;;;;;;;;;;;;
c_nema_adj;Nema;;;;;;;;;;;;;
c_nema_desc;Nema;;;;;;;;;;;;;
PROV839;Nema;;;;;;;;;;;;;
PROV839_adj;Nema;;;;;;;;;;;;;
PROV839_desc;Nema;;;;;;;;;;;;;
b_nema;Nema;;;;;;;;;;;;;
b_nema_adj;Nema;;;;;;;;;;;;;
b_nema_desc;Nema;;;;;;;;;;;;;
b_nema2;Nema2;;;;;;;;;;;;;
b_nema2_adj;Nema2;;;;;;;;;;;;;
b_nema2_desc;Nema2;;;;;;;;;;;;;
kosa;Kosa;;;;;;;;;;;;;
kosa_adj;Kosa;;;;;;;;;;;;;
kosa_desc;Kosa;;;;;;;;;;;;;
c_kosa;Kosa;;;;;;;;;;;;;
c_kosa_adj;Kosa;;;;;;;;;;;;;
c_kosa_desc;Kosa;;;;;;;;;;;;;
PROV840;Kosa;;;;;;;;;;;;;
PROV840_adj;Kosa;;;;;;;;;;;;;
PROV840_desc;Kosa;;;;;;;;;;;;;
b_kosa;Kosa;;;;;;;;;;;;;
b_kosa_adj;Kosa;;;;;;;;;;;;;
b_kosa_desc;Kosa;;;;;;;;;;;;;
b_kosa2;Kosa2;;;;;;;;;;;;;
b_kosa2_adj;Kosa2;;;;;;;;;;;;;
b_kosa2_desc;Kosa2;;;;;;;;;;;;;
shamiya_isles;Shamiya Isles;;;;;;;;;;;;;
shamiya_isles_adj;Shamiya Isles;;;;;;;;;;;;;
shamiya_isles_desc;Shamiya Isles;;;;;;;;;;;;;
c_shamiya_isles;Shamiya Isles;;;;;;;;;;;;;
c_shamiya_isles_adj;Shamiya Isles;;;;;;;;;;;;;
c_shamiya_isles_desc;Shamiya Isles;;;;;;;;;;;;;
PROV841;Shamiya Isles;;;;;;;;;;;;;
PROV841_adj;Shamiya Isles;;;;;;;;;;;;;
PROV841_desc;Shamiya Isles;;;;;;;;;;;;;
b_shamiya_isles;Shamiya Isles;;;;;;;;;;;;;
b_shamiya_isles_adj;Shamiya Isles;;;;;;;;;;;;;
b_shamiya_isles_desc;Shamiya Isles;;;;;;;;;;;;;
b_shamiya_isles2;Shamiya Isles2;;;;;;;;;;;;;
b_shamiya_isles2_adj;Shamiya Isles2;;;;;;;;;;;;;
b_shamiya_isles2_desc;Shamiya Isles2;;;;;;;;;;;;;
khemuset;Khemuset;;;;;;;;;;;;;
khemuset_adj;Khemuset;;;;;;;;;;;;;
khemuset_desc;Khemuset;;;;;;;;;;;;;
k_khemuset;Khemuset;;;;;;;;;;;;;
k_khemuset_adj;Khemuset;;;;;;;;;;;;;
k_khemuset_desc;Khemuset;;;;;;;;;;;;;
akeru;Akeru;;;;;;;;;;;;;
akeru_adj;Akeru;;;;;;;;;;;;;
akeru_desc;Akeru;;;;;;;;;;;;;
d_akeru;Akeru;;;;;;;;;;;;;
d_akeru_adj;Akeru;;;;;;;;;;;;;
d_akeru_desc;Akeru;;;;;;;;;;;;;
rayhani;Rayhani;;;;;;;;;;;;;
rayhani_adj;Rayhani;;;;;;;;;;;;;
rayhani_desc;Rayhani;;;;;;;;;;;;;
c_rayhani;Rayhani;;;;;;;;;;;;;
c_rayhani_adj;Rayhani;;;;;;;;;;;;;
c_rayhani_desc;Rayhani;;;;;;;;;;;;;
PROV842;Rayhani;;;;;;;;;;;;;
PROV842_adj;Rayhani;;;;;;;;;;;;;
PROV842_desc;Rayhani;;;;;;;;;;;;;
b_rayhani;Rayhani;;;;;;;;;;;;;
b_rayhani_adj;Rayhani;;;;;;;;;;;;;
b_rayhani_desc;Rayhani;;;;;;;;;;;;;
b_rayhani2;Rayhani2;;;;;;;;;;;;;
b_rayhani2_adj;Rayhani2;;;;;;;;;;;;;
b_rayhani2_desc;Rayhani2;;;;;;;;;;;;;
rashten;Rashten;;;;;;;;;;;;;
rashten_adj;Rashten;;;;;;;;;;;;;
rashten_desc;Rashten;;;;;;;;;;;;;
c_rashten;Rashten;;;;;;;;;;;;;
c_rashten_adj;Rashten;;;;;;;;;;;;;
c_rashten_desc;Rashten;;;;;;;;;;;;;
PROV843;Rashten;;;;;;;;;;;;;
PROV843_adj;Rashten;;;;;;;;;;;;;
PROV843_desc;Rashten;;;;;;;;;;;;;
b_rashten;Rashten;;;;;;;;;;;;;
b_rashten_adj;Rashten;;;;;;;;;;;;;
b_rashten_desc;Rashten;;;;;;;;;;;;;
b_rashten2;Rashten2;;;;;;;;;;;;;
b_rashten2_adj;Rashten2;;;;;;;;;;;;;
b_rashten2_desc;Rashten2;;;;;;;;;;;;;
khashepet;Khashepet;;;;;;;;;;;;;
khashepet_adj;Khashepet;;;;;;;;;;;;;
khashepet_desc;Khashepet;;;;;;;;;;;;;
c_khashepet;Khashepet;;;;;;;;;;;;;
c_khashepet_adj;Khashepet;;;;;;;;;;;;;
c_khashepet_desc;Khashepet;;;;;;;;;;;;;
PROV844;Khashepet;;;;;;;;;;;;;
PROV844_adj;Khashepet;;;;;;;;;;;;;
PROV844_desc;Khashepet;;;;;;;;;;;;;
b_khashepet;Khashepet;;;;;;;;;;;;;
b_khashepet_adj;Khashepet;;;;;;;;;;;;;
b_khashepet_desc;Khashepet;;;;;;;;;;;;;
b_khashepet2;Khashepet2;;;;;;;;;;;;;
b_khashepet2_adj;Khashepet2;;;;;;;;;;;;;
b_khashepet2_desc;Khashepet2;;;;;;;;;;;;;
akheseru;Akheseru;;;;;;;;;;;;;
akheseru_adj;Akheseru;;;;;;;;;;;;;
akheseru_desc;Akheseru;;;;;;;;;;;;;
c_akheseru;Akheseru;;;;;;;;;;;;;
c_akheseru_adj;Akheseru;;;;;;;;;;;;;
c_akheseru_desc;Akheseru;;;;;;;;;;;;;
PROV845;Akheseru;;;;;;;;;;;;;
PROV845_adj;Akheseru;;;;;;;;;;;;;
PROV845_desc;Akheseru;;;;;;;;;;;;;
b_akheseru;Akheseru;;;;;;;;;;;;;
b_akheseru_adj;Akheseru;;;;;;;;;;;;;
b_akheseru_desc;Akheseru;;;;;;;;;;;;;
b_akheseru2;Akheseru2;;;;;;;;;;;;;
b_akheseru2_adj;Akheseru2;;;;;;;;;;;;;
b_akheseru2_desc;Akheseru2;;;;;;;;;;;;;
imenru;Imenru;;;;;;;;;;;;;
imenru_adj;Imenru;;;;;;;;;;;;;
imenru_desc;Imenru;;;;;;;;;;;;;
d_imenru;Imenru;;;;;;;;;;;;;
d_imenru_adj;Imenru;;;;;;;;;;;;;
d_imenru_desc;Imenru;;;;;;;;;;;;;
peremhu;Peremhu;;;;;;;;;;;;;
peremhu_adj;Peremhu;;;;;;;;;;;;;
peremhu_desc;Peremhu;;;;;;;;;;;;;
c_peremhu;Peremhu;;;;;;;;;;;;;
c_peremhu_adj;Peremhu;;;;;;;;;;;;;
c_peremhu_desc;Peremhu;;;;;;;;;;;;;
PROV846;Peremhu;;;;;;;;;;;;;
PROV846_adj;Peremhu;;;;;;;;;;;;;
PROV846_desc;Peremhu;;;;;;;;;;;;;
b_peremhu;Peremhu;;;;;;;;;;;;;
b_peremhu_adj;Peremhu;;;;;;;;;;;;;
b_peremhu_desc;Peremhu;;;;;;;;;;;;;
b_peremhu2;Peremhu2;;;;;;;;;;;;;
b_peremhu2_adj;Peremhu2;;;;;;;;;;;;;
b_peremhu2_desc;Peremhu2;;;;;;;;;;;;;
sameret;Sameret;;;;;;;;;;;;;
sameret_adj;Sameret;;;;;;;;;;;;;
sameret_desc;Sameret;;;;;;;;;;;;;
c_sameret;Sameret;;;;;;;;;;;;;
c_sameret_adj;Sameret;;;;;;;;;;;;;
c_sameret_desc;Sameret;;;;;;;;;;;;;
PROV847;Sameret;;;;;;;;;;;;;
PROV847_adj;Sameret;;;;;;;;;;;;;
PROV847_desc;Sameret;;;;;;;;;;;;;
b_sameret;Sameret;;;;;;;;;;;;;
b_sameret_adj;Sameret;;;;;;;;;;;;;
b_sameret_desc;Sameret;;;;;;;;;;;;;
b_sameret2;Sameret2;;;;;;;;;;;;;
b_sameret2_adj;Sameret2;;;;;;;;;;;;;
b_sameret2_desc;Sameret2;;;;;;;;;;;;;
nubaret;Nubaret;;;;;;;;;;;;;
nubaret_adj;Nubaret;;;;;;;;;;;;;
nubaret_desc;Nubaret;;;;;;;;;;;;;
c_nubaret;Nubaret;;;;;;;;;;;;;
c_nubaret_adj;Nubaret;;;;;;;;;;;;;
c_nubaret_desc;Nubaret;;;;;;;;;;;;;
PROV848;Nubaret;;;;;;;;;;;;;
PROV848_adj;Nubaret;;;;;;;;;;;;;
PROV848_desc;Nubaret;;;;;;;;;;;;;
b_nubaret;Nubaret;;;;;;;;;;;;;
b_nubaret_adj;Nubaret;;;;;;;;;;;;;
b_nubaret_desc;Nubaret;;;;;;;;;;;;;
b_nubaret2;Nubaret2;;;;;;;;;;;;;
b_nubaret2_adj;Nubaret2;;;;;;;;;;;;;
b_nubaret2_desc;Nubaret2;;;;;;;;;;;;;
oqhemu;Oqhemu;;;;;;;;;;;;;
oqhemu_adj;Oqhemu;;;;;;;;;;;;;
oqhemu_desc;Oqhemu;;;;;;;;;;;;;
c_oqhemu;Oqhemu;;;;;;;;;;;;;
c_oqhemu_adj;Oqhemu;;;;;;;;;;;;;
c_oqhemu_desc;Oqhemu;;;;;;;;;;;;;
PROV849;Oqhemu;;;;;;;;;;;;;
PROV849_adj;Oqhemu;;;;;;;;;;;;;
PROV849_desc;Oqhemu;;;;;;;;;;;;;
b_oqhemu;Oqhemu;;;;;;;;;;;;;
b_oqhemu_adj;Oqhemu;;;;;;;;;;;;;
b_oqhemu_desc;Oqhemu;;;;;;;;;;;;;
b_oqhemu2;Oqhemu2;;;;;;;;;;;;;
b_oqhemu2_adj;Oqhemu2;;;;;;;;;;;;;
b_oqhemu2_desc;Oqhemu2;;;;;;;;;;;;;
khemar;Khemar;;;;;;;;;;;;;
khemar_adj;Khemar;;;;;;;;;;;;;
khemar_desc;Khemar;;;;;;;;;;;;;
d_khemar;Khemar;;;;;;;;;;;;;
d_khemar_adj;Khemar;;;;;;;;;;;;;
d_khemar_desc;Khemar;;;;;;;;;;;;;
lameru;Lameru;;;;;;;;;;;;;
lameru_adj;Lameru;;;;;;;;;;;;;
lameru_desc;Lameru;;;;;;;;;;;;;
c_lameru;Lameru;;;;;;;;;;;;;
c_lameru_adj;Lameru;;;;;;;;;;;;;
c_lameru_desc;Lameru;;;;;;;;;;;;;
PROV850;Lameru;;;;;;;;;;;;;
PROV850_adj;Lameru;;;;;;;;;;;;;
PROV850_desc;Lameru;;;;;;;;;;;;;
b_lameru;Lameru;;;;;;;;;;;;;
b_lameru_adj;Lameru;;;;;;;;;;;;;
b_lameru_desc;Lameru;;;;;;;;;;;;;
b_lameru2;Lameru2;;;;;;;;;;;;;
b_lameru2_adj;Lameru2;;;;;;;;;;;;;
b_lameru2_desc;Lameru2;;;;;;;;;;;;;
ganetep;Ganetep;;;;;;;;;;;;;
ganetep_adj;Ganetep;;;;;;;;;;;;;
ganetep_desc;Ganetep;;;;;;;;;;;;;
c_ganetep;Ganetep;;;;;;;;;;;;;
c_ganetep_adj;Ganetep;;;;;;;;;;;;;
c_ganetep_desc;Ganetep;;;;;;;;;;;;;
PROV851;Ganetep;;;;;;;;;;;;;
PROV851_adj;Ganetep;;;;;;;;;;;;;
PROV851_desc;Ganetep;;;;;;;;;;;;;
b_ganetep;Ganetep;;;;;;;;;;;;;
b_ganetep_adj;Ganetep;;;;;;;;;;;;;
b_ganetep_desc;Ganetep;;;;;;;;;;;;;
b_ganetep2;Ganetep2;;;;;;;;;;;;;
b_ganetep2_adj;Ganetep2;;;;;;;;;;;;;
b_ganetep2_desc;Ganetep2;;;;;;;;;;;;;
waqshet;Waqshet;;;;;;;;;;;;;
waqshet_adj;Waqshet;;;;;;;;;;;;;
waqshet_desc;Waqshet;;;;;;;;;;;;;
c_waqshet;Waqshet;;;;;;;;;;;;;
c_waqshet_adj;Waqshet;;;;;;;;;;;;;
c_waqshet_desc;Waqshet;;;;;;;;;;;;;
PROV852;Waqshet;;;;;;;;;;;;;
PROV852_adj;Waqshet;;;;;;;;;;;;;
PROV852_desc;Waqshet;;;;;;;;;;;;;
b_waqshet;Waqshet;;;;;;;;;;;;;
b_waqshet_adj;Waqshet;;;;;;;;;;;;;
b_waqshet_desc;Waqshet;;;;;;;;;;;;;
b_waqshet2;Waqshet2;;;;;;;;;;;;;
b_waqshet2_adj;Waqshet2;;;;;;;;;;;;;
b_waqshet2_desc;Waqshet2;;;;;;;;;;;;;
gandermeer;Gandermeer;;;;;;;;;;;;;
gandermeer_adj;Gandermeer;;;;;;;;;;;;;
gandermeer_desc;Gandermeer;;;;;;;;;;;;;
c_gandermeer;Gandermeer;;;;;;;;;;;;;
c_gandermeer_adj;Gandermeer;;;;;;;;;;;;;
c_gandermeer_desc;Gandermeer;;;;;;;;;;;;;
PROV853;Gandermeer;;;;;;;;;;;;;
PROV853_adj;Gandermeer;;;;;;;;;;;;;
PROV853_desc;Gandermeer;;;;;;;;;;;;;
b_gandermeer;Gandermeer;;;;;;;;;;;;;
b_gandermeer_adj;Gandermeer;;;;;;;;;;;;;
b_gandermeer_desc;Gandermeer;;;;;;;;;;;;;
b_gandermeer2;Gandermeer2;;;;;;;;;;;;;
b_gandermeer2_adj;Gandermeer2;;;;;;;;;;;;;
b_gandermeer2_desc;Gandermeer2;;;;;;;;;;;;;
osheper;Osheper;;;;;;;;;;;;;
osheper_adj;Osheper;;;;;;;;;;;;;
osheper_desc;Osheper;;;;;;;;;;;;;
d_osheper;Osheper;;;;;;;;;;;;;
d_osheper_adj;Osheper;;;;;;;;;;;;;
d_osheper_desc;Osheper;;;;;;;;;;;;;
goorberg;Goorberg;;;;;;;;;;;;;
goorberg_adj;Goorberg;;;;;;;;;;;;;
goorberg_desc;Goorberg;;;;;;;;;;;;;
c_goorberg;Goorberg;;;;;;;;;;;;;
c_goorberg_adj;Goorberg;;;;;;;;;;;;;
c_goorberg_desc;Goorberg;;;;;;;;;;;;;
PROV854;Goorberg;;;;;;;;;;;;;
PROV854_adj;Goorberg;;;;;;;;;;;;;
PROV854_desc;Goorberg;;;;;;;;;;;;;
b_goorberg;Goorberg;;;;;;;;;;;;;
b_goorberg_adj;Goorberg;;;;;;;;;;;;;
b_goorberg_desc;Goorberg;;;;;;;;;;;;;
b_goorberg2;Goorberg2;;;;;;;;;;;;;
b_goorberg2_adj;Goorberg2;;;;;;;;;;;;;
b_goorberg2_desc;Goorberg2;;;;;;;;;;;;;
drostmeer;Drostmeer;;;;;;;;;;;;;
drostmeer_adj;Drostmeer;;;;;;;;;;;;;
drostmeer_desc;Drostmeer;;;;;;;;;;;;;
c_drostmeer;Drostmeer;;;;;;;;;;;;;
c_drostmeer_adj;Drostmeer;;;;;;;;;;;;;
c_drostmeer_desc;Drostmeer;;;;;;;;;;;;;
PROV855;Drostmeer;;;;;;;;;;;;;
PROV855_adj;Drostmeer;;;;;;;;;;;;;
PROV855_desc;Drostmeer;;;;;;;;;;;;;
b_drostmeer;Drostmeer;;;;;;;;;;;;;
b_drostmeer_adj;Drostmeer;;;;;;;;;;;;;
b_drostmeer_desc;Drostmeer;;;;;;;;;;;;;
b_drostmeer2;Drostmeer2;;;;;;;;;;;;;
b_drostmeer2_adj;Drostmeer2;;;;;;;;;;;;;
b_drostmeer2_desc;Drostmeer2;;;;;;;;;;;;;
setamru;Setamru;;;;;;;;;;;;;
setamru_adj;Setamru;;;;;;;;;;;;;
setamru_desc;Setamru;;;;;;;;;;;;;
c_setamru;Setamru;;;;;;;;;;;;;
c_setamru_adj;Setamru;;;;;;;;;;;;;
c_setamru_desc;Setamru;;;;;;;;;;;;;
PROV856;Setamru;;;;;;;;;;;;;
PROV856_adj;Setamru;;;;;;;;;;;;;
PROV856_desc;Setamru;;;;;;;;;;;;;
b_setamru;Setamru;;;;;;;;;;;;;
b_setamru_adj;Setamru;;;;;;;;;;;;;
b_setamru_desc;Setamru;;;;;;;;;;;;;
b_setamru2;Setamru2;;;;;;;;;;;;;
b_setamru2_adj;Setamru2;;;;;;;;;;;;;
b_setamru2_desc;Setamru2;;;;;;;;;;;;;
southerland;Southerland;;;;;;;;;;;;;
southerland_adj;Southerland;;;;;;;;;;;;;
southerland_desc;Southerland;;;;;;;;;;;;;
k_southerland;Southerland;;;;;;;;;;;;;
k_southerland_adj;Southerland;;;;;;;;;;;;;
k_southerland_desc;Southerland;;;;;;;;;;;;;
erimovia;Erimovia;;;;;;;;;;;;;
erimovia_adj;Erimovia;;;;;;;;;;;;;
erimovia_desc;Erimovia;;;;;;;;;;;;;
d_erimovia;Erimovia;;;;;;;;;;;;;
d_erimovia_adj;Erimovia;;;;;;;;;;;;;
d_erimovia_desc;Erimovia;;;;;;;;;;;;;
palavoria;Palavoria;;;;;;;;;;;;;
palavoria_adj;Palavoria;;;;;;;;;;;;;
palavoria_desc;Palavoria;;;;;;;;;;;;;
c_palavoria;Palavoria;;;;;;;;;;;;;
c_palavoria_adj;Palavoria;;;;;;;;;;;;;
c_palavoria_desc;Palavoria;;;;;;;;;;;;;
PROV857;Palavoria;;;;;;;;;;;;;
PROV857_adj;Palavoria;;;;;;;;;;;;;
PROV857_desc;Palavoria;;;;;;;;;;;;;
b_palavoria;Palavoria;;;;;;;;;;;;;
b_palavoria_adj;Palavoria;;;;;;;;;;;;;
b_palavoria_desc;Palavoria;;;;;;;;;;;;;
b_palavoria2;Palavoria2;;;;;;;;;;;;;
b_palavoria2_adj;Palavoria2;;;;;;;;;;;;;
b_palavoria2_desc;Palavoria2;;;;;;;;;;;;;
arestal;Arestal;;;;;;;;;;;;;
arestal_adj;Arestal;;;;;;;;;;;;;
arestal_desc;Arestal;;;;;;;;;;;;;
c_arestal;Arestal;;;;;;;;;;;;;
c_arestal_adj;Arestal;;;;;;;;;;;;;
c_arestal_desc;Arestal;;;;;;;;;;;;;
PROV858;Arestal;;;;;;;;;;;;;
PROV858_adj;Arestal;;;;;;;;;;;;;
PROV858_desc;Arestal;;;;;;;;;;;;;
b_arestal;Arestal;;;;;;;;;;;;;
b_arestal_adj;Arestal;;;;;;;;;;;;;
b_arestal_desc;Arestal;;;;;;;;;;;;;
b_arestal2;Arestal2;;;;;;;;;;;;;
b_arestal2_adj;Arestal2;;;;;;;;;;;;;
b_arestal2_desc;Arestal2;;;;;;;;;;;;;
tonavestre;Tonavestre;;;;;;;;;;;;;
tonavestre_adj;Tonavestre;;;;;;;;;;;;;
tonavestre_desc;Tonavestre;;;;;;;;;;;;;
c_tonavestre;Tonavestre;;;;;;;;;;;;;
c_tonavestre_adj;Tonavestre;;;;;;;;;;;;;
c_tonavestre_desc;Tonavestre;;;;;;;;;;;;;
PROV859;Tonavestre;;;;;;;;;;;;;
PROV859_adj;Tonavestre;;;;;;;;;;;;;
PROV859_desc;Tonavestre;;;;;;;;;;;;;
b_tonavestre;Tonavestre;;;;;;;;;;;;;
b_tonavestre_adj;Tonavestre;;;;;;;;;;;;;
b_tonavestre_desc;Tonavestre;;;;;;;;;;;;;
b_tonavestre2;Tonavestre2;;;;;;;;;;;;;
b_tonavestre2_adj;Tonavestre2;;;;;;;;;;;;;
b_tonavestre2_desc;Tonavestre2;;;;;;;;;;;;;
fesheru;Fesheru;;;;;;;;;;;;;
fesheru_adj;Fesheru;;;;;;;;;;;;;
fesheru_desc;Fesheru;;;;;;;;;;;;;
d_fesheru;Fesheru;;;;;;;;;;;;;
d_fesheru_adj;Fesheru;;;;;;;;;;;;;
d_fesheru_desc;Fesheru;;;;;;;;;;;;;
pashmu;Pashmu;;;;;;;;;;;;;
pashmu_adj;Pashmu;;;;;;;;;;;;;
pashmu_desc;Pashmu;;;;;;;;;;;;;
c_pashmu;Pashmu;;;;;;;;;;;;;
c_pashmu_adj;Pashmu;;;;;;;;;;;;;
c_pashmu_desc;Pashmu;;;;;;;;;;;;;
PROV860;Pashmu;;;;;;;;;;;;;
PROV860_adj;Pashmu;;;;;;;;;;;;;
PROV860_desc;Pashmu;;;;;;;;;;;;;
b_pashmu;Pashmu;;;;;;;;;;;;;
b_pashmu_adj;Pashmu;;;;;;;;;;;;;
b_pashmu_desc;Pashmu;;;;;;;;;;;;;
b_pashmu2;Pashmu2;;;;;;;;;;;;;
b_pashmu2_adj;Pashmu2;;;;;;;;;;;;;
b_pashmu2_desc;Pashmu2;;;;;;;;;;;;;
setheru;Setheru;;;;;;;;;;;;;
setheru_adj;Setheru;;;;;;;;;;;;;
setheru_desc;Setheru;;;;;;;;;;;;;
c_setheru;Setheru;;;;;;;;;;;;;
c_setheru_adj;Setheru;;;;;;;;;;;;;
c_setheru_desc;Setheru;;;;;;;;;;;;;
PROV861;Setheru;;;;;;;;;;;;;
PROV861_adj;Setheru;;;;;;;;;;;;;
PROV861_desc;Setheru;;;;;;;;;;;;;
b_setheru;Setheru;;;;;;;;;;;;;
b_setheru_adj;Setheru;;;;;;;;;;;;;
b_setheru_desc;Setheru;;;;;;;;;;;;;
b_setheru2;Setheru2;;;;;;;;;;;;;
b_setheru2_adj;Setheru2;;;;;;;;;;;;;
b_setheru2_desc;Setheru2;;;;;;;;;;;;;
lashenu;Lashenu;;;;;;;;;;;;;
lashenu_adj;Lashenu;;;;;;;;;;;;;
lashenu_desc;Lashenu;;;;;;;;;;;;;
d_lashenu;Lashenu;;;;;;;;;;;;;
d_lashenu_adj;Lashenu;;;;;;;;;;;;;
d_lashenu_desc;Lashenu;;;;;;;;;;;;;
aqetru;Aqetru;;;;;;;;;;;;;
aqetru_adj;Aqetru;;;;;;;;;;;;;
aqetru_desc;Aqetru;;;;;;;;;;;;;
c_aqetru;Aqetru;;;;;;;;;;;;;
c_aqetru_adj;Aqetru;;;;;;;;;;;;;
c_aqetru_desc;Aqetru;;;;;;;;;;;;;
PROV862;Aqetru;;;;;;;;;;;;;
PROV862_adj;Aqetru;;;;;;;;;;;;;
PROV862_desc;Aqetru;;;;;;;;;;;;;
b_aqetru;Aqetru;;;;;;;;;;;;;
b_aqetru_adj;Aqetru;;;;;;;;;;;;;
b_aqetru_desc;Aqetru;;;;;;;;;;;;;
b_aqetru2;Aqetru2;;;;;;;;;;;;;
b_aqetru2_adj;Aqetru2;;;;;;;;;;;;;
b_aqetru2_desc;Aqetru2;;;;;;;;;;;;;
nalestia;Nalestia;;;;;;;;;;;;;
nalestia_adj;Nalestia;;;;;;;;;;;;;
nalestia_desc;Nalestia;;;;;;;;;;;;;
d_nalestia;Nalestia;;;;;;;;;;;;;
d_nalestia_adj;Nalestia;;;;;;;;;;;;;
d_nalestia_desc;Nalestia;;;;;;;;;;;;;
sardovia;Sardovia;;;;;;;;;;;;;
sardovia_adj;Sardovia;;;;;;;;;;;;;
sardovia_desc;Sardovia;;;;;;;;;;;;;
c_sardovia;Sardovia;;;;;;;;;;;;;
c_sardovia_adj;Sardovia;;;;;;;;;;;;;
c_sardovia_desc;Sardovia;;;;;;;;;;;;;
PROV863;Sardovia;;;;;;;;;;;;;
PROV863_adj;Sardovia;;;;;;;;;;;;;
PROV863_desc;Sardovia;;;;;;;;;;;;;
b_sardovia;Sardovia;;;;;;;;;;;;;
b_sardovia_adj;Sardovia;;;;;;;;;;;;;
b_sardovia_desc;Sardovia;;;;;;;;;;;;;
b_sardovia2;Sardovia2;;;;;;;;;;;;;
b_sardovia2_adj;Sardovia2;;;;;;;;;;;;;
b_sardovia2_desc;Sardovia2;;;;;;;;;;;;;
savarodia;Savarodia;;;;;;;;;;;;;
savarodia_adj;Savarodia;;;;;;;;;;;;;
savarodia_desc;Savarodia;;;;;;;;;;;;;
c_savarodia;Savarodia;;;;;;;;;;;;;
c_savarodia_adj;Savarodia;;;;;;;;;;;;;
c_savarodia_desc;Savarodia;;;;;;;;;;;;;
PROV864;Savarodia;;;;;;;;;;;;;
PROV864_adj;Savarodia;;;;;;;;;;;;;
PROV864_desc;Savarodia;;;;;;;;;;;;;
b_savarodia;Savarodia;;;;;;;;;;;;;
b_savarodia_adj;Savarodia;;;;;;;;;;;;;
b_savarodia_desc;Savarodia;;;;;;;;;;;;;
b_savarodia2;Savarodia2;;;;;;;;;;;;;
b_savarodia2_adj;Savarodia2;;;;;;;;;;;;;
b_savarodia2_desc;Savarodia2;;;;;;;;;;;;;
osmeron;Osmeron;;;;;;;;;;;;;
osmeron_adj;Osmeron;;;;;;;;;;;;;
osmeron_desc;Osmeron;;;;;;;;;;;;;
d_osmeron;Osmeron;;;;;;;;;;;;;
d_osmeron_adj;Osmeron;;;;;;;;;;;;;
d_osmeron_desc;Osmeron;;;;;;;;;;;;;
silavenda;Silavenda;;;;;;;;;;;;;
silavenda_adj;Silavenda;;;;;;;;;;;;;
silavenda_desc;Silavenda;;;;;;;;;;;;;
c_silavenda;Silavenda;;;;;;;;;;;;;
c_silavenda_adj;Silavenda;;;;;;;;;;;;;
c_silavenda_desc;Silavenda;;;;;;;;;;;;;
PROV865;Silavenda;;;;;;;;;;;;;
PROV865_adj;Silavenda;;;;;;;;;;;;;
PROV865_desc;Silavenda;;;;;;;;;;;;;
b_silavenda;Silavenda;;;;;;;;;;;;;
b_silavenda_adj;Silavenda;;;;;;;;;;;;;
b_silavenda_desc;Silavenda;;;;;;;;;;;;;
b_silavenda2;Silavenda2;;;;;;;;;;;;;
b_silavenda2_adj;Silavenda2;;;;;;;;;;;;;
b_silavenda2_desc;Silavenda2;;;;;;;;;;;;;
eslavena;Eslavena;;;;;;;;;;;;;
eslavena_adj;Eslavena;;;;;;;;;;;;;
eslavena_desc;Eslavena;;;;;;;;;;;;;
c_eslavena;Eslavena;;;;;;;;;;;;;
c_eslavena_adj;Eslavena;;;;;;;;;;;;;
c_eslavena_desc;Eslavena;;;;;;;;;;;;;
PROV866;Eslavena;;;;;;;;;;;;;
PROV866_adj;Eslavena;;;;;;;;;;;;;
PROV866_desc;Eslavena;;;;;;;;;;;;;
b_eslavena;Eslavena;;;;;;;;;;;;;
b_eslavena_adj;Eslavena;;;;;;;;;;;;;
b_eslavena_desc;Eslavena;;;;;;;;;;;;;
b_eslavena2;Eslavena2;;;;;;;;;;;;;
b_eslavena2_adj;Eslavena2;;;;;;;;;;;;;
b_eslavena2_desc;Eslavena2;;;;;;;;;;;;;
valtoria;Valtoria;;;;;;;;;;;;;
valtoria_adj;Valtoria;;;;;;;;;;;;;
valtoria_desc;Valtoria;;;;;;;;;;;;;
d_valtoria;Valtoria;;;;;;;;;;;;;
d_valtoria_adj;Valtoria;;;;;;;;;;;;;
d_valtoria_desc;Valtoria;;;;;;;;;;;;;
tonavera;Tonavera;;;;;;;;;;;;;
tonavera_adj;Tonavera;;;;;;;;;;;;;
tonavera_desc;Tonavera;;;;;;;;;;;;;
c_tonavera;Tonavera;;;;;;;;;;;;;
c_tonavera_adj;Tonavera;;;;;;;;;;;;;
c_tonavera_desc;Tonavera;;;;;;;;;;;;;
PROV867;Tonavera;;;;;;;;;;;;;
PROV867_adj;Tonavera;;;;;;;;;;;;;
PROV867_desc;Tonavera;;;;;;;;;;;;;
b_tonavera;Tonavera;;;;;;;;;;;;;
b_tonavera_adj;Tonavera;;;;;;;;;;;;;
b_tonavera_desc;Tonavera;;;;;;;;;;;;;
b_tonavera2;Tonavera2;;;;;;;;;;;;;
b_tonavera2_adj;Tonavera2;;;;;;;;;;;;;
b_tonavera2_desc;Tonavera2;;;;;;;;;;;;;
kefshemet;Kefshemet;;;;;;;;;;;;;
kefshemet_adj;Kefshemet;;;;;;;;;;;;;
kefshemet_desc;Kefshemet;;;;;;;;;;;;;
c_kefshemet;Kefshemet;;;;;;;;;;;;;
c_kefshemet_adj;Kefshemet;;;;;;;;;;;;;
c_kefshemet_desc;Kefshemet;;;;;;;;;;;;;
PROV868;Kefshemet;;;;;;;;;;;;;
PROV868_adj;Kefshemet;;;;;;;;;;;;;
PROV868_desc;Kefshemet;;;;;;;;;;;;;
b_kefshemet;Kefshemet;;;;;;;;;;;;;
b_kefshemet_adj;Kefshemet;;;;;;;;;;;;;
b_kefshemet_desc;Kefshemet;;;;;;;;;;;;;
b_kefshemet2;Kefshemet2;;;;;;;;;;;;;
b_kefshemet2_adj;Kefshemet2;;;;;;;;;;;;;
b_kefshemet2_desc;Kefshemet2;;;;;;;;;;;;;
cresolina;Cresolina;;;;;;;;;;;;;
cresolina_adj;Cresolina;;;;;;;;;;;;;
cresolina_desc;Cresolina;;;;;;;;;;;;;
c_cresolina;Cresolina;;;;;;;;;;;;;
c_cresolina_adj;Cresolina;;;;;;;;;;;;;
c_cresolina_desc;Cresolina;;;;;;;;;;;;;
PROV869;Cresolina;;;;;;;;;;;;;
PROV869_adj;Cresolina;;;;;;;;;;;;;
PROV869_desc;Cresolina;;;;;;;;;;;;;
b_cresolina;Cresolina;;;;;;;;;;;;;
b_cresolina_adj;Cresolina;;;;;;;;;;;;;
b_cresolina_desc;Cresolina;;;;;;;;;;;;;
b_cresolina2;Cresolina2;;;;;;;;;;;;;
b_cresolina2_adj;Cresolina2;;;;;;;;;;;;;
b_cresolina2_desc;Cresolina2;;;;;;;;;;;;;
grasonia;Grasonia;;;;;;;;;;;;;
grasonia_adj;Grasonia;;;;;;;;;;;;;
grasonia_desc;Grasonia;;;;;;;;;;;;;
c_grasonia;Grasonia;;;;;;;;;;;;;
c_grasonia_adj;Grasonia;;;;;;;;;;;;;
c_grasonia_desc;Grasonia;;;;;;;;;;;;;
PROV870;Grasonia;;;;;;;;;;;;;
PROV870_adj;Grasonia;;;;;;;;;;;;;
PROV870_desc;Grasonia;;;;;;;;;;;;;
b_grasonia;Grasonia;;;;;;;;;;;;;
b_grasonia_adj;Grasonia;;;;;;;;;;;;;
b_grasonia_desc;Grasonia;;;;;;;;;;;;;
b_grasonia2;Grasonia2;;;;;;;;;;;;;
b_grasonia2_adj;Grasonia2;;;;;;;;;;;;;
b_grasonia2_desc;Grasonia2;;;;;;;;;;;;;
wadi;Wadi;;;;;;;;;;;;;
wadi_adj;Wadi;;;;;;;;;;;;;
wadi_desc;Wadi;;;;;;;;;;;;;
d_wadi;Wadi;;;;;;;;;;;;;
d_wadi_adj;Wadi;;;;;;;;;;;;;
d_wadi_desc;Wadi;;;;;;;;;;;;;
tourougur;Tourougur;;;;;;;;;;;;;
tourougur_adj;Tourougur;;;;;;;;;;;;;
tourougur_desc;Tourougur;;;;;;;;;;;;;
c_tourougur;Tourougur;;;;;;;;;;;;;
c_tourougur_adj;Tourougur;;;;;;;;;;;;;
c_tourougur_desc;Tourougur;;;;;;;;;;;;;
PROV871;Tourougur;;;;;;;;;;;;;
PROV871_adj;Tourougur;;;;;;;;;;;;;
PROV871_desc;Tourougur;;;;;;;;;;;;;
b_tourougur;Tourougur;;;;;;;;;;;;;
b_tourougur_adj;Tourougur;;;;;;;;;;;;;
b_tourougur_desc;Tourougur;;;;;;;;;;;;;
b_tourougur2;Tourougur2;;;;;;;;;;;;;
b_tourougur2_adj;Tourougur2;;;;;;;;;;;;;
b_tourougur2_desc;Tourougur2;;;;;;;;;;;;;
terralibre;Terralibre;;;;;;;;;;;;;
terralibre_adj;Terralibre;;;;;;;;;;;;;
terralibre_desc;Terralibre;;;;;;;;;;;;;
e_girobalda;Girobalda;;;;;;;;;;;;;
e_girobalda_adj;Girobaldan;;;;;;;;;;;;;
e_girobalda_desc;Girobalda;;;;;;;;;;;;;
girobalda;Girobalda;;;;;;;;;;;;;
girobalda_adj;Girobalda;;;;;;;;;;;;;
girobalda_desc;Girobalda;;;;;;;;;;;;;
k_girobalda;Girobalda;;;;;;;;;;;;;
k_girobalda_adj;Girobalda;;;;;;;;;;;;;
k_girobalda_desc;Girobalda;;;;;;;;;;;;;
lbertade;Lbertade;;;;;;;;;;;;;
lbertade_adj;Lbertade;;;;;;;;;;;;;
lbertade_desc;Lbertade;;;;;;;;;;;;;
d_lbertade;Lbertade;;;;;;;;;;;;;
d_lbertade_adj;Lbertade;;;;;;;;;;;;;
d_lbertade_desc;Lbertade;;;;;;;;;;;;;
alcaniz;Alcaniz;;;;;;;;;;;;;
alcaniz_adj;Alcaniz;;;;;;;;;;;;;
alcaniz_desc;Alcaniz;;;;;;;;;;;;;
c_alcaniz;Alcaniz;;;;;;;;;;;;;
c_alcaniz_adj;Alcaniz;;;;;;;;;;;;;
c_alcaniz_desc;Alcaniz;;;;;;;;;;;;;
PROV872;Alcaniz;;;;;;;;;;;;;
PROV872_adj;Alcaniz;;;;;;;;;;;;;
PROV872_desc;Alcaniz;;;;;;;;;;;;;
b_alcaniz;Alcaniz;;;;;;;;;;;;;
b_alcaniz_adj;Alcaniz;;;;;;;;;;;;;
b_alcaniz_desc;Alcaniz;;;;;;;;;;;;;
b_alcaniz2;Alcaniz2;;;;;;;;;;;;;
b_alcaniz2_adj;Alcaniz2;;;;;;;;;;;;;
b_alcaniz2_desc;Alcaniz2;;;;;;;;;;;;;
c_lbertade;Lbertade;;;;;;;;;;;;;
c_lbertade_adj;Lbertade;;;;;;;;;;;;;
c_lbertade_desc;Lbertade;;;;;;;;;;;;;
PROV873;Lbertade;;;;;;;;;;;;;
PROV873_adj;Lbertade;;;;;;;;;;;;;
PROV873_desc;Lbertade;;;;;;;;;;;;;
b_lbertade;Lbertade;;;;;;;;;;;;;
b_lbertade_adj;Lbertade;;;;;;;;;;;;;
b_lbertade_desc;Lbertade;;;;;;;;;;;;;
b_lbertade2;Lbertade2;;;;;;;;;;;;;
b_lbertade2_adj;Lbertade2;;;;;;;;;;;;;
b_lbertade2_desc;Lbertade2;;;;;;;;;;;;;
santa_clara;Santa Clara;;;;;;;;;;;;;
santa_clara_adj;Santa Clara;;;;;;;;;;;;;
santa_clara_desc;Santa Clara;;;;;;;;;;;;;
c_santa_clara;Santa Clara;;;;;;;;;;;;;
c_santa_clara_adj;Santa Clara;;;;;;;;;;;;;
c_santa_clara_desc;Santa Clara;;;;;;;;;;;;;
PROV874;Santa Clara;;;;;;;;;;;;;
PROV874_adj;Santa Clara;;;;;;;;;;;;;
PROV874_desc;Santa Clara;;;;;;;;;;;;;
b_santa_clara;Santa Clara;;;;;;;;;;;;;
b_santa_clara_adj;Santa Clara;;;;;;;;;;;;;
b_santa_clara_desc;Santa Clara;;;;;;;;;;;;;
b_santa_clara2;Santa Clara2;;;;;;;;;;;;;
b_santa_clara2_adj;Santa Clara2;;;;;;;;;;;;;
b_santa_clara2_desc;Santa Clara2;;;;;;;;;;;;;
cuenzerca;Cuenzerca;;;;;;;;;;;;;
cuenzerca_adj;Cuenzerca;;;;;;;;;;;;;
cuenzerca_desc;Cuenzerca;;;;;;;;;;;;;
c_cuenzerca;Cuenzerca;;;;;;;;;;;;;
c_cuenzerca_adj;Cuenzerca;;;;;;;;;;;;;
c_cuenzerca_desc;Cuenzerca;;;;;;;;;;;;;
PROV875;Cuenzerca;;;;;;;;;;;;;
PROV875_adj;Cuenzerca;;;;;;;;;;;;;
PROV875_desc;Cuenzerca;;;;;;;;;;;;;
b_cuenzerca;Cuenzerca;;;;;;;;;;;;;
b_cuenzerca_adj;Cuenzerca;;;;;;;;;;;;;
b_cuenzerca_desc;Cuenzerca;;;;;;;;;;;;;
b_cuenzerca2;Cuenzerca2;;;;;;;;;;;;;
b_cuenzerca2_adj;Cuenzerca2;;;;;;;;;;;;;
b_cuenzerca2_desc;Cuenzerca2;;;;;;;;;;;;;
plasencia;Plasencia;;;;;;;;;;;;;
plasencia_adj;Plasencia;;;;;;;;;;;;;
plasencia_desc;Plasencia;;;;;;;;;;;;;
d_plasencia;Plasencia;;;;;;;;;;;;;
d_plasencia_adj;Plasencia;;;;;;;;;;;;;
d_plasencia_desc;Plasencia;;;;;;;;;;;;;
segovia;Segovia;;;;;;;;;;;;;
segovia_adj;Segovia;;;;;;;;;;;;;
segovia_desc;Segovia;;;;;;;;;;;;;
c_segovia;Segovia;;;;;;;;;;;;;
c_segovia_adj;Segovia;;;;;;;;;;;;;
c_segovia_desc;Segovia;;;;;;;;;;;;;
PROV876;Segovia;;;;;;;;;;;;;
PROV876_adj;Segovia;;;;;;;;;;;;;
PROV876_desc;Segovia;;;;;;;;;;;;;
b_segovia;Segovia;;;;;;;;;;;;;
b_segovia_adj;Segovia;;;;;;;;;;;;;
b_segovia_desc;Segovia;;;;;;;;;;;;;
b_segovia2;Segovia2;;;;;;;;;;;;;
b_segovia2_adj;Segovia2;;;;;;;;;;;;;
b_segovia2_desc;Segovia2;;;;;;;;;;;;;
lamarca;Lamarca;;;;;;;;;;;;;
lamarca_adj;Lamarca;;;;;;;;;;;;;
lamarca_desc;Lamarca;;;;;;;;;;;;;
c_lamarca;Lamarca;;;;;;;;;;;;;
c_lamarca_adj;Lamarca;;;;;;;;;;;;;
c_lamarca_desc;Lamarca;;;;;;;;;;;;;
PROV877;Lamarca;;;;;;;;;;;;;
PROV877_adj;Lamarca;;;;;;;;;;;;;
PROV877_desc;Lamarca;;;;;;;;;;;;;
b_lamarca;Lamarca;;;;;;;;;;;;;
b_lamarca_adj;Lamarca;;;;;;;;;;;;;
b_lamarca_desc;Lamarca;;;;;;;;;;;;;
b_lamarca2;Lamarca2;;;;;;;;;;;;;
b_lamarca2_adj;Lamarca2;;;;;;;;;;;;;
b_lamarca2_desc;Lamarca2;;;;;;;;;;;;;
c_plasencia;Plasencia;;;;;;;;;;;;;
c_plasencia_adj;Plasencia;;;;;;;;;;;;;
c_plasencia_desc;Plasencia;;;;;;;;;;;;;
PROV878;Plasencia;;;;;;;;;;;;;
PROV878_adj;Plasencia;;;;;;;;;;;;;
PROV878_desc;Plasencia;;;;;;;;;;;;;
b_plasencia;Plasencia;;;;;;;;;;;;;
b_plasencia_adj;Plasencia;;;;;;;;;;;;;
b_plasencia_desc;Plasencia;;;;;;;;;;;;;
b_plasencia2;Plasencia2;;;;;;;;;;;;;
b_plasencia2_adj;Plasencia2;;;;;;;;;;;;;
b_plasencia2_desc;Plasencia2;;;;;;;;;;;;;
forriesta_sul;Forriesta Sul;;;;;;;;;;;;;
forriesta_sul_adj;Forriesta Sul;;;;;;;;;;;;;
forriesta_sul_desc;Forriesta Sul;;;;;;;;;;;;;
c_forriesta_sul;Forriesta Sul;;;;;;;;;;;;;
c_forriesta_sul_adj;Forriesta Sul;;;;;;;;;;;;;
c_forriesta_sul_desc;Forriesta Sul;;;;;;;;;;;;;
PROV879;Forriesta Sul;;;;;;;;;;;;;
PROV879_adj;Forriesta Sul;;;;;;;;;;;;;
PROV879_desc;Forriesta Sul;;;;;;;;;;;;;
b_forriesta_sul;Forriesta Sul;;;;;;;;;;;;;
b_forriesta_sul_adj;Forriesta Sul;;;;;;;;;;;;;
b_forriesta_sul_desc;Forriesta Sul;;;;;;;;;;;;;
b_forriesta_sul2;Forriesta Sul2;;;;;;;;;;;;;
b_forriesta_sul2_adj;Forriesta Sul2;;;;;;;;;;;;;
b_forriesta_sul2_desc;Forriesta Sul2;;;;;;;;;;;;;
rugulia;Rugulia;;;;;;;;;;;;;
rugulia_adj;Rugulia;;;;;;;;;;;;;
rugulia_desc;Rugulia;;;;;;;;;;;;;
d_rugulia;Rugulia;;;;;;;;;;;;;
d_rugulia_adj;Rugulia;;;;;;;;;;;;;
d_rugulia_desc;Rugulia;;;;;;;;;;;;;
paredes;Paredes;;;;;;;;;;;;;
paredes_adj;Paredes;;;;;;;;;;;;;
paredes_desc;Paredes;;;;;;;;;;;;;
c_paredes;Paredes;;;;;;;;;;;;;
c_paredes_adj;Paredes;;;;;;;;;;;;;
c_paredes_desc;Paredes;;;;;;;;;;;;;
PROV880;Paredes;;;;;;;;;;;;;
PROV880_adj;Paredes;;;;;;;;;;;;;
PROV880_desc;Paredes;;;;;;;;;;;;;
b_paredes;Paredes;;;;;;;;;;;;;
b_paredes_adj;Paredes;;;;;;;;;;;;;
b_paredes_desc;Paredes;;;;;;;;;;;;;
b_paredes2;Paredes2;;;;;;;;;;;;;
b_paredes2_adj;Paredes2;;;;;;;;;;;;;
b_paredes2_desc;Paredes2;;;;;;;;;;;;;
lacabera;Lacabera;;;;;;;;;;;;;
lacabera_adj;Lacabera;;;;;;;;;;;;;
lacabera_desc;Lacabera;;;;;;;;;;;;;
c_lacabera;Lacabera;;;;;;;;;;;;;
c_lacabera_adj;Lacabera;;;;;;;;;;;;;
c_lacabera_desc;Lacabera;;;;;;;;;;;;;
PROV881;Lacabera;;;;;;;;;;;;;
PROV881_adj;Lacabera;;;;;;;;;;;;;
PROV881_desc;Lacabera;;;;;;;;;;;;;
b_lacabera;Lacabera;;;;;;;;;;;;;
b_lacabera_adj;Lacabera;;;;;;;;;;;;;
b_lacabera_desc;Lacabera;;;;;;;;;;;;;
b_lacabera2;Lacabera2;;;;;;;;;;;;;
b_lacabera2_adj;Lacabera2;;;;;;;;;;;;;
b_lacabera2_desc;Lacabera2;;;;;;;;;;;;;
c_rugulia;Rugulia;;;;;;;;;;;;;
c_rugulia_adj;Rugulia;;;;;;;;;;;;;
c_rugulia_desc;Rugulia;;;;;;;;;;;;;
PROV882;Rugulia;;;;;;;;;;;;;
PROV882_adj;Rugulia;;;;;;;;;;;;;
PROV882_desc;Rugulia;;;;;;;;;;;;;
b_rugulia;Rugulia;;;;;;;;;;;;;
b_rugulia_adj;Rugulia;;;;;;;;;;;;;
b_rugulia_desc;Rugulia;;;;;;;;;;;;;
b_rugulia2;Rugulia2;;;;;;;;;;;;;
b_rugulia2_adj;Rugulia2;;;;;;;;;;;;;
b_rugulia2_desc;Rugulia2;;;;;;;;;;;;;
tallaverda;Tallaverda;;;;;;;;;;;;;
tallaverda_adj;Tallaverda;;;;;;;;;;;;;
tallaverda_desc;Tallaverda;;;;;;;;;;;;;
d_tallaverda;Tallaverda;;;;;;;;;;;;;
d_tallaverda_adj;Tallaverda;;;;;;;;;;;;;
d_tallaverda_desc;Tallaverda;;;;;;;;;;;;;
costa_marca;Costa Marca;;;;;;;;;;;;;
costa_marca_adj;Costa Marca;;;;;;;;;;;;;
costa_marca_desc;Costa Marca;;;;;;;;;;;;;
c_costa_marca;Costa Marca;;;;;;;;;;;;;
c_costa_marca_adj;Costa Marca;;;;;;;;;;;;;
c_costa_marca_desc;Costa Marca;;;;;;;;;;;;;
PROV883;Costa Marca;;;;;;;;;;;;;
PROV883_adj;Costa Marca;;;;;;;;;;;;;
PROV883_desc;Costa Marca;;;;;;;;;;;;;
b_costa_marca;Costa Marca;;;;;;;;;;;;;
b_costa_marca_adj;Costa Marca;;;;;;;;;;;;;
b_costa_marca_desc;Costa Marca;;;;;;;;;;;;;
b_costa_marca2;Costa Marca2;;;;;;;;;;;;;
b_costa_marca2_adj;Costa Marca2;;;;;;;;;;;;;
b_costa_marca2_desc;Costa Marca2;;;;;;;;;;;;;
c_tallaverda;Tallaverda;;;;;;;;;;;;;
c_tallaverda_adj;Tallaverda;;;;;;;;;;;;;
c_tallaverda_desc;Tallaverda;;;;;;;;;;;;;
PROV884;Tallaverda;;;;;;;;;;;;;
PROV884_adj;Tallaverda;;;;;;;;;;;;;
PROV884_desc;Tallaverda;;;;;;;;;;;;;
b_tallaverda;Tallaverda;;;;;;;;;;;;;
b_tallaverda_adj;Tallaverda;;;;;;;;;;;;;
b_tallaverda_desc;Tallaverda;;;;;;;;;;;;;
b_tallaverda2;Tallaverda2;;;;;;;;;;;;;
b_tallaverda2_adj;Tallaverda2;;;;;;;;;;;;;
b_tallaverda2_desc;Tallaverda2;;;;;;;;;;;;;
cujiro;Cujiro;;;;;;;;;;;;;
cujiro_adj;Cujiro;;;;;;;;;;;;;
cujiro_desc;Cujiro;;;;;;;;;;;;;
c_cujiro;Cujiro;;;;;;;;;;;;;
c_cujiro_adj;Cujiro;;;;;;;;;;;;;
c_cujiro_desc;Cujiro;;;;;;;;;;;;;
PROV885;Cujiro;;;;;;;;;;;;;
PROV885_adj;Cujiro;;;;;;;;;;;;;
PROV885_desc;Cujiro;;;;;;;;;;;;;
b_cujiro;Cujiro;;;;;;;;;;;;;
b_cujiro_adj;Cujiro;;;;;;;;;;;;;
b_cujiro_desc;Cujiro;;;;;;;;;;;;;
b_cujiro2;Cujiro2;;;;;;;;;;;;;
b_cujiro2_adj;Cujiro2;;;;;;;;;;;;;
b_cujiro2_desc;Cujiro2;;;;;;;;;;;;;
anahacasa;Anahacasa;;;;;;;;;;;;;
anahacasa_adj;Anahacasa;;;;;;;;;;;;;
anahacasa_desc;Anahacasa;;;;;;;;;;;;;
c_anahacasa;Anahacasa;;;;;;;;;;;;;
c_anahacasa_adj;Anahacasa;;;;;;;;;;;;;
c_anahacasa_desc;Anahacasa;;;;;;;;;;;;;
PROV886;Anahacasa;;;;;;;;;;;;;
PROV886_adj;Anahacasa;;;;;;;;;;;;;
PROV886_desc;Anahacasa;;;;;;;;;;;;;
b_anahacasa;Anahacasa;;;;;;;;;;;;;
b_anahacasa_adj;Anahacasa;;;;;;;;;;;;;
b_anahacasa_desc;Anahacasa;;;;;;;;;;;;;
b_anahacasa2;Anahacasa2;;;;;;;;;;;;;
b_anahacasa2_adj;Anahacasa2;;;;;;;;;;;;;
b_anahacasa2_desc;Anahacasa2;;;;;;;;;;;;;
natal;Natal;;;;;;;;;;;;;
natal_adj;Natal;;;;;;;;;;;;;
natal_desc;Natal;;;;;;;;;;;;;
k_natal;Natal;;;;;;;;;;;;;
k_natal_adj;Natal;;;;;;;;;;;;;
k_natal_desc;Natal;;;;;;;;;;;;;
penilla;Penilla;;;;;;;;;;;;;
penilla_adj;Penilla;;;;;;;;;;;;;
penilla_desc;Penilla;;;;;;;;;;;;;
d_penilla;Penilla;;;;;;;;;;;;;
d_penilla_adj;Penilla;;;;;;;;;;;;;
d_penilla_desc;Penilla;;;;;;;;;;;;;
c_penilla;Penilla;;;;;;;;;;;;;
c_penilla_adj;Penilla;;;;;;;;;;;;;
c_penilla_desc;Penilla;;;;;;;;;;;;;
PROV887;Penilla;;;;;;;;;;;;;
PROV887_adj;Penilla;;;;;;;;;;;;;
PROV887_desc;Penilla;;;;;;;;;;;;;
b_penilla;Penilla;;;;;;;;;;;;;
b_penilla_adj;Penilla;;;;;;;;;;;;;
b_penilla_desc;Penilla;;;;;;;;;;;;;
b_penilla2;Penilla2;;;;;;;;;;;;;
b_penilla2_adj;Penilla2;;;;;;;;;;;;;
b_penilla2_desc;Penilla2;;;;;;;;;;;;;
forriesta_natal;Forriesta Natal;;;;;;;;;;;;;
forriesta_natal_adj;Forriesta Natal;;;;;;;;;;;;;
forriesta_natal_desc;Forriesta Natal;;;;;;;;;;;;;
c_forriesta_natal;Forriesta Natal;;;;;;;;;;;;;
c_forriesta_natal_adj;Forriesta Natal;;;;;;;;;;;;;
c_forriesta_natal_desc;Forriesta Natal;;;;;;;;;;;;;
PROV888;Forriesta Natal;;;;;;;;;;;;;
PROV888_adj;Forriesta Natal;;;;;;;;;;;;;
PROV888_desc;Forriesta Natal;;;;;;;;;;;;;
b_forriesta_natal;Forriesta Natal;;;;;;;;;;;;;
b_forriesta_natal_adj;Forriesta Natal;;;;;;;;;;;;;
b_forriesta_natal_desc;Forriesta Natal;;;;;;;;;;;;;
b_forriesta_natal2;Forriesta Natal2;;;;;;;;;;;;;
b_forriesta_natal2_adj;Forriesta Natal2;;;;;;;;;;;;;
b_forriesta_natal2_desc;Forriesta Natal2;;;;;;;;;;;;;
olaze;Olaze;;;;;;;;;;;;;
olaze_adj;Olaze;;;;;;;;;;;;;
olaze_desc;Olaze;;;;;;;;;;;;;
c_olaze;Olaze;;;;;;;;;;;;;
c_olaze_adj;Olaze;;;;;;;;;;;;;
c_olaze_desc;Olaze;;;;;;;;;;;;;
PROV889;Olaze;;;;;;;;;;;;;
PROV889_adj;Olaze;;;;;;;;;;;;;
PROV889_desc;Olaze;;;;;;;;;;;;;
b_olaze;Olaze;;;;;;;;;;;;;
b_olaze_adj;Olaze;;;;;;;;;;;;;
b_olaze_desc;Olaze;;;;;;;;;;;;;
b_olaze2;Olaze2;;;;;;;;;;;;;
b_olaze2_adj;Olaze2;;;;;;;;;;;;;
b_olaze2_desc;Olaze2;;;;;;;;;;;;;
villa_mena;Villa Mena;;;;;;;;;;;;;
villa_mena_adj;Villa Mena;;;;;;;;;;;;;
villa_mena_desc;Villa Mena;;;;;;;;;;;;;
c_villa_mena;Villa Mena;;;;;;;;;;;;;
c_villa_mena_adj;Villa Mena;;;;;;;;;;;;;
c_villa_mena_desc;Villa Mena;;;;;;;;;;;;;
PROV890;Villa Mena;;;;;;;;;;;;;
PROV890_adj;Villa Mena;;;;;;;;;;;;;
PROV890_desc;Villa Mena;;;;;;;;;;;;;
b_villa_mena;Villa Mena;;;;;;;;;;;;;
b_villa_mena_adj;Villa Mena;;;;;;;;;;;;;
b_villa_mena_desc;Villa Mena;;;;;;;;;;;;;
b_villa_mena2;Villa Mena2;;;;;;;;;;;;;
b_villa_mena2_adj;Villa Mena2;;;;;;;;;;;;;
b_villa_mena2_desc;Villa Mena2;;;;;;;;;;;;;
pondevega;Pondevega;;;;;;;;;;;;;
pondevega_adj;Pondevega;;;;;;;;;;;;;
pondevega_desc;Pondevega;;;;;;;;;;;;;
d_pondevega;Pondevega;;;;;;;;;;;;;
d_pondevega_adj;Pondevega;;;;;;;;;;;;;
d_pondevega_desc;Pondevega;;;;;;;;;;;;;
ferrol;Ferrol;;;;;;;;;;;;;
ferrol_adj;Ferrol;;;;;;;;;;;;;
ferrol_desc;Ferrol;;;;;;;;;;;;;
c_ferrol;Ferrol;;;;;;;;;;;;;
c_ferrol_adj;Ferrol;;;;;;;;;;;;;
c_ferrol_desc;Ferrol;;;;;;;;;;;;;
PROV891;Ferrol;;;;;;;;;;;;;
PROV891_adj;Ferrol;;;;;;;;;;;;;
PROV891_desc;Ferrol;;;;;;;;;;;;;
b_ferrol;Ferrol;;;;;;;;;;;;;
b_ferrol_adj;Ferrol;;;;;;;;;;;;;
b_ferrol_desc;Ferrol;;;;;;;;;;;;;
b_ferrol2;Ferrol2;;;;;;;;;;;;;
b_ferrol2_adj;Ferrol2;;;;;;;;;;;;;
b_ferrol2_desc;Ferrol2;;;;;;;;;;;;;
corazon;Corazon;;;;;;;;;;;;;
corazon_adj;Corazon;;;;;;;;;;;;;
corazon_desc;Corazon;;;;;;;;;;;;;
c_corazon;Corazon;;;;;;;;;;;;;
c_corazon_adj;Corazon;;;;;;;;;;;;;
c_corazon_desc;Corazon;;;;;;;;;;;;;
PROV892;Corazon;;;;;;;;;;;;;
PROV892_adj;Corazon;;;;;;;;;;;;;
PROV892_desc;Corazon;;;;;;;;;;;;;
b_corazon;Corazon;;;;;;;;;;;;;
b_corazon_adj;Corazon;;;;;;;;;;;;;
b_corazon_desc;Corazon;;;;;;;;;;;;;
b_corazon2;Corazon2;;;;;;;;;;;;;
b_corazon2_adj;Corazon2;;;;;;;;;;;;;
b_corazon2_desc;Corazon2;;;;;;;;;;;;;
torrelaguna;Torrelaguna;;;;;;;;;;;;;
torrelaguna_adj;Torrelaguna;;;;;;;;;;;;;
torrelaguna_desc;Torrelaguna;;;;;;;;;;;;;
c_torrelaguna;Torrelaguna;;;;;;;;;;;;;
c_torrelaguna_adj;Torrelaguna;;;;;;;;;;;;;
c_torrelaguna_desc;Torrelaguna;;;;;;;;;;;;;
PROV893;Torrelaguna;;;;;;;;;;;;;
PROV893_adj;Torrelaguna;;;;;;;;;;;;;
PROV893_desc;Torrelaguna;;;;;;;;;;;;;
b_torrelaguna;Torrelaguna;;;;;;;;;;;;;
b_torrelaguna_adj;Torrelaguna;;;;;;;;;;;;;
b_torrelaguna_desc;Torrelaguna;;;;;;;;;;;;;
b_torrelaguna2;Torrelaguna2;;;;;;;;;;;;;
b_torrelaguna2_adj;Torrelaguna2;;;;;;;;;;;;;
b_torrelaguna2_desc;Torrelaguna2;;;;;;;;;;;;;
c_pondevega;Pondevega;;;;;;;;;;;;;
c_pondevega_adj;Pondevega;;;;;;;;;;;;;
c_pondevega_desc;Pondevega;;;;;;;;;;;;;
PROV894;Pondevega;;;;;;;;;;;;;
PROV894_adj;Pondevega;;;;;;;;;;;;;
PROV894_desc;Pondevega;;;;;;;;;;;;;
b_pondevega;Pondevega;;;;;;;;;;;;;
b_pondevega_adj;Pondevega;;;;;;;;;;;;;
b_pondevega_desc;Pondevega;;;;;;;;;;;;;
b_pondevega2;Pondevega2;;;;;;;;;;;;;
b_pondevega2_adj;Pondevega2;;;;;;;;;;;;;
b_pondevega2_desc;Pondevega2;;;;;;;;;;;;;
tollavega;Tollavega;;;;;;;;;;;;;
tollavega_adj;Tollavega;;;;;;;;;;;;;
tollavega_desc;Tollavega;;;;;;;;;;;;;
d_tollavega;Tollavega;;;;;;;;;;;;;
d_tollavega_adj;Tollavega;;;;;;;;;;;;;
d_tollavega_desc;Tollavega;;;;;;;;;;;;;
c_tollavega;Tollavega;;;;;;;;;;;;;
c_tollavega_adj;Tollavega;;;;;;;;;;;;;
c_tollavega_desc;Tollavega;;;;;;;;;;;;;
PROV895;Tollavega;;;;;;;;;;;;;
PROV895_adj;Tollavega;;;;;;;;;;;;;
PROV895_desc;Tollavega;;;;;;;;;;;;;
b_tollavega;Tollavega;;;;;;;;;;;;;
b_tollavega_adj;Tollavega;;;;;;;;;;;;;
b_tollavega_desc;Tollavega;;;;;;;;;;;;;
b_tollavega2;Tollavega2;;;;;;;;;;;;;
b_tollavega2_adj;Tollavega2;;;;;;;;;;;;;
b_tollavega2_desc;Tollavega2;;;;;;;;;;;;;
compostela;Compostela;;;;;;;;;;;;;
compostela_adj;Compostela;;;;;;;;;;;;;
compostela_desc;Compostela;;;;;;;;;;;;;
c_compostela;Compostela;;;;;;;;;;;;;
c_compostela_adj;Compostela;;;;;;;;;;;;;
c_compostela_desc;Compostela;;;;;;;;;;;;;
PROV896;Compostela;;;;;;;;;;;;;
PROV896_adj;Compostela;;;;;;;;;;;;;
PROV896_desc;Compostela;;;;;;;;;;;;;
b_compostela;Compostela;;;;;;;;;;;;;
b_compostela_adj;Compostela;;;;;;;;;;;;;
b_compostela_desc;Compostela;;;;;;;;;;;;;
b_compostela2;Compostela2;;;;;;;;;;;;;
b_compostela2_adj;Compostela2;;;;;;;;;;;;;
b_compostela2_desc;Compostela2;;;;;;;;;;;;;
cahecho;Cahecho;;;;;;;;;;;;;
cahecho_adj;Cahecho;;;;;;;;;;;;;
cahecho_desc;Cahecho;;;;;;;;;;;;;
c_cahecho;Cahecho;;;;;;;;;;;;;
c_cahecho_adj;Cahecho;;;;;;;;;;;;;
c_cahecho_desc;Cahecho;;;;;;;;;;;;;
PROV897;Cahecho;;;;;;;;;;;;;
PROV897_adj;Cahecho;;;;;;;;;;;;;
PROV897_desc;Cahecho;;;;;;;;;;;;;
b_cahecho;Cahecho;;;;;;;;;;;;;
b_cahecho_adj;Cahecho;;;;;;;;;;;;;
b_cahecho_desc;Cahecho;;;;;;;;;;;;;
b_cahecho2;Cahecho2;;;;;;;;;;;;;
b_cahecho2_adj;Cahecho2;;;;;;;;;;;;;
b_cahecho2_desc;Cahecho2;;;;;;;;;;;;;
llanes;Llanes;;;;;;;;;;;;;
llanes_adj;Llanes;;;;;;;;;;;;;
llanes_desc;Llanes;;;;;;;;;;;;;
c_llanes;Llanes;;;;;;;;;;;;;
c_llanes_adj;Llanes;;;;;;;;;;;;;
c_llanes_desc;Llanes;;;;;;;;;;;;;
PROV898;Llanes;;;;;;;;;;;;;
PROV898_adj;Llanes;;;;;;;;;;;;;
PROV898_desc;Llanes;;;;;;;;;;;;;
b_llanes;Llanes;;;;;;;;;;;;;
b_llanes_adj;Llanes;;;;;;;;;;;;;
b_llanes_desc;Llanes;;;;;;;;;;;;;
b_llanes2;Llanes2;;;;;;;;;;;;;
b_llanes2_adj;Llanes2;;;;;;;;;;;;;
b_llanes2_desc;Llanes2;;;;;;;;;;;;;
orriondas;Orriondas;;;;;;;;;;;;;
orriondas_adj;Orriondas;;;;;;;;;;;;;
orriondas_desc;Orriondas;;;;;;;;;;;;;
c_orriondas;Orriondas;;;;;;;;;;;;;
c_orriondas_adj;Orriondas;;;;;;;;;;;;;
c_orriondas_desc;Orriondas;;;;;;;;;;;;;
PROV899;Orriondas;;;;;;;;;;;;;
PROV899_adj;Orriondas;;;;;;;;;;;;;
PROV899_desc;Orriondas;;;;;;;;;;;;;
b_orriondas;Orriondas;;;;;;;;;;;;;
b_orriondas_adj;Orriondas;;;;;;;;;;;;;
b_orriondas_desc;Orriondas;;;;;;;;;;;;;
b_orriondas2;Orriondas2;;;;;;;;;;;;;
b_orriondas2_adj;Orriondas2;;;;;;;;;;;;;
b_orriondas2_desc;Orriondas2;;;;;;;;;;;;;
san_dirva;San Dirva;;;;;;;;;;;;;
san_dirva_adj;San Dirva;;;;;;;;;;;;;
san_dirva_desc;San Dirva;;;;;;;;;;;;;
k_san_dirva;San Dirva;;;;;;;;;;;;;
k_san_dirva_adj;San Dirva;;;;;;;;;;;;;
k_san_dirva_desc;San Dirva;;;;;;;;;;;;;
eivsa;Eivsa;;;;;;;;;;;;;
eivsa_adj;Eivsa;;;;;;;;;;;;;
eivsa_desc;Eivsa;;;;;;;;;;;;;
d_eivsa;Eivsa;;;;;;;;;;;;;
d_eivsa_adj;Eivsa;;;;;;;;;;;;;
d_eivsa_desc;Eivsa;;;;;;;;;;;;;
vasco;Vasco;;;;;;;;;;;;;
vasco_adj;Vasco;;;;;;;;;;;;;
vasco_desc;Vasco;;;;;;;;;;;;;
c_vasco;Vasco;;;;;;;;;;;;;
c_vasco_adj;Vasco;;;;;;;;;;;;;
c_vasco_desc;Vasco;;;;;;;;;;;;;
PROV900;Vasco;;;;;;;;;;;;;
PROV900_adj;Vasco;;;;;;;;;;;;;
PROV900_desc;Vasco;;;;;;;;;;;;;
b_vasco;Vasco;;;;;;;;;;;;;
b_vasco_adj;Vasco;;;;;;;;;;;;;
b_vasco_desc;Vasco;;;;;;;;;;;;;
b_vasco2;Vasco2;;;;;;;;;;;;;
b_vasco2_adj;Vasco2;;;;;;;;;;;;;
b_vasco2_desc;Vasco2;;;;;;;;;;;;;
c_eivsa;Eivsa;;;;;;;;;;;;;
c_eivsa_adj;Eivsa;;;;;;;;;;;;;
c_eivsa_desc;Eivsa;;;;;;;;;;;;;
PROV901;Eivsa;;;;;;;;;;;;;
PROV901_adj;Eivsa;;;;;;;;;;;;;
PROV901_desc;Eivsa;;;;;;;;;;;;;
b_eivsa;Eivsa;;;;;;;;;;;;;
b_eivsa_adj;Eivsa;;;;;;;;;;;;;
b_eivsa_desc;Eivsa;;;;;;;;;;;;;
b_eivsa2;Eivsa2;;;;;;;;;;;;;
b_eivsa2_adj;Eivsa2;;;;;;;;;;;;;
b_eivsa2_desc;Eivsa2;;;;;;;;;;;;;
karwar;Karwar;;;;;;;;;;;;;
karwar_adj;Karwar;;;;;;;;;;;;;
karwar_desc;Karwar;;;;;;;;;;;;;
d_karwar;Karwar;;;;;;;;;;;;;
d_karwar_adj;Karwar;;;;;;;;;;;;;
d_karwar_desc;Karwar;;;;;;;;;;;;;
dharbandora;Dharbandora;;;;;;;;;;;;;
dharbandora_adj;Dharbandora;;;;;;;;;;;;;
dharbandora_desc;Dharbandora;;;;;;;;;;;;;
c_dharbandora;Dharbandora;;;;;;;;;;;;;
c_dharbandora_adj;Dharbandora;;;;;;;;;;;;;
c_dharbandora_desc;Dharbandora;;;;;;;;;;;;;
PROV902;Dharbandora;;;;;;;;;;;;;
PROV902_adj;Dharbandora;;;;;;;;;;;;;
PROV902_desc;Dharbandora;;;;;;;;;;;;;
b_dharbandora;Dharbandora;;;;;;;;;;;;;
b_dharbandora_adj;Dharbandora;;;;;;;;;;;;;
b_dharbandora_desc;Dharbandora;;;;;;;;;;;;;
b_dharbandora2;Dharbandora2;;;;;;;;;;;;;
b_dharbandora2_adj;Dharbandora2;;;;;;;;;;;;;
b_dharbandora2_desc;Dharbandora2;;;;;;;;;;;;;
c_karwar;Karwar;;;;;;;;;;;;;
c_karwar_adj;Karwar;;;;;;;;;;;;;
c_karwar_desc;Karwar;;;;;;;;;;;;;
PROV903;Karwar;;;;;;;;;;;;;
PROV903_adj;Karwar;;;;;;;;;;;;;
PROV903_desc;Karwar;;;;;;;;;;;;;
b_karwar;Karwar;;;;;;;;;;;;;
b_karwar_adj;Karwar;;;;;;;;;;;;;
b_karwar_desc;Karwar;;;;;;;;;;;;;
b_karwar2;Karwar2;;;;;;;;;;;;;
b_karwar2_adj;Karwar2;;;;;;;;;;;;;
b_karwar2_desc;Karwar2;;;;;;;;;;;;;
canaguinim;Canaguinim;;;;;;;;;;;;;
canaguinim_adj;Canaguinim;;;;;;;;;;;;;
canaguinim_desc;Canaguinim;;;;;;;;;;;;;
c_canaguinim;Canaguinim;;;;;;;;;;;;;
c_canaguinim_adj;Canaguinim;;;;;;;;;;;;;
c_canaguinim_desc;Canaguinim;;;;;;;;;;;;;
PROV904;Canaguinim;;;;;;;;;;;;;
PROV904_adj;Canaguinim;;;;;;;;;;;;;
PROV904_desc;Canaguinim;;;;;;;;;;;;;
b_canaguinim;Canaguinim;;;;;;;;;;;;;
b_canaguinim_adj;Canaguinim;;;;;;;;;;;;;
b_canaguinim_desc;Canaguinim;;;;;;;;;;;;;
b_canaguinim2;Canaguinim2;;;;;;;;;;;;;
b_canaguinim2_adj;Canaguinim2;;;;;;;;;;;;;
b_canaguinim2_desc;Canaguinim2;;;;;;;;;;;;;
manilon;Manilon;;;;;;;;;;;;;
manilon_adj;Manilon;;;;;;;;;;;;;
manilon_desc;Manilon;;;;;;;;;;;;;
c_manilon;Manilon;;;;;;;;;;;;;
c_manilon_adj;Manilon;;;;;;;;;;;;;
c_manilon_desc;Manilon;;;;;;;;;;;;;
PROV905;Manilon;;;;;;;;;;;;;
PROV905_adj;Manilon;;;;;;;;;;;;;
PROV905_desc;Manilon;;;;;;;;;;;;;
b_manilon;Manilon;;;;;;;;;;;;;
b_manilon_adj;Manilon;;;;;;;;;;;;;
b_manilon_desc;Manilon;;;;;;;;;;;;;
b_manilon2;Manilon2;;;;;;;;;;;;;
b_manilon2_adj;Manilon2;;;;;;;;;;;;;
b_manilon2_desc;Manilon2;;;;;;;;;;;;;
mapusa;Mapusa;;;;;;;;;;;;;
mapusa_adj;Mapusa;;;;;;;;;;;;;
mapusa_desc;Mapusa;;;;;;;;;;;;;
d_mapusa;Mapusa;;;;;;;;;;;;;
d_mapusa_adj;Mapusa;;;;;;;;;;;;;
d_mapusa_desc;Mapusa;;;;;;;;;;;;;
barrsa;Barrsa;;;;;;;;;;;;;
barrsa_adj;Barrsa;;;;;;;;;;;;;
barrsa_desc;Barrsa;;;;;;;;;;;;;
c_barrsa;Barrsa;;;;;;;;;;;;;
c_barrsa_adj;Barrsa;;;;;;;;;;;;;
c_barrsa_desc;Barrsa;;;;;;;;;;;;;
PROV906;Barrsa;;;;;;;;;;;;;
PROV906_adj;Barrsa;;;;;;;;;;;;;
PROV906_desc;Barrsa;;;;;;;;;;;;;
b_barrsa;Barrsa;;;;;;;;;;;;;
b_barrsa_adj;Barrsa;;;;;;;;;;;;;
b_barrsa_desc;Barrsa;;;;;;;;;;;;;
b_barrsa2;Barrsa2;;;;;;;;;;;;;
b_barrsa2_adj;Barrsa2;;;;;;;;;;;;;
b_barrsa2_desc;Barrsa2;;;;;;;;;;;;;
oras;Oras;;;;;;;;;;;;;
oras_adj;Oras;;;;;;;;;;;;;
oras_desc;Oras;;;;;;;;;;;;;
c_oras;Oras;;;;;;;;;;;;;
c_oras_adj;Oras;;;;;;;;;;;;;
c_oras_desc;Oras;;;;;;;;;;;;;
PROV907;Oras;;;;;;;;;;;;;
PROV907_adj;Oras;;;;;;;;;;;;;
PROV907_desc;Oras;;;;;;;;;;;;;
b_oras;Oras;;;;;;;;;;;;;
b_oras_adj;Oras;;;;;;;;;;;;;
b_oras_desc;Oras;;;;;;;;;;;;;
b_oras2;Oras2;;;;;;;;;;;;;
b_oras2_adj;Oras2;;;;;;;;;;;;;
b_oras2_desc;Oras2;;;;;;;;;;;;;
nagoa;Nagoa;;;;;;;;;;;;;
nagoa_adj;Nagoa;;;;;;;;;;;;;
nagoa_desc;Nagoa;;;;;;;;;;;;;
d_nagoa;Nagoa;;;;;;;;;;;;;
d_nagoa_adj;Nagoa;;;;;;;;;;;;;
d_nagoa_desc;Nagoa;;;;;;;;;;;;;
c_nagoa;Nagoa;;;;;;;;;;;;;
c_nagoa_adj;Nagoa;;;;;;;;;;;;;
c_nagoa_desc;Nagoa;;;;;;;;;;;;;
PROV908;Nagoa;;;;;;;;;;;;;
PROV908_adj;Nagoa;;;;;;;;;;;;;
PROV908_desc;Nagoa;;;;;;;;;;;;;
b_nagoa;Nagoa;;;;;;;;;;;;;
b_nagoa_adj;Nagoa;;;;;;;;;;;;;
b_nagoa_desc;Nagoa;;;;;;;;;;;;;
b_nagoa2;Nagoa2;;;;;;;;;;;;;
b_nagoa2_adj;Nagoa2;;;;;;;;;;;;;
b_nagoa2_desc;Nagoa2;;;;;;;;;;;;;
quezon;Quezon;;;;;;;;;;;;;
quezon_adj;Quezon;;;;;;;;;;;;;
quezon_desc;Quezon;;;;;;;;;;;;;
c_quezon;Quezon;;;;;;;;;;;;;
c_quezon_adj;Quezon;;;;;;;;;;;;;
c_quezon_desc;Quezon;;;;;;;;;;;;;
PROV909;Quezon;;;;;;;;;;;;;
PROV909_adj;Quezon;;;;;;;;;;;;;
PROV909_desc;Quezon;;;;;;;;;;;;;
b_quezon;Quezon;;;;;;;;;;;;;
b_quezon_adj;Quezon;;;;;;;;;;;;;
b_quezon_desc;Quezon;;;;;;;;;;;;;
b_quezon2;Quezon2;;;;;;;;;;;;;
b_quezon2_adj;Quezon2;;;;;;;;;;;;;
b_quezon2_desc;Quezon2;;;;;;;;;;;;;
malabon;Malabon;;;;;;;;;;;;;
malabon_adj;Malabon;;;;;;;;;;;;;
malabon_desc;Malabon;;;;;;;;;;;;;
c_malabon;Malabon;;;;;;;;;;;;;
c_malabon_adj;Malabon;;;;;;;;;;;;;
c_malabon_desc;Malabon;;;;;;;;;;;;;
PROV910;Malabon;;;;;;;;;;;;;
PROV910_adj;Malabon;;;;;;;;;;;;;
PROV910_desc;Malabon;;;;;;;;;;;;;
b_malabon;Malabon;;;;;;;;;;;;;
b_malabon_adj;Malabon;;;;;;;;;;;;;
b_malabon_desc;Malabon;;;;;;;;;;;;;
b_malabon2;Malabon2;;;;;;;;;;;;;
b_malabon2_adj;Malabon2;;;;;;;;;;;;;
b_malabon2_desc;Malabon2;;;;;;;;;;;;;
chandagad;Chandagad;;;;;;;;;;;;;
chandagad_adj;Chandagad;;;;;;;;;;;;;
chandagad_desc;Chandagad;;;;;;;;;;;;;
c_chandagad;Chandagad;;;;;;;;;;;;;
c_chandagad_adj;Chandagad;;;;;;;;;;;;;
c_chandagad_desc;Chandagad;;;;;;;;;;;;;
PROV911;Chandagad;;;;;;;;;;;;;
PROV911_adj;Chandagad;;;;;;;;;;;;;
PROV911_desc;Chandagad;;;;;;;;;;;;;
b_chandagad;Chandagad;;;;;;;;;;;;;
b_chandagad_adj;Chandagad;;;;;;;;;;;;;
b_chandagad_desc;Chandagad;;;;;;;;;;;;;
b_chandagad2;Chandagad2;;;;;;;;;;;;;
b_chandagad2_adj;Chandagad2;;;;;;;;;;;;;
b_chandagad2_desc;Chandagad2;;;;;;;;;;;;;
san_maverda;San Maverda;;;;;;;;;;;;;
san_maverda_adj;San Maverda;;;;;;;;;;;;;
san_maverda_desc;San Maverda;;;;;;;;;;;;;
k_san_maverda;San Maverda;;;;;;;;;;;;;
k_san_maverda_adj;San Maverda;;;;;;;;;;;;;
k_san_maverda_desc;San Maverda;;;;;;;;;;;;;
algarindro;Algarindro;;;;;;;;;;;;;
algarindro_adj;Algarindro;;;;;;;;;;;;;
algarindro_desc;Algarindro;;;;;;;;;;;;;
d_algarindro;Algarindro;;;;;;;;;;;;;
d_algarindro_adj;Algarindro;;;;;;;;;;;;;
d_algarindro_desc;Algarindro;;;;;;;;;;;;;
c_algarindro;Algarindro;;;;;;;;;;;;;
c_algarindro_adj;Algarindro;;;;;;;;;;;;;
c_algarindro_desc;Algarindro;;;;;;;;;;;;;
PROV912;Algarindro;;;;;;;;;;;;;
PROV912_adj;Algarindro;;;;;;;;;;;;;
PROV912_desc;Algarindro;;;;;;;;;;;;;
b_algarindro;Algarindro;;;;;;;;;;;;;
b_algarindro_adj;Algarindro;;;;;;;;;;;;;
b_algarindro_desc;Algarindro;;;;;;;;;;;;;
b_algarindro2;Algarindro2;;;;;;;;;;;;;
b_algarindro2_adj;Algarindro2;;;;;;;;;;;;;
b_algarindro2_desc;Algarindro2;;;;;;;;;;;;;
paradas;Paradas;;;;;;;;;;;;;
paradas_adj;Paradas;;;;;;;;;;;;;
paradas_desc;Paradas;;;;;;;;;;;;;
c_paradas;Paradas;;;;;;;;;;;;;
c_paradas_adj;Paradas;;;;;;;;;;;;;
c_paradas_desc;Paradas;;;;;;;;;;;;;
PROV913;Paradas;;;;;;;;;;;;;
PROV913_adj;Paradas;;;;;;;;;;;;;
PROV913_desc;Paradas;;;;;;;;;;;;;
b_paradas;Paradas;;;;;;;;;;;;;
b_paradas_adj;Paradas;;;;;;;;;;;;;
b_paradas_desc;Paradas;;;;;;;;;;;;;
b_paradas2;Paradas2;;;;;;;;;;;;;
b_paradas2_adj;Paradas2;;;;;;;;;;;;;
b_paradas2_desc;Paradas2;;;;;;;;;;;;;
marchena;Marchena;;;;;;;;;;;;;
marchena_adj;Marchena;;;;;;;;;;;;;
marchena_desc;Marchena;;;;;;;;;;;;;
c_marchena;Marchena;;;;;;;;;;;;;
c_marchena_adj;Marchena;;;;;;;;;;;;;
c_marchena_desc;Marchena;;;;;;;;;;;;;
PROV914;Marchena;;;;;;;;;;;;;
PROV914_adj;Marchena;;;;;;;;;;;;;
PROV914_desc;Marchena;;;;;;;;;;;;;
b_marchena;Marchena;;;;;;;;;;;;;
b_marchena_adj;Marchena;;;;;;;;;;;;;
b_marchena_desc;Marchena;;;;;;;;;;;;;
b_marchena2;Marchena2;;;;;;;;;;;;;
b_marchena2_adj;Marchena2;;;;;;;;;;;;;
b_marchena2_desc;Marchena2;;;;;;;;;;;;;
cazalla;Cazalla;;;;;;;;;;;;;
cazalla_adj;Cazalla;;;;;;;;;;;;;
cazalla_desc;Cazalla;;;;;;;;;;;;;
c_cazalla;Cazalla;;;;;;;;;;;;;
c_cazalla_adj;Cazalla;;;;;;;;;;;;;
c_cazalla_desc;Cazalla;;;;;;;;;;;;;
PROV915;Cazalla;;;;;;;;;;;;;
PROV915_adj;Cazalla;;;;;;;;;;;;;
PROV915_desc;Cazalla;;;;;;;;;;;;;
b_cazalla;Cazalla;;;;;;;;;;;;;
b_cazalla_adj;Cazalla;;;;;;;;;;;;;
b_cazalla_desc;Cazalla;;;;;;;;;;;;;
b_cazalla2;Cazalla2;;;;;;;;;;;;;
b_cazalla2_adj;Cazalla2;;;;;;;;;;;;;
b_cazalla2_desc;Cazalla2;;;;;;;;;;;;;
mataverda;Mataverda;;;;;;;;;;;;;
mataverda_adj;Mataverda;;;;;;;;;;;;;
mataverda_desc;Mataverda;;;;;;;;;;;;;
d_mataverda;Mataverda;;;;;;;;;;;;;
d_mataverda_adj;Mataverda;;;;;;;;;;;;;
d_mataverda_desc;Mataverda;;;;;;;;;;;;;
competa;Competa;;;;;;;;;;;;;
competa_adj;Competa;;;;;;;;;;;;;
competa_desc;Competa;;;;;;;;;;;;;
c_competa;Competa;;;;;;;;;;;;;
c_competa_adj;Competa;;;;;;;;;;;;;
c_competa_desc;Competa;;;;;;;;;;;;;
PROV916;Competa;;;;;;;;;;;;;
PROV916_adj;Competa;;;;;;;;;;;;;
PROV916_desc;Competa;;;;;;;;;;;;;
b_competa;Competa;;;;;;;;;;;;;
b_competa_adj;Competa;;;;;;;;;;;;;
b_competa_desc;Competa;;;;;;;;;;;;;
b_competa2;Competa2;;;;;;;;;;;;;
b_competa2_adj;Competa2;;;;;;;;;;;;;
b_competa2_desc;Competa2;;;;;;;;;;;;;
rosaria;Rosaria;;;;;;;;;;;;;
rosaria_adj;Rosaria;;;;;;;;;;;;;
rosaria_desc;Rosaria;;;;;;;;;;;;;
c_rosaria;Rosaria;;;;;;;;;;;;;
c_rosaria_adj;Rosaria;;;;;;;;;;;;;
c_rosaria_desc;Rosaria;;;;;;;;;;;;;
PROV917;Rosaria;;;;;;;;;;;;;
PROV917_adj;Rosaria;;;;;;;;;;;;;
PROV917_desc;Rosaria;;;;;;;;;;;;;
b_rosaria;Rosaria;;;;;;;;;;;;;
b_rosaria_adj;Rosaria;;;;;;;;;;;;;
b_rosaria_desc;Rosaria;;;;;;;;;;;;;
b_rosaria2;Rosaria2;;;;;;;;;;;;;
b_rosaria2_adj;Rosaria2;;;;;;;;;;;;;
b_rosaria2_desc;Rosaria2;;;;;;;;;;;;;
algaidos;Algaidos;;;;;;;;;;;;;
algaidos_adj;Algaidos;;;;;;;;;;;;;
algaidos_desc;Algaidos;;;;;;;;;;;;;
c_algaidos;Algaidos;;;;;;;;;;;;;
c_algaidos_adj;Algaidos;;;;;;;;;;;;;
c_algaidos_desc;Algaidos;;;;;;;;;;;;;
PROV918;Algaidos;;;;;;;;;;;;;
PROV918_adj;Algaidos;;;;;;;;;;;;;
PROV918_desc;Algaidos;;;;;;;;;;;;;
b_algaidos;Algaidos;;;;;;;;;;;;;
b_algaidos_adj;Algaidos;;;;;;;;;;;;;
b_algaidos_desc;Algaidos;;;;;;;;;;;;;
b_algaidos2;Algaidos2;;;;;;;;;;;;;
b_algaidos2_adj;Algaidos2;;;;;;;;;;;;;
b_algaidos2_desc;Algaidos2;;;;;;;;;;;;;
trabucco;Trabucco;;;;;;;;;;;;;
trabucco_adj;Trabucco;;;;;;;;;;;;;
trabucco_desc;Trabucco;;;;;;;;;;;;;
c_trabucco;Trabucco;;;;;;;;;;;;;
c_trabucco_adj;Trabucco;;;;;;;;;;;;;
c_trabucco_desc;Trabucco;;;;;;;;;;;;;
PROV919;Trabucco;;;;;;;;;;;;;
PROV919_adj;Trabucco;;;;;;;;;;;;;
PROV919_desc;Trabucco;;;;;;;;;;;;;
b_trabucco;Trabucco;;;;;;;;;;;;;
b_trabucco_adj;Trabucco;;;;;;;;;;;;;
b_trabucco_desc;Trabucco;;;;;;;;;;;;;
b_trabucco2;Trabucco2;;;;;;;;;;;;;
b_trabucco2_adj;Trabucco2;;;;;;;;;;;;;
b_trabucco2_desc;Trabucco2;;;;;;;;;;;;;
costa_talar;Costa Talar;;;;;;;;;;;;;
costa_talar_adj;Costa Talar;;;;;;;;;;;;;
costa_talar_desc;Costa Talar;;;;;;;;;;;;;
c_costa_talar;Costa Talar;;;;;;;;;;;;;
c_costa_talar_adj;Costa Talar;;;;;;;;;;;;;
c_costa_talar_desc;Costa Talar;;;;;;;;;;;;;
PROV920;Costa Talar;;;;;;;;;;;;;
PROV920_adj;Costa Talar;;;;;;;;;;;;;
PROV920_desc;Costa Talar;;;;;;;;;;;;;
b_costa_talar;Costa Talar;;;;;;;;;;;;;
b_costa_talar_adj;Costa Talar;;;;;;;;;;;;;
b_costa_talar_desc;Costa Talar;;;;;;;;;;;;;
b_costa_talar2;Costa Talar2;;;;;;;;;;;;;
b_costa_talar2_adj;Costa Talar2;;;;;;;;;;;;;
b_costa_talar2_desc;Costa Talar2;;;;;;;;;;;;;
romera;Romera;;;;;;;;;;;;;
romera_adj;Romera;;;;;;;;;;;;;
romera_desc;Romera;;;;;;;;;;;;;
d_romera;Romera;;;;;;;;;;;;;
d_romera_adj;Romera;;;;;;;;;;;;;
d_romera_desc;Romera;;;;;;;;;;;;;
gilena;Gilena;;;;;;;;;;;;;
gilena_adj;Gilena;;;;;;;;;;;;;
gilena_desc;Gilena;;;;;;;;;;;;;
c_gilena;Gilena;;;;;;;;;;;;;
c_gilena_adj;Gilena;;;;;;;;;;;;;
c_gilena_desc;Gilena;;;;;;;;;;;;;
PROV921;Gilena;;;;;;;;;;;;;
PROV921_adj;Gilena;;;;;;;;;;;;;
PROV921_desc;Gilena;;;;;;;;;;;;;
b_gilena;Gilena;;;;;;;;;;;;;
b_gilena_adj;Gilena;;;;;;;;;;;;;
b_gilena_desc;Gilena;;;;;;;;;;;;;
b_gilena2;Gilena2;;;;;;;;;;;;;
b_gilena2_adj;Gilena2;;;;;;;;;;;;;
b_gilena2_desc;Gilena2;;;;;;;;;;;;;
herrera;Herrera;;;;;;;;;;;;;
herrera_adj;Herrera;;;;;;;;;;;;;
herrera_desc;Herrera;;;;;;;;;;;;;
c_herrera;Herrera;;;;;;;;;;;;;
c_herrera_adj;Herrera;;;;;;;;;;;;;
c_herrera_desc;Herrera;;;;;;;;;;;;;
PROV922;Herrera;;;;;;;;;;;;;
PROV922_adj;Herrera;;;;;;;;;;;;;
PROV922_desc;Herrera;;;;;;;;;;;;;
b_herrera;Herrera;;;;;;;;;;;;;
b_herrera_adj;Herrera;;;;;;;;;;;;;
b_herrera_desc;Herrera;;;;;;;;;;;;;
b_herrera2;Herrera2;;;;;;;;;;;;;
b_herrera2_adj;Herrera2;;;;;;;;;;;;;
b_herrera2_desc;Herrera2;;;;;;;;;;;;;
rute;Rute;;;;;;;;;;;;;
rute_adj;Rute;;;;;;;;;;;;;
rute_desc;Rute;;;;;;;;;;;;;
c_rute;Rute;;;;;;;;;;;;;
c_rute_adj;Rute;;;;;;;;;;;;;
c_rute_desc;Rute;;;;;;;;;;;;;
PROV923;Rute;;;;;;;;;;;;;
PROV923_adj;Rute;;;;;;;;;;;;;
PROV923_desc;Rute;;;;;;;;;;;;;
b_rute;Rute;;;;;;;;;;;;;
b_rute_adj;Rute;;;;;;;;;;;;;
b_rute_desc;Rute;;;;;;;;;;;;;
b_rute2;Rute2;;;;;;;;;;;;;
b_rute2_adj;Rute2;;;;;;;;;;;;;
b_rute2_desc;Rute2;;;;;;;;;;;;;
montefrio;Montefrio;;;;;;;;;;;;;
montefrio_adj;Montefrio;;;;;;;;;;;;;
montefrio_desc;Montefrio;;;;;;;;;;;;;
c_montefrio;Montefrio;;;;;;;;;;;;;
c_montefrio_adj;Montefrio;;;;;;;;;;;;;
c_montefrio_desc;Montefrio;;;;;;;;;;;;;
PROV924;Montefrio;;;;;;;;;;;;;
PROV924_adj;Montefrio;;;;;;;;;;;;;
PROV924_desc;Montefrio;;;;;;;;;;;;;
b_montefrio;Montefrio;;;;;;;;;;;;;
b_montefrio_adj;Montefrio;;;;;;;;;;;;;
b_montefrio_desc;Montefrio;;;;;;;;;;;;;
b_montefrio2;Montefrio2;;;;;;;;;;;;;
b_montefrio2_adj;Montefrio2;;;;;;;;;;;;;
b_montefrio2_desc;Montefrio2;;;;;;;;;;;;;
c_romera;Romera;;;;;;;;;;;;;
c_romera_adj;Romera;;;;;;;;;;;;;
c_romera_desc;Romera;;;;;;;;;;;;;
PROV925;Romera;;;;;;;;;;;;;
PROV925_adj;Romera;;;;;;;;;;;;;
PROV925_desc;Romera;;;;;;;;;;;;;
b_romera;Romera;;;;;;;;;;;;;
b_romera_adj;Romera;;;;;;;;;;;;;
b_romera_desc;Romera;;;;;;;;;;;;;
b_romera2;Romera2;;;;;;;;;;;;;
b_romera2_adj;Romera2;;;;;;;;;;;;;
b_romera2_desc;Romera2;;;;;;;;;;;;;
puente_gentil;Puente Gentil;;;;;;;;;;;;;
puente_gentil_adj;Puente Gentil;;;;;;;;;;;;;
puente_gentil_desc;Puente Gentil;;;;;;;;;;;;;
c_puente_gentil;Puente Gentil;;;;;;;;;;;;;
c_puente_gentil_adj;Puente Gentil;;;;;;;;;;;;;
c_puente_gentil_desc;Puente Gentil;;;;;;;;;;;;;
PROV926;Puente Gentil;;;;;;;;;;;;;
PROV926_adj;Puente Gentil;;;;;;;;;;;;;
PROV926_desc;Puente Gentil;;;;;;;;;;;;;
b_puente_gentil;Puente Gentil;;;;;;;;;;;;;
b_puente_gentil_adj;Puente Gentil;;;;;;;;;;;;;
b_puente_gentil_desc;Puente Gentil;;;;;;;;;;;;;
b_puente_gentil2;Puente Gentil2;;;;;;;;;;;;;
b_puente_gentil2_adj;Puente Gentil2;;;;;;;;;;;;;
b_puente_gentil2_desc;Puente Gentil2;;;;;;;;;;;;;
san_selin;San Selin;;;;;;;;;;;;;
san_selin_adj;San Selin;;;;;;;;;;;;;
san_selin_desc;San Selin;;;;;;;;;;;;;
k_san_selin;San Selin;;;;;;;;;;;;;
k_san_selin_adj;San Selin;;;;;;;;;;;;;
k_san_selin_desc;San Selin;;;;;;;;;;;;;
elmaigmo;Elmaigmo;;;;;;;;;;;;;
elmaigmo_adj;Elmaigmo;;;;;;;;;;;;;
elmaigmo_desc;Elmaigmo;;;;;;;;;;;;;
d_elmaigmo;Elmaigmo;;;;;;;;;;;;;
d_elmaigmo_adj;Elmaigmo;;;;;;;;;;;;;
d_elmaigmo_desc;Elmaigmo;;;;;;;;;;;;;
montardilla;Montardilla;;;;;;;;;;;;;
montardilla_adj;Montardilla;;;;;;;;;;;;;
montardilla_desc;Montardilla;;;;;;;;;;;;;
c_montardilla;Montardilla;;;;;;;;;;;;;
c_montardilla_adj;Montardilla;;;;;;;;;;;;;
c_montardilla_desc;Montardilla;;;;;;;;;;;;;
PROV927;Montardilla;;;;;;;;;;;;;
PROV927_adj;Montardilla;;;;;;;;;;;;;
PROV927_desc;Montardilla;;;;;;;;;;;;;
b_montardilla;Montardilla;;;;;;;;;;;;;
b_montardilla_adj;Montardilla;;;;;;;;;;;;;
b_montardilla_desc;Montardilla;;;;;;;;;;;;;
b_montardilla2;Montardilla2;;;;;;;;;;;;;
b_montardilla2_adj;Montardilla2;;;;;;;;;;;;;
b_montardilla2_desc;Montardilla2;;;;;;;;;;;;;
alcantarilla;Alcantarilla;;;;;;;;;;;;;
alcantarilla_adj;Alcantarilla;;;;;;;;;;;;;
alcantarilla_desc;Alcantarilla;;;;;;;;;;;;;
c_alcantarilla;Alcantarilla;;;;;;;;;;;;;
c_alcantarilla_adj;Alcantarilla;;;;;;;;;;;;;
c_alcantarilla_desc;Alcantarilla;;;;;;;;;;;;;
PROV928;Alcantarilla;;;;;;;;;;;;;
PROV928_adj;Alcantarilla;;;;;;;;;;;;;
PROV928_desc;Alcantarilla;;;;;;;;;;;;;
b_alcantarilla;Alcantarilla;;;;;;;;;;;;;
b_alcantarilla_adj;Alcantarilla;;;;;;;;;;;;;
b_alcantarilla_desc;Alcantarilla;;;;;;;;;;;;;
b_alcantarilla2;Alcantarilla2;;;;;;;;;;;;;
b_alcantarilla2_adj;Alcantarilla2;;;;;;;;;;;;;
b_alcantarilla2_desc;Alcantarilla2;;;;;;;;;;;;;
alpira;Alpira;;;;;;;;;;;;;
alpira_adj;Alpira;;;;;;;;;;;;;
alpira_desc;Alpira;;;;;;;;;;;;;
c_alpira;Alpira;;;;;;;;;;;;;
c_alpira_adj;Alpira;;;;;;;;;;;;;
c_alpira_desc;Alpira;;;;;;;;;;;;;
PROV929;Alpira;;;;;;;;;;;;;
PROV929_adj;Alpira;;;;;;;;;;;;;
PROV929_desc;Alpira;;;;;;;;;;;;;
b_alpira;Alpira;;;;;;;;;;;;;
b_alpira_adj;Alpira;;;;;;;;;;;;;
b_alpira_desc;Alpira;;;;;;;;;;;;;
b_alpira2;Alpira2;;;;;;;;;;;;;
b_alpira2_adj;Alpira2;;;;;;;;;;;;;
b_alpira2_desc;Alpira2;;;;;;;;;;;;;
c_elmaigmo;Elmaigmo;;;;;;;;;;;;;
c_elmaigmo_adj;Elmaigmo;;;;;;;;;;;;;
c_elmaigmo_desc;Elmaigmo;;;;;;;;;;;;;
PROV930;Elmaigmo;;;;;;;;;;;;;
PROV930_adj;Elmaigmo;;;;;;;;;;;;;
PROV930_desc;Elmaigmo;;;;;;;;;;;;;
b_elmaigmo;Elmaigmo;;;;;;;;;;;;;
b_elmaigmo_adj;Elmaigmo;;;;;;;;;;;;;
b_elmaigmo_desc;Elmaigmo;;;;;;;;;;;;;
b_elmaigmo2;Elmaigmo2;;;;;;;;;;;;;
b_elmaigmo2_adj;Elmaigmo2;;;;;;;;;;;;;
b_elmaigmo2_desc;Elmaigmo2;;;;;;;;;;;;;
petrola;Petrola;;;;;;;;;;;;;
petrola_adj;Petrola;;;;;;;;;;;;;
petrola_desc;Petrola;;;;;;;;;;;;;
c_petrola;Petrola;;;;;;;;;;;;;
c_petrola_adj;Petrola;;;;;;;;;;;;;
c_petrola_desc;Petrola;;;;;;;;;;;;;
PROV931;Petrola;;;;;;;;;;;;;
PROV931_adj;Petrola;;;;;;;;;;;;;
PROV931_desc;Petrola;;;;;;;;;;;;;
b_petrola;Petrola;;;;;;;;;;;;;
b_petrola_adj;Petrola;;;;;;;;;;;;;
b_petrola_desc;Petrola;;;;;;;;;;;;;
b_petrola2;Petrola2;;;;;;;;;;;;;
b_petrola2_adj;Petrola2;;;;;;;;;;;;;
b_petrola2_desc;Petrola2;;;;;;;;;;;;;
d_san_selin;San Selin;;;;;;;;;;;;;
d_san_selin_adj;San Selin;;;;;;;;;;;;;
d_san_selin_desc;San Selin;;;;;;;;;;;;;
quesada;Quesada;;;;;;;;;;;;;
quesada_adj;Quesada;;;;;;;;;;;;;
quesada_desc;Quesada;;;;;;;;;;;;;
c_quesada;Quesada;;;;;;;;;;;;;
c_quesada_adj;Quesada;;;;;;;;;;;;;
c_quesada_desc;Quesada;;;;;;;;;;;;;
PROV932;Quesada;;;;;;;;;;;;;
PROV932_adj;Quesada;;;;;;;;;;;;;
PROV932_desc;Quesada;;;;;;;;;;;;;
b_quesada;Quesada;;;;;;;;;;;;;
b_quesada_adj;Quesada;;;;;;;;;;;;;
b_quesada_desc;Quesada;;;;;;;;;;;;;
b_quesada2;Quesada2;;;;;;;;;;;;;
b_quesada2_adj;Quesada2;;;;;;;;;;;;;
b_quesada2_desc;Quesada2;;;;;;;;;;;;;
villa_joyosa;Villa Joyosa;;;;;;;;;;;;;
villa_joyosa_adj;Villa Joyosa;;;;;;;;;;;;;
villa_joyosa_desc;Villa Joyosa;;;;;;;;;;;;;
c_villa_joyosa;Villa Joyosa;;;;;;;;;;;;;
c_villa_joyosa_adj;Villa Joyosa;;;;;;;;;;;;;
c_villa_joyosa_desc;Villa Joyosa;;;;;;;;;;;;;
PROV933;Villa Joyosa;;;;;;;;;;;;;
PROV933_adj;Villa Joyosa;;;;;;;;;;;;;
PROV933_desc;Villa Joyosa;;;;;;;;;;;;;
b_villa_joyosa;Villa Joyosa;;;;;;;;;;;;;
b_villa_joyosa_adj;Villa Joyosa;;;;;;;;;;;;;
b_villa_joyosa_desc;Villa Joyosa;;;;;;;;;;;;;
b_villa_joyosa2;Villa Joyosa2;;;;;;;;;;;;;
b_villa_joyosa2_adj;Villa Joyosa2;;;;;;;;;;;;;
b_villa_joyosa2_desc;Villa Joyosa2;;;;;;;;;;;;;
santa_pola;Santa Pola;;;;;;;;;;;;;
santa_pola_adj;Santa Pola;;;;;;;;;;;;;
santa_pola_desc;Santa Pola;;;;;;;;;;;;;
c_santa_pola;Santa Pola;;;;;;;;;;;;;
c_santa_pola_adj;Santa Pola;;;;;;;;;;;;;
c_santa_pola_desc;Santa Pola;;;;;;;;;;;;;
PROV934;Santa Pola;;;;;;;;;;;;;
PROV934_adj;Santa Pola;;;;;;;;;;;;;
PROV934_desc;Santa Pola;;;;;;;;;;;;;
b_santa_pola;Santa Pola;;;;;;;;;;;;;
b_santa_pola_adj;Santa Pola;;;;;;;;;;;;;
b_santa_pola_desc;Santa Pola;;;;;;;;;;;;;
b_santa_pola2;Santa Pola2;;;;;;;;;;;;;
b_santa_pola2_adj;Santa Pola2;;;;;;;;;;;;;
b_santa_pola2_desc;Santa Pola2;;;;;;;;;;;;;
c_san_selin;San Selin;;;;;;;;;;;;;
c_san_selin_adj;San Selin;;;;;;;;;;;;;
c_san_selin_desc;San Selin;;;;;;;;;;;;;
PROV935;San Selin;;;;;;;;;;;;;
PROV935_adj;San Selin;;;;;;;;;;;;;
PROV935_desc;San Selin;;;;;;;;;;;;;
b_san_selin;San Selin;;;;;;;;;;;;;
b_san_selin_adj;San Selin;;;;;;;;;;;;;
b_san_selin_desc;San Selin;;;;;;;;;;;;;
b_san_selin2;San Selin2;;;;;;;;;;;;;
b_san_selin2_adj;San Selin2;;;;;;;;;;;;;
b_san_selin2_desc;San Selin2;;;;;;;;;;;;;
santomera;Santomera;;;;;;;;;;;;;
santomera_adj;Santomera;;;;;;;;;;;;;
santomera_desc;Santomera;;;;;;;;;;;;;
d_santomera;Santomera;;;;;;;;;;;;;
d_santomera_adj;Santomera;;;;;;;;;;;;;
d_santomera_desc;Santomera;;;;;;;;;;;;;
c_santomera;Santomera;;;;;;;;;;;;;
c_santomera_adj;Santomera;;;;;;;;;;;;;
c_santomera_desc;Santomera;;;;;;;;;;;;;
PROV936;Santomera;;;;;;;;;;;;;
PROV936_adj;Santomera;;;;;;;;;;;;;
PROV936_desc;Santomera;;;;;;;;;;;;;
b_santomera;Santomera;;;;;;;;;;;;;
b_santomera_adj;Santomera;;;;;;;;;;;;;
b_santomera_desc;Santomera;;;;;;;;;;;;;
b_santomera2;Santomera2;;;;;;;;;;;;;
b_santomera2_adj;Santomera2;;;;;;;;;;;;;
b_santomera2_desc;Santomera2;;;;;;;;;;;;;
callosa;Callosa;;;;;;;;;;;;;
callosa_adj;Callosa;;;;;;;;;;;;;
callosa_desc;Callosa;;;;;;;;;;;;;
c_callosa;Callosa;;;;;;;;;;;;;
c_callosa_adj;Callosa;;;;;;;;;;;;;
c_callosa_desc;Callosa;;;;;;;;;;;;;
PROV937;Callosa;;;;;;;;;;;;;
PROV937_adj;Callosa;;;;;;;;;;;;;
PROV937_desc;Callosa;;;;;;;;;;;;;
b_callosa;Callosa;;;;;;;;;;;;;
b_callosa_adj;Callosa;;;;;;;;;;;;;
b_callosa_desc;Callosa;;;;;;;;;;;;;
b_callosa2;Callosa2;;;;;;;;;;;;;
b_callosa2_adj;Callosa2;;;;;;;;;;;;;
b_callosa2_desc;Callosa2;;;;;;;;;;;;;
laraja;Laraja;;;;;;;;;;;;;
laraja_adj;Laraja;;;;;;;;;;;;;
laraja_desc;Laraja;;;;;;;;;;;;;
c_laraja;Laraja;;;;;;;;;;;;;
c_laraja_adj;Laraja;;;;;;;;;;;;;
c_laraja_desc;Laraja;;;;;;;;;;;;;
PROV938;Laraja;;;;;;;;;;;;;
PROV938_adj;Laraja;;;;;;;;;;;;;
PROV938_desc;Laraja;;;;;;;;;;;;;
b_laraja;Laraja;;;;;;;;;;;;;
b_laraja_adj;Laraja;;;;;;;;;;;;;
b_laraja_desc;Laraja;;;;;;;;;;;;;
b_laraja2;Laraja2;;;;;;;;;;;;;
b_laraja2_adj;Laraja2;;;;;;;;;;;;;
b_laraja2_desc;Laraja2;;;;;;;;;;;;;
vultar;Vultar;;;;;;;;;;;;;
vultar_adj;Vultar;;;;;;;;;;;;;
vultar_desc;Vultar;;;;;;;;;;;;;
e_vultar;Vultaro;;;;;;;;;;;;;
e_vultar_adj;Vultaran;;;;;;;;;;;;;
e_vultar_desc;Vultar;;;;;;;;;;;;;
chiaria;Chiaria;;;;;;;;;;;;;
chiaria_adj;Chiaria;;;;;;;;;;;;;
chiaria_desc;Chiaria;;;;;;;;;;;;;
k_chiaria;Chiaria;;;;;;;;;;;;;
k_chiaria_adj;Chiaria;;;;;;;;;;;;;
k_chiaria_desc;Chiaria;;;;;;;;;;;;;
castania;Castania;;;;;;;;;;;;;
castania_adj;Castania;;;;;;;;;;;;;
castania_desc;Castania;;;;;;;;;;;;;
d_castania;Castania;;;;;;;;;;;;;
d_castania_adj;Castania;;;;;;;;;;;;;
d_castania_desc;Castania;;;;;;;;;;;;;
camastra;Camastra;;;;;;;;;;;;;
camastra_adj;Camastra;;;;;;;;;;;;;
camastra_desc;Camastra;;;;;;;;;;;;;
c_camastra;Camastra;;;;;;;;;;;;;
c_camastra_adj;Camastra;;;;;;;;;;;;;
c_camastra_desc;Camastra;;;;;;;;;;;;;
PROV939;Camastra;;;;;;;;;;;;;
PROV939_adj;Camastra;;;;;;;;;;;;;
PROV939_desc;Camastra;;;;;;;;;;;;;
b_camastra;Camastra;;;;;;;;;;;;;
b_camastra_adj;Camastra;;;;;;;;;;;;;
b_camastra_desc;Camastra;;;;;;;;;;;;;
b_camastra2;Camastra2;;;;;;;;;;;;;
b_camastra2_adj;Camastra2;;;;;;;;;;;;;
b_camastra2_desc;Camastra2;;;;;;;;;;;;;
liccata;Liccata;;;;;;;;;;;;;
liccata_adj;Liccata;;;;;;;;;;;;;
liccata_desc;Liccata;;;;;;;;;;;;;
c_liccata;Liccata;;;;;;;;;;;;;
c_liccata_adj;Liccata;;;;;;;;;;;;;
c_liccata_desc;Liccata;;;;;;;;;;;;;
PROV940;Liccata;;;;;;;;;;;;;
PROV940_adj;Liccata;;;;;;;;;;;;;
PROV940_desc;Liccata;;;;;;;;;;;;;
b_liccata;Liccata;;;;;;;;;;;;;
b_liccata_adj;Liccata;;;;;;;;;;;;;
b_liccata_desc;Liccata;;;;;;;;;;;;;
b_liccata2;Liccata2;;;;;;;;;;;;;
b_liccata2_adj;Liccata2;;;;;;;;;;;;;
b_liccata2_desc;Liccata2;;;;;;;;;;;;;
sicillis;Sicillis;;;;;;;;;;;;;
sicillis_adj;Sicillis;;;;;;;;;;;;;
sicillis_desc;Sicillis;;;;;;;;;;;;;
c_sicillis;Sicillis;;;;;;;;;;;;;
c_sicillis_adj;Sicillis;;;;;;;;;;;;;
c_sicillis_desc;Sicillis;;;;;;;;;;;;;
PROV941;Sicillis;;;;;;;;;;;;;
PROV941_adj;Sicillis;;;;;;;;;;;;;
PROV941_desc;Sicillis;;;;;;;;;;;;;
b_sicillis;Sicillis;;;;;;;;;;;;;
b_sicillis_adj;Sicillis;;;;;;;;;;;;;
b_sicillis_desc;Sicillis;;;;;;;;;;;;;
b_sicillis2;Sicillis2;;;;;;;;;;;;;
b_sicillis2_adj;Sicillis2;;;;;;;;;;;;;
b_sicillis2_desc;Sicillis2;;;;;;;;;;;;;
riberato;Riberato;;;;;;;;;;;;;
riberato_adj;Riberato;;;;;;;;;;;;;
riberato_desc;Riberato;;;;;;;;;;;;;
c_riberato;Riberato;;;;;;;;;;;;;
c_riberato_adj;Riberato;;;;;;;;;;;;;
c_riberato_desc;Riberato;;;;;;;;;;;;;
PROV942;Riberato;;;;;;;;;;;;;
PROV942_adj;Riberato;;;;;;;;;;;;;
PROV942_desc;Riberato;;;;;;;;;;;;;
b_riberato;Riberato;;;;;;;;;;;;;
b_riberato_adj;Riberato;;;;;;;;;;;;;
b_riberato_desc;Riberato;;;;;;;;;;;;;
b_riberato2;Riberato2;;;;;;;;;;;;;
b_riberato2_adj;Riberato2;;;;;;;;;;;;;
b_riberato2_desc;Riberato2;;;;;;;;;;;;;
c_castania;Castania;;;;;;;;;;;;;
c_castania_adj;Castania;;;;;;;;;;;;;
c_castania_desc;Castania;;;;;;;;;;;;;
PROV943;Castania;;;;;;;;;;;;;
PROV943_adj;Castania;;;;;;;;;;;;;
PROV943_desc;Castania;;;;;;;;;;;;;
b_castania;Castania;;;;;;;;;;;;;
b_castania_adj;Castania;;;;;;;;;;;;;
b_castania_desc;Castania;;;;;;;;;;;;;
b_castania2;Castania2;;;;;;;;;;;;;
b_castania2_adj;Castania2;;;;;;;;;;;;;
b_castania2_desc;Castania2;;;;;;;;;;;;;
salerma;Salerma;;;;;;;;;;;;;
salerma_adj;Salerma;;;;;;;;;;;;;
salerma_desc;Salerma;;;;;;;;;;;;;
d_salerma;Salerma;;;;;;;;;;;;;
d_salerma_adj;Salerma;;;;;;;;;;;;;
d_salerma_desc;Salerma;;;;;;;;;;;;;
forio;Forio;;;;;;;;;;;;;
forio_adj;Forio;;;;;;;;;;;;;
forio_desc;Forio;;;;;;;;;;;;;
c_forio;Forio;;;;;;;;;;;;;
c_forio_adj;Forio;;;;;;;;;;;;;
c_forio_desc;Forio;;;;;;;;;;;;;
PROV944;Forio;;;;;;;;;;;;;
PROV944_adj;Forio;;;;;;;;;;;;;
PROV944_desc;Forio;;;;;;;;;;;;;
b_forio;Forio;;;;;;;;;;;;;
b_forio_adj;Forio;;;;;;;;;;;;;
b_forio_desc;Forio;;;;;;;;;;;;;
b_forio2;Forio2;;;;;;;;;;;;;
b_forio2_adj;Forio2;;;;;;;;;;;;;
b_forio2_desc;Forio2;;;;;;;;;;;;;
castella_di_stabia;Castella Di Stabia;;;;;;;;;;;;;
castella_di_stabia_adj;Castella Di Stabia;;;;;;;;;;;;;
castella_di_stabia_desc;Castella Di Stabia;;;;;;;;;;;;;
c_castella_di_stabia;Castella Di Stabia;;;;;;;;;;;;;
c_castella_di_stabia_adj;Castella Di Stabia;;;;;;;;;;;;;
c_castella_di_stabia_desc;Castella Di Stabia;;;;;;;;;;;;;
PROV945;Castella Di Stabia;;;;;;;;;;;;;
PROV945_adj;Castella Di Stabia;;;;;;;;;;;;;
PROV945_desc;Castella Di Stabia;;;;;;;;;;;;;
b_castella_di_stabia;Castella Di Stabia;;;;;;;;;;;;;
b_castella_di_stabia_adj;Castella Di Stabia;;;;;;;;;;;;;
b_castella_di_stabia_desc;Castella Di Stabia;;;;;;;;;;;;;
b_castella_di_stabia2;Castella Di Stabia2;;;;;;;;;;;;;
b_castella_di_stabia2_adj;Castella Di Stabia2;;;;;;;;;;;;;
b_castella_di_stabia2_desc;Castella Di Stabia2;;;;;;;;;;;;;
pozzuoli;Pozzuoli;;;;;;;;;;;;;
pozzuoli_adj;Pozzuoli;;;;;;;;;;;;;
pozzuoli_desc;Pozzuoli;;;;;;;;;;;;;
c_pozzuoli;Pozzuoli;;;;;;;;;;;;;
c_pozzuoli_adj;Pozzuoli;;;;;;;;;;;;;
c_pozzuoli_desc;Pozzuoli;;;;;;;;;;;;;
PROV946;Pozzuoli;;;;;;;;;;;;;
PROV946_adj;Pozzuoli;;;;;;;;;;;;;
PROV946_desc;Pozzuoli;;;;;;;;;;;;;
b_pozzuoli;Pozzuoli;;;;;;;;;;;;;
b_pozzuoli_adj;Pozzuoli;;;;;;;;;;;;;
b_pozzuoli_desc;Pozzuoli;;;;;;;;;;;;;
b_pozzuoli2;Pozzuoli2;;;;;;;;;;;;;
b_pozzuoli2_adj;Pozzuoli2;;;;;;;;;;;;;
b_pozzuoli2_desc;Pozzuoli2;;;;;;;;;;;;;
c_salerma;Salerma;;;;;;;;;;;;;
c_salerma_adj;Salerma;;;;;;;;;;;;;
c_salerma_desc;Salerma;;;;;;;;;;;;;
PROV947;Salerma;;;;;;;;;;;;;
PROV947_adj;Salerma;;;;;;;;;;;;;
PROV947_desc;Salerma;;;;;;;;;;;;;
b_salerma;Salerma;;;;;;;;;;;;;
b_salerma_adj;Salerma;;;;;;;;;;;;;
b_salerma_desc;Salerma;;;;;;;;;;;;;
b_salerma2;Salerma2;;;;;;;;;;;;;
b_salerma2_adj;Salerma2;;;;;;;;;;;;;
b_salerma2_desc;Salerma2;;;;;;;;;;;;;
trapiani;Trapiani;;;;;;;;;;;;;
trapiani_adj;Trapiani;;;;;;;;;;;;;
trapiani_desc;Trapiani;;;;;;;;;;;;;
d_trapiani;Trapiani;;;;;;;;;;;;;
d_trapiani_adj;Trapiani;;;;;;;;;;;;;
d_trapiani_desc;Trapiani;;;;;;;;;;;;;
c_trapiani;Trapiani;;;;;;;;;;;;;
c_trapiani_adj;Trapiani;;;;;;;;;;;;;
c_trapiani_desc;Trapiani;;;;;;;;;;;;;
PROV948;Trapiani;;;;;;;;;;;;;
PROV948_adj;Trapiani;;;;;;;;;;;;;
PROV948_desc;Trapiani;;;;;;;;;;;;;
b_trapiani;Trapiani;;;;;;;;;;;;;
b_trapiani_adj;Trapiani;;;;;;;;;;;;;
b_trapiani_desc;Trapiani;;;;;;;;;;;;;
b_trapiani2;Trapiani2;;;;;;;;;;;;;
b_trapiani2_adj;Trapiani2;;;;;;;;;;;;;
b_trapiani2_desc;Trapiani2;;;;;;;;;;;;;
ista;Ista;;;;;;;;;;;;;
ista_adj;Ista;;;;;;;;;;;;;
ista_desc;Ista;;;;;;;;;;;;;
c_ista;Ista;;;;;;;;;;;;;
c_ista_adj;Ista;;;;;;;;;;;;;
c_ista_desc;Ista;;;;;;;;;;;;;
PROV949;Ista;;;;;;;;;;;;;
PROV949_adj;Ista;;;;;;;;;;;;;
PROV949_desc;Ista;;;;;;;;;;;;;
b_ista;Ista;;;;;;;;;;;;;
b_ista_adj;Ista;;;;;;;;;;;;;
b_ista_desc;Ista;;;;;;;;;;;;;
b_ista2;Ista2;;;;;;;;;;;;;
b_ista2_adj;Ista2;;;;;;;;;;;;;
b_ista2_desc;Ista2;;;;;;;;;;;;;
syra;Syra;;;;;;;;;;;;;
syra_adj;Syra;;;;;;;;;;;;;
syra_desc;Syra;;;;;;;;;;;;;
c_syra;Syra;;;;;;;;;;;;;
c_syra_adj;Syra;;;;;;;;;;;;;
c_syra_desc;Syra;;;;;;;;;;;;;
PROV950;Syra;;;;;;;;;;;;;
PROV950_adj;Syra;;;;;;;;;;;;;
PROV950_desc;Syra;;;;;;;;;;;;;
b_syra;Syra;;;;;;;;;;;;;
b_syra_adj;Syra;;;;;;;;;;;;;
b_syra_desc;Syra;;;;;;;;;;;;;
b_syra2;Syra2;;;;;;;;;;;;;
b_syra2_adj;Syra2;;;;;;;;;;;;;
b_syra2_desc;Syra2;;;;;;;;;;;;;
mozza_del_vallo;Mozza Del Vallo;;;;;;;;;;;;;
mozza_del_vallo_adj;Mozza Del Vallo;;;;;;;;;;;;;
mozza_del_vallo_desc;Mozza Del Vallo;;;;;;;;;;;;;
c_mozza_del_vallo;Mozza Del Vallo;;;;;;;;;;;;;
c_mozza_del_vallo_adj;Mozza Del Vallo;;;;;;;;;;;;;
c_mozza_del_vallo_desc;Mozza Del Vallo;;;;;;;;;;;;;
PROV951;Mozza Del Vallo;;;;;;;;;;;;;
PROV951_adj;Mozza Del Vallo;;;;;;;;;;;;;
PROV951_desc;Mozza Del Vallo;;;;;;;;;;;;;
b_mozza_del_vallo;Mozza Del Vallo;;;;;;;;;;;;;
b_mozza_del_vallo_adj;Mozza Del Vallo;;;;;;;;;;;;;
b_mozza_del_vallo_desc;Mozza Del Vallo;;;;;;;;;;;;;
b_mozza_del_vallo2;Mozza Del Vallo2;;;;;;;;;;;;;
b_mozza_del_vallo2_adj;Mozza Del Vallo2;;;;;;;;;;;;;
b_mozza_del_vallo2_desc;Mozza Del Vallo2;;;;;;;;;;;;;
callari;Callari;;;;;;;;;;;;;
callari_adj;Callari;;;;;;;;;;;;;
callari_desc;Callari;;;;;;;;;;;;;
c_callari;Callari;;;;;;;;;;;;;
c_callari_adj;Callari;;;;;;;;;;;;;
c_callari_desc;Callari;;;;;;;;;;;;;
PROV952;Callari;;;;;;;;;;;;;
PROV952_adj;Callari;;;;;;;;;;;;;
PROV952_desc;Callari;;;;;;;;;;;;;
b_callari;Callari;;;;;;;;;;;;;
b_callari_adj;Callari;;;;;;;;;;;;;
b_callari_desc;Callari;;;;;;;;;;;;;
b_callari2;Callari2;;;;;;;;;;;;;
b_callari2_adj;Callari2;;;;;;;;;;;;;
b_callari2_desc;Callari2;;;;;;;;;;;;;
boparta;Boparta;;;;;;;;;;;;;
boparta_adj;Boparta;;;;;;;;;;;;;
boparta_desc;Boparta;;;;;;;;;;;;;
c_boparta;Boparta;;;;;;;;;;;;;
c_boparta_adj;Boparta;;;;;;;;;;;;;
c_boparta_desc;Boparta;;;;;;;;;;;;;
PROV953;Boparta;;;;;;;;;;;;;
PROV953_adj;Boparta;;;;;;;;;;;;;
PROV953_desc;Boparta;;;;;;;;;;;;;
b_boparta;Boparta;;;;;;;;;;;;;
b_boparta_adj;Boparta;;;;;;;;;;;;;
b_boparta_desc;Boparta;;;;;;;;;;;;;
b_boparta2;Boparta2;;;;;;;;;;;;;
b_boparta2_adj;Boparta2;;;;;;;;;;;;;
b_boparta2_desc;Boparta2;;;;;;;;;;;;;
etna;Etna;;;;;;;;;;;;;
etna_adj;Etna;;;;;;;;;;;;;
etna_desc;Etna;;;;;;;;;;;;;
k_etna;Etna;;;;;;;;;;;;;
k_etna_adj;Etna;;;;;;;;;;;;;
k_etna_desc;Etna;;;;;;;;;;;;;
capualla;Capualla;;;;;;;;;;;;;
capualla_adj;Capualla;;;;;;;;;;;;;
capualla_desc;Capualla;;;;;;;;;;;;;
d_capualla;Capualla;;;;;;;;;;;;;
d_capualla_adj;Capualla;;;;;;;;;;;;;
d_capualla_desc;Capualla;;;;;;;;;;;;;
ventone;Ventone;;;;;;;;;;;;;
ventone_adj;Ventone;;;;;;;;;;;;;
ventone_desc;Ventone;;;;;;;;;;;;;
c_ventone;Ventone;;;;;;;;;;;;;
c_ventone_adj;Ventone;;;;;;;;;;;;;
c_ventone_desc;Ventone;;;;;;;;;;;;;
PROV954;Ventone;;;;;;;;;;;;;
PROV954_adj;Ventone;;;;;;;;;;;;;
PROV954_desc;Ventone;;;;;;;;;;;;;
b_ventone;Ventone;;;;;;;;;;;;;
b_ventone_adj;Ventone;;;;;;;;;;;;;
b_ventone_desc;Ventone;;;;;;;;;;;;;
b_ventone2;Ventone2;;;;;;;;;;;;;
b_ventone2_adj;Ventone2;;;;;;;;;;;;;
b_ventone2_desc;Ventone2;;;;;;;;;;;;;
iblei;Iblei;;;;;;;;;;;;;
iblei_adj;Iblei;;;;;;;;;;;;;
iblei_desc;Iblei;;;;;;;;;;;;;
c_iblei;Iblei;;;;;;;;;;;;;
c_iblei_adj;Iblei;;;;;;;;;;;;;
c_iblei_desc;Iblei;;;;;;;;;;;;;
PROV955;Iblei;;;;;;;;;;;;;
PROV955_adj;Iblei;;;;;;;;;;;;;
PROV955_desc;Iblei;;;;;;;;;;;;;
b_iblei;Iblei;;;;;;;;;;;;;
b_iblei_adj;Iblei;;;;;;;;;;;;;
b_iblei_desc;Iblei;;;;;;;;;;;;;
b_iblei2;Iblei2;;;;;;;;;;;;;
b_iblei2_adj;Iblei2;;;;;;;;;;;;;
b_iblei2_desc;Iblei2;;;;;;;;;;;;;
stromboli;Stromboli;;;;;;;;;;;;;
stromboli_adj;Stromboli;;;;;;;;;;;;;
stromboli_desc;Stromboli;;;;;;;;;;;;;
c_stromboli;Stromboli;;;;;;;;;;;;;
c_stromboli_adj;Stromboli;;;;;;;;;;;;;
c_stromboli_desc;Stromboli;;;;;;;;;;;;;
PROV956;Stromboli;;;;;;;;;;;;;
PROV956_adj;Stromboli;;;;;;;;;;;;;
PROV956_desc;Stromboli;;;;;;;;;;;;;
b_stromboli;Stromboli;;;;;;;;;;;;;
b_stromboli_adj;Stromboli;;;;;;;;;;;;;
b_stromboli_desc;Stromboli;;;;;;;;;;;;;
b_stromboli2;Stromboli2;;;;;;;;;;;;;
b_stromboli2_adj;Stromboli2;;;;;;;;;;;;;
b_stromboli2_desc;Stromboli2;;;;;;;;;;;;;
c_capualla;Capualla;;;;;;;;;;;;;
c_capualla_adj;Capualla;;;;;;;;;;;;;
c_capualla_desc;Capualla;;;;;;;;;;;;;
PROV957;Capualla;;;;;;;;;;;;;
PROV957_adj;Capualla;;;;;;;;;;;;;
PROV957_desc;Capualla;;;;;;;;;;;;;
b_capualla;Capualla;;;;;;;;;;;;;
b_capualla_adj;Capualla;;;;;;;;;;;;;
b_capualla_desc;Capualla;;;;;;;;;;;;;
b_capualla2;Capualla2;;;;;;;;;;;;;
b_capualla2_adj;Capualla2;;;;;;;;;;;;;
b_capualla2_desc;Capualla2;;;;;;;;;;;;;
vesucii;Vesucii;;;;;;;;;;;;;
vesucii_adj;Vesucii;;;;;;;;;;;;;
vesucii_desc;Vesucii;;;;;;;;;;;;;
c_vesucii;Vesucii;;;;;;;;;;;;;
c_vesucii_adj;Vesucii;;;;;;;;;;;;;
c_vesucii_desc;Vesucii;;;;;;;;;;;;;
PROV958;Vesucii;;;;;;;;;;;;;
PROV958_adj;Vesucii;;;;;;;;;;;;;
PROV958_desc;Vesucii;;;;;;;;;;;;;
b_vesucii;Vesucii;;;;;;;;;;;;;
b_vesucii_adj;Vesucii;;;;;;;;;;;;;
b_vesucii_desc;Vesucii;;;;;;;;;;;;;
b_vesucii2;Vesucii2;;;;;;;;;;;;;
b_vesucii2_adj;Vesucii2;;;;;;;;;;;;;
b_vesucii2_desc;Vesucii2;;;;;;;;;;;;;
polino;Polino;;;;;;;;;;;;;
polino_adj;Polino;;;;;;;;;;;;;
polino_desc;Polino;;;;;;;;;;;;;
c_polino;Polino;;;;;;;;;;;;;
c_polino_adj;Polino;;;;;;;;;;;;;
c_polino_desc;Polino;;;;;;;;;;;;;
PROV959;Polino;;;;;;;;;;;;;
PROV959_adj;Polino;;;;;;;;;;;;;
PROV959_desc;Polino;;;;;;;;;;;;;
b_polino;Polino;;;;;;;;;;;;;
b_polino_adj;Polino;;;;;;;;;;;;;
b_polino_desc;Polino;;;;;;;;;;;;;
b_polino2;Polino2;;;;;;;;;;;;;
b_polino2_adj;Polino2;;;;;;;;;;;;;
b_polino2_desc;Polino2;;;;;;;;;;;;;
radicofani;Radicofani;;;;;;;;;;;;;
radicofani_adj;Radicofani;;;;;;;;;;;;;
radicofani_desc;Radicofani;;;;;;;;;;;;;
d_radicofani;Radicofani;;;;;;;;;;;;;
d_radicofani_adj;Radicofani;;;;;;;;;;;;;
d_radicofani_desc;Radicofani;;;;;;;;;;;;;
ischia;Ischia;;;;;;;;;;;;;
ischia_adj;Ischia;;;;;;;;;;;;;
ischia_desc;Ischia;;;;;;;;;;;;;
c_ischia;Ischia;;;;;;;;;;;;;
c_ischia_adj;Ischia;;;;;;;;;;;;;
c_ischia_desc;Ischia;;;;;;;;;;;;;
PROV960;Ischia;;;;;;;;;;;;;
PROV960_adj;Ischia;;;;;;;;;;;;;
PROV960_desc;Ischia;;;;;;;;;;;;;
b_ischia;Ischia;;;;;;;;;;;;;
b_ischia_adj;Ischia;;;;;;;;;;;;;
b_ischia_desc;Ischia;;;;;;;;;;;;;
b_ischia2;Ischia2;;;;;;;;;;;;;
b_ischia2_adj;Ischia2;;;;;;;;;;;;;
b_ischia2_desc;Ischia2;;;;;;;;;;;;;
vulsini;Vulsini;;;;;;;;;;;;;
vulsini_adj;Vulsini;;;;;;;;;;;;;
vulsini_desc;Vulsini;;;;;;;;;;;;;
c_vulsini;Vulsini;;;;;;;;;;;;;
c_vulsini_adj;Vulsini;;;;;;;;;;;;;
c_vulsini_desc;Vulsini;;;;;;;;;;;;;
PROV961;Vulsini;;;;;;;;;;;;;
PROV961_adj;Vulsini;;;;;;;;;;;;;
PROV961_desc;Vulsini;;;;;;;;;;;;;
b_vulsini;Vulsini;;;;;;;;;;;;;
b_vulsini_adj;Vulsini;;;;;;;;;;;;;
b_vulsini_desc;Vulsini;;;;;;;;;;;;;
b_vulsini2;Vulsini2;;;;;;;;;;;;;
b_vulsini2_adj;Vulsini2;;;;;;;;;;;;;
b_vulsini2_desc;Vulsini2;;;;;;;;;;;;;
panarea_pontina;Panarea Pontina;;;;;;;;;;;;;
panarea_pontina_adj;Panarea Pontina;;;;;;;;;;;;;
panarea_pontina_desc;Panarea Pontina;;;;;;;;;;;;;
c_panarea_pontina;Panarea Pontina;;;;;;;;;;;;;
c_panarea_pontina_adj;Panarea Pontina;;;;;;;;;;;;;
c_panarea_pontina_desc;Panarea Pontina;;;;;;;;;;;;;
PROV962;Panarea Pontina;;;;;;;;;;;;;
PROV962_adj;Panarea Pontina;;;;;;;;;;;;;
PROV962_desc;Panarea Pontina;;;;;;;;;;;;;
b_panarea_pontina;Panarea Pontina;;;;;;;;;;;;;
b_panarea_pontina_adj;Panarea Pontina;;;;;;;;;;;;;
b_panarea_pontina_desc;Panarea Pontina;;;;;;;;;;;;;
b_panarea_pontina2;Panarea Pontina2;;;;;;;;;;;;;
b_panarea_pontina2_adj;Panarea Pontina2;;;;;;;;;;;;;
b_panarea_pontina2_desc;Panarea Pontina2;;;;;;;;;;;;;
c_radicofani;Radicofani;;;;;;;;;;;;;
c_radicofani_adj;Radicofani;;;;;;;;;;;;;
c_radicofani_desc;Radicofani;;;;;;;;;;;;;
PROV963;Radicofani;;;;;;;;;;;;;
PROV963_adj;Radicofani;;;;;;;;;;;;;
PROV963_desc;Radicofani;;;;;;;;;;;;;
b_radicofani;Radicofani;;;;;;;;;;;;;
b_radicofani_adj;Radicofani;;;;;;;;;;;;;
b_radicofani_desc;Radicofani;;;;;;;;;;;;;
b_radicofani2;Radicofani2;;;;;;;;;;;;;
b_radicofani2_adj;Radicofani2;;;;;;;;;;;;;
b_radicofani2_desc;Radicofani2;;;;;;;;;;;;;
ustica;Ustica;;;;;;;;;;;;;
ustica_adj;Ustica;;;;;;;;;;;;;
ustica_desc;Ustica;;;;;;;;;;;;;
d_ustica;Ustica;;;;;;;;;;;;;
d_ustica_adj;Ustica;;;;;;;;;;;;;
d_ustica_desc;Ustica;;;;;;;;;;;;;
vulcano_etna;Vulcano Etna;;;;;;;;;;;;;
vulcano_etna_adj;Vulcano Etna;;;;;;;;;;;;;
vulcano_etna_desc;Vulcano Etna;;;;;;;;;;;;;
c_vulcano_etna;Vulcano Etna;;;;;;;;;;;;;
c_vulcano_etna_adj;Vulcano Etna;;;;;;;;;;;;;
c_vulcano_etna_desc;Vulcano Etna;;;;;;;;;;;;;
PROV964;Vulcano Etna;;;;;;;;;;;;;
PROV964_adj;Vulcano Etna;;;;;;;;;;;;;
PROV964_desc;Vulcano Etna;;;;;;;;;;;;;
b_vulcano_etna;Vulcano Etna;;;;;;;;;;;;;
b_vulcano_etna_adj;Vulcano Etna;;;;;;;;;;;;;
b_vulcano_etna_desc;Vulcano Etna;;;;;;;;;;;;;
b_vulcano_etna2;Vulcano Etna2;;;;;;;;;;;;;
b_vulcano_etna2_adj;Vulcano Etna2;;;;;;;;;;;;;
b_vulcano_etna2_desc;Vulcano Etna2;;;;;;;;;;;;;
terre_di_fuoco;Terre Di Fuoco;;;;;;;;;;;;;
terre_di_fuoco_adj;Terre Di Fuoco;;;;;;;;;;;;;
terre_di_fuoco_desc;Terre Di Fuoco;;;;;;;;;;;;;
c_terre_di_fuoco;Terre Di Fuoco;;;;;;;;;;;;;
c_terre_di_fuoco_adj;Terre Di Fuoco;;;;;;;;;;;;;
c_terre_di_fuoco_desc;Terre Di Fuoco;;;;;;;;;;;;;
PROV965;Terre Di Fuoco;;;;;;;;;;;;;
PROV965_adj;Terre Di Fuoco;;;;;;;;;;;;;
PROV965_desc;Terre Di Fuoco;;;;;;;;;;;;;
b_terre_di_fuoco;Terre Di Fuoco;;;;;;;;;;;;;
b_terre_di_fuoco_adj;Terre Di Fuoco;;;;;;;;;;;;;
b_terre_di_fuoco_desc;Terre Di Fuoco;;;;;;;;;;;;;
b_terre_di_fuoco2;Terre Di Fuoco2;;;;;;;;;;;;;
b_terre_di_fuoco2_adj;Terre Di Fuoco2;;;;;;;;;;;;;
b_terre_di_fuoco2_desc;Terre Di Fuoco2;;;;;;;;;;;;;
vico_cimonio;Vico Cimonio;;;;;;;;;;;;;
vico_cimonio_adj;Vico Cimonio;;;;;;;;;;;;;
vico_cimonio_desc;Vico Cimonio;;;;;;;;;;;;;
c_vico_cimonio;Vico Cimonio;;;;;;;;;;;;;
c_vico_cimonio_adj;Vico Cimonio;;;;;;;;;;;;;
c_vico_cimonio_desc;Vico Cimonio;;;;;;;;;;;;;
PROV966;Vico Cimonio;;;;;;;;;;;;;
PROV966_adj;Vico Cimonio;;;;;;;;;;;;;
PROV966_desc;Vico Cimonio;;;;;;;;;;;;;
b_vico_cimonio;Vico Cimonio;;;;;;;;;;;;;
b_vico_cimonio_adj;Vico Cimonio;;;;;;;;;;;;;
b_vico_cimonio_desc;Vico Cimonio;;;;;;;;;;;;;
b_vico_cimonio2;Vico Cimonio2;;;;;;;;;;;;;
b_vico_cimonio2_adj;Vico Cimonio2;;;;;;;;;;;;;
b_vico_cimonio2_desc;Vico Cimonio2;;;;;;;;;;;;;
sabanti;Sabanti;;;;;;;;;;;;;
sabanti_adj;Sabanti;;;;;;;;;;;;;
sabanti_desc;Sabanti;;;;;;;;;;;;;
c_sabanti;Sabanti;;;;;;;;;;;;;
c_sabanti_adj;Sabanti;;;;;;;;;;;;;
c_sabanti_desc;Sabanti;;;;;;;;;;;;;
PROV967;Sabanti;;;;;;;;;;;;;
PROV967_adj;Sabanti;;;;;;;;;;;;;
PROV967_desc;Sabanti;;;;;;;;;;;;;
b_sabanti;Sabanti;;;;;;;;;;;;;
b_sabanti_adj;Sabanti;;;;;;;;;;;;;
b_sabanti_desc;Sabanti;;;;;;;;;;;;;
b_sabanti2;Sabanti2;;;;;;;;;;;;;
b_sabanti2_adj;Sabanti2;;;;;;;;;;;;;
b_sabanti2_desc;Sabanti2;;;;;;;;;;;;;
c_ustica;Ustica;;;;;;;;;;;;;
c_ustica_adj;Ustica;;;;;;;;;;;;;
c_ustica_desc;Ustica;;;;;;;;;;;;;
PROV968;Ustica;;;;;;;;;;;;;
PROV968_adj;Ustica;;;;;;;;;;;;;
PROV968_desc;Ustica;;;;;;;;;;;;;
b_ustica;Ustica;;;;;;;;;;;;;
b_ustica_adj;Ustica;;;;;;;;;;;;;
b_ustica_desc;Ustica;;;;;;;;;;;;;
b_ustica2;Ustica2;;;;;;;;;;;;;
b_ustica2_adj;Ustica2;;;;;;;;;;;;;
b_ustica2_desc;Ustica2;;;;;;;;;;;;;
montania;Montania;;;;;;;;;;;;;
montania_adj;Montania;;;;;;;;;;;;;
montania_desc;Montania;;;;;;;;;;;;;
k_montania;Montania;;;;;;;;;;;;;
k_montania_adj;Montania;;;;;;;;;;;;;
k_montania_desc;Montania;;;;;;;;;;;;;
chiettina;Chiettina;;;;;;;;;;;;;
chiettina_adj;Chiettina;;;;;;;;;;;;;
chiettina_desc;Chiettina;;;;;;;;;;;;;
d_chiettina;Chiettina;;;;;;;;;;;;;
d_chiettina_adj;Chiettina;;;;;;;;;;;;;
d_chiettina_desc;Chiettina;;;;;;;;;;;;;
c_chiettina;Chiettina;;;;;;;;;;;;;
c_chiettina_adj;Chiettina;;;;;;;;;;;;;
c_chiettina_desc;Chiettina;;;;;;;;;;;;;
PROV969;Chiettina;;;;;;;;;;;;;
PROV969_adj;Chiettina;;;;;;;;;;;;;
PROV969_desc;Chiettina;;;;;;;;;;;;;
b_chiettina;Chiettina;;;;;;;;;;;;;
b_chiettina_adj;Chiettina;;;;;;;;;;;;;
b_chiettina_desc;Chiettina;;;;;;;;;;;;;
b_chiettina2;Chiettina2;;;;;;;;;;;;;
b_chiettina2_adj;Chiettina2;;;;;;;;;;;;;
b_chiettina2_desc;Chiettina2;;;;;;;;;;;;;
niccia;Niccia;;;;;;;;;;;;;
niccia_adj;Niccia;;;;;;;;;;;;;
niccia_desc;Niccia;;;;;;;;;;;;;
c_niccia;Niccia;;;;;;;;;;;;;
c_niccia_adj;Niccia;;;;;;;;;;;;;
c_niccia_desc;Niccia;;;;;;;;;;;;;
PROV970;Niccia;;;;;;;;;;;;;
PROV970_adj;Niccia;;;;;;;;;;;;;
PROV970_desc;Niccia;;;;;;;;;;;;;
b_niccia;Niccia;;;;;;;;;;;;;
b_niccia_adj;Niccia;;;;;;;;;;;;;
b_niccia_desc;Niccia;;;;;;;;;;;;;
b_niccia2;Niccia2;;;;;;;;;;;;;
b_niccia2_adj;Niccia2;;;;;;;;;;;;;
b_niccia2_desc;Niccia2;;;;;;;;;;;;;
alania_siorba;Alania Siorba;;;;;;;;;;;;;
alania_siorba_adj;Alania Siorba;;;;;;;;;;;;;
alania_siorba_desc;Alania Siorba;;;;;;;;;;;;;
c_alania_siorba;Alania Siorba;;;;;;;;;;;;;
c_alania_siorba_adj;Alania Siorba;;;;;;;;;;;;;
c_alania_siorba_desc;Alania Siorba;;;;;;;;;;;;;
PROV971;Alania Siorba;;;;;;;;;;;;;
PROV971_adj;Alania Siorba;;;;;;;;;;;;;
PROV971_desc;Alania Siorba;;;;;;;;;;;;;
b_alania_siorba;Alania Siorba;;;;;;;;;;;;;
b_alania_siorba_adj;Alania Siorba;;;;;;;;;;;;;
b_alania_siorba_desc;Alania Siorba;;;;;;;;;;;;;
b_alania_siorba2;Alania Siorba2;;;;;;;;;;;;;
b_alania_siorba2_adj;Alania Siorba2;;;;;;;;;;;;;
b_alania_siorba2_desc;Alania Siorba2;;;;;;;;;;;;;
medavirra;Medavirra;;;;;;;;;;;;;
medavirra_adj;Medavirra;;;;;;;;;;;;;
medavirra_desc;Medavirra;;;;;;;;;;;;;
d_medavirra;Medavirra;;;;;;;;;;;;;
d_medavirra_adj;Medavirra;;;;;;;;;;;;;
d_medavirra_desc;Medavirra;;;;;;;;;;;;;
pellegrino;Pellegrino;;;;;;;;;;;;;
pellegrino_adj;Pellegrino;;;;;;;;;;;;;
pellegrino_desc;Pellegrino;;;;;;;;;;;;;
c_pellegrino;Pellegrino;;;;;;;;;;;;;
c_pellegrino_adj;Pellegrino;;;;;;;;;;;;;
c_pellegrino_desc;Pellegrino;;;;;;;;;;;;;
PROV972;Pellegrino;;;;;;;;;;;;;
PROV972_adj;Pellegrino;;;;;;;;;;;;;
PROV972_desc;Pellegrino;;;;;;;;;;;;;
b_pellegrino;Pellegrino;;;;;;;;;;;;;
b_pellegrino_adj;Pellegrino;;;;;;;;;;;;;
b_pellegrino_desc;Pellegrino;;;;;;;;;;;;;
b_pellegrino2;Pellegrino2;;;;;;;;;;;;;
b_pellegrino2_adj;Pellegrino2;;;;;;;;;;;;;
b_pellegrino2_desc;Pellegrino2;;;;;;;;;;;;;
tuccana;Tuccana;;;;;;;;;;;;;
tuccana_adj;Tuccana;;;;;;;;;;;;;
tuccana_desc;Tuccana;;;;;;;;;;;;;
c_tuccana;Tuccana;;;;;;;;;;;;;
c_tuccana_adj;Tuccana;;;;;;;;;;;;;
c_tuccana_desc;Tuccana;;;;;;;;;;;;;
PROV973;Tuccana;;;;;;;;;;;;;
PROV973_adj;Tuccana;;;;;;;;;;;;;
PROV973_desc;Tuccana;;;;;;;;;;;;;
b_tuccana;Tuccana;;;;;;;;;;;;;
b_tuccana_adj;Tuccana;;;;;;;;;;;;;
b_tuccana_desc;Tuccana;;;;;;;;;;;;;
b_tuccana2;Tuccana2;;;;;;;;;;;;;
b_tuccana2_adj;Tuccana2;;;;;;;;;;;;;
b_tuccana2_desc;Tuccana2;;;;;;;;;;;;;
martini;Martini;;;;;;;;;;;;;
martini_adj;Martini;;;;;;;;;;;;;
martini_desc;Martini;;;;;;;;;;;;;
c_martini;Martini;;;;;;;;;;;;;
c_martini_adj;Martini;;;;;;;;;;;;;
c_martini_desc;Martini;;;;;;;;;;;;;
PROV974;Martini;;;;;;;;;;;;;
PROV974_adj;Martini;;;;;;;;;;;;;
PROV974_desc;Martini;;;;;;;;;;;;;
b_martini;Martini;;;;;;;;;;;;;
b_martini_adj;Martini;;;;;;;;;;;;;
b_martini_desc;Martini;;;;;;;;;;;;;
b_martini2;Martini2;;;;;;;;;;;;;
b_martini2_adj;Martini2;;;;;;;;;;;;;
b_martini2_desc;Martini2;;;;;;;;;;;;;
c_medavirra;Medavirra;;;;;;;;;;;;;
c_medavirra_adj;Medavirra;;;;;;;;;;;;;
c_medavirra_desc;Medavirra;;;;;;;;;;;;;
PROV975;Medavirra;;;;;;;;;;;;;
PROV975_adj;Medavirra;;;;;;;;;;;;;
PROV975_desc;Medavirra;;;;;;;;;;;;;
b_medavirra;Medavirra;;;;;;;;;;;;;
b_medavirra_adj;Medavirra;;;;;;;;;;;;;
b_medavirra_desc;Medavirra;;;;;;;;;;;;;
b_medavirra2;Medavirra2;;;;;;;;;;;;;
b_medavirra2_adj;Medavirra2;;;;;;;;;;;;;
b_medavirra2_desc;Medavirra2;;;;;;;;;;;;;
parta;Parta;;;;;;;;;;;;;
parta_adj;Parta;;;;;;;;;;;;;
parta_desc;Parta;;;;;;;;;;;;;
d_parta;Parta;;;;;;;;;;;;;
d_parta_adj;Parta;;;;;;;;;;;;;
d_parta_desc;Parta;;;;;;;;;;;;;
c_parta;Parta;;;;;;;;;;;;;
c_parta_adj;Parta;;;;;;;;;;;;;
c_parta_desc;Parta;;;;;;;;;;;;;
PROV976;Parta;;;;;;;;;;;;;
PROV976_adj;Parta;;;;;;;;;;;;;
PROV976_desc;Parta;;;;;;;;;;;;;
b_parta;Parta;;;;;;;;;;;;;
b_parta_adj;Parta;;;;;;;;;;;;;
b_parta_desc;Parta;;;;;;;;;;;;;
b_parta2;Parta2;;;;;;;;;;;;;
b_parta2_adj;Parta2;;;;;;;;;;;;;
b_parta2_desc;Parta2;;;;;;;;;;;;;
alania_sur;Alania Sur;;;;;;;;;;;;;
alania_sur_adj;Alania Sur;;;;;;;;;;;;;
alania_sur_desc;Alania Sur;;;;;;;;;;;;;
c_alania_sur;Alania Sur;;;;;;;;;;;;;
c_alania_sur_adj;Alania Sur;;;;;;;;;;;;;
c_alania_sur_desc;Alania Sur;;;;;;;;;;;;;
PROV977;Alania Sur;;;;;;;;;;;;;
PROV977_adj;Alania Sur;;;;;;;;;;;;;
PROV977_desc;Alania Sur;;;;;;;;;;;;;
b_alania_sur;Alania Sur;;;;;;;;;;;;;
b_alania_sur_adj;Alania Sur;;;;;;;;;;;;;
b_alania_sur_desc;Alania Sur;;;;;;;;;;;;;
b_alania_sur2;Alania Sur2;;;;;;;;;;;;;
b_alania_sur2_adj;Alania Sur2;;;;;;;;;;;;;
b_alania_sur2_desc;Alania Sur2;;;;;;;;;;;;;
isla;Isla;;;;;;;;;;;;;
isla_adj;Isla;;;;;;;;;;;;;
isla_desc;Isla;;;;;;;;;;;;;
c_isla;Isla;;;;;;;;;;;;;
c_isla_adj;Isla;;;;;;;;;;;;;
c_isla_desc;Isla;;;;;;;;;;;;;
PROV978;Isla;;;;;;;;;;;;;
PROV978_adj;Isla;;;;;;;;;;;;;
PROV978_desc;Isla;;;;;;;;;;;;;
b_isla;Isla;;;;;;;;;;;;;
b_isla_adj;Isla;;;;;;;;;;;;;
b_isla_desc;Isla;;;;;;;;;;;;;
b_isla2;Isla2;;;;;;;;;;;;;
b_isla2_adj;Isla2;;;;;;;;;;;;;
b_isla2_desc;Isla2;;;;;;;;;;;;;
savarolesta;Savarolesta;;;;;;;;;;;;;
savarolesta_adj;Savarolesta;;;;;;;;;;;;;
savarolesta_desc;Savarolesta;;;;;;;;;;;;;
d_savarolesta;Savarolesta;;;;;;;;;;;;;
d_savarolesta_adj;Savarolesta;;;;;;;;;;;;;
d_savarolesta_desc;Savarolesta;;;;;;;;;;;;;
la_orvienta;La Orvienta;;;;;;;;;;;;;
la_orvienta_adj;La Orvienta;;;;;;;;;;;;;
la_orvienta_desc;La Orvienta;;;;;;;;;;;;;
c_la_orvienta;La Orvienta;;;;;;;;;;;;;
c_la_orvienta_adj;La Orvienta;;;;;;;;;;;;;
c_la_orvienta_desc;La Orvienta;;;;;;;;;;;;;
PROV979;La Orvienta;;;;;;;;;;;;;
PROV979_adj;La Orvienta;;;;;;;;;;;;;
PROV979_desc;La Orvienta;;;;;;;;;;;;;
b_la_orvienta;La Orvienta;;;;;;;;;;;;;
b_la_orvienta_adj;La Orvienta;;;;;;;;;;;;;
b_la_orvienta_desc;La Orvienta;;;;;;;;;;;;;
b_la_orvienta2;La Orvienta2;;;;;;;;;;;;;
b_la_orvienta2_adj;La Orvienta2;;;;;;;;;;;;;
b_la_orvienta2_desc;La Orvienta2;;;;;;;;;;;;;
alania_natal;Alania Natal;;;;;;;;;;;;;
alania_natal_adj;Alania Natal;;;;;;;;;;;;;
alania_natal_desc;Alania Natal;;;;;;;;;;;;;
c_alania_natal;Alania Natal;;;;;;;;;;;;;
c_alania_natal_adj;Alania Natal;;;;;;;;;;;;;
c_alania_natal_desc;Alania Natal;;;;;;;;;;;;;
PROV980;Alania Natal;;;;;;;;;;;;;
PROV980_adj;Alania Natal;;;;;;;;;;;;;
PROV980_desc;Alania Natal;;;;;;;;;;;;;
b_alania_natal;Alania Natal;;;;;;;;;;;;;
b_alania_natal_adj;Alania Natal;;;;;;;;;;;;;
b_alania_natal_desc;Alania Natal;;;;;;;;;;;;;
b_alania_natal2;Alania Natal2;;;;;;;;;;;;;
b_alania_natal2_adj;Alania Natal2;;;;;;;;;;;;;
b_alania_natal2_desc;Alania Natal2;;;;;;;;;;;;;
c_savarolesta;Savarolesta;;;;;;;;;;;;;
c_savarolesta_adj;Savarolesta;;;;;;;;;;;;;
c_savarolesta_desc;Savarolesta;;;;;;;;;;;;;
PROV981;Savarolesta;;;;;;;;;;;;;
PROV981_adj;Savarolesta;;;;;;;;;;;;;
PROV981_desc;Savarolesta;;;;;;;;;;;;;
b_savarolesta;Savarolesta;;;;;;;;;;;;;
b_savarolesta_adj;Savarolesta;;;;;;;;;;;;;
b_savarolesta_desc;Savarolesta;;;;;;;;;;;;;
b_savarolesta2;Savarolesta2;;;;;;;;;;;;;
b_savarolesta2_adj;Savarolesta2;;;;;;;;;;;;;
b_savarolesta2_desc;Savarolesta2;;;;;;;;;;;;;
ona;Ona;;;;;;;;;;;;;
ona_adj;Ona;;;;;;;;;;;;;
ona_desc;Ona;;;;;;;;;;;;;
c_ona;Ona;;;;;;;;;;;;;
c_ona_adj;Ona;;;;;;;;;;;;;
c_ona_desc;Ona;;;;;;;;;;;;;
PROV982;Ona;;;;;;;;;;;;;
PROV982_adj;Ona;;;;;;;;;;;;;
PROV982_desc;Ona;;;;;;;;;;;;;
b_ona;Ona;;;;;;;;;;;;;
b_ona_adj;Ona;;;;;;;;;;;;;
b_ona_desc;Ona;;;;;;;;;;;;;
b_ona2;Ona2;;;;;;;;;;;;;
b_ona2_adj;Ona2;;;;;;;;;;;;;
b_ona2_desc;Ona2;;;;;;;;;;;;;
alania_corona;Alania Corona;;;;;;;;;;;;;
alania_corona_adj;Alania Corona;;;;;;;;;;;;;
alania_corona_desc;Alania Corona;;;;;;;;;;;;;
c_alania_corona;Alania Corona;;;;;;;;;;;;;
c_alania_corona_adj;Alania Corona;;;;;;;;;;;;;
c_alania_corona_desc;Alania Corona;;;;;;;;;;;;;
PROV983;Alania Corona;;;;;;;;;;;;;
PROV983_adj;Alania Corona;;;;;;;;;;;;;
PROV983_desc;Alania Corona;;;;;;;;;;;;;
b_alania_corona;Alania Corona;;;;;;;;;;;;;
b_alania_corona_adj;Alania Corona;;;;;;;;;;;;;
b_alania_corona_desc;Alania Corona;;;;;;;;;;;;;
b_alania_corona2;Alania Corona2;;;;;;;;;;;;;
b_alania_corona2_adj;Alania Corona2;;;;;;;;;;;;;
b_alania_corona2_desc;Alania Corona2;;;;;;;;;;;;;
vultaro;Vultaro;;;;;;;;;;;;;
vultaro_adj;Vultaro;;;;;;;;;;;;;
vultaro_desc;Vultaro;;;;;;;;;;;;;
k_vultaro;Vultaro;;;;;;;;;;;;;
k_vultaro_adj;Vultaro;;;;;;;;;;;;;
k_vultaro_desc;Vultaro;;;;;;;;;;;;;
fogiatina;Fogiatina;;;;;;;;;;;;;
fogiatina_adj;Fogiatina;;;;;;;;;;;;;
fogiatina_desc;Fogiatina;;;;;;;;;;;;;
d_fogiatina;Fogiatina;;;;;;;;;;;;;
d_fogiatina_adj;Fogiatina;;;;;;;;;;;;;
d_fogiatina_desc;Fogiatina;;;;;;;;;;;;;
urbanus;Urbanus;;;;;;;;;;;;;
urbanus_adj;Urbanus;;;;;;;;;;;;;
urbanus_desc;Urbanus;;;;;;;;;;;;;
c_urbanus;Urbanus;;;;;;;;;;;;;
c_urbanus_adj;Urbanus;;;;;;;;;;;;;
c_urbanus_desc;Urbanus;;;;;;;;;;;;;
PROV984;Urbanus;;;;;;;;;;;;;
PROV984_adj;Urbanus;;;;;;;;;;;;;
PROV984_desc;Urbanus;;;;;;;;;;;;;
b_urbanus;Urbanus;;;;;;;;;;;;;
b_urbanus_adj;Urbanus;;;;;;;;;;;;;
b_urbanus_desc;Urbanus;;;;;;;;;;;;;
b_urbanus2;Urbanus2;;;;;;;;;;;;;
b_urbanus2_adj;Urbanus2;;;;;;;;;;;;;
b_urbanus2_desc;Urbanus2;;;;;;;;;;;;;
campa_vasta;Campa Vasta;;;;;;;;;;;;;
campa_vasta_adj;Campa Vasta;;;;;;;;;;;;;
campa_vasta_desc;Campa Vasta;;;;;;;;;;;;;
c_campa_vasta;Campa Vasta;;;;;;;;;;;;;
c_campa_vasta_adj;Campa Vasta;;;;;;;;;;;;;
c_campa_vasta_desc;Campa Vasta;;;;;;;;;;;;;
PROV985;Campa Vasta;;;;;;;;;;;;;
PROV985_adj;Campa Vasta;;;;;;;;;;;;;
PROV985_desc;Campa Vasta;;;;;;;;;;;;;
b_campa_vasta;Campa Vasta;;;;;;;;;;;;;
b_campa_vasta_adj;Campa Vasta;;;;;;;;;;;;;
b_campa_vasta_desc;Campa Vasta;;;;;;;;;;;;;
b_campa_vasta2;Campa Vasta2;;;;;;;;;;;;;
b_campa_vasta2_adj;Campa Vasta2;;;;;;;;;;;;;
b_campa_vasta2_desc;Campa Vasta2;;;;;;;;;;;;;
civita;Civita;;;;;;;;;;;;;
civita_adj;Civita;;;;;;;;;;;;;
civita_desc;Civita;;;;;;;;;;;;;
c_civita;Civita;;;;;;;;;;;;;
c_civita_adj;Civita;;;;;;;;;;;;;
c_civita_desc;Civita;;;;;;;;;;;;;
PROV986;Civita;;;;;;;;;;;;;
PROV986_adj;Civita;;;;;;;;;;;;;
PROV986_desc;Civita;;;;;;;;;;;;;
b_civita;Civita;;;;;;;;;;;;;
b_civita_adj;Civita;;;;;;;;;;;;;
b_civita_desc;Civita;;;;;;;;;;;;;
b_civita2;Civita2;;;;;;;;;;;;;
b_civita2_adj;Civita2;;;;;;;;;;;;;
b_civita2_desc;Civita2;;;;;;;;;;;;;
c_fogiatina;Fogiatina;;;;;;;;;;;;;
c_fogiatina_adj;Fogiatina;;;;;;;;;;;;;
c_fogiatina_desc;Fogiatina;;;;;;;;;;;;;
PROV987;Fogiatina;;;;;;;;;;;;;
PROV987_adj;Fogiatina;;;;;;;;;;;;;
PROV987_desc;Fogiatina;;;;;;;;;;;;;
b_fogiatina;Fogiatina;;;;;;;;;;;;;
b_fogiatina_adj;Fogiatina;;;;;;;;;;;;;
b_fogiatina_desc;Fogiatina;;;;;;;;;;;;;
b_fogiatina2;Fogiatina2;;;;;;;;;;;;;
b_fogiatina2_adj;Fogiatina2;;;;;;;;;;;;;
b_fogiatina2_desc;Fogiatina2;;;;;;;;;;;;;
campa_vallenta;Campa Vallenta;;;;;;;;;;;;;
campa_vallenta_adj;Campa Vallenta;;;;;;;;;;;;;
campa_vallenta_desc;Campa Vallenta;;;;;;;;;;;;;
c_campa_vallenta;Campa Vallenta;;;;;;;;;;;;;
c_campa_vallenta_adj;Campa Vallenta;;;;;;;;;;;;;
c_campa_vallenta_desc;Campa Vallenta;;;;;;;;;;;;;
PROV988;Campa Vallenta;;;;;;;;;;;;;
PROV988_adj;Campa Vallenta;;;;;;;;;;;;;
PROV988_desc;Campa Vallenta;;;;;;;;;;;;;
b_campa_vallenta;Campa Vallenta;;;;;;;;;;;;;
b_campa_vallenta_adj;Campa Vallenta;;;;;;;;;;;;;
b_campa_vallenta_desc;Campa Vallenta;;;;;;;;;;;;;
b_campa_vallenta2;Campa Vallenta2;;;;;;;;;;;;;
b_campa_vallenta2_adj;Campa Vallenta2;;;;;;;;;;;;;
b_campa_vallenta2_desc;Campa Vallenta2;;;;;;;;;;;;;
lampeport;Lampeport;;;;;;;;;;;;;
lampeport_adj;Lampeport;;;;;;;;;;;;;
lampeport_desc;Lampeport;;;;;;;;;;;;;
d_lampeport;Lampeport;;;;;;;;;;;;;
d_lampeport_adj;Lampeport;;;;;;;;;;;;;
d_lampeport_desc;Lampeport;;;;;;;;;;;;;
torono;Torono;;;;;;;;;;;;;
torono_adj;Torono;;;;;;;;;;;;;
torono_desc;Torono;;;;;;;;;;;;;
c_torono;Torono;;;;;;;;;;;;;
c_torono_adj;Torono;;;;;;;;;;;;;
c_torono_desc;Torono;;;;;;;;;;;;;
PROV989;Torono;;;;;;;;;;;;;
PROV989_adj;Torono;;;;;;;;;;;;;
PROV989_desc;Torono;;;;;;;;;;;;;
b_torono;Torono;;;;;;;;;;;;;
b_torono_adj;Torono;;;;;;;;;;;;;
b_torono_desc;Torono;;;;;;;;;;;;;
b_torono2;Torono2;;;;;;;;;;;;;
b_torono2_adj;Torono2;;;;;;;;;;;;;
b_torono2_desc;Torono2;;;;;;;;;;;;;
piomba;Piomba;;;;;;;;;;;;;
piomba_adj;Piomba;;;;;;;;;;;;;
piomba_desc;Piomba;;;;;;;;;;;;;
c_piomba;Piomba;;;;;;;;;;;;;
c_piomba_adj;Piomba;;;;;;;;;;;;;
c_piomba_desc;Piomba;;;;;;;;;;;;;
PROV990;Piomba;;;;;;;;;;;;;
PROV990_adj;Piomba;;;;;;;;;;;;;
PROV990_desc;Piomba;;;;;;;;;;;;;
b_piomba;Piomba;;;;;;;;;;;;;
b_piomba_adj;Piomba;;;;;;;;;;;;;
b_piomba_desc;Piomba;;;;;;;;;;;;;
b_piomba2;Piomba2;;;;;;;;;;;;;
b_piomba2_adj;Piomba2;;;;;;;;;;;;;
b_piomba2_desc;Piomba2;;;;;;;;;;;;;
epostella;Epostella;;;;;;;;;;;;;
epostella_adj;Epostella;;;;;;;;;;;;;
epostella_desc;Epostella;;;;;;;;;;;;;
c_epostella;Epostella;;;;;;;;;;;;;
c_epostella_adj;Epostella;;;;;;;;;;;;;
c_epostella_desc;Epostella;;;;;;;;;;;;;
PROV991;Epostella;;;;;;;;;;;;;
PROV991_adj;Epostella;;;;;;;;;;;;;
PROV991_desc;Epostella;;;;;;;;;;;;;
b_epostella;Epostella;;;;;;;;;;;;;
b_epostella_adj;Epostella;;;;;;;;;;;;;
b_epostella_desc;Epostella;;;;;;;;;;;;;
b_epostella2;Epostella2;;;;;;;;;;;;;
b_epostella2_adj;Epostella2;;;;;;;;;;;;;
b_epostella2_desc;Epostella2;;;;;;;;;;;;;
terni;Terni;;;;;;;;;;;;;
terni_adj;Terni;;;;;;;;;;;;;
terni_desc;Terni;;;;;;;;;;;;;
c_terni;Terni;;;;;;;;;;;;;
c_terni_adj;Terni;;;;;;;;;;;;;
c_terni_desc;Terni;;;;;;;;;;;;;
PROV992;Terni;;;;;;;;;;;;;
PROV992_adj;Terni;;;;;;;;;;;;;
PROV992_desc;Terni;;;;;;;;;;;;;
b_terni;Terni;;;;;;;;;;;;;
b_terni_adj;Terni;;;;;;;;;;;;;
b_terni_desc;Terni;;;;;;;;;;;;;
b_terni2;Terni2;;;;;;;;;;;;;
b_terni2_adj;Terni2;;;;;;;;;;;;;
b_terni2_desc;Terni2;;;;;;;;;;;;;
paduavena;Paduavena;;;;;;;;;;;;;
paduavena_adj;Paduavena;;;;;;;;;;;;;
paduavena_desc;Paduavena;;;;;;;;;;;;;
d_paduavena;Paduavena;;;;;;;;;;;;;
d_paduavena_adj;Paduavena;;;;;;;;;;;;;
d_paduavena_desc;Paduavena;;;;;;;;;;;;;
moduglamura;Moduglamura;;;;;;;;;;;;;
moduglamura_adj;Moduglamura;;;;;;;;;;;;;
moduglamura_desc;Moduglamura;;;;;;;;;;;;;
c_moduglamura;Moduglamura;;;;;;;;;;;;;
c_moduglamura_adj;Moduglamura;;;;;;;;;;;;;
c_moduglamura_desc;Moduglamura;;;;;;;;;;;;;
PROV993;Moduglamura;;;;;;;;;;;;;
PROV993_adj;Moduglamura;;;;;;;;;;;;;
PROV993_desc;Moduglamura;;;;;;;;;;;;;
b_moduglamura;Moduglamura;;;;;;;;;;;;;
b_moduglamura_adj;Moduglamura;;;;;;;;;;;;;
b_moduglamura_desc;Moduglamura;;;;;;;;;;;;;
b_moduglamura2;Moduglamura2;;;;;;;;;;;;;
b_moduglamura2_adj;Moduglamura2;;;;;;;;;;;;;
b_moduglamura2_desc;Moduglamura2;;;;;;;;;;;;;
c_paduavena;Paduavena;;;;;;;;;;;;;
c_paduavena_adj;Paduavena;;;;;;;;;;;;;
c_paduavena_desc;Paduavena;;;;;;;;;;;;;
PROV994;Paduavena;;;;;;;;;;;;;
PROV994_adj;Paduavena;;;;;;;;;;;;;
PROV994_desc;Paduavena;;;;;;;;;;;;;
b_paduavena;Paduavena;;;;;;;;;;;;;
b_paduavena_adj;Paduavena;;;;;;;;;;;;;
b_paduavena_desc;Paduavena;;;;;;;;;;;;;
b_paduavena2;Paduavena2;;;;;;;;;;;;;
b_paduavena2_adj;Paduavena2;;;;;;;;;;;;;
b_paduavena2_desc;Paduavena2;;;;;;;;;;;;;
campa_costiari;Campa Costiari;;;;;;;;;;;;;
campa_costiari_adj;Campa Costiari;;;;;;;;;;;;;
campa_costiari_desc;Campa Costiari;;;;;;;;;;;;;
c_campa_costiari;Campa Costiari;;;;;;;;;;;;;
c_campa_costiari_adj;Campa Costiari;;;;;;;;;;;;;
c_campa_costiari_desc;Campa Costiari;;;;;;;;;;;;;
PROV995;Campa Costiari;;;;;;;;;;;;;
PROV995_adj;Campa Costiari;;;;;;;;;;;;;
PROV995_desc;Campa Costiari;;;;;;;;;;;;;
b_campa_costiari;Campa Costiari;;;;;;;;;;;;;
b_campa_costiari_adj;Campa Costiari;;;;;;;;;;;;;
b_campa_costiari_desc;Campa Costiari;;;;;;;;;;;;;
b_campa_costiari2;Campa Costiari2;;;;;;;;;;;;;
b_campa_costiari2_adj;Campa Costiari2;;;;;;;;;;;;;
b_campa_costiari2_desc;Campa Costiari2;;;;;;;;;;;;;
campa_silacci;Campa Silacci;;;;;;;;;;;;;
campa_silacci_adj;Campa Silacci;;;;;;;;;;;;;
campa_silacci_desc;Campa Silacci;;;;;;;;;;;;;
c_campa_silacci;Campa Silacci;;;;;;;;;;;;;
c_campa_silacci_adj;Campa Silacci;;;;;;;;;;;;;
c_campa_silacci_desc;Campa Silacci;;;;;;;;;;;;;
PROV996;Campa Silacci;;;;;;;;;;;;;
PROV996_adj;Campa Silacci;;;;;;;;;;;;;
PROV996_desc;Campa Silacci;;;;;;;;;;;;;
b_campa_silacci;Campa Silacci;;;;;;;;;;;;;
b_campa_silacci_adj;Campa Silacci;;;;;;;;;;;;;
b_campa_silacci_desc;Campa Silacci;;;;;;;;;;;;;
b_campa_silacci2;Campa Silacci2;;;;;;;;;;;;;
b_campa_silacci2_adj;Campa Silacci2;;;;;;;;;;;;;
b_campa_silacci2_desc;Campa Silacci2;;;;;;;;;;;;;
vicii;Vicii;;;;;;;;;;;;;
vicii_adj;Vicii;;;;;;;;;;;;;
vicii_desc;Vicii;;;;;;;;;;;;;
c_vicii;Vicii;;;;;;;;;;;;;
c_vicii_adj;Vicii;;;;;;;;;;;;;
c_vicii_desc;Vicii;;;;;;;;;;;;;
PROV997;Vicii;;;;;;;;;;;;;
PROV997_adj;Vicii;;;;;;;;;;;;;
PROV997_desc;Vicii;;;;;;;;;;;;;
b_vicii;Vicii;;;;;;;;;;;;;
b_vicii_adj;Vicii;;;;;;;;;;;;;
b_vicii_desc;Vicii;;;;;;;;;;;;;
b_vicii2;Vicii2;;;;;;;;;;;;;
b_vicii2_adj;Vicii2;;;;;;;;;;;;;
b_vicii2_desc;Vicii2;;;;;;;;;;;;;
windland;Windland;;;;;;;;;;;;;
windland_adj;Windland;;;;;;;;;;;;;
windland_desc;Windland;;;;;;;;;;;;;
e_anglia;Anglia;;;;;;;;;;;;;
e_anglia_adj;Anglian;;;;;;;;;;;;;
e_anglia_desc;Anglia;;;;;;;;;;;;;
angelland;Angelland;;;;;;;;;;;;;
angelland_adj;Angelland;;;;;;;;;;;;;
angelland_desc;Angelland;;;;;;;;;;;;;
k_angelland;Angelland;;;;;;;;;;;;;
k_angelland_adj;Angelland;;;;;;;;;;;;;
k_angelland_desc;Angelland;;;;;;;;;;;;;
drackenrust;Drackenrust;;;;;;;;;;;;;
drackenrust_adj;Drackenrust;;;;;;;;;;;;;
drackenrust_desc;Drackenrust;;;;;;;;;;;;;
d_drackenrust;Drackenrust;;;;;;;;;;;;;
d_drackenrust_adj;Drackenrust;;;;;;;;;;;;;
d_drackenrust_desc;Drackenrust;;;;;;;;;;;;;
hoogfryse;Hoogfryse;;;;;;;;;;;;;
hoogfryse_adj;Hoogfryse;;;;;;;;;;;;;
hoogfryse_desc;Hoogfryse;;;;;;;;;;;;;
c_hoogfryse;Hoogfryse;;;;;;;;;;;;;
c_hoogfryse_adj;Hoogfryse;;;;;;;;;;;;;
c_hoogfryse_desc;Hoogfryse;;;;;;;;;;;;;
PROV998;Hoogfryse;;;;;;;;;;;;;
PROV998_adj;Hoogfryse;;;;;;;;;;;;;
PROV998_desc;Hoogfryse;;;;;;;;;;;;;
b_hoogfryse;Hoogfryse;;;;;;;;;;;;;
b_hoogfryse_adj;Hoogfryse;;;;;;;;;;;;;
b_hoogfryse_desc;Hoogfryse;;;;;;;;;;;;;
b_hoogfryse2;Hoogfryse2;;;;;;;;;;;;;
b_hoogfryse2_adj;Hoogfryse2;;;;;;;;;;;;;
b_hoogfryse2_desc;Hoogfryse2;;;;;;;;;;;;;
noorgrootland;Noorgrootland;;;;;;;;;;;;;
noorgrootland_adj;Noorgrootland;;;;;;;;;;;;;
noorgrootland_desc;Noorgrootland;;;;;;;;;;;;;
c_noorgrootland;Noorgrootland;;;;;;;;;;;;;
c_noorgrootland_adj;Noorgrootland;;;;;;;;;;;;;
c_noorgrootland_desc;Noorgrootland;;;;;;;;;;;;;
PROV999;Noorgrootland;;;;;;;;;;;;;
PROV999_adj;Noorgrootland;;;;;;;;;;;;;
PROV999_desc;Noorgrootland;;;;;;;;;;;;;
b_noorgrootland;Noorgrootland;;;;;;;;;;;;;
b_noorgrootland_adj;Noorgrootland;;;;;;;;;;;;;
b_noorgrootland_desc;Noorgrootland;;;;;;;;;;;;;
b_noorgrootland2;Noorgrootland2;;;;;;;;;;;;;
b_noorgrootland2_adj;Noorgrootland2;;;;;;;;;;;;;
b_noorgrootland2_desc;Noorgrootland2;;;;;;;;;;;;;
c_drackenrust;Drackenrust;;;;;;;;;;;;;
c_drackenrust_adj;Drackenrust;;;;;;;;;;;;;
c_drackenrust_desc;Drackenrust;;;;;;;;;;;;;
PROV1000;Drackenrust;;;;;;;;;;;;;
PROV1000_adj;Drackenrust;;;;;;;;;;;;;
PROV1000_desc;Drackenrust;;;;;;;;;;;;;
b_drackenrust;Drackenrust;;;;;;;;;;;;;
b_drackenrust_adj;Drackenrust;;;;;;;;;;;;;
b_drackenrust_desc;Drackenrust;;;;;;;;;;;;;
b_drackenrust2;Drackenrust2;;;;;;;;;;;;;
b_drackenrust2_adj;Drackenrust2;;;;;;;;;;;;;
b_drackenrust2_desc;Drackenrust2;;;;;;;;;;;;;
hinderlande;Hinderlande;;;;;;;;;;;;;
hinderlande_adj;Hinderlande;;;;;;;;;;;;;
hinderlande_desc;Hinderlande;;;;;;;;;;;;;
d_hinderlande;Hinderlande;;;;;;;;;;;;;
d_hinderlande_adj;Hinderlande;;;;;;;;;;;;;
d_hinderlande_desc;Hinderlande;;;;;;;;;;;;;
middeland_aan_zee;Middeland Aan Zee;;;;;;;;;;;;;
middeland_aan_zee_adj;Middeland Aan Zee;;;;;;;;;;;;;
middeland_aan_zee_desc;Middeland Aan Zee;;;;;;;;;;;;;
c_middeland_aan_zee;Middeland Aan Zee;;;;;;;;;;;;;
c_middeland_aan_zee_adj;Middeland Aan Zee;;;;;;;;;;;;;
c_middeland_aan_zee_desc;Middeland Aan Zee;;;;;;;;;;;;;
PROV1001;Middeland Aan Zee;;;;;;;;;;;;;
PROV1001_adj;Middeland Aan Zee;;;;;;;;;;;;;
PROV1001_desc;Middeland Aan Zee;;;;;;;;;;;;;
b_middeland_aan_zee;Middeland Aan Zee;;;;;;;;;;;;;
b_middeland_aan_zee_adj;Middeland Aan Zee;;;;;;;;;;;;;
b_middeland_aan_zee_desc;Middeland Aan Zee;;;;;;;;;;;;;
b_middeland_aan_zee2;Middeland Aan Zee2;;;;;;;;;;;;;
b_middeland_aan_zee2_adj;Middeland Aan Zee2;;;;;;;;;;;;;
b_middeland_aan_zee2_desc;Middeland Aan Zee2;;;;;;;;;;;;;
c_hinderlande;Hinderlande;;;;;;;;;;;;;
c_hinderlande_adj;Hinderlande;;;;;;;;;;;;;
c_hinderlande_desc;Hinderlande;;;;;;;;;;;;;
PROV1002;Hinderlande;;;;;;;;;;;;;
PROV1002_adj;Hinderlande;;;;;;;;;;;;;
PROV1002_desc;Hinderlande;;;;;;;;;;;;;
b_hinderlande;Hinderlande;;;;;;;;;;;;;
b_hinderlande_adj;Hinderlande;;;;;;;;;;;;;
b_hinderlande_desc;Hinderlande;;;;;;;;;;;;;
b_hinderlande2;Hinderlande2;;;;;;;;;;;;;
b_hinderlande2_adj;Hinderlande2;;;;;;;;;;;;;
b_hinderlande2_desc;Hinderlande2;;;;;;;;;;;;;
zuiderhoek;Zuiderhoek;;;;;;;;;;;;;
zuiderhoek_adj;Zuiderhoek;;;;;;;;;;;;;
zuiderhoek_desc;Zuiderhoek;;;;;;;;;;;;;
c_zuiderhoek;Zuiderhoek;;;;;;;;;;;;;
c_zuiderhoek_adj;Zuiderhoek;;;;;;;;;;;;;
c_zuiderhoek_desc;Zuiderhoek;;;;;;;;;;;;;
PROV1003;Zuiderhoek;;;;;;;;;;;;;
PROV1003_adj;Zuiderhoek;;;;;;;;;;;;;
PROV1003_desc;Zuiderhoek;;;;;;;;;;;;;
b_zuiderhoek;Zuiderhoek;;;;;;;;;;;;;
b_zuiderhoek_adj;Zuiderhoek;;;;;;;;;;;;;
b_zuiderhoek_desc;Zuiderhoek;;;;;;;;;;;;;
b_zuiderhoek2;Zuiderhoek2;;;;;;;;;;;;;
b_zuiderhoek2_adj;Zuiderhoek2;;;;;;;;;;;;;
b_zuiderhoek2_desc;Zuiderhoek2;;;;;;;;;;;;;
voortzee;Voortzee;;;;;;;;;;;;;
voortzee_adj;Voortzee;;;;;;;;;;;;;
voortzee_desc;Voortzee;;;;;;;;;;;;;
c_voortzee;Voortzee;;;;;;;;;;;;;
c_voortzee_adj;Voortzee;;;;;;;;;;;;;
c_voortzee_desc;Voortzee;;;;;;;;;;;;;
PROV1004;Voortzee;;;;;;;;;;;;;
PROV1004_adj;Voortzee;;;;;;;;;;;;;
PROV1004_desc;Voortzee;;;;;;;;;;;;;
b_voortzee;Voortzee;;;;;;;;;;;;;
b_voortzee_adj;Voortzee;;;;;;;;;;;;;
b_voortzee_desc;Voortzee;;;;;;;;;;;;;
b_voortzee2;Voortzee2;;;;;;;;;;;;;
b_voortzee2_adj;Voortzee2;;;;;;;;;;;;;
b_voortzee2_desc;Voortzee2;;;;;;;;;;;;;
hoogberge;Hoogberge;;;;;;;;;;;;;
hoogberge_adj;Hoogberge;;;;;;;;;;;;;
hoogberge_desc;Hoogberge;;;;;;;;;;;;;
d_hoogberge;Hoogberge;;;;;;;;;;;;;
d_hoogberge_adj;Hoogberge;;;;;;;;;;;;;
d_hoogberge_desc;Hoogberge;;;;;;;;;;;;;
zuidhoekland;Zuidhoekland;;;;;;;;;;;;;
zuidhoekland_adj;Zuidhoekland;;;;;;;;;;;;;
zuidhoekland_desc;Zuidhoekland;;;;;;;;;;;;;
c_zuidhoekland;Zuidhoekland;;;;;;;;;;;;;
c_zuidhoekland_adj;Zuidhoekland;;;;;;;;;;;;;
c_zuidhoekland_desc;Zuidhoekland;;;;;;;;;;;;;
PROV1005;Zuidhoekland;;;;;;;;;;;;;
PROV1005_adj;Zuidhoekland;;;;;;;;;;;;;
PROV1005_desc;Zuidhoekland;;;;;;;;;;;;;
b_zuidhoekland;Zuidhoekland;;;;;;;;;;;;;
b_zuidhoekland_adj;Zuidhoekland;;;;;;;;;;;;;
b_zuidhoekland_desc;Zuidhoekland;;;;;;;;;;;;;
b_zuidhoekland2;Zuidhoekland2;;;;;;;;;;;;;
b_zuidhoekland2_adj;Zuidhoekland2;;;;;;;;;;;;;
b_zuidhoekland2_desc;Zuidhoekland2;;;;;;;;;;;;;
c_hoogberge;Hoogberge;;;;;;;;;;;;;
c_hoogberge_adj;Hoogberge;;;;;;;;;;;;;
c_hoogberge_desc;Hoogberge;;;;;;;;;;;;;
PROV1006;Hoogberge;;;;;;;;;;;;;
PROV1006_adj;Hoogberge;;;;;;;;;;;;;
PROV1006_desc;Hoogberge;;;;;;;;;;;;;
b_hoogberge;Hoogberge;;;;;;;;;;;;;
b_hoogberge_adj;Hoogberge;;;;;;;;;;;;;
b_hoogberge_desc;Hoogberge;;;;;;;;;;;;;
b_hoogberge2;Hoogberge2;;;;;;;;;;;;;
b_hoogberge2_adj;Hoogberge2;;;;;;;;;;;;;
b_hoogberge2_desc;Hoogberge2;;;;;;;;;;;;;
dorpengat;Dorpengat;;;;;;;;;;;;;
dorpengat_adj;Dorpengat;;;;;;;;;;;;;
dorpengat_desc;Dorpengat;;;;;;;;;;;;;
c_dorpengat;Dorpengat;;;;;;;;;;;;;
c_dorpengat_adj;Dorpengat;;;;;;;;;;;;;
c_dorpengat_desc;Dorpengat;;;;;;;;;;;;;
PROV1007;Dorpengat;;;;;;;;;;;;;
PROV1007_adj;Dorpengat;;;;;;;;;;;;;
PROV1007_desc;Dorpengat;;;;;;;;;;;;;
b_dorpengat;Dorpengat;;;;;;;;;;;;;
b_dorpengat_adj;Dorpengat;;;;;;;;;;;;;
b_dorpengat_desc;Dorpengat;;;;;;;;;;;;;
b_dorpengat2;Dorpengat2;;;;;;;;;;;;;
b_dorpengat2_adj;Dorpengat2;;;;;;;;;;;;;
b_dorpengat2_desc;Dorpengat2;;;;;;;;;;;;;
keizerplat;Keizerplat;;;;;;;;;;;;;
keizerplat_adj;Keizerplat;;;;;;;;;;;;;
keizerplat_desc;Keizerplat;;;;;;;;;;;;;
c_keizerplat;Keizerplat;;;;;;;;;;;;;
c_keizerplat_adj;Keizerplat;;;;;;;;;;;;;
c_keizerplat_desc;Keizerplat;;;;;;;;;;;;;
PROV1008;Keizerplat;;;;;;;;;;;;;
PROV1008_adj;Keizerplat;;;;;;;;;;;;;
PROV1008_desc;Keizerplat;;;;;;;;;;;;;
b_keizerplat;Keizerplat;;;;;;;;;;;;;
b_keizerplat_adj;Keizerplat;;;;;;;;;;;;;
b_keizerplat_desc;Keizerplat;;;;;;;;;;;;;
b_keizerplat2;Keizerplat2;;;;;;;;;;;;;
b_keizerplat2_adj;Keizerplat2;;;;;;;;;;;;;
b_keizerplat2_desc;Keizerplat2;;;;;;;;;;;;;
kroonburg;Kroonburg;;;;;;;;;;;;;
kroonburg_adj;Kroonburg;;;;;;;;;;;;;
kroonburg_desc;Kroonburg;;;;;;;;;;;;;
d_kroonburg;Kroonburg;;;;;;;;;;;;;
d_kroonburg_adj;Kroonburg;;;;;;;;;;;;;
d_kroonburg_desc;Kroonburg;;;;;;;;;;;;;
scheldplatz;Scheldplatz;;;;;;;;;;;;;
scheldplatz_adj;Scheldplatz;;;;;;;;;;;;;
scheldplatz_desc;Scheldplatz;;;;;;;;;;;;;
c_scheldplatz;Scheldplatz;;;;;;;;;;;;;
c_scheldplatz_adj;Scheldplatz;;;;;;;;;;;;;
c_scheldplatz_desc;Scheldplatz;;;;;;;;;;;;;
PROV1009;Scheldplatz;;;;;;;;;;;;;
PROV1009_adj;Scheldplatz;;;;;;;;;;;;;
PROV1009_desc;Scheldplatz;;;;;;;;;;;;;
b_scheldplatz;Scheldplatz;;;;;;;;;;;;;
b_scheldplatz_adj;Scheldplatz;;;;;;;;;;;;;
b_scheldplatz_desc;Scheldplatz;;;;;;;;;;;;;
b_scheldplatz2;Scheldplatz2;;;;;;;;;;;;;
b_scheldplatz2_adj;Scheldplatz2;;;;;;;;;;;;;
b_scheldplatz2_desc;Scheldplatz2;;;;;;;;;;;;;
c_kroonburg;Kroonburg;;;;;;;;;;;;;
c_kroonburg_adj;Kroonburg;;;;;;;;;;;;;
c_kroonburg_desc;Kroonburg;;;;;;;;;;;;;
PROV1010;Kroonburg;;;;;;;;;;;;;
PROV1010_adj;Kroonburg;;;;;;;;;;;;;
PROV1010_desc;Kroonburg;;;;;;;;;;;;;
b_kroonburg;Kroonburg;;;;;;;;;;;;;
b_kroonburg_adj;Kroonburg;;;;;;;;;;;;;
b_kroonburg_desc;Kroonburg;;;;;;;;;;;;;
b_kroonburg2;Kroonburg2;;;;;;;;;;;;;
b_kroonburg2_adj;Kroonburg2;;;;;;;;;;;;;
b_kroonburg2_desc;Kroonburg2;;;;;;;;;;;;;
eerste_hoogweg;Eerste Hoogweg;;;;;;;;;;;;;
eerste_hoogweg_adj;Eerste Hoogweg;;;;;;;;;;;;;
eerste_hoogweg_desc;Eerste Hoogweg;;;;;;;;;;;;;
c_eerste_hoogweg;Eerste Hoogweg;;;;;;;;;;;;;
c_eerste_hoogweg_adj;Eerste Hoogweg;;;;;;;;;;;;;
c_eerste_hoogweg_desc;Eerste Hoogweg;;;;;;;;;;;;;
PROV1011;Eerste Hoogweg;;;;;;;;;;;;;
PROV1011_adj;Eerste Hoogweg;;;;;;;;;;;;;
PROV1011_desc;Eerste Hoogweg;;;;;;;;;;;;;
b_eerste_hoogweg;Eerste Hoogweg;;;;;;;;;;;;;
b_eerste_hoogweg_adj;Eerste Hoogweg;;;;;;;;;;;;;
b_eerste_hoogweg_desc;Eerste Hoogweg;;;;;;;;;;;;;
b_eerste_hoogweg2;Eerste Hoogweg2;;;;;;;;;;;;;
b_eerste_hoogweg2_adj;Eerste Hoogweg2;;;;;;;;;;;;;
b_eerste_hoogweg2_desc;Eerste Hoogweg2;;;;;;;;;;;;;
zachterzee;Zachterzee;;;;;;;;;;;;;
zachterzee_adj;Zachterzee;;;;;;;;;;;;;
zachterzee_desc;Zachterzee;;;;;;;;;;;;;
c_zachterzee;Zachterzee;;;;;;;;;;;;;
c_zachterzee_adj;Zachterzee;;;;;;;;;;;;;
c_zachterzee_desc;Zachterzee;;;;;;;;;;;;;
PROV1012;Zachterzee;;;;;;;;;;;;;
PROV1012_adj;Zachterzee;;;;;;;;;;;;;
PROV1012_desc;Zachterzee;;;;;;;;;;;;;
b_zachterzee;Zachterzee;;;;;;;;;;;;;
b_zachterzee_adj;Zachterzee;;;;;;;;;;;;;
b_zachterzee_desc;Zachterzee;;;;;;;;;;;;;
b_zachterzee2;Zachterzee2;;;;;;;;;;;;;
b_zachterzee2_adj;Zachterzee2;;;;;;;;;;;;;
b_zachterzee2_desc;Zachterzee2;;;;;;;;;;;;;
door_inner;Door Inner;;;;;;;;;;;;;
door_inner_adj;Door Inner;;;;;;;;;;;;;
door_inner_desc;Door Inner;;;;;;;;;;;;;
k_door_inner;Door Inner;;;;;;;;;;;;;
k_door_inner_adj;Door Inner;;;;;;;;;;;;;
k_door_inner_desc;Door Inner;;;;;;;;;;;;;
honderburg;Honderburg;;;;;;;;;;;;;
honderburg_adj;Honderburg;;;;;;;;;;;;;
honderburg_desc;Honderburg;;;;;;;;;;;;;
d_honderburg;Honderburg;;;;;;;;;;;;;
d_honderburg_adj;Honderburg;;;;;;;;;;;;;
d_honderburg_desc;Honderburg;;;;;;;;;;;;;
scherkezuil;Scherkezuil;;;;;;;;;;;;;
scherkezuil_adj;Scherkezuil;;;;;;;;;;;;;
scherkezuil_desc;Scherkezuil;;;;;;;;;;;;;
c_scherkezuil;Scherkezuil;;;;;;;;;;;;;
c_scherkezuil_adj;Scherkezuil;;;;;;;;;;;;;
c_scherkezuil_desc;Scherkezuil;;;;;;;;;;;;;
PROV1013;Scherkezuil;;;;;;;;;;;;;
PROV1013_adj;Scherkezuil;;;;;;;;;;;;;
PROV1013_desc;Scherkezuil;;;;;;;;;;;;;
b_scherkezuil;Scherkezuil;;;;;;;;;;;;;
b_scherkezuil_adj;Scherkezuil;;;;;;;;;;;;;
b_scherkezuil_desc;Scherkezuil;;;;;;;;;;;;;
b_scherkezuil2;Scherkezuil2;;;;;;;;;;;;;
b_scherkezuil2_adj;Scherkezuil2;;;;;;;;;;;;;
b_scherkezuil2_desc;Scherkezuil2;;;;;;;;;;;;;
eismeer;Eismeer;;;;;;;;;;;;;
eismeer_adj;Eismeer;;;;;;;;;;;;;
eismeer_desc;Eismeer;;;;;;;;;;;;;
c_eismeer;Eismeer;;;;;;;;;;;;;
c_eismeer_adj;Eismeer;;;;;;;;;;;;;
c_eismeer_desc;Eismeer;;;;;;;;;;;;;
PROV1014;Eismeer;;;;;;;;;;;;;
PROV1014_adj;Eismeer;;;;;;;;;;;;;
PROV1014_desc;Eismeer;;;;;;;;;;;;;
b_eismeer;Eismeer;;;;;;;;;;;;;
b_eismeer_adj;Eismeer;;;;;;;;;;;;;
b_eismeer_desc;Eismeer;;;;;;;;;;;;;
b_eismeer2;Eismeer2;;;;;;;;;;;;;
b_eismeer2_adj;Eismeer2;;;;;;;;;;;;;
b_eismeer2_desc;Eismeer2;;;;;;;;;;;;;
zuidmeer;Zuidmeer;;;;;;;;;;;;;
zuidmeer_adj;Zuidmeer;;;;;;;;;;;;;
zuidmeer_desc;Zuidmeer;;;;;;;;;;;;;
c_zuidmeer;Zuidmeer;;;;;;;;;;;;;
c_zuidmeer_adj;Zuidmeer;;;;;;;;;;;;;
c_zuidmeer_desc;Zuidmeer;;;;;;;;;;;;;
PROV1015;Zuidmeer;;;;;;;;;;;;;
PROV1015_adj;Zuidmeer;;;;;;;;;;;;;
PROV1015_desc;Zuidmeer;;;;;;;;;;;;;
b_zuidmeer;Zuidmeer;;;;;;;;;;;;;
b_zuidmeer_adj;Zuidmeer;;;;;;;;;;;;;
b_zuidmeer_desc;Zuidmeer;;;;;;;;;;;;;
b_zuidmeer2;Zuidmeer2;;;;;;;;;;;;;
b_zuidmeer2_adj;Zuidmeer2;;;;;;;;;;;;;
b_zuidmeer2_desc;Zuidmeer2;;;;;;;;;;;;;
schatmeer;Schatmeer;;;;;;;;;;;;;
schatmeer_adj;Schatmeer;;;;;;;;;;;;;
schatmeer_desc;Schatmeer;;;;;;;;;;;;;
c_schatmeer;Schatmeer;;;;;;;;;;;;;
c_schatmeer_adj;Schatmeer;;;;;;;;;;;;;
c_schatmeer_desc;Schatmeer;;;;;;;;;;;;;
PROV1016;Schatmeer;;;;;;;;;;;;;
PROV1016_adj;Schatmeer;;;;;;;;;;;;;
PROV1016_desc;Schatmeer;;;;;;;;;;;;;
b_schatmeer;Schatmeer;;;;;;;;;;;;;
b_schatmeer_adj;Schatmeer;;;;;;;;;;;;;
b_schatmeer_desc;Schatmeer;;;;;;;;;;;;;
b_schatmeer2;Schatmeer2;;;;;;;;;;;;;
b_schatmeer2_adj;Schatmeer2;;;;;;;;;;;;;
b_schatmeer2_desc;Schatmeer2;;;;;;;;;;;;;
riddere;Riddere;;;;;;;;;;;;;
riddere_adj;Riddere;;;;;;;;;;;;;
riddere_desc;Riddere;;;;;;;;;;;;;
d_riddere;Riddere;;;;;;;;;;;;;
d_riddere_adj;Riddere;;;;;;;;;;;;;
d_riddere_desc;Riddere;;;;;;;;;;;;;
bergklooster;Bergklooster;;;;;;;;;;;;;
bergklooster_adj;Bergklooster;;;;;;;;;;;;;
bergklooster_desc;Bergklooster;;;;;;;;;;;;;
c_bergklooster;Bergklooster;;;;;;;;;;;;;
c_bergklooster_adj;Bergklooster;;;;;;;;;;;;;
c_bergklooster_desc;Bergklooster;;;;;;;;;;;;;
PROV1017;Bergklooster;;;;;;;;;;;;;
PROV1017_adj;Bergklooster;;;;;;;;;;;;;
PROV1017_desc;Bergklooster;;;;;;;;;;;;;
b_bergklooster;Bergklooster;;;;;;;;;;;;;
b_bergklooster_adj;Bergklooster;;;;;;;;;;;;;
b_bergklooster_desc;Bergklooster;;;;;;;;;;;;;
b_bergklooster2;Bergklooster2;;;;;;;;;;;;;
b_bergklooster2_adj;Bergklooster2;;;;;;;;;;;;;
b_bergklooster2_desc;Bergklooster2;;;;;;;;;;;;;
kogelgat;Kogelgat;;;;;;;;;;;;;
kogelgat_adj;Kogelgat;;;;;;;;;;;;;
kogelgat_desc;Kogelgat;;;;;;;;;;;;;
c_kogelgat;Kogelgat;;;;;;;;;;;;;
c_kogelgat_adj;Kogelgat;;;;;;;;;;;;;
c_kogelgat_desc;Kogelgat;;;;;;;;;;;;;
PROV1018;Kogelgat;;;;;;;;;;;;;
PROV1018_adj;Kogelgat;;;;;;;;;;;;;
PROV1018_desc;Kogelgat;;;;;;;;;;;;;
b_kogelgat;Kogelgat;;;;;;;;;;;;;
b_kogelgat_adj;Kogelgat;;;;;;;;;;;;;
b_kogelgat_desc;Kogelgat;;;;;;;;;;;;;
b_kogelgat2;Kogelgat2;;;;;;;;;;;;;
b_kogelgat2_adj;Kogelgat2;;;;;;;;;;;;;
b_kogelgat2_desc;Kogelgat2;;;;;;;;;;;;;
dommeburg;Dommeburg;;;;;;;;;;;;;
dommeburg_adj;Dommeburg;;;;;;;;;;;;;
dommeburg_desc;Dommeburg;;;;;;;;;;;;;
c_dommeburg;Dommeburg;;;;;;;;;;;;;
c_dommeburg_adj;Dommeburg;;;;;;;;;;;;;
c_dommeburg_desc;Dommeburg;;;;;;;;;;;;;
PROV1019;Dommeburg;;;;;;;;;;;;;
PROV1019_adj;Dommeburg;;;;;;;;;;;;;
PROV1019_desc;Dommeburg;;;;;;;;;;;;;
b_dommeburg;Dommeburg;;;;;;;;;;;;;
b_dommeburg_adj;Dommeburg;;;;;;;;;;;;;
b_dommeburg_desc;Dommeburg;;;;;;;;;;;;;
b_dommeburg2;Dommeburg2;;;;;;;;;;;;;
b_dommeburg2_adj;Dommeburg2;;;;;;;;;;;;;
b_dommeburg2_desc;Dommeburg2;;;;;;;;;;;;;
stuur;Stuur;;;;;;;;;;;;;
stuur_adj;Stuur;;;;;;;;;;;;;
stuur_desc;Stuur;;;;;;;;;;;;;
c_stuur;Stuur;;;;;;;;;;;;;
c_stuur_adj;Stuur;;;;;;;;;;;;;
c_stuur_desc;Stuur;;;;;;;;;;;;;
PROV1020;Stuur;;;;;;;;;;;;;
PROV1020_adj;Stuur;;;;;;;;;;;;;
PROV1020_desc;Stuur;;;;;;;;;;;;;
b_stuur;Stuur;;;;;;;;;;;;;
b_stuur_adj;Stuur;;;;;;;;;;;;;
b_stuur_desc;Stuur;;;;;;;;;;;;;
b_stuur2;Stuur2;;;;;;;;;;;;;
b_stuur2_adj;Stuur2;;;;;;;;;;;;;
b_stuur2_desc;Stuur2;;;;;;;;;;;;;
c_riddere;Riddere;;;;;;;;;;;;;
c_riddere_adj;Riddere;;;;;;;;;;;;;
c_riddere_desc;Riddere;;;;;;;;;;;;;
PROV1021;Riddere;;;;;;;;;;;;;
PROV1021_adj;Riddere;;;;;;;;;;;;;
PROV1021_desc;Riddere;;;;;;;;;;;;;
b_riddere;Riddere;;;;;;;;;;;;;
b_riddere_adj;Riddere;;;;;;;;;;;;;
b_riddere_desc;Riddere;;;;;;;;;;;;;
b_riddere2;Riddere2;;;;;;;;;;;;;
b_riddere2_adj;Riddere2;;;;;;;;;;;;;
b_riddere2_desc;Riddere2;;;;;;;;;;;;;
tempelmuur;Tempelmuur;;;;;;;;;;;;;
tempelmuur_adj;Tempelmuur;;;;;;;;;;;;;
tempelmuur_desc;Tempelmuur;;;;;;;;;;;;;
d_tempelmuur;Tempelmuur;;;;;;;;;;;;;
d_tempelmuur_adj;Tempelmuur;;;;;;;;;;;;;
d_tempelmuur_desc;Tempelmuur;;;;;;;;;;;;;
doorne;Doorne;;;;;;;;;;;;;
doorne_adj;Doorne;;;;;;;;;;;;;
doorne_desc;Doorne;;;;;;;;;;;;;
c_doorne;Doorne;;;;;;;;;;;;;
c_doorne_adj;Doorne;;;;;;;;;;;;;
c_doorne_desc;Doorne;;;;;;;;;;;;;
PROV1022;Doorne;;;;;;;;;;;;;
PROV1022_adj;Doorne;;;;;;;;;;;;;
PROV1022_desc;Doorne;;;;;;;;;;;;;
b_doorne;Doorne;;;;;;;;;;;;;
b_doorne_adj;Doorne;;;;;;;;;;;;;
b_doorne_desc;Doorne;;;;;;;;;;;;;
b_doorne2;Doorne2;;;;;;;;;;;;;
b_doorne2_adj;Doorne2;;;;;;;;;;;;;
b_doorne2_desc;Doorne2;;;;;;;;;;;;;
ine_hart;Ine Hart;;;;;;;;;;;;;
ine_hart_adj;Ine Hart;;;;;;;;;;;;;
ine_hart_desc;Ine Hart;;;;;;;;;;;;;
c_ine_hart;Ine Hart;;;;;;;;;;;;;
c_ine_hart_adj;Ine Hart;;;;;;;;;;;;;
c_ine_hart_desc;Ine Hart;;;;;;;;;;;;;
PROV1023;Ine Hart;;;;;;;;;;;;;
PROV1023_adj;Ine Hart;;;;;;;;;;;;;
PROV1023_desc;Ine Hart;;;;;;;;;;;;;
b_ine_hart;Ine Hart;;;;;;;;;;;;;
b_ine_hart_adj;Ine Hart;;;;;;;;;;;;;
b_ine_hart_desc;Ine Hart;;;;;;;;;;;;;
b_ine_hart2;Ine Hart2;;;;;;;;;;;;;
b_ine_hart2_adj;Ine Hart2;;;;;;;;;;;;;
b_ine_hart2_desc;Ine Hart2;;;;;;;;;;;;;
grotklooster;Grotklooster;;;;;;;;;;;;;
grotklooster_adj;Grotklooster;;;;;;;;;;;;;
grotklooster_desc;Grotklooster;;;;;;;;;;;;;
c_grotklooster;Grotklooster;;;;;;;;;;;;;
c_grotklooster_adj;Grotklooster;;;;;;;;;;;;;
c_grotklooster_desc;Grotklooster;;;;;;;;;;;;;
PROV1024;Grotklooster;;;;;;;;;;;;;
PROV1024_adj;Grotklooster;;;;;;;;;;;;;
PROV1024_desc;Grotklooster;;;;;;;;;;;;;
b_grotklooster;Grotklooster;;;;;;;;;;;;;
b_grotklooster_adj;Grotklooster;;;;;;;;;;;;;
b_grotklooster_desc;Grotklooster;;;;;;;;;;;;;
b_grotklooster2;Grotklooster2;;;;;;;;;;;;;
b_grotklooster2_adj;Grotklooster2;;;;;;;;;;;;;
b_grotklooster2_desc;Grotklooster2;;;;;;;;;;;;;
c_tempelmuur;Tempelmuur;;;;;;;;;;;;;
c_tempelmuur_adj;Tempelmuur;;;;;;;;;;;;;
c_tempelmuur_desc;Tempelmuur;;;;;;;;;;;;;
PROV1025;Tempelmuur;;;;;;;;;;;;;
PROV1025_adj;Tempelmuur;;;;;;;;;;;;;
PROV1025_desc;Tempelmuur;;;;;;;;;;;;;
b_tempelmuur;Tempelmuur;;;;;;;;;;;;;
b_tempelmuur_adj;Tempelmuur;;;;;;;;;;;;;
b_tempelmuur_desc;Tempelmuur;;;;;;;;;;;;;
b_tempelmuur2;Tempelmuur2;;;;;;;;;;;;;
b_tempelmuur2_adj;Tempelmuur2;;;;;;;;;;;;;
b_tempelmuur2_desc;Tempelmuur2;;;;;;;;;;;;;
eldringen;Eldringen;;;;;;;;;;;;;
eldringen_adj;Eldringen;;;;;;;;;;;;;
eldringen_desc;Eldringen;;;;;;;;;;;;;
k_eldringen;Eldringen;;;;;;;;;;;;;
k_eldringen_adj;Eldringen;;;;;;;;;;;;;
k_eldringen_desc;Eldringen;;;;;;;;;;;;;
bosseburgh;Bosseburgh;;;;;;;;;;;;;
bosseburgh_adj;Bosseburgh;;;;;;;;;;;;;
bosseburgh_desc;Bosseburgh;;;;;;;;;;;;;
d_bosseburgh;Bosseburgh;;;;;;;;;;;;;
d_bosseburgh_adj;Bosseburgh;;;;;;;;;;;;;
d_bosseburgh_desc;Bosseburgh;;;;;;;;;;;;;
arendskerke;Arendskerke;;;;;;;;;;;;;
arendskerke_adj;Arendskerke;;;;;;;;;;;;;
arendskerke_desc;Arendskerke;;;;;;;;;;;;;
c_arendskerke;Arendskerke;;;;;;;;;;;;;
c_arendskerke_adj;Arendskerke;;;;;;;;;;;;;
c_arendskerke_desc;Arendskerke;;;;;;;;;;;;;
PROV1026;Arendskerke;;;;;;;;;;;;;
PROV1026_adj;Arendskerke;;;;;;;;;;;;;
PROV1026_desc;Arendskerke;;;;;;;;;;;;;
b_arendskerke;Arendskerke;;;;;;;;;;;;;
b_arendskerke_adj;Arendskerke;;;;;;;;;;;;;
b_arendskerke_desc;Arendskerke;;;;;;;;;;;;;
b_arendskerke2;Arendskerke2;;;;;;;;;;;;;
b_arendskerke2_adj;Arendskerke2;;;;;;;;;;;;;
b_arendskerke2_desc;Arendskerke2;;;;;;;;;;;;;
c_bosseburgh;Bosseburgh;;;;;;;;;;;;;
c_bosseburgh_adj;Bosseburgh;;;;;;;;;;;;;
c_bosseburgh_desc;Bosseburgh;;;;;;;;;;;;;
PROV1027;Bosseburgh;;;;;;;;;;;;;
PROV1027_adj;Bosseburgh;;;;;;;;;;;;;
PROV1027_desc;Bosseburgh;;;;;;;;;;;;;
b_bosseburgh;Bosseburgh;;;;;;;;;;;;;
b_bosseburgh_adj;Bosseburgh;;;;;;;;;;;;;
b_bosseburgh_desc;Bosseburgh;;;;;;;;;;;;;
b_bosseburgh2;Bosseburgh2;;;;;;;;;;;;;
b_bosseburgh2_adj;Bosseburgh2;;;;;;;;;;;;;
b_bosseburgh2_desc;Bosseburgh2;;;;;;;;;;;;;
heerepolder;Heerepolder;;;;;;;;;;;;;
heerepolder_adj;Heerepolder;;;;;;;;;;;;;
heerepolder_desc;Heerepolder;;;;;;;;;;;;;
d_heerepolder;Heerepolder;;;;;;;;;;;;;
d_heerepolder_adj;Heerepolder;;;;;;;;;;;;;
d_heerepolder_desc;Heerepolder;;;;;;;;;;;;;
c_heerepolder;Heerepolder;;;;;;;;;;;;;
c_heerepolder_adj;Heerepolder;;;;;;;;;;;;;
c_heerepolder_desc;Heerepolder;;;;;;;;;;;;;
PROV1028;Heerepolder;;;;;;;;;;;;;
PROV1028_adj;Heerepolder;;;;;;;;;;;;;
PROV1028_desc;Heerepolder;;;;;;;;;;;;;
b_heerepolder;Heerepolder;;;;;;;;;;;;;
b_heerepolder_adj;Heerepolder;;;;;;;;;;;;;
b_heerepolder_desc;Heerepolder;;;;;;;;;;;;;
b_heerepolder2;Heerepolder2;;;;;;;;;;;;;
b_heerepolder2_adj;Heerepolder2;;;;;;;;;;;;;
b_heerepolder2_desc;Heerepolder2;;;;;;;;;;;;;
kinderswijk;Kinderswijk;;;;;;;;;;;;;
kinderswijk_adj;Kinderswijk;;;;;;;;;;;;;
kinderswijk_desc;Kinderswijk;;;;;;;;;;;;;
c_kinderswijk;Kinderswijk;;;;;;;;;;;;;
c_kinderswijk_adj;Kinderswijk;;;;;;;;;;;;;
c_kinderswijk_desc;Kinderswijk;;;;;;;;;;;;;
PROV1029;Kinderswijk;;;;;;;;;;;;;
PROV1029_adj;Kinderswijk;;;;;;;;;;;;;
PROV1029_desc;Kinderswijk;;;;;;;;;;;;;
b_kinderswijk;Kinderswijk;;;;;;;;;;;;;
b_kinderswijk_adj;Kinderswijk;;;;;;;;;;;;;
b_kinderswijk_desc;Kinderswijk;;;;;;;;;;;;;
b_kinderswijk2;Kinderswijk2;;;;;;;;;;;;;
b_kinderswijk2_adj;Kinderswijk2;;;;;;;;;;;;;
b_kinderswijk2_desc;Kinderswijk2;;;;;;;;;;;;;
mieddelkerke;Mieddelkerke;;;;;;;;;;;;;
mieddelkerke_adj;Mieddelkerke;;;;;;;;;;;;;
mieddelkerke_desc;Mieddelkerke;;;;;;;;;;;;;
c_mieddelkerke;Mieddelkerke;;;;;;;;;;;;;
c_mieddelkerke_adj;Mieddelkerke;;;;;;;;;;;;;
c_mieddelkerke_desc;Mieddelkerke;;;;;;;;;;;;;
PROV1030;Mieddelkerke;;;;;;;;;;;;;
PROV1030_adj;Mieddelkerke;;;;;;;;;;;;;
PROV1030_desc;Mieddelkerke;;;;;;;;;;;;;
b_mieddelkerke;Mieddelkerke;;;;;;;;;;;;;
b_mieddelkerke_adj;Mieddelkerke;;;;;;;;;;;;;
b_mieddelkerke_desc;Mieddelkerke;;;;;;;;;;;;;
b_mieddelkerke2;Mieddelkerke2;;;;;;;;;;;;;
b_mieddelkerke2_adj;Mieddelkerke2;;;;;;;;;;;;;
b_mieddelkerke2_desc;Mieddelkerke2;;;;;;;;;;;;;
vrouwepolder;Vrouwepolder;;;;;;;;;;;;;
vrouwepolder_adj;Vrouwepolder;;;;;;;;;;;;;
vrouwepolder_desc;Vrouwepolder;;;;;;;;;;;;;
c_vrouwepolder;Vrouwepolder;;;;;;;;;;;;;
c_vrouwepolder_adj;Vrouwepolder;;;;;;;;;;;;;
c_vrouwepolder_desc;Vrouwepolder;;;;;;;;;;;;;
PROV1031;Vrouwepolder;;;;;;;;;;;;;
PROV1031_adj;Vrouwepolder;;;;;;;;;;;;;
PROV1031_desc;Vrouwepolder;;;;;;;;;;;;;
b_vrouwepolder;Vrouwepolder;;;;;;;;;;;;;
b_vrouwepolder_adj;Vrouwepolder;;;;;;;;;;;;;
b_vrouwepolder_desc;Vrouwepolder;;;;;;;;;;;;;
b_vrouwepolder2;Vrouwepolder2;;;;;;;;;;;;;
b_vrouwepolder2_adj;Vrouwepolder2;;;;;;;;;;;;;
b_vrouwepolder2_desc;Vrouwepolder2;;;;;;;;;;;;;
huilendom;Huilendom;;;;;;;;;;;;;
huilendom_adj;Huilendom;;;;;;;;;;;;;
huilendom_desc;Huilendom;;;;;;;;;;;;;
d_huilendom;Huilendom;;;;;;;;;;;;;
d_huilendom_adj;Huilendom;;;;;;;;;;;;;
d_huilendom_desc;Huilendom;;;;;;;;;;;;;
abeelskerke;Abeelskerke;;;;;;;;;;;;;
abeelskerke_adj;Abeelskerke;;;;;;;;;;;;;
abeelskerke_desc;Abeelskerke;;;;;;;;;;;;;
c_abeelskerke;Abeelskerke;;;;;;;;;;;;;
c_abeelskerke_adj;Abeelskerke;;;;;;;;;;;;;
c_abeelskerke_desc;Abeelskerke;;;;;;;;;;;;;
PROV1032;Abeelskerke;;;;;;;;;;;;;
PROV1032_adj;Abeelskerke;;;;;;;;;;;;;
PROV1032_desc;Abeelskerke;;;;;;;;;;;;;
b_abeelskerke;Abeelskerke;;;;;;;;;;;;;
b_abeelskerke_adj;Abeelskerke;;;;;;;;;;;;;
b_abeelskerke_desc;Abeelskerke;;;;;;;;;;;;;
b_abeelskerke2;Abeelskerke2;;;;;;;;;;;;;
b_abeelskerke2_adj;Abeelskerke2;;;;;;;;;;;;;
b_abeelskerke2_desc;Abeelskerke2;;;;;;;;;;;;;
kortgene;Kortgene;;;;;;;;;;;;;
kortgene_adj;Kortgene;;;;;;;;;;;;;
kortgene_desc;Kortgene;;;;;;;;;;;;;
c_kortgene;Kortgene;;;;;;;;;;;;;
c_kortgene_adj;Kortgene;;;;;;;;;;;;;
c_kortgene_desc;Kortgene;;;;;;;;;;;;;
PROV1033;Kortgene;;;;;;;;;;;;;
PROV1033_adj;Kortgene;;;;;;;;;;;;;
PROV1033_desc;Kortgene;;;;;;;;;;;;;
b_kortgene;Kortgene;;;;;;;;;;;;;
b_kortgene_adj;Kortgene;;;;;;;;;;;;;
b_kortgene_desc;Kortgene;;;;;;;;;;;;;
b_kortgene2;Kortgene2;;;;;;;;;;;;;
b_kortgene2_adj;Kortgene2;;;;;;;;;;;;;
b_kortgene2_desc;Kortgene2;;;;;;;;;;;;;
zierikzee;Zierikzee;;;;;;;;;;;;;
zierikzee_adj;Zierikzee;;;;;;;;;;;;;
zierikzee_desc;Zierikzee;;;;;;;;;;;;;
c_zierikzee;Zierikzee;;;;;;;;;;;;;
c_zierikzee_adj;Zierikzee;;;;;;;;;;;;;
c_zierikzee_desc;Zierikzee;;;;;;;;;;;;;
PROV1034;Zierikzee;;;;;;;;;;;;;
PROV1034_adj;Zierikzee;;;;;;;;;;;;;
PROV1034_desc;Zierikzee;;;;;;;;;;;;;
b_zierikzee;Zierikzee;;;;;;;;;;;;;
b_zierikzee_adj;Zierikzee;;;;;;;;;;;;;
b_zierikzee_desc;Zierikzee;;;;;;;;;;;;;
b_zierikzee2;Zierikzee2;;;;;;;;;;;;;
b_zierikzee2_adj;Zierikzee2;;;;;;;;;;;;;
b_zierikzee2_desc;Zierikzee2;;;;;;;;;;;;;
eikenbos;Eikenbos;;;;;;;;;;;;;
eikenbos_adj;Eikenbos;;;;;;;;;;;;;
eikenbos_desc;Eikenbos;;;;;;;;;;;;;
c_eikenbos;Eikenbos;;;;;;;;;;;;;
c_eikenbos_adj;Eikenbos;;;;;;;;;;;;;
c_eikenbos_desc;Eikenbos;;;;;;;;;;;;;
PROV1035;Eikenbos;;;;;;;;;;;;;
PROV1035_adj;Eikenbos;;;;;;;;;;;;;
PROV1035_desc;Eikenbos;;;;;;;;;;;;;
b_eikenbos;Eikenbos;;;;;;;;;;;;;
b_eikenbos_adj;Eikenbos;;;;;;;;;;;;;
b_eikenbos_desc;Eikenbos;;;;;;;;;;;;;
b_eikenbos2;Eikenbos2;;;;;;;;;;;;;
b_eikenbos2_adj;Eikenbos2;;;;;;;;;;;;;
b_eikenbos2_desc;Eikenbos2;;;;;;;;;;;;;
c_huilendom;Huilendom;;;;;;;;;;;;;
c_huilendom_adj;Huilendom;;;;;;;;;;;;;
c_huilendom_desc;Huilendom;;;;;;;;;;;;;
PROV1036;Huilendom;;;;;;;;;;;;;
PROV1036_adj;Huilendom;;;;;;;;;;;;;
PROV1036_desc;Huilendom;;;;;;;;;;;;;
b_huilendom;Huilendom;;;;;;;;;;;;;
b_huilendom_adj;Huilendom;;;;;;;;;;;;;
b_huilendom_desc;Huilendom;;;;;;;;;;;;;
b_huilendom2;Huilendom2;;;;;;;;;;;;;
b_huilendom2_adj;Huilendom2;;;;;;;;;;;;;
b_huilendom2_desc;Huilendom2;;;;;;;;;;;;;
serooskerke;Serooskerke;;;;;;;;;;;;;
serooskerke_adj;Serooskerke;;;;;;;;;;;;;
serooskerke_desc;Serooskerke;;;;;;;;;;;;;
d_serooskerke;Serooskerke;;;;;;;;;;;;;
d_serooskerke_adj;Serooskerke;;;;;;;;;;;;;
d_serooskerke_desc;Serooskerke;;;;;;;;;;;;;
coli_jnsplaats;Coli Jnsplaats;;;;;;;;;;;;;
coli_jnsplaats_adj;Coli Jnsplaats;;;;;;;;;;;;;
coli_jnsplaats_desc;Coli Jnsplaats;;;;;;;;;;;;;
c_coli_jnsplaats;Coli Jnsplaats;;;;;;;;;;;;;
c_coli_jnsplaats_adj;Coli Jnsplaats;;;;;;;;;;;;;
c_coli_jnsplaats_desc;Coli Jnsplaats;;;;;;;;;;;;;
PROV1037;Coli Jnsplaats;;;;;;;;;;;;;
PROV1037_adj;Coli Jnsplaats;;;;;;;;;;;;;
PROV1037_desc;Coli Jnsplaats;;;;;;;;;;;;;
b_coli_jnsplaats;Coli Jnsplaats;;;;;;;;;;;;;
b_coli_jnsplaats_adj;Coli Jnsplaats;;;;;;;;;;;;;
b_coli_jnsplaats_desc;Coli Jnsplaats;;;;;;;;;;;;;
b_coli_jnsplaats2;Coli Jnsplaats2;;;;;;;;;;;;;
b_coli_jnsplaats2_adj;Coli Jnsplaats2;;;;;;;;;;;;;
b_coli_jnsplaats2_desc;Coli Jnsplaats2;;;;;;;;;;;;;
berkenbos;Berkenbos;;;;;;;;;;;;;
berkenbos_adj;Berkenbos;;;;;;;;;;;;;
berkenbos_desc;Berkenbos;;;;;;;;;;;;;
c_berkenbos;Berkenbos;;;;;;;;;;;;;
c_berkenbos_adj;Berkenbos;;;;;;;;;;;;;
c_berkenbos_desc;Berkenbos;;;;;;;;;;;;;
PROV1038;Berkenbos;;;;;;;;;;;;;
PROV1038_adj;Berkenbos;;;;;;;;;;;;;
PROV1038_desc;Berkenbos;;;;;;;;;;;;;
b_berkenbos;Berkenbos;;;;;;;;;;;;;
b_berkenbos_adj;Berkenbos;;;;;;;;;;;;;
b_berkenbos_desc;Berkenbos;;;;;;;;;;;;;
b_berkenbos2;Berkenbos2;;;;;;;;;;;;;
b_berkenbos2_adj;Berkenbos2;;;;;;;;;;;;;
b_berkenbos2_desc;Berkenbos2;;;;;;;;;;;;;
c_serooskerke;Serooskerke;;;;;;;;;;;;;
c_serooskerke_adj;Serooskerke;;;;;;;;;;;;;
c_serooskerke_desc;Serooskerke;;;;;;;;;;;;;
PROV1039;Serooskerke;;;;;;;;;;;;;
PROV1039_adj;Serooskerke;;;;;;;;;;;;;
PROV1039_desc;Serooskerke;;;;;;;;;;;;;
b_serooskerke;Serooskerke;;;;;;;;;;;;;
b_serooskerke_adj;Serooskerke;;;;;;;;;;;;;
b_serooskerke_desc;Serooskerke;;;;;;;;;;;;;
b_serooskerke2;Serooskerke2;;;;;;;;;;;;;
b_serooskerke2_adj;Serooskerke2;;;;;;;;;;;;;
b_serooskerke2_desc;Serooskerke2;;;;;;;;;;;;;
harteland;Harteland;;;;;;;;;;;;;
harteland_adj;Harteland;;;;;;;;;;;;;
harteland_desc;Harteland;;;;;;;;;;;;;
k_harteland;Harteland;;;;;;;;;;;;;
k_harteland_adj;Harteland;;;;;;;;;;;;;
k_harteland_desc;Harteland;;;;;;;;;;;;;
aklsfoort;Aklsfoort;;;;;;;;;;;;;
aklsfoort_adj;Aklsfoort;;;;;;;;;;;;;
aklsfoort_desc;Aklsfoort;;;;;;;;;;;;;
d_aklsfoort;Aklsfoort;;;;;;;;;;;;;
d_aklsfoort_adj;Aklsfoort;;;;;;;;;;;;;
d_aklsfoort_desc;Aklsfoort;;;;;;;;;;;;;
goudgat;Goudgat;;;;;;;;;;;;;
goudgat_adj;Goudgat;;;;;;;;;;;;;
goudgat_desc;Goudgat;;;;;;;;;;;;;
c_goudgat;Goudgat;;;;;;;;;;;;;
c_goudgat_adj;Goudgat;;;;;;;;;;;;;
c_goudgat_desc;Goudgat;;;;;;;;;;;;;
PROV1040;Goudgat;;;;;;;;;;;;;
PROV1040_adj;Goudgat;;;;;;;;;;;;;
PROV1040_desc;Goudgat;;;;;;;;;;;;;
b_goudgat;Goudgat;;;;;;;;;;;;;
b_goudgat_adj;Goudgat;;;;;;;;;;;;;
b_goudgat_desc;Goudgat;;;;;;;;;;;;;
b_goudgat2;Goudgat2;;;;;;;;;;;;;
b_goudgat2_adj;Goudgat2;;;;;;;;;;;;;
b_goudgat2_desc;Goudgat2;;;;;;;;;;;;;
platzaak;Platzaak;;;;;;;;;;;;;
platzaak_adj;Platzaak;;;;;;;;;;;;;
platzaak_desc;Platzaak;;;;;;;;;;;;;
c_platzaak;Platzaak;;;;;;;;;;;;;
c_platzaak_adj;Platzaak;;;;;;;;;;;;;
c_platzaak_desc;Platzaak;;;;;;;;;;;;;
PROV1041;Platzaak;;;;;;;;;;;;;
PROV1041_adj;Platzaak;;;;;;;;;;;;;
PROV1041_desc;Platzaak;;;;;;;;;;;;;
b_platzaak;Platzaak;;;;;;;;;;;;;
b_platzaak_adj;Platzaak;;;;;;;;;;;;;
b_platzaak_desc;Platzaak;;;;;;;;;;;;;
b_platzaak2;Platzaak2;;;;;;;;;;;;;
b_platzaak2_adj;Platzaak2;;;;;;;;;;;;;
b_platzaak2_desc;Platzaak2;;;;;;;;;;;;;
hondeburg;Hondeburg;;;;;;;;;;;;;
hondeburg_adj;Hondeburg;;;;;;;;;;;;;
hondeburg_desc;Hondeburg;;;;;;;;;;;;;
d_hondeburg;Hondeburg;;;;;;;;;;;;;
d_hondeburg_adj;Hondeburg;;;;;;;;;;;;;
d_hondeburg_desc;Hondeburg;;;;;;;;;;;;;
vortzee;Vortzee;;;;;;;;;;;;;
vortzee_adj;Vortzee;;;;;;;;;;;;;
vortzee_desc;Vortzee;;;;;;;;;;;;;
c_vortzee;Vortzee;;;;;;;;;;;;;
c_vortzee_adj;Vortzee;;;;;;;;;;;;;
c_vortzee_desc;Vortzee;;;;;;;;;;;;;
PROV1042;Vortzee;;;;;;;;;;;;;
PROV1042_adj;Vortzee;;;;;;;;;;;;;
PROV1042_desc;Vortzee;;;;;;;;;;;;;
b_vortzee;Vortzee;;;;;;;;;;;;;
b_vortzee_adj;Vortzee;;;;;;;;;;;;;
b_vortzee_desc;Vortzee;;;;;;;;;;;;;
b_vortzee2;Vortzee2;;;;;;;;;;;;;
b_vortzee2_adj;Vortzee2;;;;;;;;;;;;;
b_vortzee2_desc;Vortzee2;;;;;;;;;;;;;
gekkedom;Gekkedom;;;;;;;;;;;;;
gekkedom_adj;Gekkedom;;;;;;;;;;;;;
gekkedom_desc;Gekkedom;;;;;;;;;;;;;
c_gekkedom;Gekkedom;;;;;;;;;;;;;
c_gekkedom_adj;Gekkedom;;;;;;;;;;;;;
c_gekkedom_desc;Gekkedom;;;;;;;;;;;;;
PROV1043;Gekkedom;;;;;;;;;;;;;
PROV1043_adj;Gekkedom;;;;;;;;;;;;;
PROV1043_desc;Gekkedom;;;;;;;;;;;;;
b_gekkedom;Gekkedom;;;;;;;;;;;;;
b_gekkedom_adj;Gekkedom;;;;;;;;;;;;;
b_gekkedom_desc;Gekkedom;;;;;;;;;;;;;
b_gekkedom2;Gekkedom2;;;;;;;;;;;;;
b_gekkedom2_adj;Gekkedom2;;;;;;;;;;;;;
b_gekkedom2_desc;Gekkedom2;;;;;;;;;;;;;
axenfoord;Axenfoord;;;;;;;;;;;;;
axenfoord_adj;Axenfoorder;;;;;;;;;;;;;
axenfoord_desc;axenfoord;;;;;;;;;;;;;
c_axenfoord;Axenfoord;;;;;;;;;;;;;
c_axenfoord_adj;Axenfoorder;;;;;;;;;;;;;
c_axenfoord_desc;Axenfoord;;;;;;;;;;;;;
PROV1044;Axenfoord;;;;;;;;;;;;;
PROV1044_adj;Axenfoord;;;;;;;;;;;;;
PROV1044_desc;Axenfoord;;;;;;;;;;;;;
b_axenfoord1;Axenfoord;;;;;;;;;;;;;
b_axenfoord1_adj;Axenfoorder;;;;;;;;;;;;;
b_axenfoord1_desc;Axenfoord;;;;;;;;;;;;;
b_axenfoord2;Axenfoord2;;;;;;;;;;;;;
b_axenfoord2_adj;Axenfoord2;;;;;;;;;;;;;
b_axenfoord2_desc;Axenfoord2;;;;;;;;;;;;;
kattenburg;Kattenburg;;;;;;;;;;;;;
kattenburg_adj;Kattenburg;;;;;;;;;;;;;
kattenburg_desc;Kattenburg;;;;;;;;;;;;;
c_kattenburg;Kattenburg;;;;;;;;;;;;;
c_kattenburg_adj;Kattenburg;;;;;;;;;;;;;
c_kattenburg_desc;Kattenburg;;;;;;;;;;;;;
PROV1045;Kattenburg;;;;;;;;;;;;;
PROV1045_adj;Kattenburg;;;;;;;;;;;;;
PROV1045_desc;Kattenburg;;;;;;;;;;;;;
b_kattenburg;Kattenburg;;;;;;;;;;;;;
b_kattenburg_adj;Kattenburg;;;;;;;;;;;;;
b_kattenburg_desc;Kattenburg;;;;;;;;;;;;;
b_kattenburg2;Kattenburg2;;;;;;;;;;;;;
b_kattenburg2_adj;Kattenburg2;;;;;;;;;;;;;
b_kattenburg2_desc;Kattenburg2;;;;;;;;;;;;;
c_hondeburg;Hondeburg;;;;;;;;;;;;;
c_hondeburg_adj;Hondeburg;;;;;;;;;;;;;
c_hondeburg_desc;Hondeburg;;;;;;;;;;;;;
PROV1046;Hondeburg;;;;;;;;;;;;;
PROV1046_adj;Hondeburg;;;;;;;;;;;;;
PROV1046_desc;Hondeburg;;;;;;;;;;;;;
b_hondeburg;Hondeburg;;;;;;;;;;;;;
b_hondeburg_adj;Hondeburg;;;;;;;;;;;;;
b_hondeburg_desc;Hondeburg;;;;;;;;;;;;;
b_hondeburg2;Hondeburg2;;;;;;;;;;;;;
b_hondeburg2_adj;Hondeburg2;;;;;;;;;;;;;
b_hondeburg2_desc;Hondeburg2;;;;;;;;;;;;;
turaal;Turaal;;;;;;;;;;;;;
turaal_adj;Turaal;;;;;;;;;;;;;
turaal_desc;Turaal;;;;;;;;;;;;;
d_turaal;Turaal;;;;;;;;;;;;;
d_turaal_adj;Turaal;;;;;;;;;;;;;
d_turaal_desc;Turaal;;;;;;;;;;;;;
midburg;Midburg;;;;;;;;;;;;;
midburg_adj;Midburg;;;;;;;;;;;;;
midburg_desc;Midburg;;;;;;;;;;;;;
c_midburg;Midburg;;;;;;;;;;;;;
c_midburg_adj;Midburg;;;;;;;;;;;;;
c_midburg_desc;Midburg;;;;;;;;;;;;;
PROV1047;Midburg;;;;;;;;;;;;;
PROV1047_adj;Midburg;;;;;;;;;;;;;
PROV1047_desc;Midburg;;;;;;;;;;;;;
b_midburg;Midburg;;;;;;;;;;;;;
b_midburg_adj;Midburg;;;;;;;;;;;;;
b_midburg_desc;Midburg;;;;;;;;;;;;;
b_midburg2;Midburg2;;;;;;;;;;;;;
b_midburg2_adj;Midburg2;;;;;;;;;;;;;
b_midburg2_desc;Midburg2;;;;;;;;;;;;;
duizenzwaarde;Duizenzwaarde;;;;;;;;;;;;;
duizenzwaarde_adj;Duizenzwaarde;;;;;;;;;;;;;
duizenzwaarde_desc;Duizenzwaarde;;;;;;;;;;;;;
c_duizenzwaarde;Duizenzwaarde;;;;;;;;;;;;;
c_duizenzwaarde_adj;Duizenzwaarde;;;;;;;;;;;;;
c_duizenzwaarde_desc;Duizenzwaarde;;;;;;;;;;;;;
PROV1048;Duizenzwaarde;;;;;;;;;;;;;
PROV1048_adj;Duizenzwaarde;;;;;;;;;;;;;
PROV1048_desc;Duizenzwaarde;;;;;;;;;;;;;
b_duizenzwaarde;Duizenzwaarde;;;;;;;;;;;;;
b_duizenzwaarde_adj;Duizenzwaarde;;;;;;;;;;;;;
b_duizenzwaarde_desc;Duizenzwaarde;;;;;;;;;;;;;
b_duizenzwaarde2;Duizenzwaarde2;;;;;;;;;;;;;
b_duizenzwaarde2_adj;Duizenzwaarde2;;;;;;;;;;;;;
b_duizenzwaarde2_desc;Duizenzwaarde2;;;;;;;;;;;;;
noordrije;Noordrije;;;;;;;;;;;;;
noordrije_adj;Noordrije;;;;;;;;;;;;;
noordrije_desc;Noordrije;;;;;;;;;;;;;
c_noordrije;Noordrije;;;;;;;;;;;;;
c_noordrije_adj;Noordrije;;;;;;;;;;;;;
c_noordrije_desc;Noordrije;;;;;;;;;;;;;
PROV1049;Noordrije;;;;;;;;;;;;;
PROV1049_adj;Noordrije;;;;;;;;;;;;;
PROV1049_desc;Noordrije;;;;;;;;;;;;;
b_noordrije;Noordrije;;;;;;;;;;;;;
b_noordrije_adj;Noordrije;;;;;;;;;;;;;
b_noordrije_desc;Noordrije;;;;;;;;;;;;;
b_noordrije2;Noordrije2;;;;;;;;;;;;;
b_noordrije2_adj;Noordrije2;;;;;;;;;;;;;
b_noordrije2_desc;Noordrije2;;;;;;;;;;;;;
c_turaal;Turaal;;;;;;;;;;;;;
c_turaal_adj;Turaal;;;;;;;;;;;;;
c_turaal_desc;Turaal;;;;;;;;;;;;;
PROV1050;Turaal;;;;;;;;;;;;;
PROV1050_adj;Turaal;;;;;;;;;;;;;
PROV1050_desc;Turaal;;;;;;;;;;;;;
b_turaal;Turaal;;;;;;;;;;;;;
b_turaal_adj;Turaal;;;;;;;;;;;;;
b_turaal_desc;Turaal;;;;;;;;;;;;;
b_turaal2;Turaal2;;;;;;;;;;;;;
b_turaal2_adj;Turaal2;;;;;;;;;;;;;
b_turaal2_desc;Turaal2;;;;;;;;;;;;;
bombeburg;Bombeburg;;;;;;;;;;;;;
bombeburg_adj;Bombeburg;;;;;;;;;;;;;
bombeburg_desc;Bombeburg;;;;;;;;;;;;;
c_bombeburg;Bombeburg;;;;;;;;;;;;;
c_bombeburg_adj;Bombeburg;;;;;;;;;;;;;
c_bombeburg_desc;Bombeburg;;;;;;;;;;;;;
PROV1051;Bombeburg;;;;;;;;;;;;;
PROV1051_adj;Bombeburg;;;;;;;;;;;;;
PROV1051_desc;Bombeburg;;;;;;;;;;;;;
b_bombeburg;Bombeburg;;;;;;;;;;;;;
b_bombeburg_adj;Bombeburg;;;;;;;;;;;;;
b_bombeburg_desc;Bombeburg;;;;;;;;;;;;;
b_bombeburg2;Bombeburg2;;;;;;;;;;;;;
b_bombeburg2_adj;Bombeburg2;;;;;;;;;;;;;
b_bombeburg2_desc;Bombeburg2;;;;;;;;;;;;;
hoogeland;Hoogeland;;;;;;;;;;;;;
hoogeland_adj;Hoogeland;;;;;;;;;;;;;
hoogeland_desc;Hoogeland;;;;;;;;;;;;;
k_hoogeland;Hoogeland;;;;;;;;;;;;;
k_hoogeland_adj;Hoogeland;;;;;;;;;;;;;
k_hoogeland_desc;Hoogeland;;;;;;;;;;;;;
belfryse;Belfryse;;;;;;;;;;;;;
belfryse_adj;Belfryse;;;;;;;;;;;;;
belfryse_desc;Belfryse;;;;;;;;;;;;;
d_belfryse;Belfryse;;;;;;;;;;;;;
d_belfryse_adj;Belfryse;;;;;;;;;;;;;
d_belfryse_desc;Belfryse;;;;;;;;;;;;;
annaparochie;Annaparochie;;;;;;;;;;;;;
annaparochie_adj;Annaparochie;;;;;;;;;;;;;
annaparochie_desc;Annaparochie;;;;;;;;;;;;;
c_annaparochie;Annaparochie;;;;;;;;;;;;;
c_annaparochie_adj;Annaparochie;;;;;;;;;;;;;
c_annaparochie_desc;Annaparochie;;;;;;;;;;;;;
PROV1052;Annaparochie;;;;;;;;;;;;;
PROV1052_adj;Annaparochie;;;;;;;;;;;;;
PROV1052_desc;Annaparochie;;;;;;;;;;;;;
b_annaparochie;Annaparochie;;;;;;;;;;;;;
b_annaparochie_adj;Annaparochie;;;;;;;;;;;;;
b_annaparochie_desc;Annaparochie;;;;;;;;;;;;;
b_annaparochie2;Annaparochie2;;;;;;;;;;;;;
b_annaparochie2_adj;Annaparochie2;;;;;;;;;;;;;
b_annaparochie2_desc;Annaparochie2;;;;;;;;;;;;;
goudvelde;Goudvelde;;;;;;;;;;;;;
goudvelde_adj;Goudvelde;;;;;;;;;;;;;
goudvelde_desc;Goudvelde;;;;;;;;;;;;;
c_goudvelde;Goudvelde;;;;;;;;;;;;;
c_goudvelde_adj;Goudvelde;;;;;;;;;;;;;
c_goudvelde_desc;Goudvelde;;;;;;;;;;;;;
PROV1053;Goudvelde;;;;;;;;;;;;;
PROV1053_adj;Goudvelde;;;;;;;;;;;;;
PROV1053_desc;Goudvelde;;;;;;;;;;;;;
b_goudvelde;Goudvelde;;;;;;;;;;;;;
b_goudvelde_adj;Goudvelde;;;;;;;;;;;;;
b_goudvelde_desc;Goudvelde;;;;;;;;;;;;;
b_goudvelde2;Goudvelde2;;;;;;;;;;;;;
b_goudvelde2_adj;Goudvelde2;;;;;;;;;;;;;
b_goudvelde2_desc;Goudvelde2;;;;;;;;;;;;;
c_belfryse;Belfryse;;;;;;;;;;;;;
c_belfryse_adj;Belfryse;;;;;;;;;;;;;
c_belfryse_desc;Belfryse;;;;;;;;;;;;;
PROV1054;Belfryse;;;;;;;;;;;;;
PROV1054_adj;Belfryse;;;;;;;;;;;;;
PROV1054_desc;Belfryse;;;;;;;;;;;;;
b_belfryse;Belfryse;;;;;;;;;;;;;
b_belfryse_adj;Belfryse;;;;;;;;;;;;;
b_belfryse_desc;Belfryse;;;;;;;;;;;;;
b_belfryse2;Belfryse2;;;;;;;;;;;;;
b_belfryse2_adj;Belfryse2;;;;;;;;;;;;;
b_belfryse2_desc;Belfryse2;;;;;;;;;;;;;
goedvelde;Goedvelde;;;;;;;;;;;;;
goedvelde_adj;Goedvelde;;;;;;;;;;;;;
goedvelde_desc;Goedvelde;;;;;;;;;;;;;
c_goedvelde;Goedvelde;;;;;;;;;;;;;
c_goedvelde_adj;Goedvelde;;;;;;;;;;;;;
c_goedvelde_desc;Goedvelde;;;;;;;;;;;;;
PROV1055;Goedvelde;;;;;;;;;;;;;
PROV1055_adj;Goedvelde;;;;;;;;;;;;;
PROV1055_desc;Goedvelde;;;;;;;;;;;;;
b_goedvelde;Goedvelde;;;;;;;;;;;;;
b_goedvelde_adj;Goedvelde;;;;;;;;;;;;;
b_goedvelde_desc;Goedvelde;;;;;;;;;;;;;
b_goedvelde2;Goedvelde2;;;;;;;;;;;;;
b_goedvelde2_adj;Goedvelde2;;;;;;;;;;;;;
b_goedvelde2_desc;Goedvelde2;;;;;;;;;;;;;
vilesprong;Vilesprong;;;;;;;;;;;;;
vilesprong_adj;Vilesprong;;;;;;;;;;;;;
vilesprong_desc;Vilesprong;;;;;;;;;;;;;
c_vilesprong;Vilesprong;;;;;;;;;;;;;
c_vilesprong_adj;Vilesprong;;;;;;;;;;;;;
c_vilesprong_desc;Vilesprong;;;;;;;;;;;;;
PROV1056;Vilesprong;;;;;;;;;;;;;
PROV1056_adj;Vilesprong;;;;;;;;;;;;;
PROV1056_desc;Vilesprong;;;;;;;;;;;;;
b_vilesprong;Vilesprong;;;;;;;;;;;;;
b_vilesprong_adj;Vilesprong;;;;;;;;;;;;;
b_vilesprong_desc;Vilesprong;;;;;;;;;;;;;
b_vilesprong2;Vilesprong2;;;;;;;;;;;;;
b_vilesprong2_adj;Vilesprong2;;;;;;;;;;;;;
b_vilesprong2_desc;Vilesprong2;;;;;;;;;;;;;
kleaster;Kleaster;;;;;;;;;;;;;
kleaster_adj;Kleaster;;;;;;;;;;;;;
kleaster_desc;Kleaster;;;;;;;;;;;;;
d_kleaster;Kleaster;;;;;;;;;;;;;
d_kleaster_adj;Kleaster;;;;;;;;;;;;;
d_kleaster_desc;Kleaster;;;;;;;;;;;;;
noarden;Noarden;;;;;;;;;;;;;
noarden_adj;Noarden;;;;;;;;;;;;;
noarden_desc;Noarden;;;;;;;;;;;;;
c_noarden;Noarden;;;;;;;;;;;;;
c_noarden_adj;Noarden;;;;;;;;;;;;;
c_noarden_desc;Noarden;;;;;;;;;;;;;
PROV1057;Noarden;;;;;;;;;;;;;
PROV1057_adj;Noarden;;;;;;;;;;;;;
PROV1057_desc;Noarden;;;;;;;;;;;;;
b_noarden;Noarden;;;;;;;;;;;;;
b_noarden_adj;Noarden;;;;;;;;;;;;;
b_noarden_desc;Noarden;;;;;;;;;;;;;
b_noarden2;Noarden2;;;;;;;;;;;;;
b_noarden2_adj;Noarden2;;;;;;;;;;;;;
b_noarden2_desc;Noarden2;;;;;;;;;;;;;
drachten;Drachten;;;;;;;;;;;;;
drachten_adj;Drachten;;;;;;;;;;;;;
drachten_desc;Drachten;;;;;;;;;;;;;
c_drachten;Drachten;;;;;;;;;;;;;
c_drachten_adj;Drachten;;;;;;;;;;;;;
c_drachten_desc;Drachten;;;;;;;;;;;;;
PROV1058;Drachten;;;;;;;;;;;;;
PROV1058_adj;Drachten;;;;;;;;;;;;;
PROV1058_desc;Drachten;;;;;;;;;;;;;
b_drachten;Drachten;;;;;;;;;;;;;
b_drachten_adj;Drachten;;;;;;;;;;;;;
b_drachten_desc;Drachten;;;;;;;;;;;;;
b_drachten2;Drachten2;;;;;;;;;;;;;
b_drachten2_adj;Drachten2;;;;;;;;;;;;;
b_drachten2_desc;Drachten2;;;;;;;;;;;;;
egbertswaarden;Egbertswaarden;;;;;;;;;;;;;
egbertswaarden_adj;Egbertswaarden;;;;;;;;;;;;;
egbertswaarden_desc;Egbertswaarden;;;;;;;;;;;;;
c_egbertswaarden;Egbertswaarden;;;;;;;;;;;;;
c_egbertswaarden_adj;Egbertswaarden;;;;;;;;;;;;;
c_egbertswaarden_desc;Egbertswaarden;;;;;;;;;;;;;
PROV1059;Egbertswaarden;;;;;;;;;;;;;
PROV1059_adj;Egbertswaarden;;;;;;;;;;;;;
PROV1059_desc;Egbertswaarden;;;;;;;;;;;;;
b_egbertswaarden;Egbertswaarden;;;;;;;;;;;;;
b_egbertswaarden_adj;Egbertswaarden;;;;;;;;;;;;;
b_egbertswaarden_desc;Egbertswaarden;;;;;;;;;;;;;
b_egbertswaarden2;Egbertswaarden2;;;;;;;;;;;;;
b_egbertswaarden2_adj;Egbertswaarden2;;;;;;;;;;;;;
b_egbertswaarden2_desc;Egbertswaarden2;;;;;;;;;;;;;
zuidwaart;Zuidwaart;;;;;;;;;;;;;
zuidwaart_adj;Zuidwaart;;;;;;;;;;;;;
zuidwaart_desc;Zuidwaart;;;;;;;;;;;;;
c_zuidwaart;Zuidwaart;;;;;;;;;;;;;
c_zuidwaart_adj;Zuidwaart;;;;;;;;;;;;;
c_zuidwaart_desc;Zuidwaart;;;;;;;;;;;;;
PROV1060;Zuidwaart;;;;;;;;;;;;;
PROV1060_adj;Zuidwaart;;;;;;;;;;;;;
PROV1060_desc;Zuidwaart;;;;;;;;;;;;;
b_zuidwaart;Zuidwaart;;;;;;;;;;;;;
b_zuidwaart_adj;Zuidwaart;;;;;;;;;;;;;
b_zuidwaart_desc;Zuidwaart;;;;;;;;;;;;;
b_zuidwaart2;Zuidwaart2;;;;;;;;;;;;;
b_zuidwaart2_adj;Zuidwaart2;;;;;;;;;;;;;
b_zuidwaart2_desc;Zuidwaart2;;;;;;;;;;;;;
verremuur;Verremuur;;;;;;;;;;;;;
verremuur_adj;Verremuur;;;;;;;;;;;;;
verremuur_desc;Verremuur;;;;;;;;;;;;;
d_verremuur;Verremuur;;;;;;;;;;;;;
d_verremuur_adj;Verremuur;;;;;;;;;;;;;
d_verremuur_desc;Verremuur;;;;;;;;;;;;;
kiezersdorp;Kiezersdorp;;;;;;;;;;;;;
kiezersdorp_adj;Kiezersdorp;;;;;;;;;;;;;
kiezersdorp_desc;Kiezersdorp;;;;;;;;;;;;;
c_kiezersdorp;Kiezersdorp;;;;;;;;;;;;;
c_kiezersdorp_adj;Kiezersdorp;;;;;;;;;;;;;
c_kiezersdorp_desc;Kiezersdorp;;;;;;;;;;;;;
PROV1061;Kiezersdorp;;;;;;;;;;;;;
PROV1061_adj;Kiezersdorp;;;;;;;;;;;;;
PROV1061_desc;Kiezersdorp;;;;;;;;;;;;;
b_kiezersdorp;Kiezersdorp;;;;;;;;;;;;;
b_kiezersdorp_adj;Kiezersdorp;;;;;;;;;;;;;
b_kiezersdorp_desc;Kiezersdorp;;;;;;;;;;;;;
b_kiezersdorp2;Kiezersdorp2;;;;;;;;;;;;;
b_kiezersdorp2_adj;Kiezersdorp2;;;;;;;;;;;;;
b_kiezersdorp2_desc;Kiezersdorp2;;;;;;;;;;;;;
prinsendeur;Prinsendeur;;;;;;;;;;;;;
prinsendeur_adj;Prinsendeur;;;;;;;;;;;;;
prinsendeur_desc;Prinsendeur;;;;;;;;;;;;;
c_prinsendeur;Prinsendeur;;;;;;;;;;;;;
c_prinsendeur_adj;Prinsendeur;;;;;;;;;;;;;
c_prinsendeur_desc;Prinsendeur;;;;;;;;;;;;;
PROV1062;Prinsendeur;;;;;;;;;;;;;
PROV1062_adj;Prinsendeur;;;;;;;;;;;;;
PROV1062_desc;Prinsendeur;;;;;;;;;;;;;
b_prinsendeur;Prinsendeur;;;;;;;;;;;;;
b_prinsendeur_adj;Prinsendeur;;;;;;;;;;;;;
b_prinsendeur_desc;Prinsendeur;;;;;;;;;;;;;
b_prinsendeur2;Prinsendeur2;;;;;;;;;;;;;
b_prinsendeur2_adj;Prinsendeur2;;;;;;;;;;;;;
b_prinsendeur2_desc;Prinsendeur2;;;;;;;;;;;;;
gorredijk;Gorredijk;;;;;;;;;;;;;
gorredijk_adj;Gorredijk;;;;;;;;;;;;;
gorredijk_desc;Gorredijk;;;;;;;;;;;;;
c_gorredijk;Gorredijk;;;;;;;;;;;;;
c_gorredijk_adj;Gorredijk;;;;;;;;;;;;;
c_gorredijk_desc;Gorredijk;;;;;;;;;;;;;
PROV1063;Gorredijk;;;;;;;;;;;;;
PROV1063_adj;Gorredijk;;;;;;;;;;;;;
PROV1063_desc;Gorredijk;;;;;;;;;;;;;
b_gorredijk;Gorredijk;;;;;;;;;;;;;
b_gorredijk_adj;Gorredijk;;;;;;;;;;;;;
b_gorredijk_desc;Gorredijk;;;;;;;;;;;;;
b_gorredijk2;Gorredijk2;;;;;;;;;;;;;
b_gorredijk2_adj;Gorredijk2;;;;;;;;;;;;;
b_gorredijk2_desc;Gorredijk2;;;;;;;;;;;;;
wortelgeldt;Wortelgeldt;;;;;;;;;;;;;
wortelgeldt_adj;Wortelgeldt;;;;;;;;;;;;;
wortelgeldt_desc;Wortelgeldt;;;;;;;;;;;;;
c_wortelgeldt;Wortelgeldt;;;;;;;;;;;;;
c_wortelgeldt_adj;Wortelgeldt;;;;;;;;;;;;;
c_wortelgeldt_desc;Wortelgeldt;;;;;;;;;;;;;
PROV1064;Wortelgeldt;;;;;;;;;;;;;
PROV1064_adj;Wortelgeldt;;;;;;;;;;;;;
PROV1064_desc;Wortelgeldt;;;;;;;;;;;;;
b_wortelgeldt;Wortelgeldt;;;;;;;;;;;;;
b_wortelgeldt_adj;Wortelgeldt;;;;;;;;;;;;;
b_wortelgeldt_desc;Wortelgeldt;;;;;;;;;;;;;
b_wortelgeldt2;Wortelgeldt2;;;;;;;;;;;;;
b_wortelgeldt2_adj;Wortelgeldt2;;;;;;;;;;;;;
b_wortelgeldt2_desc;Wortelgeldt2;;;;;;;;;;;;;
lokkenland;Lokkenland;;;;;;;;;;;;;
lokkenland_adj;Lokkenland;;;;;;;;;;;;;
lokkenland_desc;Lokkenland;;;;;;;;;;;;;
k_lokkenland;Lokkenland;;;;;;;;;;;;;
k_lokkenland_adj;Lokkenland;;;;;;;;;;;;;
k_lokkenland_desc;Lokkenland;;;;;;;;;;;;;
kassel;Kassel;;;;;;;;;;;;;
kassel_adj;Kassel;;;;;;;;;;;;;
kassel_desc;Kassel;;;;;;;;;;;;;
d_kassel;Kassel;;;;;;;;;;;;;
d_kassel_adj;Kassel;;;;;;;;;;;;;
d_kassel_desc;Kassel;;;;;;;;;;;;;
westerhal;Westerhal;;;;;;;;;;;;;
westerhal_adj;Westerhal;;;;;;;;;;;;;
westerhal_desc;Westerhal;;;;;;;;;;;;;
c_westerhal;Westerhal;;;;;;;;;;;;;
c_westerhal_adj;Westerhal;;;;;;;;;;;;;
c_westerhal_desc;Westerhal;;;;;;;;;;;;;
PROV1065;Westerhal;;;;;;;;;;;;;
PROV1065_adj;Westerhal;;;;;;;;;;;;;
PROV1065_desc;Westerhal;;;;;;;;;;;;;
b_westerhal;Westerhal;;;;;;;;;;;;;
b_westerhal_adj;Westerhal;;;;;;;;;;;;;
b_westerhal_desc;Westerhal;;;;;;;;;;;;;
b_westerhal2;Westerhal2;;;;;;;;;;;;;
b_westerhal2_adj;Westerhal2;;;;;;;;;;;;;
b_westerhal2_desc;Westerhal2;;;;;;;;;;;;;
kachelwaard;Kachelwaard;;;;;;;;;;;;;
kachelwaard_adj;Kachelwaard;;;;;;;;;;;;;
kachelwaard_desc;Kachelwaard;;;;;;;;;;;;;
c_kachelwaard;Kachelwaard;;;;;;;;;;;;;
c_kachelwaard_adj;Kachelwaard;;;;;;;;;;;;;
c_kachelwaard_desc;Kachelwaard;;;;;;;;;;;;;
PROV1066;Kachelwaard;;;;;;;;;;;;;
PROV1066_adj;Kachelwaard;;;;;;;;;;;;;
PROV1066_desc;Kachelwaard;;;;;;;;;;;;;
b_kachelwaard;Kachelwaard;;;;;;;;;;;;;
b_kachelwaard_adj;Kachelwaard;;;;;;;;;;;;;
b_kachelwaard_desc;Kachelwaard;;;;;;;;;;;;;
b_kachelwaard2;Kachelwaard2;;;;;;;;;;;;;
b_kachelwaard2_adj;Kachelwaard2;;;;;;;;;;;;;
b_kachelwaard2_desc;Kachelwaard2;;;;;;;;;;;;;
verleysteyn;Verleysteyn;;;;;;;;;;;;;
verleysteyn_adj;Verleysteyn;;;;;;;;;;;;;
verleysteyn_desc;Verleysteyn;;;;;;;;;;;;;
c_verleysteyn;Verleysteyn;;;;;;;;;;;;;
c_verleysteyn_adj;Verleysteyn;;;;;;;;;;;;;
c_verleysteyn_desc;Verleysteyn;;;;;;;;;;;;;
PROV1067;Verleysteyn;;;;;;;;;;;;;
PROV1067_adj;Verleysteyn;;;;;;;;;;;;;
PROV1067_desc;Verleysteyn;;;;;;;;;;;;;
b_verleysteyn;Verleysteyn;;;;;;;;;;;;;
b_verleysteyn_adj;Verleysteyn;;;;;;;;;;;;;
b_verleysteyn_desc;Verleysteyn;;;;;;;;;;;;;
b_verleysteyn2;Verleysteyn2;;;;;;;;;;;;;
b_verleysteyn2_adj;Verleysteyn2;;;;;;;;;;;;;
b_verleysteyn2_desc;Verleysteyn2;;;;;;;;;;;;;
keelburg;Keelburg;;;;;;;;;;;;;
keelburg_adj;Keelburg;;;;;;;;;;;;;
keelburg_desc;Keelburg;;;;;;;;;;;;;
d_keelburg;Keelburg;;;;;;;;;;;;;
d_keelburg_adj;Keelburg;;;;;;;;;;;;;
d_keelburg_desc;Keelburg;;;;;;;;;;;;;
barlowe;Barlowe;;;;;;;;;;;;;
barlowe_adj;Barlowe;;;;;;;;;;;;;
barlowe_desc;Barlowe;;;;;;;;;;;;;
c_barlowe;Barlowe;;;;;;;;;;;;;
c_barlowe_adj;Barlowe;;;;;;;;;;;;;
c_barlowe_desc;Barlowe;;;;;;;;;;;;;
PROV1068;Barlowe;;;;;;;;;;;;;
PROV1068_adj;Barlowe;;;;;;;;;;;;;
PROV1068_desc;Barlowe;;;;;;;;;;;;;
b_barlowe;Barlowe;;;;;;;;;;;;;
b_barlowe_adj;Barlowe;;;;;;;;;;;;;
b_barlowe_desc;Barlowe;;;;;;;;;;;;;
b_barlowe2;Barlowe2;;;;;;;;;;;;;
b_barlowe2_adj;Barlowe2;;;;;;;;;;;;;
b_barlowe2_desc;Barlowe2;;;;;;;;;;;;;
c_keelburg;Keelburg;;;;;;;;;;;;;
c_keelburg_adj;Keelburg;;;;;;;;;;;;;
c_keelburg_desc;Keelburg;;;;;;;;;;;;;
PROV1069;Keelburg;;;;;;;;;;;;;
PROV1069_adj;Keelburg;;;;;;;;;;;;;
PROV1069_desc;Keelburg;;;;;;;;;;;;;
b_keelburg;Keelburg;;;;;;;;;;;;;
b_keelburg_adj;Keelburg;;;;;;;;;;;;;
b_keelburg_desc;Keelburg;;;;;;;;;;;;;
b_keelburg2;Keelburg2;;;;;;;;;;;;;
b_keelburg2_adj;Keelburg2;;;;;;;;;;;;;
b_keelburg2_desc;Keelburg2;;;;;;;;;;;;;
kotenburg;Kotenburg;;;;;;;;;;;;;
kotenburg_adj;Kotenburg;;;;;;;;;;;;;
kotenburg_desc;Kotenburg;;;;;;;;;;;;;
c_kotenburg;Kotenburg;;;;;;;;;;;;;
c_kotenburg_adj;Kotenburg;;;;;;;;;;;;;
c_kotenburg_desc;Kotenburg;;;;;;;;;;;;;
PROV1070;Kotenburg;;;;;;;;;;;;;
PROV1070_adj;Kotenburg;;;;;;;;;;;;;
PROV1070_desc;Kotenburg;;;;;;;;;;;;;
b_kotenburg;Kotenburg;;;;;;;;;;;;;
b_kotenburg_adj;Kotenburg;;;;;;;;;;;;;
b_kotenburg_desc;Kotenburg;;;;;;;;;;;;;
b_kotenburg2;Kotenburg2;;;;;;;;;;;;;
b_kotenburg2_adj;Kotenburg2;;;;;;;;;;;;;
b_kotenburg2_desc;Kotenburg2;;;;;;;;;;;;;
ostenteyn;Ostenteyn;;;;;;;;;;;;;
ostenteyn_adj;Ostenteyn;;;;;;;;;;;;;
ostenteyn_desc;Ostenteyn;;;;;;;;;;;;;
c_ostenteyn;Ostenteyn;;;;;;;;;;;;;
c_ostenteyn_adj;Ostenteyn;;;;;;;;;;;;;
c_ostenteyn_desc;Ostenteyn;;;;;;;;;;;;;
PROV1071;Ostenteyn;;;;;;;;;;;;;
PROV1071_adj;Ostenteyn;;;;;;;;;;;;;
PROV1071_desc;Ostenteyn;;;;;;;;;;;;;
b_ostenteyn;Ostenteyn;;;;;;;;;;;;;
b_ostenteyn_adj;Ostenteyn;;;;;;;;;;;;;
b_ostenteyn_desc;Ostenteyn;;;;;;;;;;;;;
b_ostenteyn2;Ostenteyn2;;;;;;;;;;;;;
b_ostenteyn2_adj;Ostenteyn2;;;;;;;;;;;;;
b_ostenteyn2_desc;Ostenteyn2;;;;;;;;;;;;;
omaraade;Omaraade;;;;;;;;;;;;;
omaraade_adj;Omaraade;;;;;;;;;;;;;
omaraade_desc;Omaraade;;;;;;;;;;;;;
c_omaraade;Omaraade;;;;;;;;;;;;;
c_omaraade_adj;Omaraade;;;;;;;;;;;;;
c_omaraade_desc;Omaraade;;;;;;;;;;;;;
PROV1072;Omaraade;;;;;;;;;;;;;
PROV1072_adj;Omaraade;;;;;;;;;;;;;
PROV1072_desc;Omaraade;;;;;;;;;;;;;
b_omaraade;Omaraade;;;;;;;;;;;;;
b_omaraade_adj;Omaraade;;;;;;;;;;;;;
b_omaraade_desc;Omaraade;;;;;;;;;;;;;
b_omaraade2;Omaraade2;;;;;;;;;;;;;
b_omaraade2_adj;Omaraade2;;;;;;;;;;;;;
b_omaraade2_desc;Omaraade2;;;;;;;;;;;;;
maarde;Maarde;;;;;;;;;;;;;
maarde_adj;Maarde;;;;;;;;;;;;;
maarde_desc;Maarde;;;;;;;;;;;;;
c_maarde;Maarde;;;;;;;;;;;;;
c_maarde_adj;Maarde;;;;;;;;;;;;;
c_maarde_desc;Maarde;;;;;;;;;;;;;
PROV1073;Maarde;;;;;;;;;;;;;
PROV1073_adj;Maarde;;;;;;;;;;;;;
PROV1073_desc;Maarde;;;;;;;;;;;;;
b_maarde;Maarde;;;;;;;;;;;;;
b_maarde_adj;Maarde;;;;;;;;;;;;;
b_maarde_desc;Maarde;;;;;;;;;;;;;
b_maarde2;Maarde2;;;;;;;;;;;;;
b_maarde2_adj;Maarde2;;;;;;;;;;;;;
b_maarde2_desc;Maarde2;;;;;;;;;;;;;
kuide;Kuide;;;;;;;;;;;;;
kuide_adj;Kuide;;;;;;;;;;;;;
kuide_desc;Kuide;;;;;;;;;;;;;
d_kuide;Kuide;;;;;;;;;;;;;
d_kuide_adj;Kuide;;;;;;;;;;;;;
d_kuide_desc;Kuide;;;;;;;;;;;;;
vissinghelm;Vissinghelm;;;;;;;;;;;;;
vissinghelm_adj;Vissinghelm;;;;;;;;;;;;;
vissinghelm_desc;Vissinghelm;;;;;;;;;;;;;
c_vissinghelm;Vissinghelm;;;;;;;;;;;;;
c_vissinghelm_adj;Vissinghelm;;;;;;;;;;;;;
c_vissinghelm_desc;Vissinghelm;;;;;;;;;;;;;
PROV1074;Vissinghelm;;;;;;;;;;;;;
PROV1074_adj;Vissinghelm;;;;;;;;;;;;;
PROV1074_desc;Vissinghelm;;;;;;;;;;;;;
b_vissinghelm;Vissinghelm;;;;;;;;;;;;;
b_vissinghelm_adj;Vissinghelm;;;;;;;;;;;;;
b_vissinghelm_desc;Vissinghelm;;;;;;;;;;;;;
b_vissinghelm2;Vissinghelm2;;;;;;;;;;;;;
b_vissinghelm2_adj;Vissinghelm2;;;;;;;;;;;;;
b_vissinghelm2_desc;Vissinghelm2;;;;;;;;;;;;;
huidenhuide;Huidenhuide;;;;;;;;;;;;;
huidenhuide_adj;Huidenhuide;;;;;;;;;;;;;
huidenhuide_desc;Huidenhuide;;;;;;;;;;;;;
c_huidenhuide;Huidenhuide;;;;;;;;;;;;;
c_huidenhuide_adj;Huidenhuide;;;;;;;;;;;;;
c_huidenhuide_desc;Huidenhuide;;;;;;;;;;;;;
PROV1075;Huidenhuide;;;;;;;;;;;;;
PROV1075_adj;Huidenhuide;;;;;;;;;;;;;
PROV1075_desc;Huidenhuide;;;;;;;;;;;;;
b_huidenhuide;Huidenhuide;;;;;;;;;;;;;
b_huidenhuide_adj;Huidenhuide;;;;;;;;;;;;;
b_huidenhuide_desc;Huidenhuide;;;;;;;;;;;;;
b_huidenhuide2;Huidenhuide2;;;;;;;;;;;;;
b_huidenhuide2_adj;Huidenhuide2;;;;;;;;;;;;;
b_huidenhuide2_desc;Huidenhuide2;;;;;;;;;;;;;
wirtemcal;Wirtemcal;;;;;;;;;;;;;
wirtemcal_adj;Wirtemcal;;;;;;;;;;;;;
wirtemcal_desc;Wirtemcal;;;;;;;;;;;;;
e_wirtemcal;Wirtemcal;;;;;;;;;;;;;
e_wirtemcal_adj;Wirtemcal;;;;;;;;;;;;;
e_wirtemcal_desc;Wirtemcal;;;;;;;;;;;;;
calderliga;Calderliga;;;;;;;;;;;;;
calderliga_adj;Calderliga;;;;;;;;;;;;;
calderliga_desc;Calderliga;;;;;;;;;;;;;
k_calderliga;Calderliga;;;;;;;;;;;;;
k_calderliga_adj;Calderliga;;;;;;;;;;;;;
k_calderliga_desc;Calderliga;;;;;;;;;;;;;
caldrinburg;Caldrinburg;;;;;;;;;;;;;
caldrinburg_adj;Caldrinburg;;;;;;;;;;;;;
caldrinburg_desc;Caldrinburg;;;;;;;;;;;;;
d_caldrinburg;Caldrinburg;;;;;;;;;;;;;
d_caldrinburg_adj;Caldrinburg;;;;;;;;;;;;;
d_caldrinburg_desc;Caldrinburg;;;;;;;;;;;;;
c_caldrinburg;Caldrinburg;;;;;;;;;;;;;
c_caldrinburg_adj;Caldrinburg;;;;;;;;;;;;;
c_caldrinburg_desc;Caldrinburg;;;;;;;;;;;;;
PROV1076;Caldrinburg;;;;;;;;;;;;;
PROV1076_adj;Caldrinburg;;;;;;;;;;;;;
PROV1076_desc;Caldrinburg;;;;;;;;;;;;;
b_caldrinburg;Caldrinburg;;;;;;;;;;;;;
b_caldrinburg_adj;Caldrinburg;;;;;;;;;;;;;
b_caldrinburg_desc;Caldrinburg;;;;;;;;;;;;;
b_caldrinburg2;Caldrinburg2;;;;;;;;;;;;;
b_caldrinburg2_adj;Caldrinburg2;;;;;;;;;;;;;
b_caldrinburg2_desc;Caldrinburg2;;;;;;;;;;;;;
joggeland;Joggeland;;;;;;;;;;;;;
joggeland_adj;Joggeland;;;;;;;;;;;;;
joggeland_desc;Joggeland;;;;;;;;;;;;;
d_joggeland;Joggeland;;;;;;;;;;;;;
d_joggeland_adj;Joggeland;;;;;;;;;;;;;
d_joggeland_desc;Joggeland;;;;;;;;;;;;;
lintern;Lintern;;;;;;;;;;;;;
lintern_adj;Lintern;;;;;;;;;;;;;
lintern_desc;Lintern;;;;;;;;;;;;;
c_lintern;Lintern;;;;;;;;;;;;;
c_lintern_adj;Lintern;;;;;;;;;;;;;
c_lintern_desc;Lintern;;;;;;;;;;;;;
PROV1077;Lintern;;;;;;;;;;;;;
PROV1077_adj;Lintern;;;;;;;;;;;;;
PROV1077_desc;Lintern;;;;;;;;;;;;;
b_lintern;Lintern;;;;;;;;;;;;;
b_lintern_adj;Lintern;;;;;;;;;;;;;
b_lintern_desc;Lintern;;;;;;;;;;;;;
b_lintern2;Lintern2;;;;;;;;;;;;;
b_lintern2_adj;Lintern2;;;;;;;;;;;;;
b_lintern2_desc;Lintern2;;;;;;;;;;;;;
c_joggeland;Joggeland;;;;;;;;;;;;;
c_joggeland_adj;Joggeland;;;;;;;;;;;;;
c_joggeland_desc;Joggeland;;;;;;;;;;;;;
PROV1078;Joggeland;;;;;;;;;;;;;
PROV1078_adj;Joggeland;;;;;;;;;;;;;
PROV1078_desc;Joggeland;;;;;;;;;;;;;
b_joggeland;Joggeland;;;;;;;;;;;;;
b_joggeland_adj;Joggeland;;;;;;;;;;;;;
b_joggeland_desc;Joggeland;;;;;;;;;;;;;
b_joggeland2;Joggeland2;;;;;;;;;;;;;
b_joggeland2_adj;Joggeland2;;;;;;;;;;;;;
b_joggeland2_desc;Joggeland2;;;;;;;;;;;;;
poltern;Poltern;;;;;;;;;;;;;
poltern_adj;Poltern;;;;;;;;;;;;;
poltern_desc;Poltern;;;;;;;;;;;;;
c_poltern;Poltern;;;;;;;;;;;;;
c_poltern_adj;Poltern;;;;;;;;;;;;;
c_poltern_desc;Poltern;;;;;;;;;;;;;
PROV1079;Poltern;;;;;;;;;;;;;
PROV1079_adj;Poltern;;;;;;;;;;;;;
PROV1079_desc;Poltern;;;;;;;;;;;;;
b_poltern;Poltern;;;;;;;;;;;;;
b_poltern_adj;Poltern;;;;;;;;;;;;;
b_poltern_desc;Poltern;;;;;;;;;;;;;
b_poltern2;Poltern2;;;;;;;;;;;;;
b_poltern2_adj;Poltern2;;;;;;;;;;;;;
b_poltern2_desc;Poltern2;;;;;;;;;;;;;
odenz;Odenz;;;;;;;;;;;;;
odenz_adj;Odenz;;;;;;;;;;;;;
odenz_desc;Odenz;;;;;;;;;;;;;
c_odenz;Odenz;;;;;;;;;;;;;
c_odenz_adj;Odenz;;;;;;;;;;;;;
c_odenz_desc;Odenz;;;;;;;;;;;;;
PROV1080;Odenz;;;;;;;;;;;;;
PROV1080_adj;Odenz;;;;;;;;;;;;;
PROV1080_desc;Odenz;;;;;;;;;;;;;
b_odenz;Odenz;;;;;;;;;;;;;
b_odenz_adj;Odenz;;;;;;;;;;;;;
b_odenz_desc;Odenz;;;;;;;;;;;;;
b_odenz2;Odenz2;;;;;;;;;;;;;
b_odenz2_adj;Odenz2;;;;;;;;;;;;;
b_odenz2_desc;Odenz2;;;;;;;;;;;;;
skileburg;Skileburg;;;;;;;;;;;;;
skileburg_adj;Skileburg;;;;;;;;;;;;;
skileburg_desc;Skileburg;;;;;;;;;;;;;
d_skileburg;Skileburg;;;;;;;;;;;;;
d_skileburg_adj;Skileburg;;;;;;;;;;;;;
d_skileburg_desc;Skileburg;;;;;;;;;;;;;
c_skileburg;Skileburg;;;;;;;;;;;;;
c_skileburg_adj;Skileburg;;;;;;;;;;;;;
c_skileburg_desc;Skileburg;;;;;;;;;;;;;
PROV1081;Skileburg;;;;;;;;;;;;;
PROV1081_adj;Skileburg;;;;;;;;;;;;;
PROV1081_desc;Skileburg;;;;;;;;;;;;;
b_skileburg;Skileburg;;;;;;;;;;;;;
b_skileburg_adj;Skileburg;;;;;;;;;;;;;
b_skileburg_desc;Skileburg;;;;;;;;;;;;;
b_skileburg2;Skileburg2;;;;;;;;;;;;;
b_skileburg2_adj;Skileburg2;;;;;;;;;;;;;
b_skileburg2_desc;Skileburg2;;;;;;;;;;;;;
hasa;Hasa;;;;;;;;;;;;;
hasa_adj;Hasa;;;;;;;;;;;;;
hasa_desc;Hasa;;;;;;;;;;;;;
c_hasa;Hasa;;;;;;;;;;;;;
c_hasa_adj;Hasa;;;;;;;;;;;;;
c_hasa_desc;Hasa;;;;;;;;;;;;;
PROV1082;Hasa;;;;;;;;;;;;;
PROV1082_adj;Hasa;;;;;;;;;;;;;
PROV1082_desc;Hasa;;;;;;;;;;;;;
b_hasa;Hasa;;;;;;;;;;;;;
b_hasa_adj;Hasa;;;;;;;;;;;;;
b_hasa_desc;Hasa;;;;;;;;;;;;;
b_hasa2;Hasa2;;;;;;;;;;;;;
b_hasa2_adj;Hasa2;;;;;;;;;;;;;
b_hasa2_desc;Hasa2;;;;;;;;;;;;;
veile;Veile;;;;;;;;;;;;;
veile_adj;Veile;;;;;;;;;;;;;
veile_desc;Veile;;;;;;;;;;;;;
c_veile;Veile;;;;;;;;;;;;;
c_veile_adj;Veile;;;;;;;;;;;;;
c_veile_desc;Veile;;;;;;;;;;;;;
PROV1083;Veile;;;;;;;;;;;;;
PROV1083_adj;Veile;;;;;;;;;;;;;
PROV1083_desc;Veile;;;;;;;;;;;;;
b_veile;Veile;;;;;;;;;;;;;
b_veile_adj;Veile;;;;;;;;;;;;;
b_veile_desc;Veile;;;;;;;;;;;;;
b_veile2;Veile2;;;;;;;;;;;;;
b_veile2_adj;Veile2;;;;;;;;;;;;;
b_veile2_desc;Veile2;;;;;;;;;;;;;
calemberg;Calemberg;;;;;;;;;;;;;
calemberg_adj;Calemberg;;;;;;;;;;;;;
calemberg_desc;Calemberg;;;;;;;;;;;;;
k_calemberg;Calemberg;;;;;;;;;;;;;
k_calemberg_adj;Calemberg;;;;;;;;;;;;;
k_calemberg_desc;Calemberg;;;;;;;;;;;;;
d_calemberg;Calemberg;;;;;;;;;;;;;
d_calemberg_adj;Calemberg;;;;;;;;;;;;;
d_calemberg_desc;Calemberg;;;;;;;;;;;;;
plauenmeer;Plauenmeer;;;;;;;;;;;;;
plauenmeer_adj;Plauenmeer;;;;;;;;;;;;;
plauenmeer_desc;Plauenmeer;;;;;;;;;;;;;
c_plauenmeer;Plauenmeer;;;;;;;;;;;;;
c_plauenmeer_adj;Plauenmeer;;;;;;;;;;;;;
c_plauenmeer_desc;Plauenmeer;;;;;;;;;;;;;
PROV1084;Plauenmeer;;;;;;;;;;;;;
PROV1084_adj;Plauenmeer;;;;;;;;;;;;;
PROV1084_desc;Plauenmeer;;;;;;;;;;;;;
b_plauenmeer;Plauenmeer;;;;;;;;;;;;;
b_plauenmeer_adj;Plauenmeer;;;;;;;;;;;;;
b_plauenmeer_desc;Plauenmeer;;;;;;;;;;;;;
b_plauenmeer2;Plauenmeer2;;;;;;;;;;;;;
b_plauenmeer2_adj;Plauenmeer2;;;;;;;;;;;;;
b_plauenmeer2_desc;Plauenmeer2;;;;;;;;;;;;;
heilig_grab;Heilig Grab;;;;;;;;;;;;;
heilig_grab_adj;Heilig Grab;;;;;;;;;;;;;
heilig_grab_desc;Heilig Grab;;;;;;;;;;;;;
c_heilig_grab;Heilig Grab;;;;;;;;;;;;;
c_heilig_grab_adj;Heilig Grab;;;;;;;;;;;;;
c_heilig_grab_desc;Heilig Grab;;;;;;;;;;;;;
PROV1085;Heilig Grab;;;;;;;;;;;;;
PROV1085_adj;Heilig Grab;;;;;;;;;;;;;
PROV1085_desc;Heilig Grab;;;;;;;;;;;;;
b_heilig_grab;Heilig Grab;;;;;;;;;;;;;
b_heilig_grab_adj;Heilig Grab;;;;;;;;;;;;;
b_heilig_grab_desc;Heilig Grab;;;;;;;;;;;;;
b_heilig_grab2;Heilig Grab2;;;;;;;;;;;;;
b_heilig_grab2_adj;Heilig Grab2;;;;;;;;;;;;;
b_heilig_grab2_desc;Heilig Grab2;;;;;;;;;;;;;
nienburg;Nienburg;;;;;;;;;;;;;
nienburg_adj;Nienburg;;;;;;;;;;;;;
nienburg_desc;Nienburg;;;;;;;;;;;;;
c_nienburg;Nienburg;;;;;;;;;;;;;
c_nienburg_adj;Nienburg;;;;;;;;;;;;;
c_nienburg_desc;Nienburg;;;;;;;;;;;;;
PROV1086;Nienburg;;;;;;;;;;;;;
PROV1086_adj;Nienburg;;;;;;;;;;;;;
PROV1086_desc;Nienburg;;;;;;;;;;;;;
b_nienburg;Nienburg;;;;;;;;;;;;;
b_nienburg_adj;Nienburg;;;;;;;;;;;;;
b_nienburg_desc;Nienburg;;;;;;;;;;;;;
b_nienburg2;Nienburg2;;;;;;;;;;;;;
b_nienburg2_adj;Nienburg2;;;;;;;;;;;;;
b_nienburg2_desc;Nienburg2;;;;;;;;;;;;;
wremen;Wremen;;;;;;;;;;;;;
wremen_adj;Wremen;;;;;;;;;;;;;
wremen_desc;Wremen;;;;;;;;;;;;;
c_wremen;Wremen;;;;;;;;;;;;;
c_wremen_adj;Wremen;;;;;;;;;;;;;
c_wremen_desc;Wremen;;;;;;;;;;;;;
PROV1087;Wremen;;;;;;;;;;;;;
PROV1087_adj;Wremen;;;;;;;;;;;;;
PROV1087_desc;Wremen;;;;;;;;;;;;;
b_wremen;Wremen;;;;;;;;;;;;;
b_wremen_adj;Wremen;;;;;;;;;;;;;
b_wremen_desc;Wremen;;;;;;;;;;;;;
b_wremen2;Wremen2;;;;;;;;;;;;;
b_wremen2_adj;Wremen2;;;;;;;;;;;;;
b_wremen2_desc;Wremen2;;;;;;;;;;;;;
essen;Essen;;;;;;;;;;;;;
essen_adj;Essen;;;;;;;;;;;;;
essen_desc;Essen;;;;;;;;;;;;;
c_essen;Essen;;;;;;;;;;;;;
c_essen_adj;Essen;;;;;;;;;;;;;
c_essen_desc;Essen;;;;;;;;;;;;;
PROV1088;Essen;;;;;;;;;;;;;
PROV1088_adj;Essen;;;;;;;;;;;;;
PROV1088_desc;Essen;;;;;;;;;;;;;
b_essen;Essen;;;;;;;;;;;;;
b_essen_adj;Essen;;;;;;;;;;;;;
b_essen_desc;Essen;;;;;;;;;;;;;
b_essen2;Essen2;;;;;;;;;;;;;
b_essen2_adj;Essen2;;;;;;;;;;;;;
b_essen2_desc;Essen2;;;;;;;;;;;;;
charlotteburg;Charlotteburg;;;;;;;;;;;;;
charlotteburg_adj;Charlotteburg;;;;;;;;;;;;;
charlotteburg_desc;Charlotteburg;;;;;;;;;;;;;
d_charlotteburg;Charlotteburg;;;;;;;;;;;;;
d_charlotteburg_adj;Charlotteburg;;;;;;;;;;;;;
d_charlotteburg_desc;Charlotteburg;;;;;;;;;;;;;
parchstadt;Parchstadt;;;;;;;;;;;;;
parchstadt_adj;Parchstadt;;;;;;;;;;;;;
parchstadt_desc;Parchstadt;;;;;;;;;;;;;
c_parchstadt;Parchstadt;;;;;;;;;;;;;
c_parchstadt_adj;Parchstadt;;;;;;;;;;;;;
c_parchstadt_desc;Parchstadt;;;;;;;;;;;;;
PROV1089;Parchstadt;;;;;;;;;;;;;
PROV1089_adj;Parchstadt;;;;;;;;;;;;;
PROV1089_desc;Parchstadt;;;;;;;;;;;;;
b_parchstadt;Parchstadt;;;;;;;;;;;;;
b_parchstadt_adj;Parchstadt;;;;;;;;;;;;;
b_parchstadt_desc;Parchstadt;;;;;;;;;;;;;
b_parchstadt2;Parchstadt2;;;;;;;;;;;;;
b_parchstadt2_adj;Parchstadt2;;;;;;;;;;;;;
b_parchstadt2_desc;Parchstadt2;;;;;;;;;;;;;
osterholz;Osterholz;;;;;;;;;;;;;
osterholz_adj;Osterholz;;;;;;;;;;;;;
osterholz_desc;Osterholz;;;;;;;;;;;;;
c_osterholz;Osterholz;;;;;;;;;;;;;
c_osterholz_adj;Osterholz;;;;;;;;;;;;;
c_osterholz_desc;Osterholz;;;;;;;;;;;;;
PROV1090;Osterholz;;;;;;;;;;;;;
PROV1090_adj;Osterholz;;;;;;;;;;;;;
PROV1090_desc;Osterholz;;;;;;;;;;;;;
b_osterholz;Osterholz;;;;;;;;;;;;;
b_osterholz_adj;Osterholz;;;;;;;;;;;;;
b_osterholz_desc;Osterholz;;;;;;;;;;;;;
b_osterholz2;Osterholz2;;;;;;;;;;;;;
b_osterholz2_adj;Osterholz2;;;;;;;;;;;;;
b_osterholz2_desc;Osterholz2;;;;;;;;;;;;;
bluenberg;Bluenberg;;;;;;;;;;;;;
bluenberg_adj;Bluenberg;;;;;;;;;;;;;
bluenberg_desc;Bluenberg;;;;;;;;;;;;;
c_bluenberg;Bluenberg;;;;;;;;;;;;;
c_bluenberg_adj;Bluenberg;;;;;;;;;;;;;
c_bluenberg_desc;Bluenberg;;;;;;;;;;;;;
PROV1091;Bluenberg;;;;;;;;;;;;;
PROV1091_adj;Bluenberg;;;;;;;;;;;;;
PROV1091_desc;Bluenberg;;;;;;;;;;;;;
b_bluenberg;Bluenberg;;;;;;;;;;;;;
b_bluenberg_adj;Bluenberg;;;;;;;;;;;;;
b_bluenberg_desc;Bluenberg;;;;;;;;;;;;;
b_bluenberg2;Bluenberg2;;;;;;;;;;;;;
b_bluenberg2_adj;Bluenberg2;;;;;;;;;;;;;
b_bluenberg2_desc;Bluenberg2;;;;;;;;;;;;;
hintenberg;Hintenberg;;;;;;;;;;;;;
hintenberg_adj;Hintenberg;;;;;;;;;;;;;
hintenberg_desc;Hintenberg;;;;;;;;;;;;;
d_hintenberg;Hintenberg;;;;;;;;;;;;;
d_hintenberg_adj;Hintenberg;;;;;;;;;;;;;
d_hintenberg_desc;Hintenberg;;;;;;;;;;;;;
c_hintenberg;Hintenberg;;;;;;;;;;;;;
c_hintenberg_adj;Hintenberg;;;;;;;;;;;;;
c_hintenberg_desc;Hintenberg;;;;;;;;;;;;;
PROV1092;Hintenberg;;;;;;;;;;;;;
PROV1092_adj;Hintenberg;;;;;;;;;;;;;
PROV1092_desc;Hintenberg;;;;;;;;;;;;;
b_hintenberg;Hintenberg;;;;;;;;;;;;;
b_hintenberg_adj;Hintenberg;;;;;;;;;;;;;
b_hintenberg_desc;Hintenberg;;;;;;;;;;;;;
b_hintenberg2;Hintenberg2;;;;;;;;;;;;;
b_hintenberg2_adj;Hintenberg2;;;;;;;;;;;;;
b_hintenberg2_desc;Hintenberg2;;;;;;;;;;;;;
bispingen;Bispingen;;;;;;;;;;;;;
bispingen_adj;Bispingen;;;;;;;;;;;;;
bispingen_desc;Bispingen;;;;;;;;;;;;;
c_bispingen;Bispingen;;;;;;;;;;;;;
c_bispingen_adj;Bispingen;;;;;;;;;;;;;
c_bispingen_desc;Bispingen;;;;;;;;;;;;;
PROV1093;Bispingen;;;;;;;;;;;;;
PROV1093_adj;Bispingen;;;;;;;;;;;;;
PROV1093_desc;Bispingen;;;;;;;;;;;;;
b_bispingen;Bispingen;;;;;;;;;;;;;
b_bispingen_adj;Bispingen;;;;;;;;;;;;;
b_bispingen_desc;Bispingen;;;;;;;;;;;;;
b_bispingen2;Bispingen2;;;;;;;;;;;;;
b_bispingen2_adj;Bispingen2;;;;;;;;;;;;;
b_bispingen2_desc;Bispingen2;;;;;;;;;;;;;
grossland;Grossland;;;;;;;;;;;;;
grossland_adj;Grossland;;;;;;;;;;;;;
grossland_desc;Grossland;;;;;;;;;;;;;
c_grossland;Grossland;;;;;;;;;;;;;
c_grossland_adj;Grossland;;;;;;;;;;;;;
c_grossland_desc;Grossland;;;;;;;;;;;;;
PROV1094;Grossland;;;;;;;;;;;;;
PROV1094_adj;Grossland;;;;;;;;;;;;;
PROV1094_desc;Grossland;;;;;;;;;;;;;
b_grossland;Grossland;;;;;;;;;;;;;
b_grossland_adj;Grossland;;;;;;;;;;;;;
b_grossland_desc;Grossland;;;;;;;;;;;;;
b_grossland2;Grossland2;;;;;;;;;;;;;
b_grossland2_adj;Grossland2;;;;;;;;;;;;;
b_grossland2_desc;Grossland2;;;;;;;;;;;;;
luneberg;Luneberg;;;;;;;;;;;;;
luneberg_adj;Luneberg;;;;;;;;;;;;;
luneberg_desc;Luneberg;;;;;;;;;;;;;
c_luneberg;Luneberg;;;;;;;;;;;;;
c_luneberg_adj;Luneberg;;;;;;;;;;;;;
c_luneberg_desc;Luneberg;;;;;;;;;;;;;
PROV1095;Luneberg;;;;;;;;;;;;;
PROV1095_adj;Luneberg;;;;;;;;;;;;;
PROV1095_desc;Luneberg;;;;;;;;;;;;;
b_luneberg;Luneberg;;;;;;;;;;;;;
b_luneberg_adj;Luneberg;;;;;;;;;;;;;
b_luneberg_desc;Luneberg;;;;;;;;;;;;;
b_luneberg2;Luneberg2;;;;;;;;;;;;;
b_luneberg2_adj;Luneberg2;;;;;;;;;;;;;
b_luneberg2_desc;Luneberg2;;;;;;;;;;;;;
ostfriesland;Ostfriesland;;;;;;;;;;;;;
ostfriesland_adj;Ostfriesland;;;;;;;;;;;;;
ostfriesland_desc;Ostfriesland;;;;;;;;;;;;;
k_ostfriesland;Ostfriesland;;;;;;;;;;;;;
k_ostfriesland_adj;Ostfriesland;;;;;;;;;;;;;
k_ostfriesland_desc;Ostfriesland;;;;;;;;;;;;;
grabice;Grabice;;;;;;;;;;;;;
grabice_adj;Grabice;;;;;;;;;;;;;
grabice_desc;Grabice;;;;;;;;;;;;;
d_grabice;Grabice;;;;;;;;;;;;;
d_grabice_adj;Grabice;;;;;;;;;;;;;
d_grabice_desc;Grabice;;;;;;;;;;;;;
szczecin;Szczecin;;;;;;;;;;;;;
szczecin_adj;Szczecin;;;;;;;;;;;;;
szczecin_desc;Szczecin;;;;;;;;;;;;;
c_szczecin;Szczecin;;;;;;;;;;;;;
c_szczecin_adj;Szczecin;;;;;;;;;;;;;
c_szczecin_desc;Szczecin;;;;;;;;;;;;;
PROV1096;Szczecin;;;;;;;;;;;;;
PROV1096_adj;Szczecin;;;;;;;;;;;;;
PROV1096_desc;Szczecin;;;;;;;;;;;;;
b_szczecin;Szczecin;;;;;;;;;;;;;
b_szczecin_adj;Szczecin;;;;;;;;;;;;;
b_szczecin_desc;Szczecin;;;;;;;;;;;;;
b_szczecin2;Szczecin2;;;;;;;;;;;;;
b_szczecin2_adj;Szczecin2;;;;;;;;;;;;;
b_szczecin2_desc;Szczecin2;;;;;;;;;;;;;
c_grabice;Grabice;;;;;;;;;;;;;
c_grabice_adj;Grabice;;;;;;;;;;;;;
c_grabice_desc;Grabice;;;;;;;;;;;;;
PROV1097;Grabice;;;;;;;;;;;;;
PROV1097_adj;Grabice;;;;;;;;;;;;;
PROV1097_desc;Grabice;;;;;;;;;;;;;
b_grabice;Grabice;;;;;;;;;;;;;
b_grabice_adj;Grabice;;;;;;;;;;;;;
b_grabice_desc;Grabice;;;;;;;;;;;;;
b_grabice2;Grabice2;;;;;;;;;;;;;
b_grabice2_adj;Grabice2;;;;;;;;;;;;;
b_grabice2_desc;Grabice2;;;;;;;;;;;;;
alexanderburg;Alexanderburg;;;;;;;;;;;;;
alexanderburg_adj;Alexanderburg;;;;;;;;;;;;;
alexanderburg_desc;Alexanderburg;;;;;;;;;;;;;
c_alexanderburg;Alexanderburg;;;;;;;;;;;;;
c_alexanderburg_adj;Alexanderburg;;;;;;;;;;;;;
c_alexanderburg_desc;Alexanderburg;;;;;;;;;;;;;
PROV1098;Alexanderburg;;;;;;;;;;;;;
PROV1098_adj;Alexanderburg;;;;;;;;;;;;;
PROV1098_desc;Alexanderburg;;;;;;;;;;;;;
b_alexanderburg;Alexanderburg;;;;;;;;;;;;;
b_alexanderburg_adj;Alexanderburg;;;;;;;;;;;;;
b_alexanderburg_desc;Alexanderburg;;;;;;;;;;;;;
b_alexanderburg2;Alexanderburg2;;;;;;;;;;;;;
b_alexanderburg2_adj;Alexanderburg2;;;;;;;;;;;;;
b_alexanderburg2_desc;Alexanderburg2;;;;;;;;;;;;;
rzepin;Rzepin;;;;;;;;;;;;;
rzepin_adj;Rzepin;;;;;;;;;;;;;
rzepin_desc;Rzepin;;;;;;;;;;;;;
c_rzepin;Rzepin;;;;;;;;;;;;;
c_rzepin_adj;Rzepin;;;;;;;;;;;;;
c_rzepin_desc;Rzepin;;;;;;;;;;;;;
PROV1099;Rzepin;;;;;;;;;;;;;
PROV1099_adj;Rzepin;;;;;;;;;;;;;
PROV1099_desc;Rzepin;;;;;;;;;;;;;
b_rzepin;Rzepin;;;;;;;;;;;;;
b_rzepin_adj;Rzepin;;;;;;;;;;;;;
b_rzepin_desc;Rzepin;;;;;;;;;;;;;
b_rzepin2;Rzepin2;;;;;;;;;;;;;
b_rzepin2_adj;Rzepin2;;;;;;;;;;;;;
b_rzepin2_desc;Rzepin2;;;;;;;;;;;;;
littorien;Littorien;;;;;;;;;;;;;
littorien_adj;Littorien;;;;;;;;;;;;;
littorien_desc;Littorien;;;;;;;;;;;;;
d_littorien;Littorien;;;;;;;;;;;;;
d_littorien_adj;Littorien;;;;;;;;;;;;;
d_littorien_desc;Littorien;;;;;;;;;;;;;
littorieen;Littorieen;;;;;;;;;;;;;
littorieen_adj;Littorieen;;;;;;;;;;;;;
littorieen_desc;Littorieen;;;;;;;;;;;;;
c_littorieen;Littorieen;;;;;;;;;;;;;
c_littorieen_adj;Littorieen;;;;;;;;;;;;;
c_littorieen_desc;Littorieen;;;;;;;;;;;;;
PROV1100;Littorieen;;;;;;;;;;;;;
PROV1100_adj;Littorieen;;;;;;;;;;;;;
PROV1100_desc;Littorieen;;;;;;;;;;;;;
b_littorieen;Littorieen;;;;;;;;;;;;;
b_littorieen_adj;Littorieen;;;;;;;;;;;;;
b_littorieen_desc;Littorieen;;;;;;;;;;;;;
b_littorieen2;Littorieen2;;;;;;;;;;;;;
b_littorieen2_adj;Littorieen2;;;;;;;;;;;;;
b_littorieen2_desc;Littorieen2;;;;;;;;;;;;;
livorieen;Livorieen;;;;;;;;;;;;;
livorieen_adj;Livorieen;;;;;;;;;;;;;
livorieen_desc;Livorieen;;;;;;;;;;;;;
c_livorieen;Livorieen;;;;;;;;;;;;;
c_livorieen_adj;Livorieen;;;;;;;;;;;;;
c_livorieen_desc;Livorieen;;;;;;;;;;;;;
PROV1101;Livorieen;;;;;;;;;;;;;
PROV1101_adj;Livorieen;;;;;;;;;;;;;
PROV1101_desc;Livorieen;;;;;;;;;;;;;
b_livorieen;Livorieen;;;;;;;;;;;;;
b_livorieen_adj;Livorieen;;;;;;;;;;;;;
b_livorieen_desc;Livorieen;;;;;;;;;;;;;
b_livorieen2;Livorieen2;;;;;;;;;;;;;
b_livorieen2_adj;Livorieen2;;;;;;;;;;;;;
b_livorieen2_desc;Livorieen2;;;;;;;;;;;;;
estorieen;Estorieen;;;;;;;;;;;;;
estorieen_adj;Estorieen;;;;;;;;;;;;;
estorieen_desc;Estorieen;;;;;;;;;;;;;
c_estorieen;Estorieen;;;;;;;;;;;;;
c_estorieen_adj;Estorieen;;;;;;;;;;;;;
c_estorieen_desc;Estorieen;;;;;;;;;;;;;
PROV1102;Estorieen;;;;;;;;;;;;;
PROV1102_adj;Estorieen;;;;;;;;;;;;;
PROV1102_desc;Estorieen;;;;;;;;;;;;;
b_estorieen;Estorieen;;;;;;;;;;;;;
b_estorieen_adj;Estorieen;;;;;;;;;;;;;
b_estorieen_desc;Estorieen;;;;;;;;;;;;;
b_estorieen2;Estorieen2;;;;;;;;;;;;;
b_estorieen2_adj;Estorieen2;;;;;;;;;;;;;
b_estorieen2_desc;Estorieen2;;;;;;;;;;;;;
prezcil;Prezcil;;;;;;;;;;;;;
prezcil_adj;Prezcil;;;;;;;;;;;;;
prezcil_desc;Prezcil;;;;;;;;;;;;;
d_prezcil;Prezcil;;;;;;;;;;;;;
d_prezcil_adj;Prezcil;;;;;;;;;;;;;
d_prezcil_desc;Prezcil;;;;;;;;;;;;;
gottielberg;Gottielberg;;;;;;;;;;;;;
gottielberg_adj;Gottielberg;;;;;;;;;;;;;
gottielberg_desc;Gottielberg;;;;;;;;;;;;;
c_gottielberg;Gottielberg;;;;;;;;;;;;;
c_gottielberg_adj;Gottielberg;;;;;;;;;;;;;
c_gottielberg_desc;Gottielberg;;;;;;;;;;;;;
PROV1103;Gottielberg;;;;;;;;;;;;;
PROV1103_adj;Gottielberg;;;;;;;;;;;;;
PROV1103_desc;Gottielberg;;;;;;;;;;;;;
b_gottielberg;Gottielberg;;;;;;;;;;;;;
b_gottielberg_adj;Gottielberg;;;;;;;;;;;;;
b_gottielberg_desc;Gottielberg;;;;;;;;;;;;;
b_gottielberg2;Gottielberg2;;;;;;;;;;;;;
b_gottielberg2_adj;Gottielberg2;;;;;;;;;;;;;
b_gottielberg2_desc;Gottielberg2;;;;;;;;;;;;;
luckow;Luckow;;;;;;;;;;;;;
luckow_adj;Luckow;;;;;;;;;;;;;
luckow_desc;Luckow;;;;;;;;;;;;;
c_luckow;Luckow;;;;;;;;;;;;;
c_luckow_adj;Luckow;;;;;;;;;;;;;
c_luckow_desc;Luckow;;;;;;;;;;;;;
PROV1104;Luckow;;;;;;;;;;;;;
PROV1104_adj;Luckow;;;;;;;;;;;;;
PROV1104_desc;Luckow;;;;;;;;;;;;;
b_luckow;Luckow;;;;;;;;;;;;;
b_luckow_adj;Luckow;;;;;;;;;;;;;
b_luckow_desc;Luckow;;;;;;;;;;;;;
b_luckow2;Luckow2;;;;;;;;;;;;;
b_luckow2_adj;Luckow2;;;;;;;;;;;;;
b_luckow2_desc;Luckow2;;;;;;;;;;;;;
neuhandelberg;Neuhandelberg;;;;;;;;;;;;;
neuhandelberg_adj;Neuhandelberg;;;;;;;;;;;;;
neuhandelberg_desc;Neuhandelberg;;;;;;;;;;;;;
c_neuhandelberg;Neuhandelberg;;;;;;;;;;;;;
c_neuhandelberg_adj;Neuhandelberg;;;;;;;;;;;;;
c_neuhandelberg_desc;Neuhandelberg;;;;;;;;;;;;;
PROV1105;Neuhandelberg;;;;;;;;;;;;;
PROV1105_adj;Neuhandelberg;;;;;;;;;;;;;
PROV1105_desc;Neuhandelberg;;;;;;;;;;;;;
b_neuhandelberg;Neuhandelberg;;;;;;;;;;;;;
b_neuhandelberg_adj;Neuhandelberg;;;;;;;;;;;;;
b_neuhandelberg_desc;Neuhandelberg;;;;;;;;;;;;;
b_neuhandelberg2;Neuhandelberg2;;;;;;;;;;;;;
b_neuhandelberg2_adj;Neuhandelberg2;;;;;;;;;;;;;
b_neuhandelberg2_desc;Neuhandelberg2;;;;;;;;;;;;;
luthol;Luthol;;;;;;;;;;;;;
luthol_adj;Luthol;;;;;;;;;;;;;
luthol_desc;Luthol;;;;;;;;;;;;;
c_luthol;Luthol;;;;;;;;;;;;;
c_luthol_adj;Luthol;;;;;;;;;;;;;
c_luthol_desc;Luthol;;;;;;;;;;;;;
PROV1106;Luthol;;;;;;;;;;;;;
PROV1106_adj;Luthol;;;;;;;;;;;;;
PROV1106_desc;Luthol;;;;;;;;;;;;;
b_luthol;Luthol;;;;;;;;;;;;;
b_luthol_adj;Luthol;;;;;;;;;;;;;
b_luthol_desc;Luthol;;;;;;;;;;;;;
b_luthol2;Luthol2;;;;;;;;;;;;;
b_luthol2_adj;Luthol2;;;;;;;;;;;;;
b_luthol2_desc;Luthol2;;;;;;;;;;;;;
karlstadt;Karlstadt;;;;;;;;;;;;;
karlstadt_adj;Karlstadt;;;;;;;;;;;;;
karlstadt_desc;Karlstadt;;;;;;;;;;;;;
c_karlstadt;Karlstadt;;;;;;;;;;;;;
c_karlstadt_adj;Karlstadt;;;;;;;;;;;;;
c_karlstadt_desc;Karlstadt;;;;;;;;;;;;;
PROV1107;Karlstadt;;;;;;;;;;;;;
PROV1107_adj;Karlstadt;;;;;;;;;;;;;
PROV1107_desc;Karlstadt;;;;;;;;;;;;;
b_karlstadt;Karlstadt;;;;;;;;;;;;;
b_karlstadt_adj;Karlstadt;;;;;;;;;;;;;
b_karlstadt_desc;Karlstadt;;;;;;;;;;;;;
b_karlstadt2;Karlstadt2;;;;;;;;;;;;;
b_karlstadt2_adj;Karlstadt2;;;;;;;;;;;;;
b_karlstadt2_desc;Karlstadt2;;;;;;;;;;;;;
kostryn;Kostryn;;;;;;;;;;;;;
kostryn_adj;Kostryn;;;;;;;;;;;;;
kostryn_desc;Kostryn;;;;;;;;;;;;;
c_kostryn;Kostryn;;;;;;;;;;;;;
c_kostryn_adj;Kostryn;;;;;;;;;;;;;
c_kostryn_desc;Kostryn;;;;;;;;;;;;;
PROV1108;Kostryn;;;;;;;;;;;;;
PROV1108_adj;Kostryn;;;;;;;;;;;;;
PROV1108_desc;Kostryn;;;;;;;;;;;;;
b_kostryn;Kostryn;;;;;;;;;;;;;
b_kostryn_adj;Kostryn;;;;;;;;;;;;;
b_kostryn_desc;Kostryn;;;;;;;;;;;;;
b_kostryn2;Kostryn2;;;;;;;;;;;;;
b_kostryn2_adj;Kostryn2;;;;;;;;;;;;;
b_kostryn2_desc;Kostryn2;;;;;;;;;;;;;
bad_muskau;Bad Muskau;;;;;;;;;;;;;
bad_muskau_adj;Bad Muskau;;;;;;;;;;;;;
bad_muskau_desc;Bad Muskau;;;;;;;;;;;;;
c_bad_muskau;Bad Muskau;;;;;;;;;;;;;
c_bad_muskau_adj;Bad Muskau;;;;;;;;;;;;;
c_bad_muskau_desc;Bad Muskau;;;;;;;;;;;;;
PROV1109;Bad Muskau;;;;;;;;;;;;;
PROV1109_adj;Bad Muskau;;;;;;;;;;;;;
PROV1109_desc;Bad Muskau;;;;;;;;;;;;;
b_bad_muskau;Bad Muskau;;;;;;;;;;;;;
b_bad_muskau_adj;Bad Muskau;;;;;;;;;;;;;
b_bad_muskau_desc;Bad Muskau;;;;;;;;;;;;;
b_bad_muskau2;Bad Muskau2;;;;;;;;;;;;;
b_bad_muskau2_adj;Bad Muskau2;;;;;;;;;;;;;
b_bad_muskau2_desc;Bad Muskau2;;;;;;;;;;;;;
vladnovolgar;Vladnovolgar;;;;;;;;;;;;;
vladnovolgar_adj;Vladnovolgar;;;;;;;;;;;;;
vladnovolgar_desc;Vladnovolgar;;;;;;;;;;;;;
k_vladnovolgar;Vladnovolgar;;;;;;;;;;;;;
k_vladnovolgar_adj;Vladnovolgar;;;;;;;;;;;;;
k_vladnovolgar_desc;Vladnovolgar;;;;;;;;;;;;;
mosokovo;Mosokovo;;;;;;;;;;;;;
mosokovo_adj;Mosokovo;;;;;;;;;;;;;
mosokovo_desc;Mosokovo;;;;;;;;;;;;;
d_mosokovo;Mosokovo;;;;;;;;;;;;;
d_mosokovo_adj;Mosokovo;;;;;;;;;;;;;
d_mosokovo_desc;Mosokovo;;;;;;;;;;;;;
ryznigrad;Ryznigrad;;;;;;;;;;;;;
ryznigrad_adj;Ryznigrad;;;;;;;;;;;;;
ryznigrad_desc;Ryznigrad;;;;;;;;;;;;;
c_ryznigrad;Ryznigrad;;;;;;;;;;;;;
c_ryznigrad_adj;Ryznigrad;;;;;;;;;;;;;
c_ryznigrad_desc;Ryznigrad;;;;;;;;;;;;;
PROV1110;Ryznigrad;;;;;;;;;;;;;
PROV1110_adj;Ryznigrad;;;;;;;;;;;;;
PROV1110_desc;Ryznigrad;;;;;;;;;;;;;
b_ryznigrad;Ryznigrad;;;;;;;;;;;;;
b_ryznigrad_adj;Ryznigrad;;;;;;;;;;;;;
b_ryznigrad_desc;Ryznigrad;;;;;;;;;;;;;
b_ryznigrad2;Ryznigrad2;;;;;;;;;;;;;
b_ryznigrad2_adj;Ryznigrad2;;;;;;;;;;;;;
b_ryznigrad2_desc;Ryznigrad2;;;;;;;;;;;;;
saransk;Saransk;;;;;;;;;;;;;
saransk_adj;Saransk;;;;;;;;;;;;;
saransk_desc;Saransk;;;;;;;;;;;;;
c_saransk;Saransk;;;;;;;;;;;;;
c_saransk_adj;Saransk;;;;;;;;;;;;;
c_saransk_desc;Saransk;;;;;;;;;;;;;
PROV1111;Saransk;;;;;;;;;;;;;
PROV1111_adj;Saransk;;;;;;;;;;;;;
PROV1111_desc;Saransk;;;;;;;;;;;;;
b_saransk;Saransk;;;;;;;;;;;;;
b_saransk_adj;Saransk;;;;;;;;;;;;;
b_saransk_desc;Saransk;;;;;;;;;;;;;
b_saransk2;Saransk2;;;;;;;;;;;;;
b_saransk2_adj;Saransk2;;;;;;;;;;;;;
b_saransk2_desc;Saransk2;;;;;;;;;;;;;
petrograd;Petrograd;;;;;;;;;;;;;
petrograd_adj;Petrograd;;;;;;;;;;;;;
petrograd_desc;Petrograd;;;;;;;;;;;;;
c_petrograd;Petrograd;;;;;;;;;;;;;
c_petrograd_adj;Petrograd;;;;;;;;;;;;;
c_petrograd_desc;Petrograd;;;;;;;;;;;;;
PROV1112;Petrograd;;;;;;;;;;;;;
PROV1112_adj;Petrograd;;;;;;;;;;;;;
PROV1112_desc;Petrograd;;;;;;;;;;;;;
b_petrograd;Petrograd;;;;;;;;;;;;;
b_petrograd_adj;Petrograd;;;;;;;;;;;;;
b_petrograd_desc;Petrograd;;;;;;;;;;;;;
b_petrograd2;Petrograd2;;;;;;;;;;;;;
b_petrograd2_adj;Petrograd2;;;;;;;;;;;;;
b_petrograd2_desc;Petrograd2;;;;;;;;;;;;;
c_mosokovo;Mosokovo;;;;;;;;;;;;;
c_mosokovo_adj;Mosokovo;;;;;;;;;;;;;
c_mosokovo_desc;Mosokovo;;;;;;;;;;;;;
PROV1113;Mosokovo;;;;;;;;;;;;;
PROV1113_adj;Mosokovo;;;;;;;;;;;;;
PROV1113_desc;Mosokovo;;;;;;;;;;;;;
b_mosokovo;Mosokovo;;;;;;;;;;;;;
b_mosokovo_adj;Mosokovo;;;;;;;;;;;;;
b_mosokovo_desc;Mosokovo;;;;;;;;;;;;;
b_mosokovo2;Mosokovo2;;;;;;;;;;;;;
b_mosokovo2_adj;Mosokovo2;;;;;;;;;;;;;
b_mosokovo2_desc;Mosokovo2;;;;;;;;;;;;;
muromorsk;Muromorsk;;;;;;;;;;;;;
muromorsk_adj;Muromorsk;;;;;;;;;;;;;
muromorsk_desc;Muromorsk;;;;;;;;;;;;;
d_muromorsk;Muromorsk;;;;;;;;;;;;;
d_muromorsk_adj;Muromorsk;;;;;;;;;;;;;
d_muromorsk_desc;Muromorsk;;;;;;;;;;;;;
c_muromorsk;Muromorsk;;;;;;;;;;;;;
c_muromorsk_adj;Muromorsk;;;;;;;;;;;;;
c_muromorsk_desc;Muromorsk;;;;;;;;;;;;;
PROV1114;Muromorsk;;;;;;;;;;;;;
PROV1114_adj;Muromorsk;;;;;;;;;;;;;
PROV1114_desc;Muromorsk;;;;;;;;;;;;;
b_muromorsk;Muromorsk;;;;;;;;;;;;;
b_muromorsk_adj;Muromorsk;;;;;;;;;;;;;
b_muromorsk_desc;Muromorsk;;;;;;;;;;;;;
b_muromorsk2;Muromorsk2;;;;;;;;;;;;;
b_muromorsk2_adj;Muromorsk2;;;;;;;;;;;;;
b_muromorsk2_desc;Muromorsk2;;;;;;;;;;;;;
beloyarsk;Beloyarsk;;;;;;;;;;;;;
beloyarsk_adj;Beloyarsk;;;;;;;;;;;;;
beloyarsk_desc;Beloyarsk;;;;;;;;;;;;;
c_beloyarsk;Beloyarsk;;;;;;;;;;;;;
c_beloyarsk_adj;Beloyarsk;;;;;;;;;;;;;
c_beloyarsk_desc;Beloyarsk;;;;;;;;;;;;;
PROV1115;Beloyarsk;;;;;;;;;;;;;
PROV1115_adj;Beloyarsk;;;;;;;;;;;;;
PROV1115_desc;Beloyarsk;;;;;;;;;;;;;
b_beloyarsk;Beloyarsk;;;;;;;;;;;;;
b_beloyarsk_adj;Beloyarsk;;;;;;;;;;;;;
b_beloyarsk_desc;Beloyarsk;;;;;;;;;;;;;
b_beloyarsk2;Beloyarsk2;;;;;;;;;;;;;
b_beloyarsk2_adj;Beloyarsk2;;;;;;;;;;;;;
b_beloyarsk2_desc;Beloyarsk2;;;;;;;;;;;;;
breznigrad;Breznigrad;;;;;;;;;;;;;
breznigrad_adj;Breznigrad;;;;;;;;;;;;;
breznigrad_desc;Breznigrad;;;;;;;;;;;;;
c_breznigrad;Breznigrad;;;;;;;;;;;;;
c_breznigrad_adj;Breznigrad;;;;;;;;;;;;;
c_breznigrad_desc;Breznigrad;;;;;;;;;;;;;
PROV1116;Breznigrad;;;;;;;;;;;;;
PROV1116_adj;Breznigrad;;;;;;;;;;;;;
PROV1116_desc;Breznigrad;;;;;;;;;;;;;
b_breznigrad;Breznigrad;;;;;;;;;;;;;
b_breznigrad_adj;Breznigrad;;;;;;;;;;;;;
b_breznigrad_desc;Breznigrad;;;;;;;;;;;;;
b_breznigrad2;Breznigrad2;;;;;;;;;;;;;
b_breznigrad2_adj;Breznigrad2;;;;;;;;;;;;;
b_breznigrad2_desc;Breznigrad2;;;;;;;;;;;;;
novigrad;Novigrad;;;;;;;;;;;;;
novigrad_adj;Novigrad;;;;;;;;;;;;;
novigrad_desc;Novigrad;;;;;;;;;;;;;
d_novigrad;Novigrad;;;;;;;;;;;;;
d_novigrad_adj;Novigrad;;;;;;;;;;;;;
d_novigrad_desc;Novigrad;;;;;;;;;;;;;
c_novigrad;Novigrad;;;;;;;;;;;;;
c_novigrad_adj;Novigrad;;;;;;;;;;;;;
c_novigrad_desc;Novigrad;;;;;;;;;;;;;
PROV1117;Novigrad;;;;;;;;;;;;;
PROV1117_adj;Novigrad;;;;;;;;;;;;;
PROV1117_desc;Novigrad;;;;;;;;;;;;;
b_novigrad;Novigrad;;;;;;;;;;;;;
b_novigrad_adj;Novigrad;;;;;;;;;;;;;
b_novigrad_desc;Novigrad;;;;;;;;;;;;;
b_novigrad2;Novigrad2;;;;;;;;;;;;;
b_novigrad2_adj;Novigrad2;;;;;;;;;;;;;
b_novigrad2_desc;Novigrad2;;;;;;;;;;;;;
vladacha;Vladacha;;;;;;;;;;;;;
vladacha_adj;Vladacha;;;;;;;;;;;;;
vladacha_desc;Vladacha;;;;;;;;;;;;;
c_vladacha;Vladacha;;;;;;;;;;;;;
c_vladacha_adj;Vladacha;;;;;;;;;;;;;
c_vladacha_desc;Vladacha;;;;;;;;;;;;;
PROV1118;Vladacha;;;;;;;;;;;;;
PROV1118_adj;Vladacha;;;;;;;;;;;;;
PROV1118_desc;Vladacha;;;;;;;;;;;;;
b_vladacha;Vladacha;;;;;;;;;;;;;
b_vladacha_adj;Vladacha;;;;;;;;;;;;;
b_vladacha_desc;Vladacha;;;;;;;;;;;;;
b_vladacha2;Vladacha2;;;;;;;;;;;;;
b_vladacha2_adj;Vladacha2;;;;;;;;;;;;;
b_vladacha2_desc;Vladacha2;;;;;;;;;;;;;
archalskgrad;Archalskgrad;;;;;;;;;;;;;
archalskgrad_adj;Archalskgrad;;;;;;;;;;;;;
archalskgrad_desc;Archalskgrad;;;;;;;;;;;;;
c_archalskgrad;Archalskgrad;;;;;;;;;;;;;
c_archalskgrad_adj;Archalskgrad;;;;;;;;;;;;;
c_archalskgrad_desc;Archalskgrad;;;;;;;;;;;;;
PROV1119;Archalskgrad;;;;;;;;;;;;;
PROV1119_adj;Archalskgrad;;;;;;;;;;;;;
PROV1119_desc;Archalskgrad;;;;;;;;;;;;;
b_archalskgrad;Archalskgrad;;;;;;;;;;;;;
b_archalskgrad_adj;Archalskgrad;;;;;;;;;;;;;
b_archalskgrad_desc;Archalskgrad;;;;;;;;;;;;;
b_archalskgrad2;Archalskgrad2;;;;;;;;;;;;;
b_archalskgrad2_adj;Archalskgrad2;;;;;;;;;;;;;
b_archalskgrad2_desc;Archalskgrad2;;;;;;;;;;;;;
pyoltograd;Pyoltograd;;;;;;;;;;;;;
pyoltograd_adj;Pyoltograd;;;;;;;;;;;;;
pyoltograd_desc;Pyoltograd;;;;;;;;;;;;;
c_pyoltograd;Pyoltograd;;;;;;;;;;;;;
c_pyoltograd_adj;Pyoltograd;;;;;;;;;;;;;
c_pyoltograd_desc;Pyoltograd;;;;;;;;;;;;;
PROV1120;Pyoltograd;;;;;;;;;;;;;
PROV1120_adj;Pyoltograd;;;;;;;;;;;;;
PROV1120_desc;Pyoltograd;;;;;;;;;;;;;
b_pyoltograd;Pyoltograd;;;;;;;;;;;;;
b_pyoltograd_adj;Pyoltograd;;;;;;;;;;;;;
b_pyoltograd_desc;Pyoltograd;;;;;;;;;;;;;
b_pyoltograd2;Pyoltograd2;;;;;;;;;;;;;
b_pyoltograd2_adj;Pyoltograd2;;;;;;;;;;;;;
b_pyoltograd2_desc;Pyoltograd2;;;;;;;;;;;;;
novyabinsk;Novyabinsk;;;;;;;;;;;;;
novyabinsk_adj;Novyabinsk;;;;;;;;;;;;;
novyabinsk_desc;Novyabinsk;;;;;;;;;;;;;
c_novyabinsk;Novyabinsk;;;;;;;;;;;;;
c_novyabinsk_adj;Novyabinsk;;;;;;;;;;;;;
c_novyabinsk_desc;Novyabinsk;;;;;;;;;;;;;
PROV1121;Novyabinsk;;;;;;;;;;;;;
PROV1121_adj;Novyabinsk;;;;;;;;;;;;;
PROV1121_desc;Novyabinsk;;;;;;;;;;;;;
b_novyabinsk;Novyabinsk;;;;;;;;;;;;;
b_novyabinsk_adj;Novyabinsk;;;;;;;;;;;;;
b_novyabinsk_desc;Novyabinsk;;;;;;;;;;;;;
b_novyabinsk2;Novyabinsk2;;;;;;;;;;;;;
b_novyabinsk2_adj;Novyabinsk2;;;;;;;;;;;;;
b_novyabinsk2_desc;Novyabinsk2;;;;;;;;;;;;;
novolgar;Novolgar;;;;;;;;;;;;;
novolgar_adj;Novolgar;;;;;;;;;;;;;
novolgar_desc;Novolgar;;;;;;;;;;;;;
d_novolgar;Novolgar;;;;;;;;;;;;;
d_novolgar_adj;Novolgar;;;;;;;;;;;;;
d_novolgar_desc;Novolgar;;;;;;;;;;;;;
c_novolgar;Novolgar;;;;;;;;;;;;;
c_novolgar_adj;Novolgar;;;;;;;;;;;;;
c_novolgar_desc;Novolgar;;;;;;;;;;;;;
PROV1122;Novolgar;;;;;;;;;;;;;
PROV1122_adj;Novolgar;;;;;;;;;;;;;
PROV1122_desc;Novolgar;;;;;;;;;;;;;
b_novolgar;Novolgar;;;;;;;;;;;;;
b_novolgar_adj;Novolgar;;;;;;;;;;;;;
b_novolgar_desc;Novolgar;;;;;;;;;;;;;
b_novolgar2;Novolgar2;;;;;;;;;;;;;
b_novolgar2_adj;Novolgar2;;;;;;;;;;;;;
b_novolgar2_desc;Novolgar2;;;;;;;;;;;;;
sepulvosh;Sepulvosh;;;;;;;;;;;;;
sepulvosh_adj;Sepulvosh;;;;;;;;;;;;;
sepulvosh_desc;Sepulvosh;;;;;;;;;;;;;
c_sepulvosh;Sepulvosh;;;;;;;;;;;;;
c_sepulvosh_adj;Sepulvosh;;;;;;;;;;;;;
c_sepulvosh_desc;Sepulvosh;;;;;;;;;;;;;
PROV1123;Sepulvosh;;;;;;;;;;;;;
PROV1123_adj;Sepulvosh;;;;;;;;;;;;;
PROV1123_desc;Sepulvosh;;;;;;;;;;;;;
b_sepulvosh;Sepulvosh;;;;;;;;;;;;;
b_sepulvosh_adj;Sepulvosh;;;;;;;;;;;;;
b_sepulvosh_desc;Sepulvosh;;;;;;;;;;;;;
b_sepulvosh2;Sepulvosh2;;;;;;;;;;;;;
b_sepulvosh2_adj;Sepulvosh2;;;;;;;;;;;;;
b_sepulvosh2_desc;Sepulvosh2;;;;;;;;;;;;;
voskresensk;Voskresensk;;;;;;;;;;;;;
voskresensk_adj;Voskresensk;;;;;;;;;;;;;
voskresensk_desc;Voskresensk;;;;;;;;;;;;;
c_voskresensk;Voskresensk;;;;;;;;;;;;;
c_voskresensk_adj;Voskresensk;;;;;;;;;;;;;
c_voskresensk_desc;Voskresensk;;;;;;;;;;;;;
PROV1124;Voskresensk;;;;;;;;;;;;;
PROV1124_adj;Voskresensk;;;;;;;;;;;;;
PROV1124_desc;Voskresensk;;;;;;;;;;;;;
b_voskresensk;Voskresensk;;;;;;;;;;;;;
b_voskresensk_adj;Voskresensk;;;;;;;;;;;;;
b_voskresensk_desc;Voskresensk;;;;;;;;;;;;;
b_voskresensk2;Voskresensk2;;;;;;;;;;;;;
b_voskresensk2_adj;Voskresensk2;;;;;;;;;;;;;
b_voskresensk2_desc;Voskresensk2;;;;;;;;;;;;;
ashsea;Ashsea;;;;;;;;;;;;;
ashsea_adj;Ashsea;;;;;;;;;;;;;
ashsea_desc;Ashsea;;;;;;;;;;;;;
c_ashsea;Ashsea;;;;;;;;;;;;;
c_ashsea_adj;Ashsea;;;;;;;;;;;;;
c_ashsea_desc;Ashsea;;;;;;;;;;;;;
PROV1125;Ashsea;;;;;;;;;;;;;
PROV1125_adj;Ashsea;;;;;;;;;;;;;
PROV1125_desc;Ashsea;;;;;;;;;;;;;
blacktide;Blacktide;;;;;;;;;;;;;
blacktide_adj;Blacktide;;;;;;;;;;;;;
blacktide_desc;Blacktide;;;;;;;;;;;;;
c_blacktide;Blacktide;;;;;;;;;;;;;
c_blacktide_adj;Blacktide;;;;;;;;;;;;;
c_blacktide_desc;Blacktide;;;;;;;;;;;;;
PROV1126;Blacktide;;;;;;;;;;;;;
PROV1126_adj;Blacktide;;;;;;;;;;;;;
PROV1126_desc;Blacktide;;;;;;;;;;;;;
starfall;Starfall;;;;;;;;;;;;;
starfall_adj;Starfall;;;;;;;;;;;;;
starfall_desc;Starfall;;;;;;;;;;;;;
c_starfall;Starfall;;;;;;;;;;;;;
c_starfall_adj;Starfall;;;;;;;;;;;;;
c_starfall_desc;Starfall;;;;;;;;;;;;;
PROV1127;Starfall;;;;;;;;;;;;;
PROV1127_adj;Starfall;;;;;;;;;;;;;
PROV1127_desc;Starfall;;;;;;;;;;;;;
frostmere;Frostmere;;;;;;;;;;;;;
frostmere_adj;Frostmere;;;;;;;;;;;;;
frostmere_desc;Frostmere;;;;;;;;;;;;;
c_frostmere;Frostmere;;;;;;;;;;;;;
c_frostmere_adj;Frostmere;;;;;;;;;;;;;
c_frostmere_desc;Frostmere;;;;;;;;;;;;;
PROV1128;Frostmere;;;;;;;;;;;;;
PROV1128_adj;Frostmere;;;;;;;;;;;;;
PROV1128_desc;Frostmere;;;;;;;;;;;;;
ironwave;Ironwave;;;;;;;;;;;;;
ironwave_adj;Ironwave;;;;;;;;;;;;;
ironwave_desc;Ironwave;;;;;;;;;;;;;
c_ironwave;Ironwave;;;;;;;;;;;;;
c_ironwave_adj;Ironwave;;;;;;;;;;;;;
c_ironwave_desc;Ironwave;;;;;;;;;;;;;
PROV1129;Ironwave;;;;;;;;;;;;;
PROV1129_adj;Ironwave;;;;;;;;;;;;;
PROV1129_desc;Ironwave;;;;;;;;;;;;;
moonreach;Moonreach;;;;;;;;;;;;;
moonreach_adj;Moonreach;;;;;;;;;;;;;
moonreach_desc;Moonreach;;;;;;;;;;;;;
c_moonreach;Moonreach;;;;;;;;;;;;;
c_moonreach_adj;Moonreach;;;;;;;;;;;;;
c_moonreach_desc;Moonreach;;;;;;;;;;;;;
PROV1130;Moonreach;;;;;;;;;;;;;
PROV1130_adj;Moonreach;;;;;;;;;;;;;
PROV1130_desc;Moonreach;;;;;;;;;;;;;
darkwater;Darkwater;;;;;;;;;;;;;
darkwater_adj;Darkwater;;;;;;;;;;;;;
darkwater_desc;Darkwater;;;;;;;;;;;;;
c_darkwater;Darkwater;;;;;;;;;;;;;
c_darkwater_adj;Darkwater;;;;;;;;;;;;;
c_darkwater_desc;Darkwater;;;;;;;;;;;;;
PROV1131;Darkwater;;;;;;;;;;;;;
PROV1131_adj;Darkwater;;;;;;;;;;;;;
PROV1131_desc;Darkwater;;;;;;;;;;;;;
silverdeep;Silverdeep;;;;;;;;;;;;;
silverdeep_adj;Silverdeep;;;;;;;;;;;;;
silverdeep_desc;Silverdeep;;;;;;;;;;;;;
c_silverdeep;Silverdeep;;;;;;;;;;;;;
c_silverdeep_adj;Silverdeep;;;;;;;;;;;;;
c_silverdeep_desc;Silverdeep;;;;;;;;;;;;;
PROV1132;Silverdeep;;;;;;;;;;;;;
PROV1132_adj;Silverdeep;;;;;;;;;;;;;
PROV1132_desc;Silverdeep;;;;;;;;;;;;;
stormwake;Stormwake;;;;;;;;;;;;;
stormwake_adj;Stormwake;;;;;;;;;;;;;
stormwake_desc;Stormwake;;;;;;;;;;;;;
c_stormwake;Stormwake;;;;;;;;;;;;;
c_stormwake_adj;Stormwake;;;;;;;;;;;;;
c_stormwake_desc;Stormwake;;;;;;;;;;;;;
PROV1133;Stormwake;;;;;;;;;;;;;
PROV1133_adj;Stormwake;;;;;;;;;;;;;
PROV1133_desc;Stormwake;;;;;;;;;;;;;
ironcurrent;Ironcurrent;;;;;;;;;;;;;
ironcurrent_adj;Ironcurrent;;;;;;;;;;;;;
ironcurrent_desc;Ironcurrent;;;;;;;;;;;;;
c_ironcurrent;Ironcurrent;;;;;;;;;;;;;
c_ironcurrent_adj;Ironcurrent;;;;;;;;;;;;;
c_ironcurrent_desc;Ironcurrent;;;;;;;;;;;;;
PROV1134;Ironcurrent;;;;;;;;;;;;;
PROV1134_adj;Ironcurrent;;;;;;;;;;;;;
PROV1134_desc;Ironcurrent;;;;;;;;;;;;;
dreadsea;Dreadsea;;;;;;;;;;;;;
dreadsea_adj;Dreadsea;;;;;;;;;;;;;
dreadsea_desc;Dreadsea;;;;;;;;;;;;;
c_dreadsea;Dreadsea;;;;;;;;;;;;;
c_dreadsea_adj;Dreadsea;;;;;;;;;;;;;
c_dreadsea_desc;Dreadsea;;;;;;;;;;;;;
PROV1135;Dreadsea;;;;;;;;;;;;;
PROV1135_adj;Dreadsea;;;;;;;;;;;;;
PROV1135_desc;Dreadsea;;;;;;;;;;;;;
sunken_blue;Sunken Blue;;;;;;;;;;;;;
sunken_blue_adj;Sunken Blue;;;;;;;;;;;;;
sunken_blue_desc;Sunken Blue;;;;;;;;;;;;;
c_sunken_blue;Sunken Blue;;;;;;;;;;;;;
c_sunken_blue_adj;Sunken Blue;;;;;;;;;;;;;
c_sunken_blue_desc;Sunken Blue;;;;;;;;;;;;;
PROV1136;Sunken Blue;;;;;;;;;;;;;
PROV1136_adj;Sunken Blue;;;;;;;;;;;;;
PROV1136_desc;Sunken Blue;;;;;;;;;;;;;
nightmere;Nightmere;;;;;;;;;;;;;
nightmere_adj;Nightmere;;;;;;;;;;;;;
nightmere_desc;Nightmere;;;;;;;;;;;;;
c_nightmere;Nightmere;;;;;;;;;;;;;
c_nightmere_adj;Nightmere;;;;;;;;;;;;;
c_nightmere_desc;Nightmere;;;;;;;;;;;;;
PROV1137;Nightmere;;;;;;;;;;;;;
PROV1137_adj;Nightmere;;;;;;;;;;;;;
PROV1137_desc;Nightmere;;;;;;;;;;;;;
brighttide;Brighttide;;;;;;;;;;;;;
brighttide_adj;Brighttide;;;;;;;;;;;;;
brighttide_desc;Brighttide;;;;;;;;;;;;;
c_brighttide;Brighttide;;;;;;;;;;;;;
c_brighttide_adj;Brighttide;;;;;;;;;;;;;
c_brighttide_desc;Brighttide;;;;;;;;;;;;;
PROV1138;Brighttide;;;;;;;;;;;;;
PROV1138_adj;Brighttide;;;;;;;;;;;;;
PROV1138_desc;Brighttide;;;;;;;;;;;;;
shadowdeep;Shadowdeep;;;;;;;;;;;;;
shadowdeep_adj;Shadowdeep;;;;;;;;;;;;;
shadowdeep_desc;Shadowdeep;;;;;;;;;;;;;
c_shadowdeep;Shadowdeep;;;;;;;;;;;;;
c_shadowdeep_adj;Shadowdeep;;;;;;;;;;;;;
c_shadowdeep_desc;Shadowdeep;;;;;;;;;;;;;
PROV1139;Shadowdeep;;;;;;;;;;;;;
PROV1139_adj;Shadowdeep;;;;;;;;;;;;;
PROV1139_desc;Shadowdeep;;;;;;;;;;;;;
embersea;Embersea;;;;;;;;;;;;;
embersea_adj;Embersea;;;;;;;;;;;;;
embersea_desc;Embersea;;;;;;;;;;;;;
c_embersea;Embersea;;;;;;;;;;;;;
c_embersea_adj;Embersea;;;;;;;;;;;;;
c_embersea_desc;Embersea;;;;;;;;;;;;;
PROV1140;Embersea;;;;;;;;;;;;;
PROV1140_adj;Embersea;;;;;;;;;;;;;
PROV1140_desc;Embersea;;;;;;;;;;;;;
coldreach;Coldreach;;;;;;;;;;;;;
coldreach_adj;Coldreach;;;;;;;;;;;;;
coldreach_desc;Coldreach;;;;;;;;;;;;;
c_coldreach;Coldreach;;;;;;;;;;;;;
c_coldreach_adj;Coldreach;;;;;;;;;;;;;
c_coldreach_desc;Coldreach;;;;;;;;;;;;;
PROV1141;Coldreach;;;;;;;;;;;;;
PROV1141_adj;Coldreach;;;;;;;;;;;;;
PROV1141_desc;Coldreach;;;;;;;;;;;;;
glasswater;Glasswater;;;;;;;;;;;;;
glasswater_adj;Glasswater;;;;;;;;;;;;;
glasswater_desc;Glasswater;;;;;;;;;;;;;
c_glasswater;Glasswater;;;;;;;;;;;;;
c_glasswater_adj;Glasswater;;;;;;;;;;;;;
c_glasswater_desc;Glasswater;;;;;;;;;;;;;
PROV1142;Glasswater;;;;;;;;;;;;;
PROV1142_adj;Glasswater;;;;;;;;;;;;;
PROV1142_desc;Glasswater;;;;;;;;;;;;;
grimwave;Grimwave;;;;;;;;;;;;;
grimwave_adj;Grimwave;;;;;;;;;;;;;
grimwave_desc;Grimwave;;;;;;;;;;;;;
c_grimwave;Grimwave;;;;;;;;;;;;;
c_grimwave_adj;Grimwave;;;;;;;;;;;;;
c_grimwave_desc;Grimwave;;;;;;;;;;;;;
PROV1143;Grimwave;;;;;;;;;;;;;
PROV1143_adj;Grimwave;;;;;;;;;;;;;
PROV1143_desc;Grimwave;;;;;;;;;;;;;
dawnsea;Dawnsea;;;;;;;;;;;;;
dawnsea_adj;Dawnsea;;;;;;;;;;;;;
dawnsea_desc;Dawnsea;;;;;;;;;;;;;
c_dawnsea;Dawnsea;;;;;;;;;;;;;
c_dawnsea_adj;Dawnsea;;;;;;;;;;;;;
c_dawnsea_desc;Dawnsea;;;;;;;;;;;;;
PROV1144;Dawnsea;;;;;;;;;;;;;
PROV1144_adj;Dawnsea;;;;;;;;;;;;;
PROV1144_desc;Dawnsea;;;;;;;;;;;;;
redtide;Redtide;;;;;;;;;;;;;
redtide_adj;Redtide;;;;;;;;;;;;;
redtide_desc;Redtide;;;;;;;;;;;;;
c_redtide;Redtide;;;;;;;;;;;;;
c_redtide_adj;Redtide;;;;;;;;;;;;;
c_redtide_desc;Redtide;;;;;;;;;;;;;
PROV1145;Redtide;;;;;;;;;;;;;
PROV1145_adj;Redtide;;;;;;;;;;;;;
PROV1145_desc;Redtide;;;;;;;;;;;;;
voidwater;Voidwater;;;;;;;;;;;;;
voidwater_adj;Voidwater;;;;;;;;;;;;;
voidwater_desc;Voidwater;;;;;;;;;;;;;
c_voidwater;Voidwater;;;;;;;;;;;;;
c_voidwater_adj;Voidwater;;;;;;;;;;;;;
c_voidwater_desc;Voidwater;;;;;;;;;;;;;
PROV1146;Voidwater;;;;;;;;;;;;;
PROV1146_adj;Voidwater;;;;;;;;;;;;;
PROV1146_desc;Voidwater;;;;;;;;;;;;;
mistmere;Mistmere;;;;;;;;;;;;;
mistmere_adj;Mistmere;;;;;;;;;;;;;
mistmere_desc;Mistmere;;;;;;;;;;;;;
c_mistmere;Mistmere;;;;;;;;;;;;;
c_mistmere_adj;Mistmere;;;;;;;;;;;;;
c_mistmere_desc;Mistmere;;;;;;;;;;;;;
PROV1147;Mistmere;;;;;;;;;;;;;
PROV1147_adj;Mistmere;;;;;;;;;;;;;
PROV1147_desc;Mistmere;;;;;;;;;;;;;
goldwake;Goldwake;;;;;;;;;;;;;
goldwake_adj;Goldwake;;;;;;;;;;;;;
goldwake_desc;Goldwake;;;;;;;;;;;;;
c_goldwake;Goldwake;;;;;;;;;;;;;
c_goldwake_adj;Goldwake;;;;;;;;;;;;;
c_goldwake_desc;Goldwake;;;;;;;;;;;;;
PROV1148;Goldwake;;;;;;;;;;;;;
PROV1148_adj;Goldwake;;;;;;;;;;;;;
PROV1148_desc;Goldwake;;;;;;;;;;;;;
pale_deep;Pale Deep;;;;;;;;;;;;;
pale_deep_adj;Pale Deep;;;;;;;;;;;;;
pale_deep_desc;Pale Deep;;;;;;;;;;;;;
c_pale_deep;Pale Deep;;;;;;;;;;;;;
c_pale_deep_adj;Pale Deep;;;;;;;;;;;;;
c_pale_deep_desc;Pale Deep;;;;;;;;;;;;;
PROV1149;Pale Deep;;;;;;;;;;;;;
PROV1149_adj;Pale Deep;;;;;;;;;;;;;
PROV1149_desc;Pale Deep;;;;;;;;;;;;;
thundersea;Thundersea;;;;;;;;;;;;;
thundersea_adj;Thundersea;;;;;;;;;;;;;
thundersea_desc;Thundersea;;;;;;;;;;;;;
c_thundersea;Thundersea;;;;;;;;;;;;;
c_thundersea_adj;Thundersea;;;;;;;;;;;;;
c_thundersea_desc;Thundersea;;;;;;;;;;;;;
PROV1150;Thundersea;;;;;;;;;;;;;
PROV1150_adj;Thundersea;;;;;;;;;;;;;
PROV1150_desc;Thundersea;;;;;;;;;;;;;
starless;Starless;;;;;;;;;;;;;
starless_adj;Starless;;;;;;;;;;;;;
starless_desc;Starless;;;;;;;;;;;;;
c_starless;Starless;;;;;;;;;;;;;
c_starless_adj;Starless;;;;;;;;;;;;;
c_starless_desc;Starless;;;;;;;;;;;;;
PROV1151;Starless;;;;;;;;;;;;;
PROV1151_adj;Starless;;;;;;;;;;;;;
PROV1151_desc;Starless;;;;;;;;;;;;;
highblue;Highblue;;;;;;;;;;;;;
highblue_adj;Highblue;;;;;;;;;;;;;
highblue_desc;Highblue;;;;;;;;;;;;;
c_highblue;Highblue;;;;;;;;;;;;;
c_highblue_adj;Highblue;;;;;;;;;;;;;
c_highblue_desc;Highblue;;;;;;;;;;;;;
PROV1152;Highblue;;;;;;;;;;;;;
PROV1152_adj;Highblue;;;;;;;;;;;;;
PROV1152_desc;Highblue;;;;;;;;;;;;;
riftsea;Riftsea;;;;;;;;;;;;;
riftsea_adj;Riftsea;;;;;;;;;;;;;
riftsea_desc;Riftsea;;;;;;;;;;;;;
c_riftsea;Riftsea;;;;;;;;;;;;;
c_riftsea_adj;Riftsea;;;;;;;;;;;;;
c_riftsea_desc;Riftsea;;;;;;;;;;;;;
PROV1153;Riftsea;;;;;;;;;;;;;
PROV1153_adj;Riftsea;;;;;;;;;;;;;
PROV1153_desc;Riftsea;;;;;;;;;;;;;
deepfall;Deepfall;;;;;;;;;;;;;
deepfall_adj;Deepfall;;;;;;;;;;;;;
deepfall_desc;Deepfall;;;;;;;;;;;;;
c_deepfall;Deepfall;;;;;;;;;;;;;
c_deepfall_adj;Deepfall;;;;;;;;;;;;;
c_deepfall_desc;Deepfall;;;;;;;;;;;;;
PROV1154;Deepfall;;;;;;;;;;;;;
PROV1154_adj;Deepfall;;;;;;;;;;;;;
PROV1154_desc;Deepfall;;;;;;;;;;;;;
moonwater;Moonwater;;;;;;;;;;;;;
moonwater_adj;Moonwater;;;;;;;;;;;;;
moonwater_desc;Moonwater;;;;;;;;;;;;;
c_moonwater;Moonwater;;;;;;;;;;;;;
c_moonwater_adj;Moonwater;;;;;;;;;;;;;
c_moonwater_desc;Moonwater;;;;;;;;;;;;;
PROV1155;Moonwater;;;;;;;;;;;;;
PROV1155_adj;Moonwater;;;;;;;;;;;;;
PROV1155_desc;Moonwater;;;;;;;;;;;;;
blackmere;Blackmere;;;;;;;;;;;;;
blackmere_adj;Blackmere;;;;;;;;;;;;;
blackmere_desc;Blackmere;;;;;;;;;;;;;
c_blackmere;Blackmere;;;;;;;;;;;;;
c_blackmere_adj;Blackmere;;;;;;;;;;;;;
c_blackmere_desc;Blackmere;;;;;;;;;;;;;
PROV1156;Blackmere;;;;;;;;;;;;;
PROV1156_adj;Blackmere;;;;;;;;;;;;;
PROV1156_desc;Blackmere;;;;;;;;;;;;;
stormreach;Stormreach;;;;;;;;;;;;;
stormreach_adj;Stormreach;;;;;;;;;;;;;
stormreach_desc;Stormreach;;;;;;;;;;;;;
c_stormreach;Stormreach;;;;;;;;;;;;;
c_stormreach_adj;Stormreach;;;;;;;;;;;;;
c_stormreach_desc;Stormreach;;;;;;;;;;;;;
PROV1157;Stormreach;;;;;;;;;;;;;
PROV1157_adj;Stormreach;;;;;;;;;;;;;
PROV1157_desc;Stormreach;;;;;;;;;;;;;
azure_deep;Azure Deep;;;;;;;;;;;;;
azure_deep_adj;Azure Deep;;;;;;;;;;;;;
azure_deep_desc;Azure Deep;;;;;;;;;;;;;
c_azure_deep;Azure Deep;;;;;;;;;;;;;
c_azure_deep_adj;Azure Deep;;;;;;;;;;;;;
c_azure_deep_desc;Azure Deep;;;;;;;;;;;;;
PROV1158;Azure Deep;;;;;;;;;;;;;
PROV1158_adj;Azure Deep;;;;;;;;;;;;;
PROV1158_desc;Azure Deep;;;;;;;;;;;;;
ghostsea;Ghostsea;;;;;;;;;;;;;
ghostsea_adj;Ghostsea;;;;;;;;;;;;;
ghostsea_desc;Ghostsea;;;;;;;;;;;;;
c_ghostsea;Ghostsea;;;;;;;;;;;;;
c_ghostsea_adj;Ghostsea;;;;;;;;;;;;;
c_ghostsea_desc;Ghostsea;;;;;;;;;;;;;
PROV1159;Ghostsea;;;;;;;;;;;;;
PROV1159_adj;Ghostsea;;;;;;;;;;;;;
PROV1159_desc;Ghostsea;;;;;;;;;;;;;
frostwake;Frostwake;;;;;;;;;;;;;
frostwake_adj;Frostwake;;;;;;;;;;;;;
frostwake_desc;Frostwake;;;;;;;;;;;;;
c_frostwake;Frostwake;;;;;;;;;;;;;
c_frostwake_adj;Frostwake;;;;;;;;;;;;;
c_frostwake_desc;Frostwake;;;;;;;;;;;;;
PROV1160;Frostwake;;;;;;;;;;;;;
PROV1160_adj;Frostwake;;;;;;;;;;;;;
PROV1160_desc;Frostwake;;;;;;;;;;;;;
darkreach;Darkreach;;;;;;;;;;;;;
darkreach_adj;Darkreach;;;;;;;;;;;;;
darkreach_desc;Darkreach;;;;;;;;;;;;;
c_darkreach;Darkreach;;;;;;;;;;;;;
c_darkreach_adj;Darkreach;;;;;;;;;;;;;
c_darkreach_desc;Darkreach;;;;;;;;;;;;;
PROV1161;Darkreach;;;;;;;;;;;;;
PROV1161_adj;Darkreach;;;;;;;;;;;;;
PROV1161_desc;Darkreach;;;;;;;;;;;;;
lightless;Lightless;;;;;;;;;;;;;
lightless_adj;Lightless;;;;;;;;;;;;;
lightless_desc;Lightless;;;;;;;;;;;;;
c_lightless;Lightless;;;;;;;;;;;;;
c_lightless_adj;Lightless;;;;;;;;;;;;;
c_lightless_desc;Lightless;;;;;;;;;;;;;
PROV1162;Lightless;;;;;;;;;;;;;
PROV1162_adj;Lightless;;;;;;;;;;;;;
PROV1162_desc;Lightless;;;;;;;;;;;;;
skyfall_sea;Skyfall Sea;;;;;;;;;;;;;
skyfall_sea_adj;Skyfall Sea;;;;;;;;;;;;;
skyfall_sea_desc;Skyfall Sea;;;;;;;;;;;;;
c_skyfall_sea;Skyfall Sea;;;;;;;;;;;;;
c_skyfall_sea_adj;Skyfall Sea;;;;;;;;;;;;;
c_skyfall_sea_desc;Skyfall Sea;;;;;;;;;;;;;
PROV1163;Skyfall Sea;;;;;;;;;;;;;
PROV1163_adj;Skyfall Sea;;;;;;;;;;;;;
PROV1163_desc;Skyfall Sea;;;;;;;;;;;;;
irondeep;Irondeep;;;;;;;;;;;;;
irondeep_adj;Irondeep;;;;;;;;;;;;;
irondeep_desc;Irondeep;;;;;;;;;;;;;
c_irondeep;Irondeep;;;;;;;;;;;;;
c_irondeep_adj;Irondeep;;;;;;;;;;;;;
c_irondeep_desc;Irondeep;;;;;;;;;;;;;
PROV1164;Irondeep;;;;;;;;;;;;;
PROV1164_adj;Irondeep;;;;;;;;;;;;;
PROV1164_desc;Irondeep;;;;;;;;;;;;;
stillwater;Stillwater;;;;;;;;;;;;;
stillwater_adj;Stillwater;;;;;;;;;;;;;
stillwater_desc;Stillwater;;;;;;;;;;;;;
c_stillwater;Stillwater;;;;;;;;;;;;;
c_stillwater_adj;Stillwater;;;;;;;;;;;;;
c_stillwater_desc;Stillwater;;;;;;;;;;;;;
PROV1165;Stillwater;;;;;;;;;;;;;
PROV1165_adj;Stillwater;;;;;;;;;;;;;
PROV1165_desc;Stillwater;;;;;;;;;;;;;
bluegrave;Bluegrave;;;;;;;;;;;;;
bluegrave_adj;Bluegrave;;;;;;;;;;;;;
bluegrave_desc;Bluegrave;;;;;;;;;;;;;
c_bluegrave;Bluegrave;;;;;;;;;;;;;
c_bluegrave_adj;Bluegrave;;;;;;;;;;;;;
c_bluegrave_desc;Bluegrave;;;;;;;;;;;;;
PROV1166;Bluegrave;;;;;;;;;;;;;
PROV1166_adj;Bluegrave;;;;;;;;;;;;;
PROV1166_desc;Bluegrave;;;;;;;;;;;;;
shadowmere;Shadowmere;;;;;;;;;;;;;
shadowmere_adj;Shadowmere;;;;;;;;;;;;;
shadowmere_desc;Shadowmere;;;;;;;;;;;;;
c_shadowmere;Shadowmere;;;;;;;;;;;;;
c_shadowmere_adj;Shadowmere;;;;;;;;;;;;;
c_shadowmere_desc;Shadowmere;;;;;;;;;;;;;
PROV1167;Shadowmere;;;;;;;;;;;;;
PROV1167_adj;Shadowmere;;;;;;;;;;;;;
PROV1167_desc;Shadowmere;;;;;;;;;;;;;
firewake;Firewake;;;;;;;;;;;;;
firewake_adj;Firewake;;;;;;;;;;;;;
firewake_desc;Firewake;;;;;;;;;;;;;
c_firewake;Firewake;;;;;;;;;;;;;
c_firewake_adj;Firewake;;;;;;;;;;;;;
c_firewake_desc;Firewake;;;;;;;;;;;;;
PROV1168;Firewake;;;;;;;;;;;;;
PROV1168_adj;Firewake;;;;;;;;;;;;;
PROV1168_desc;Firewake;;;;;;;;;;;;;
coldblue;Coldblue;;;;;;;;;;;;;
coldblue_adj;Coldblue;;;;;;;;;;;;;
coldblue_desc;Coldblue;;;;;;;;;;;;;
c_coldblue;Coldblue;;;;;;;;;;;;;
c_coldblue_adj;Coldblue;;;;;;;;;;;;;
c_coldblue_desc;Coldblue;;;;;;;;;;;;;
PROV1169;Coldblue;;;;;;;;;;;;;
PROV1169_adj;Coldblue;;;;;;;;;;;;;
PROV1169_desc;Coldblue;;;;;;;;;;;;;
nighttide;Nighttide;;;;;;;;;;;;;
nighttide_adj;Nighttide;;;;;;;;;;;;;
nighttide_desc;Nighttide;;;;;;;;;;;;;
c_nighttide;Nighttide;;;;;;;;;;;;;
c_nighttide_adj;Nighttide;;;;;;;;;;;;;
c_nighttide_desc;Nighttide;;;;;;;;;;;;;
PROV1170;Nighttide;;;;;;;;;;;;;
PROV1170_adj;Nighttide;;;;;;;;;;;;;
PROV1170_desc;Nighttide;;;;;;;;;;;;;
brightmere;Brightmere;;;;;;;;;;;;;
brightmere_adj;Brightmere;;;;;;;;;;;;;
brightmere_desc;Brightmere;;;;;;;;;;;;;
c_brightmere;Brightmere;;;;;;;;;;;;;
c_brightmere_adj;Brightmere;;;;;;;;;;;;;
c_brightmere_desc;Brightmere;;;;;;;;;;;;;
PROV1171;Brightmere;;;;;;;;;;;;;
PROV1171_adj;Brightmere;;;;;;;;;;;;;
PROV1171_desc;Brightmere;;;;;;;;;;;;;
dusksea;Dusksea;;;;;;;;;;;;;
dusksea_adj;Dusksea;;;;;;;;;;;;;
dusksea_desc;Dusksea;;;;;;;;;;;;;
c_dusksea;Dusksea;;;;;;;;;;;;;
c_dusksea_adj;Dusksea;;;;;;;;;;;;;
c_dusksea_desc;Dusksea;;;;;;;;;;;;;
PROV1172;Dusksea;;;;;;;;;;;;;
PROV1172_adj;Dusksea;;;;;;;;;;;;;
PROV1172_desc;Dusksea;;;;;;;;;;;;;
starwake;Starwake;;;;;;;;;;;;;
starwake_adj;Starwake;;;;;;;;;;;;;
starwake_desc;Starwake;;;;;;;;;;;;;
c_starwake;Starwake;;;;;;;;;;;;;
c_starwake_adj;Starwake;;;;;;;;;;;;;
c_starwake_desc;Starwake;;;;;;;;;;;;;
PROV1173;Starwake;;;;;;;;;;;;;
PROV1173_adj;Starwake;;;;;;;;;;;;;
PROV1173_desc;Starwake;;;;;;;;;;;;;
grimdeep;Grimdeep;;;;;;;;;;;;;
grimdeep_adj;Grimdeep;;;;;;;;;;;;;
grimdeep_desc;Grimdeep;;;;;;;;;;;;;
c_grimdeep;Grimdeep;;;;;;;;;;;;;
c_grimdeep_adj;Grimdeep;;;;;;;;;;;;;
c_grimdeep_desc;Grimdeep;;;;;;;;;;;;;
PROV1174;Grimdeep;;;;;;;;;;;;;
PROV1174_adj;Grimdeep;;;;;;;;;;;;;
PROV1174_desc;Grimdeep;;;;;;;;;;;;;
stormblue;Stormblue;;;;;;;;;;;;;
stormblue_adj;Stormblue;;;;;;;;;;;;;
stormblue_desc;Stormblue;;;;;;;;;;;;;
c_stormblue;Stormblue;;;;;;;;;;;;;
c_stormblue_adj;Stormblue;;;;;;;;;;;;;
c_stormblue_desc;Stormblue;;;;;;;;;;;;;
PROV1175;Stormblue;;;;;;;;;;;;;
PROV1175_adj;Stormblue;;;;;;;;;;;;;
PROV1175_desc;Stormblue;;;;;;;;;;;;;
deepmist;Deepmist;;;;;;;;;;;;;
deepmist_adj;Deepmist;;;;;;;;;;;;;
deepmist_desc;Deepmist;;;;;;;;;;;;;
c_deepmist;Deepmist;;;;;;;;;;;;;
c_deepmist_adj;Deepmist;;;;;;;;;;;;;
c_deepmist_desc;Deepmist;;;;;;;;;;;;;
PROV1176;Deepmist;;;;;;;;;;;;;
PROV1176_adj;Deepmist;;;;;;;;;;;;;
PROV1176_desc;Deepmist;;;;;;;;;;;;;
voidtide;Voidtide;;;;;;;;;;;;;
voidtide_adj;Voidtide;;;;;;;;;;;;;
voidtide_desc;Voidtide;;;;;;;;;;;;;
c_voidtide;Voidtide;;;;;;;;;;;;;
c_voidtide_adj;Voidtide;;;;;;;;;;;;;
c_voidtide_desc;Voidtide;;;;;;;;;;;;;
PROV1177;Voidtide;;;;;;;;;;;;;
PROV1177_adj;Voidtide;;;;;;;;;;;;;
PROV1177_desc;Voidtide;;;;;;;;;;;;;
ashwater;Ashwater;;;;;;;;;;;;;
ashwater_adj;Ashwater;;;;;;;;;;;;;
ashwater_desc;Ashwater;;;;;;;;;;;;;
c_ashwater;Ashwater;;;;;;;;;;;;;
c_ashwater_adj;Ashwater;;;;;;;;;;;;;
c_ashwater_desc;Ashwater;;;;;;;;;;;;;
PROV1178;Ashwater;;;;;;;;;;;;;
PROV1178_adj;Ashwater;;;;;;;;;;;;;
PROV1178_desc;Ashwater;;;;;;;;;;;;;
moonwake;Moonwake;;;;;;;;;;;;;
moonwake_adj;Moonwake;;;;;;;;;;;;;
moonwake_desc;Moonwake;;;;;;;;;;;;;
c_moonwake;Moonwake;;;;;;;;;;;;;
c_moonwake_adj;Moonwake;;;;;;;;;;;;;
c_moonwake_desc;Moonwake;;;;;;;;;;;;;
PROV1179;Moonwake;;;;;;;;;;;;;
PROV1179_adj;Moonwake;;;;;;;;;;;;;
PROV1179_desc;Moonwake;;;;;;;;;;;;;
blackreach;Blackreach;;;;;;;;;;;;;
blackreach_adj;Blackreach;;;;;;;;;;;;;
blackreach_desc;Blackreach;;;;;;;;;;;;;
c_blackreach;Blackreach;;;;;;;;;;;;;
c_blackreach_adj;Blackreach;;;;;;;;;;;;;
c_blackreach_desc;Blackreach;;;;;;;;;;;;;
PROV1180;Blackreach;;;;;;;;;;;;;
PROV1180_adj;Blackreach;;;;;;;;;;;;;
PROV1180_desc;Blackreach;;;;;;;;;;;;;
silvertide;Silvertide;;;;;;;;;;;;;
silvertide_adj;Silvertide;;;;;;;;;;;;;
silvertide_desc;Silvertide;;;;;;;;;;;;;
c_silvertide;Silvertide;;;;;;;;;;;;;
c_silvertide_adj;Silvertide;;;;;;;;;;;;;
c_silvertide_desc;Silvertide;;;;;;;;;;;;;
PROV1181;Silvertide;;;;;;;;;;;;;
PROV1181_adj;Silvertide;;;;;;;;;;;;;
PROV1181_desc;Silvertide;;;;;;;;;;;;;
pale_sea;Pale Sea;;;;;;;;;;;;;
pale_sea_adj;Pale Sea;;;;;;;;;;;;;
pale_sea_desc;Pale Sea;;;;;;;;;;;;;
c_pale_sea;Pale Sea;;;;;;;;;;;;;
c_pale_sea_adj;Pale Sea;;;;;;;;;;;;;
c_pale_sea_desc;Pale Sea;;;;;;;;;;;;;
PROV1182;Pale Sea;;;;;;;;;;;;;
PROV1182_adj;Pale Sea;;;;;;;;;;;;;
PROV1182_desc;Pale Sea;;;;;;;;;;;;;
frostdeep;Frostdeep;;;;;;;;;;;;;
frostdeep_adj;Frostdeep;;;;;;;;;;;;;
frostdeep_desc;Frostdeep;;;;;;;;;;;;;
c_frostdeep;Frostdeep;;;;;;;;;;;;;
c_frostdeep_adj;Frostdeep;;;;;;;;;;;;;
c_frostdeep_desc;Frostdeep;;;;;;;;;;;;;
PROV1183;Frostdeep;;;;;;;;;;;;;
PROV1183_adj;Frostdeep;;;;;;;;;;;;;
PROV1183_desc;Frostdeep;;;;;;;;;;;;;
darkblue;Darkblue;;;;;;;;;;;;;
darkblue_adj;Darkblue;;;;;;;;;;;;;
darkblue_desc;Darkblue;;;;;;;;;;;;;
c_darkblue;Darkblue;;;;;;;;;;;;;
c_darkblue_adj;Darkblue;;;;;;;;;;;;;
c_darkblue_desc;Darkblue;;;;;;;;;;;;;
PROV1184;Darkblue;;;;;;;;;;;;;
PROV1184_adj;Darkblue;;;;;;;;;;;;;
PROV1184_desc;Darkblue;;;;;;;;;;;;;
sunfall;Sunfall;;;;;;;;;;;;;
sunfall_adj;Sunfall;;;;;;;;;;;;;
sunfall_desc;Sunfall;;;;;;;;;;;;;
c_sunfall;Sunfall;;;;;;;;;;;;;
c_sunfall_adj;Sunfall;;;;;;;;;;;;;
c_sunfall_desc;Sunfall;;;;;;;;;;;;;
PROV1185;Sunfall;;;;;;;;;;;;;
PROV1185_adj;Sunfall;;;;;;;;;;;;;
PROV1185_desc;Sunfall;;;;;;;;;;;;;
mistdeep;Mistdeep;;;;;;;;;;;;;
mistdeep_adj;Mistdeep;;;;;;;;;;;;;
mistdeep_desc;Mistdeep;;;;;;;;;;;;;
c_mistdeep;Mistdeep;;;;;;;;;;;;;
c_mistdeep_adj;Mistdeep;;;;;;;;;;;;;
c_mistdeep_desc;Mistdeep;;;;;;;;;;;;;
PROV1186;Mistdeep;;;;;;;;;;;;;
PROV1186_adj;Mistdeep;;;;;;;;;;;;;
PROV1186_desc;Mistdeep;;;;;;;;;;;;;
ironsea;Ironsea;;;;;;;;;;;;;
ironsea_adj;Ironsea;;;;;;;;;;;;;
ironsea_desc;Ironsea;;;;;;;;;;;;;
c_ironsea;Ironsea;;;;;;;;;;;;;
c_ironsea_adj;Ironsea;;;;;;;;;;;;;
c_ironsea_desc;Ironsea;;;;;;;;;;;;;
PROV1187;Ironsea;;;;;;;;;;;;;
PROV1187_adj;Ironsea;;;;;;;;;;;;;
PROV1187_desc;Ironsea;;;;;;;;;;;;;
shadowtide;Shadowtide;;;;;;;;;;;;;
shadowtide_adj;Shadowtide;;;;;;;;;;;;;
shadowtide_desc;Shadowtide;;;;;;;;;;;;;
c_shadowtide;Shadowtide;;;;;;;;;;;;;
c_shadowtide_adj;Shadowtide;;;;;;;;;;;;;
c_shadowtide_desc;Shadowtide;;;;;;;;;;;;;
PROV1188;Shadowtide;;;;;;;;;;;;;
PROV1188_adj;Shadowtide;;;;;;;;;;;;;
PROV1188_desc;Shadowtide;;;;;;;;;;;;;
coldtide;Coldtide;;;;;;;;;;;;;
coldtide_adj;Coldtide;;;;;;;;;;;;;
coldtide_desc;Coldtide;;;;;;;;;;;;;
c_coldtide;Coldtide;;;;;;;;;;;;;
c_coldtide_adj;Coldtide;;;;;;;;;;;;;
c_coldtide_desc;Coldtide;;;;;;;;;;;;;
PROV1189;Coldtide;;;;;;;;;;;;;
PROV1189_adj;Coldtide;;;;;;;;;;;;;
PROV1189_desc;Coldtide;;;;;;;;;;;;;
brightsea;Brightsea;;;;;;;;;;;;;
brightsea_adj;Brightsea;;;;;;;;;;;;;
brightsea_desc;Brightsea;;;;;;;;;;;;;
c_brightsea;Brightsea;;;;;;;;;;;;;
c_brightsea_adj;Brightsea;;;;;;;;;;;;;
c_brightsea_desc;Brightsea;;;;;;;;;;;;;
PROV1190;Brightsea;;;;;;;;;;;;;
PROV1190_adj;Brightsea;;;;;;;;;;;;;
PROV1190_desc;Brightsea;;;;;;;;;;;;;
riftwater;Riftwater;;;;;;;;;;;;;
riftwater_adj;Riftwater;;;;;;;;;;;;;
riftwater_desc;Riftwater;;;;;;;;;;;;;
c_riftwater;Riftwater;;;;;;;;;;;;;
c_riftwater_adj;Riftwater;;;;;;;;;;;;;
c_riftwater_desc;Riftwater;;;;;;;;;;;;;
PROV1191;Riftwater;;;;;;;;;;;;;
PROV1191_adj;Riftwater;;;;;;;;;;;;;
PROV1191_desc;Riftwater;;;;;;;;;;;;;
nightdeep;Nightdeep;;;;;;;;;;;;;
nightdeep_adj;Nightdeep;;;;;;;;;;;;;
nightdeep_desc;Nightdeep;;;;;;;;;;;;;
c_nightdeep;Nightdeep;;;;;;;;;;;;;
c_nightdeep_adj;Nightdeep;;;;;;;;;;;;;
c_nightdeep_desc;Nightdeep;;;;;;;;;;;;;
PROV1192;Nightdeep;;;;;;;;;;;;;
PROV1192_adj;Nightdeep;;;;;;;;;;;;;
PROV1192_desc;Nightdeep;;;;;;;;;;;;;
stormmere;Stormmere;;;;;;;;;;;;;
stormmere_adj;Stormmere;;;;;;;;;;;;;
stormmere_desc;Stormmere;;;;;;;;;;;;;
c_stormmere;Stormmere;;;;;;;;;;;;;
c_stormmere_adj;Stormmere;;;;;;;;;;;;;
c_stormmere_desc;Stormmere;;;;;;;;;;;;;
PROV1193;Stormmere;;;;;;;;;;;;;
PROV1193_adj;Stormmere;;;;;;;;;;;;;
PROV1193_desc;Stormmere;;;;;;;;;;;;;
ghostdeep;Ghostdeep;;;;;;;;;;;;;
ghostdeep_adj;Ghostdeep;;;;;;;;;;;;;
ghostdeep_desc;Ghostdeep;;;;;;;;;;;;;
c_ghostdeep;Ghostdeep;;;;;;;;;;;;;
c_ghostdeep_adj;Ghostdeep;;;;;;;;;;;;;
c_ghostdeep_desc;Ghostdeep;;;;;;;;;;;;;
PROV1194;Ghostdeep;;;;;;;;;;;;;
PROV1194_adj;Ghostdeep;;;;;;;;;;;;;
PROV1194_desc;Ghostdeep;;;;;;;;;;;;;
emberdeep;Emberdeep;;;;;;;;;;;;;
emberdeep_adj;Emberdeep;;;;;;;;;;;;;
emberdeep_desc;Emberdeep;;;;;;;;;;;;;
c_emberdeep;Emberdeep;;;;;;;;;;;;;
c_emberdeep_adj;Emberdeep;;;;;;;;;;;;;
c_emberdeep_desc;Emberdeep;;;;;;;;;;;;;
PROV1195;Emberdeep;;;;;;;;;;;;;
PROV1195_adj;Emberdeep;;;;;;;;;;;;;
PROV1195_desc;Emberdeep;;;;;;;;;;;;;
tidegrave;Tidegrave;;;;;;;;;;;;;
tidegrave_adj;Tidegrave;;;;;;;;;;;;;
tidegrave_desc;Tidegrave;;;;;;;;;;;;;
c_tidegrave;Tidegrave;;;;;;;;;;;;;
c_tidegrave_adj;Tidegrave;;;;;;;;;;;;;
c_tidegrave_desc;Tidegrave;;;;;;;;;;;;;
PROV1196;Tidegrave;;;;;;;;;;;;;
PROV1196_adj;Tidegrave;;;;;;;;;;;;;
PROV1196_desc;Tidegrave;;;;;;;;;;;;;
stilldeep;Stilldeep;;;;;;;;;;;;;
stilldeep_adj;Stilldeep;;;;;;;;;;;;;
stilldeep_desc;Stilldeep;;;;;;;;;;;;;
c_stilldeep;Stilldeep;;;;;;;;;;;;;
c_stilldeep_adj;Stilldeep;;;;;;;;;;;;;
c_stilldeep_desc;Stilldeep;;;;;;;;;;;;;
PROV1197;Stilldeep;;;;;;;;;;;;;
PROV1197_adj;Stilldeep;;;;;;;;;;;;;
PROV1197_desc;Stilldeep;;;;;;;;;;;;;
starsea;Starsea;;;;;;;;;;;;;
starsea_adj;Starsea;;;;;;;;;;;;;
starsea_desc;Starsea;;;;;;;;;;;;;
c_starsea;Starsea;;;;;;;;;;;;;
c_starsea_adj;Starsea;;;;;;;;;;;;;
c_starsea_desc;Starsea;;;;;;;;;;;;;
PROV1198;Starsea;;;;;;;;;;;;;
PROV1198_adj;Starsea;;;;;;;;;;;;;
PROV1198_desc;Starsea;;;;;;;;;;;;;
blackwater;Blackwater;;;;;;;;;;;;;
blackwater_adj;Blackwater;;;;;;;;;;;;;
blackwater_desc;Blackwater;;;;;;;;;;;;;
c_blackwater;Blackwater;;;;;;;;;;;;;
c_blackwater_adj;Blackwater;;;;;;;;;;;;;
c_blackwater_desc;Blackwater;;;;;;;;;;;;;
PROV1199;Blackwater;;;;;;;;;;;;;
PROV1199_adj;Blackwater;;;;;;;;;;;;;
PROV1199_desc;Blackwater;;;;;;;;;;;;;
moonsea;Moonsea;;;;;;;;;;;;;
moonsea_adj;Moonsea;;;;;;;;;;;;;
moonsea_desc;Moonsea;;;;;;;;;;;;;
c_moonsea;Moonsea;;;;;;;;;;;;;
c_moonsea_adj;Moonsea;;;;;;;;;;;;;
c_moonsea_desc;Moonsea;;;;;;;;;;;;;
PROV1200;Moonsea;;;;;;;;;;;;;
PROV1200_adj;Moonsea;;;;;;;;;;;;;
PROV1200_desc;Moonsea;;;;;;;;;;;;;
darktide;Darktide;;;;;;;;;;;;;
darktide_adj;Darktide;;;;;;;;;;;;;
darktide_desc;Darktide;;;;;;;;;;;;;
c_darktide;Darktide;;;;;;;;;;;;;
c_darktide_adj;Darktide;;;;;;;;;;;;;
c_darktide_desc;Darktide;;;;;;;;;;;;;
PROV1201;Darktide;;;;;;;;;;;;;
PROV1201_adj;Darktide;;;;;;;;;;;;;
PROV1201_desc;Darktide;;;;;;;;;;;;;
silversea;Silversea;;;;;;;;;;;;;
silversea_adj;Silversea;;;;;;;;;;;;;
silversea_desc;Silversea;;;;;;;;;;;;;
c_silversea;Silversea;;;;;;;;;;;;;
c_silversea_adj;Silversea;;;;;;;;;;;;;
c_silversea_desc;Silversea;;;;;;;;;;;;;
PROV1202;Silversea;;;;;;;;;;;;;
PROV1202_adj;Silversea;;;;;;;;;;;;;
PROV1202_desc;Silversea;;;;;;;;;;;;;
frostsea;Frostsea;;;;;;;;;;;;;
frostsea_adj;Frostsea;;;;;;;;;;;;;
frostsea_desc;Frostsea;;;;;;;;;;;;;
c_frostsea;Frostsea;;;;;;;;;;;;;
c_frostsea_adj;Frostsea;;;;;;;;;;;;;
c_frostsea_desc;Frostsea;;;;;;;;;;;;;
PROV1203;Frostsea;;;;;;;;;;;;;
PROV1203_adj;Frostsea;;;;;;;;;;;;;
PROV1203_desc;Frostsea;;;;;;;;;;;;;
deepwake;Deepwake;;;;;;;;;;;;;
deepwake_adj;Deepwake;;;;;;;;;;;;;
deepwake_desc;Deepwake;;;;;;;;;;;;;
c_deepwake;Deepwake;;;;;;;;;;;;;
c_deepwake_adj;Deepwake;;;;;;;;;;;;;
c_deepwake_desc;Deepwake;;;;;;;;;;;;;
PROV1204;Deepwake;;;;;;;;;;;;;
PROV1204_adj;Deepwake;;;;;;;;;;;;;
PROV1204_desc;Deepwake;;;;;;;;;;;;;
voidsea;Voidsea;;;;;;;;;;;;;
voidsea_adj;Voidsea;;;;;;;;;;;;;
voidsea_desc;Voidsea;;;;;;;;;;;;;
c_voidsea;Voidsea;;;;;;;;;;;;;
c_voidsea_adj;Voidsea;;;;;;;;;;;;;
c_voidsea_desc;Voidsea;;;;;;;;;;;;;
PROV1205;Voidsea;;;;;;;;;;;;;
PROV1205_adj;Voidsea;;;;;;;;;;;;;
PROV1205_desc;Voidsea;;;;;;;;;;;;;
ashdeep;Ashdeep;;;;;;;;;;;;;
ashdeep_adj;Ashdeep;;;;;;;;;;;;;
ashdeep_desc;Ashdeep;;;;;;;;;;;;;
c_ashdeep;Ashdeep;;;;;;;;;;;;;
c_ashdeep_adj;Ashdeep;;;;;;;;;;;;;
c_ashdeep_desc;Ashdeep;;;;;;;;;;;;;
PROV1206;Ashdeep;;;;;;;;;;;;;
PROV1206_adj;Ashdeep;;;;;;;;;;;;;
PROV1206_desc;Ashdeep;;;;;;;;;;;;;
brightwake;Brightwake;;;;;;;;;;;;;
brightwake_adj;Brightwake;;;;;;;;;;;;;
brightwake_desc;Brightwake;;;;;;;;;;;;;
c_brightwake;Brightwake;;;;;;;;;;;;;
c_brightwake_adj;Brightwake;;;;;;;;;;;;;
c_brightwake_desc;Brightwake;;;;;;;;;;;;;
PROV1207;Brightwake;;;;;;;;;;;;;
PROV1207_adj;Brightwake;;;;;;;;;;;;;
PROV1207_desc;Brightwake;;;;;;;;;;;;;
nightsea;Nightsea;;;;;;;;;;;;;
nightsea_adj;Nightsea;;;;;;;;;;;;;
nightsea_desc;Nightsea;;;;;;;;;;;;;
c_nightsea;Nightsea;;;;;;;;;;;;;
c_nightsea_adj;Nightsea;;;;;;;;;;;;;
c_nightsea_desc;Nightsea;;;;;;;;;;;;;
PROV1208;Nightsea;;;;;;;;;;;;;
PROV1208_adj;Nightsea;;;;;;;;;;;;;
PROV1208_desc;Nightsea;;;;;;;;;;;;;
coldmere;Coldmere;;;;;;;;;;;;;
coldmere_adj;Coldmere;;;;;;;;;;;;;
coldmere_desc;Coldmere;;;;;;;;;;;;;
c_coldmere;Coldmere;;;;;;;;;;;;;
c_coldmere_adj;Coldmere;;;;;;;;;;;;;
c_coldmere_desc;Coldmere;;;;;;;;;;;;;
PROV1209;Coldmere;;;;;;;;;;;;;
PROV1209_adj;Coldmere;;;;;;;;;;;;;
PROV1209_desc;Coldmere;;;;;;;;;;;;;
stormdeep;Stormdeep;;;;;;;;;;;;;
stormdeep_adj;Stormdeep;;;;;;;;;;;;;
stormdeep_desc;Stormdeep;;;;;;;;;;;;;
c_stormdeep;Stormdeep;;;;;;;;;;;;;
c_stormdeep_adj;Stormdeep;;;;;;;;;;;;;
c_stormdeep_desc;Stormdeep;;;;;;;;;;;;;
PROV1210;Stormdeep;;;;;;;;;;;;;
PROV1210_adj;Stormdeep;;;;;;;;;;;;;
PROV1210_desc;Stormdeep;;;;;;;;;;;;;
paleveil;Paleveil;;;;;;;;;;;;;
paleveil_adj;Paleveil;;;;;;;;;;;;;
paleveil_desc;Paleveil;;;;;;;;;;;;;
c_paleveil;Paleveil;;;;;;;;;;;;;
c_paleveil_adj;Paleveil;;;;;;;;;;;;;
c_paleveil_desc;Paleveil;;;;;;;;;;;;;
PROV1211;Paleveil;;;;;;;;;;;;;
PROV1211_adj;Paleveil;;;;;;;;;;;;;
PROV1211_desc;Paleveil;;;;;;;;;;;;;
shadowsea;Shadowsea;;;;;;;;;;;;;
shadowsea_adj;Shadowsea;;;;;;;;;;;;;
shadowsea_desc;Shadowsea;;;;;;;;;;;;;
c_shadowsea;Shadowsea;;;;;;;;;;;;;
c_shadowsea_adj;Shadowsea;;;;;;;;;;;;;
c_shadowsea_desc;Shadowsea;;;;;;;;;;;;;
PROV1212;Shadowsea;;;;;;;;;;;;;
PROV1212_adj;Shadowsea;;;;;;;;;;;;;
PROV1212_desc;Shadowsea;;;;;;;;;;;;;
ironwake;Ironwake;;;;;;;;;;;;;
ironwake_adj;Ironwake;;;;;;;;;;;;;
ironwake_desc;Ironwake;;;;;;;;;;;;;
c_ironwake;Ironwake;;;;;;;;;;;;;
c_ironwake_adj;Ironwake;;;;;;;;;;;;;
c_ironwake_desc;Ironwake;;;;;;;;;;;;;
PROV1213;Ironwake;;;;;;;;;;;;;
PROV1213_adj;Ironwake;;;;;;;;;;;;;
PROV1213_desc;Ironwake;;;;;;;;;;;;;
mistsea;Mistsea;;;;;;;;;;;;;
mistsea_adj;Mistsea;;;;;;;;;;;;;
mistsea_desc;Mistsea;;;;;;;;;;;;;
c_mistsea;Mistsea;;;;;;;;;;;;;
c_mistsea_adj;Mistsea;;;;;;;;;;;;;
c_mistsea_desc;Mistsea;;;;;;;;;;;;;
PROV1214;Mistsea;;;;;;;;;;;;;
PROV1214_adj;Mistsea;;;;;;;;;;;;;
PROV1214_desc;Mistsea;;;;;;;;;;;;;
sunwake;Sunwake;;;;;;;;;;;;;
sunwake_adj;Sunwake;;;;;;;;;;;;;
sunwake_desc;Sunwake;;;;;;;;;;;;;
c_sunwake;Sunwake;;;;;;;;;;;;;
c_sunwake_adj;Sunwake;;;;;;;;;;;;;
c_sunwake_desc;Sunwake;;;;;;;;;;;;;
PROV1259;Sunwake;;;;;;;;;;;;;
PROV1259_adj;Sunwake;;;;;;;;;;;;;
PROV1259_desc;Sunwake;;;;;;;;;;;;;
dreadflow;Dreadflow;;;;;;;;;;;;;
dreadflow_adj;Dreadflow;;;;;;;;;;;;;
dreadflow_desc;Dreadflow;;;;;;;;;;;;;
c_dreadflow;Dreadflow;;;;;;;;;;;;;
c_dreadflow_adj;Dreadflow;;;;;;;;;;;;;
c_dreadflow_desc;Dreadflow;;;;;;;;;;;;;
PROV1215;Dreadflow;;;;;;;;;;;;;
PROV1215_adj;Dreadflow;;;;;;;;;;;;;
PROV1215_desc;Dreadflow;;;;;;;;;;;;;
grimsea;Grimsea;;;;;;;;;;;;;
grimsea_adj;Grimsea;;;;;;;;;;;;;
grimsea_desc;Grimsea;;;;;;;;;;;;;
c_grimsea;Grimsea;;;;;;;;;;;;;
c_grimsea_adj;Grimsea;;;;;;;;;;;;;
c_grimsea_desc;Grimsea;;;;;;;;;;;;;
PROV1216;Grimsea;;;;;;;;;;;;;
PROV1216_adj;Grimsea;;;;;;;;;;;;;
PROV1216_desc;Grimsea;;;;;;;;;;;;;
darkmere;Darkmere;;;;;;;;;;;;;
darkmere_adj;Darkmere;;;;;;;;;;;;;
darkmere_desc;Darkmere;;;;;;;;;;;;;
c_darkmere;Darkmere;;;;;;;;;;;;;
c_darkmere_adj;Darkmere;;;;;;;;;;;;;
c_darkmere_desc;Darkmere;;;;;;;;;;;;;
PROV1217;Darkmere;;;;;;;;;;;;;
PROV1217_adj;Darkmere;;;;;;;;;;;;;
PROV1217_desc;Darkmere;;;;;;;;;;;;;
bluewake;Bluewake;;;;;;;;;;;;;
bluewake_adj;Bluewake;;;;;;;;;;;;;
bluewake_desc;Bluewake;;;;;;;;;;;;;
c_bluewake;Bluewake;;;;;;;;;;;;;
c_bluewake_adj;Bluewake;;;;;;;;;;;;;
c_bluewake_desc;Bluewake;;;;;;;;;;;;;
PROV1218;Bluewake;;;;;;;;;;;;;
PROV1218_adj;Bluewake;;;;;;;;;;;;;
PROV1218_desc;Bluewake;;;;;;;;;;;;;
stardeep;Stardeep;;;;;;;;;;;;;
stardeep_adj;Stardeep;;;;;;;;;;;;;
stardeep_desc;Stardeep;;;;;;;;;;;;;
c_stardeep;Stardeep;;;;;;;;;;;;;
c_stardeep_adj;Stardeep;;;;;;;;;;;;;
c_stardeep_desc;Stardeep;;;;;;;;;;;;;
PROV1219;Stardeep;;;;;;;;;;;;;
PROV1219_adj;Stardeep;;;;;;;;;;;;;
PROV1219_desc;Stardeep;;;;;;;;;;;;;
frosttide;Frosttide;;;;;;;;;;;;;
frosttide_adj;Frosttide;;;;;;;;;;;;;
frosttide_desc;Frosttide;;;;;;;;;;;;;
c_frosttide;Frosttide;;;;;;;;;;;;;
c_frosttide_adj;Frosttide;;;;;;;;;;;;;
c_frosttide_desc;Frosttide;;;;;;;;;;;;;
PROV1220;Frosttide;;;;;;;;;;;;;
PROV1220_adj;Frosttide;;;;;;;;;;;;;
PROV1220_desc;Frosttide;;;;;;;;;;;;;
blackdeep;Blackdeep;;;;;;;;;;;;;
blackdeep_adj;Blackdeep;;;;;;;;;;;;;
blackdeep_desc;Blackdeep;;;;;;;;;;;;;
c_blackdeep;Blackdeep;;;;;;;;;;;;;
c_blackdeep_adj;Blackdeep;;;;;;;;;;;;;
c_blackdeep_desc;Blackdeep;;;;;;;;;;;;;
PROV1221;Blackdeep;;;;;;;;;;;;;
PROV1221_adj;Blackdeep;;;;;;;;;;;;;
PROV1221_desc;Blackdeep;;;;;;;;;;;;;
moondeep;Moondeep;;;;;;;;;;;;;
moondeep_adj;Moondeep;;;;;;;;;;;;;
moondeep_desc;Moondeep;;;;;;;;;;;;;
c_moondeep;Moondeep;;;;;;;;;;;;;
c_moondeep_adj;Moondeep;;;;;;;;;;;;;
c_moondeep_desc;Moondeep;;;;;;;;;;;;;
PROV1222;Moondeep;;;;;;;;;;;;;
PROV1222_adj;Moondeep;;;;;;;;;;;;;
PROV1222_desc;Moondeep;;;;;;;;;;;;;
stillsea;Stillsea;;;;;;;;;;;;;
stillsea_adj;Stillsea;;;;;;;;;;;;;
stillsea_desc;Stillsea;;;;;;;;;;;;;
c_stillsea;Stillsea;;;;;;;;;;;;;
c_stillsea_adj;Stillsea;;;;;;;;;;;;;
c_stillsea_desc;Stillsea;;;;;;;;;;;;;
PROV1223;Stillsea;;;;;;;;;;;;;
PROV1223_adj;Stillsea;;;;;;;;;;;;;
PROV1223_desc;Stillsea;;;;;;;;;;;;;
highdeep;Highdeep;;;;;;;;;;;;;
highdeep_adj;Highdeep;;;;;;;;;;;;;
highdeep_desc;Highdeep;;;;;;;;;;;;;
c_highdeep;Highdeep;;;;;;;;;;;;;
c_highdeep_adj;Highdeep;;;;;;;;;;;;;
c_highdeep_desc;Highdeep;;;;;;;;;;;;;
PROV1224;Highdeep;;;;;;;;;;;;;
PROV1224_adj;Highdeep;;;;;;;;;;;;;
PROV1224_desc;Highdeep;;;;;;;;;;;;;
darkfall;Darkfall;;;;;;;;;;;;;
darkfall_adj;Darkfall;;;;;;;;;;;;;
darkfall_desc;Darkfall;;;;;;;;;;;;;
c_darkfall;Darkfall;;;;;;;;;;;;;
c_darkfall_adj;Darkfall;;;;;;;;;;;;;
c_darkfall_desc;Darkfall;;;;;;;;;;;;;
PROV1225;Darkfall;;;;;;;;;;;;;
PROV1225_adj;Darkfall;;;;;;;;;;;;;
PROV1225_desc;Darkfall;;;;;;;;;;;;;
ashmere;Ashmere;;;;;;;;;;;;;
ashmere_adj;Ashmere;;;;;;;;;;;;;
ashmere_desc;Ashmere;;;;;;;;;;;;;
c_ashmere;Ashmere;;;;;;;;;;;;;
c_ashmere_adj;Ashmere;;;;;;;;;;;;;
c_ashmere_desc;Ashmere;;;;;;;;;;;;;
PROV1226;Ashmere;;;;;;;;;;;;;
PROV1226_adj;Ashmere;;;;;;;;;;;;;
PROV1226_desc;Ashmere;;;;;;;;;;;;;
starfoam;Starfoam;;;;;;;;;;;;;
starfoam_adj;Starfoam;;;;;;;;;;;;;
starfoam_desc;Starfoam;;;;;;;;;;;;;
c_starfoam;Starfoam;;;;;;;;;;;;;
c_starfoam_adj;Starfoam;;;;;;;;;;;;;
c_starfoam_desc;Starfoam;;;;;;;;;;;;;
PROV1227;Starfoam;;;;;;;;;;;;;
PROV1227_adj;Starfoam;;;;;;;;;;;;;
PROV1227_desc;Starfoam;;;;;;;;;;;;;
coldwake;Coldwake;;;;;;;;;;;;;
coldwake_adj;Coldwake;;;;;;;;;;;;;
coldwake_desc;Coldwake;;;;;;;;;;;;;
c_coldwake;Coldwake;;;;;;;;;;;;;
c_coldwake_adj;Coldwake;;;;;;;;;;;;;
c_coldwake_desc;Coldwake;;;;;;;;;;;;;
PROV1228;Coldwake;;;;;;;;;;;;;
PROV1228_adj;Coldwake;;;;;;;;;;;;;
PROV1228_desc;Coldwake;;;;;;;;;;;;;
nightwake;Nightwake;;;;;;;;;;;;;
nightwake_adj;Nightwake;;;;;;;;;;;;;
nightwake_desc;Nightwake;;;;;;;;;;;;;
c_nightwake;Nightwake;;;;;;;;;;;;;
c_nightwake_adj;Nightwake;;;;;;;;;;;;;
c_nightwake_desc;Nightwake;;;;;;;;;;;;;
PROV1229;Nightwake;;;;;;;;;;;;;
PROV1229_adj;Nightwake;;;;;;;;;;;;;
PROV1229_desc;Nightwake;;;;;;;;;;;;;
blackfoam;Blackfoam;;;;;;;;;;;;;
blackfoam_adj;Blackfoam;;;;;;;;;;;;;
blackfoam_desc;Blackfoam;;;;;;;;;;;;;
c_blackfoam;Blackfoam;;;;;;;;;;;;;
c_blackfoam_adj;Blackfoam;;;;;;;;;;;;;
c_blackfoam_desc;Blackfoam;;;;;;;;;;;;;
PROV1230;Blackfoam;;;;;;;;;;;;;
PROV1230_adj;Blackfoam;;;;;;;;;;;;;
PROV1230_desc;Blackfoam;;;;;;;;;;;;;
moonfall;Moonfall;;;;;;;;;;;;;
moonfall_adj;Moonfall;;;;;;;;;;;;;
moonfall_desc;Moonfall;;;;;;;;;;;;;
c_moonfall;Moonfall;;;;;;;;;;;;;
c_moonfall_adj;Moonfall;;;;;;;;;;;;;
c_moonfall_desc;Moonfall;;;;;;;;;;;;;
PROV1231;Moonfall;;;;;;;;;;;;;
PROV1231_adj;Moonfall;;;;;;;;;;;;;
PROV1231_desc;Moonfall;;;;;;;;;;;;;
deepblue;Deepblue;;;;;;;;;;;;;
deepblue_adj;Deepblue;;;;;;;;;;;;;
deepblue_desc;Deepblue;;;;;;;;;;;;;
c_deepblue;Deepblue;;;;;;;;;;;;;
c_deepblue_adj;Deepblue;;;;;;;;;;;;;
c_deepblue_desc;Deepblue;;;;;;;;;;;;;
PROV1232;Deepblue;;;;;;;;;;;;;
PROV1232_adj;Deepblue;;;;;;;;;;;;;
PROV1232_desc;Deepblue;;;;;;;;;;;;;
stormfall;Stormfall;;;;;;;;;;;;;
stormfall_adj;Stormfall;;;;;;;;;;;;;
stormfall_desc;Stormfall;;;;;;;;;;;;;
c_stormfall;Stormfall;;;;;;;;;;;;;
c_stormfall_adj;Stormfall;;;;;;;;;;;;;
c_stormfall_desc;Stormfall;;;;;;;;;;;;;
PROV1233;Stormfall;;;;;;;;;;;;;
PROV1233_adj;Stormfall;;;;;;;;;;;;;
PROV1233_desc;Stormfall;;;;;;;;;;;;;
palefoam;Palefoam;;;;;;;;;;;;;
palefoam_adj;Palefoam;;;;;;;;;;;;;
palefoam_desc;Palefoam;;;;;;;;;;;;;
c_palefoam;Palefoam;;;;;;;;;;;;;
c_palefoam_adj;Palefoam;;;;;;;;;;;;;
c_palefoam_desc;Palefoam;;;;;;;;;;;;;
PROV1234;Palefoam;;;;;;;;;;;;;
PROV1234_adj;Palefoam;;;;;;;;;;;;;
PROV1234_desc;Palefoam;;;;;;;;;;;;;
voiddeep;Voiddeep;;;;;;;;;;;;;
voiddeep_adj;Voiddeep;;;;;;;;;;;;;
voiddeep_desc;Voiddeep;;;;;;;;;;;;;
c_voiddeep;Voiddeep;;;;;;;;;;;;;
c_voiddeep_adj;Voiddeep;;;;;;;;;;;;;
c_voiddeep_desc;Voiddeep;;;;;;;;;;;;;
PROV1235;Voiddeep;;;;;;;;;;;;;
PROV1235_adj;Voiddeep;;;;;;;;;;;;;
PROV1235_desc;Voiddeep;;;;;;;;;;;;;
ironfall;Ironfall;;;;;;;;;;;;;
ironfall_adj;Ironfall;;;;;;;;;;;;;
ironfall_desc;Ironfall;;;;;;;;;;;;;
c_ironfall;Ironfall;;;;;;;;;;;;;
c_ironfall_adj;Ironfall;;;;;;;;;;;;;
c_ironfall_desc;Ironfall;;;;;;;;;;;;;
PROV1236;Ironfall;;;;;;;;;;;;;
PROV1236_adj;Ironfall;;;;;;;;;;;;;
PROV1236_desc;Ironfall;;;;;;;;;;;;;
brightdeep;Brightdeep;;;;;;;;;;;;;
brightdeep_adj;Brightdeep;;;;;;;;;;;;;
brightdeep_desc;Brightdeep;;;;;;;;;;;;;
c_brightdeep;Brightdeep;;;;;;;;;;;;;
c_brightdeep_adj;Brightdeep;;;;;;;;;;;;;
c_brightdeep_desc;Brightdeep;;;;;;;;;;;;;
PROV1237;Brightdeep;;;;;;;;;;;;;
PROV1237_adj;Brightdeep;;;;;;;;;;;;;
PROV1237_desc;Brightdeep;;;;;;;;;;;;;
frostfall;Frostfall;;;;;;;;;;;;;
frostfall_adj;Frostfall;;;;;;;;;;;;;
frostfall_desc;Frostfall;;;;;;;;;;;;;
c_frostfall;Frostfall;;;;;;;;;;;;;
c_frostfall_adj;Frostfall;;;;;;;;;;;;;
c_frostfall_desc;Frostfall;;;;;;;;;;;;;
PROV1238;Frostfall;;;;;;;;;;;;;
PROV1238_adj;Frostfall;;;;;;;;;;;;;
PROV1238_desc;Frostfall;;;;;;;;;;;;;
shadowfall;Shadowfall;;;;;;;;;;;;;
shadowfall_adj;Shadowfall;;;;;;;;;;;;;
shadowfall_desc;Shadowfall;;;;;;;;;;;;;
c_shadowfall;Shadowfall;;;;;;;;;;;;;
c_shadowfall_adj;Shadowfall;;;;;;;;;;;;;
c_shadowfall_desc;Shadowfall;;;;;;;;;;;;;
PROV1239;Shadowfall;;;;;;;;;;;;;
PROV1239_adj;Shadowfall;;;;;;;;;;;;;
PROV1239_desc;Shadowfall;;;;;;;;;;;;;
mistfall;Mistfall;;;;;;;;;;;;;
mistfall_adj;Mistfall;;;;;;;;;;;;;
mistfall_desc;Mistfall;;;;;;;;;;;;;
c_mistfall;Mistfall;;;;;;;;;;;;;
c_mistfall_adj;Mistfall;;;;;;;;;;;;;
c_mistfall_desc;Mistfall;;;;;;;;;;;;;
PROV1240;Mistfall;;;;;;;;;;;;;
PROV1240_adj;Mistfall;;;;;;;;;;;;;
PROV1240_desc;Mistfall;;;;;;;;;;;;;
emberwake;Emberwake;;;;;;;;;;;;;
emberwake_adj;Emberwake;;;;;;;;;;;;;
emberwake_desc;Emberwake;;;;;;;;;;;;;
c_emberwake;Emberwake;;;;;;;;;;;;;
c_emberwake_adj;Emberwake;;;;;;;;;;;;;
c_emberwake_desc;Emberwake;;;;;;;;;;;;;
PROV1241;Emberwake;;;;;;;;;;;;;
PROV1241_adj;Emberwake;;;;;;;;;;;;;
PROV1241_desc;Emberwake;;;;;;;;;;;;;
golddeep;Golddeep;;;;;;;;;;;;;
golddeep_adj;Golddeep;;;;;;;;;;;;;
golddeep_desc;Golddeep;;;;;;;;;;;;;
c_golddeep;Golddeep;;;;;;;;;;;;;
c_golddeep_adj;Golddeep;;;;;;;;;;;;;
c_golddeep_desc;Golddeep;;;;;;;;;;;;;
PROV1242;Golddeep;;;;;;;;;;;;;
PROV1242_adj;Golddeep;;;;;;;;;;;;;
PROV1242_desc;Golddeep;;;;;;;;;;;;;
stillwake;Stillwake;;;;;;;;;;;;;
stillwake_adj;Stillwake;;;;;;;;;;;;;
stillwake_desc;Stillwake;;;;;;;;;;;;;
c_stillwake;Stillwake;;;;;;;;;;;;;
c_stillwake_adj;Stillwake;;;;;;;;;;;;;
c_stillwake_desc;Stillwake;;;;;;;;;;;;;
PROV1243;Stillwake;;;;;;;;;;;;;
PROV1243_adj;Stillwake;;;;;;;;;;;;;
PROV1243_desc;Stillwake;;;;;;;;;;;;;
skydeep;Skydeep;;;;;;;;;;;;;
skydeep_adj;Skydeep;;;;;;;;;;;;;
skydeep_desc;Skydeep;;;;;;;;;;;;;
c_skydeep;Skydeep;;;;;;;;;;;;;
c_skydeep_adj;Skydeep;;;;;;;;;;;;;
c_skydeep_desc;Skydeep;;;;;;;;;;;;;
PROV1244;Skydeep;;;;;;;;;;;;;
PROV1244_adj;Skydeep;;;;;;;;;;;;;
PROV1244_desc;Skydeep;;;;;;;;;;;;;
nightfoam;Nightfoam;;;;;;;;;;;;;
nightfoam_adj;Nightfoam;;;;;;;;;;;;;
nightfoam_desc;Nightfoam;;;;;;;;;;;;;
c_nightfoam;Nightfoam;;;;;;;;;;;;;
c_nightfoam_adj;Nightfoam;;;;;;;;;;;;;
c_nightfoam_desc;Nightfoam;;;;;;;;;;;;;
PROV1245;Nightfoam;;;;;;;;;;;;;
PROV1245_adj;Nightfoam;;;;;;;;;;;;;
PROV1245_desc;Nightfoam;;;;;;;;;;;;;
blackwake;Blackwake;;;;;;;;;;;;;
blackwake_adj;Blackwake;;;;;;;;;;;;;
blackwake_desc;Blackwake;;;;;;;;;;;;;
c_blackwake;Blackwake;;;;;;;;;;;;;
c_blackwake_adj;Blackwake;;;;;;;;;;;;;
c_blackwake_desc;Blackwake;;;;;;;;;;;;;
PROV1246;Blackwake;;;;;;;;;;;;;
PROV1246_adj;Blackwake;;;;;;;;;;;;;
PROV1246_desc;Blackwake;;;;;;;;;;;;;
darkwake;Darkwake;;;;;;;;;;;;;
darkwake_adj;Darkwake;;;;;;;;;;;;;
darkwake_desc;Darkwake;;;;;;;;;;;;;
c_darkwake;Darkwake;;;;;;;;;;;;;
c_darkwake_adj;Darkwake;;;;;;;;;;;;;
c_darkwake_desc;Darkwake;;;;;;;;;;;;;
PROV1247;Darkwake;;;;;;;;;;;;;
PROV1247_adj;Darkwake;;;;;;;;;;;;;
PROV1247_desc;Darkwake;;;;;;;;;;;;;
moonfoam;Moonfoam;;;;;;;;;;;;;
moonfoam_adj;Moonfoam;;;;;;;;;;;;;
moonfoam_desc;Moonfoam;;;;;;;;;;;;;
c_moonfoam;Moonfoam;;;;;;;;;;;;;
c_moonfoam_adj;Moonfoam;;;;;;;;;;;;;
c_moonfoam_desc;Moonfoam;;;;;;;;;;;;;
PROV1248;Moonfoam;;;;;;;;;;;;;
PROV1248_adj;Moonfoam;;;;;;;;;;;;;
PROV1248_desc;Moonfoam;;;;;;;;;;;;;
blueveil;Blueveil;;;;;;;;;;;;;
blueveil_adj;Blueveil;;;;;;;;;;;;;
blueveil_desc;Blueveil;;;;;;;;;;;;;
c_blueveil;Blueveil;;;;;;;;;;;;;
c_blueveil_adj;Blueveil;;;;;;;;;;;;;
c_blueveil_desc;Blueveil;;;;;;;;;;;;;
PROV1249;Blueveil;;;;;;;;;;;;;
PROV1249_adj;Blueveil;;;;;;;;;;;;;
PROV1249_desc;Blueveil;;;;;;;;;;;;;
ashfall;Ashfall;;;;;;;;;;;;;
ashfall_adj;Ashfall;;;;;;;;;;;;;
ashfall_desc;Ashfall;;;;;;;;;;;;;
c_ashfall;Ashfall;;;;;;;;;;;;;
c_ashfall_adj;Ashfall;;;;;;;;;;;;;
c_ashfall_desc;Ashfall;;;;;;;;;;;;;
PROV1250;Ashfall;;;;;;;;;;;;;
PROV1250_adj;Ashfall;;;;;;;;;;;;;
PROV1250_desc;Ashfall;;;;;;;;;;;;;
stormveil;Stormveil;;;;;;;;;;;;;
stormveil_adj;Stormveil;;;;;;;;;;;;;
stormveil_desc;Stormveil;;;;;;;;;;;;;
c_stormveil;Stormveil;;;;;;;;;;;;;
c_stormveil_adj;Stormveil;;;;;;;;;;;;;
c_stormveil_desc;Stormveil;;;;;;;;;;;;;
PROV1251;Stormveil;;;;;;;;;;;;;
PROV1251_adj;Stormveil;;;;;;;;;;;;;
PROV1251_desc;Stormveil;;;;;;;;;;;;;
colddeep;Colddeep;;;;;;;;;;;;;
colddeep_adj;Colddeep;;;;;;;;;;;;;
colddeep_desc;Colddeep;;;;;;;;;;;;;
c_colddeep;Colddeep;;;;;;;;;;;;;
c_colddeep_adj;Colddeep;;;;;;;;;;;;;
c_colddeep_desc;Colddeep;;;;;;;;;;;;;
PROV1252;Colddeep;;;;;;;;;;;;;
PROV1252_adj;Colddeep;;;;;;;;;;;;;
PROV1252_desc;Colddeep;;;;;;;;;;;;;
coldrift;Coldrift;;;;;;;;;;;;;
coldrift_adj;Coldrift;;;;;;;;;;;;;
coldrift_desc;Coldrift;;;;;;;;;;;;;
c_coldrift;Coldrift;;;;;;;;;;;;;
c_coldrift_adj;Coldrift;;;;;;;;;;;;;
c_coldrift_desc;Coldrift;;;;;;;;;;;;;
PROV1253;Coldrift;;;;;;;;;;;;;
PROV1253_adj;Coldrift;;;;;;;;;;;;;
PROV1253_desc;Coldrift;;;;;;;;;;;;;
ironveil;Ironveil;;;;;;;;;;;;;
ironveil_adj;Ironveil;;;;;;;;;;;;;
ironveil_desc;Ironveil;;;;;;;;;;;;;
c_ironveil;Ironveil;;;;;;;;;;;;;
c_ironveil_adj;Ironveil;;;;;;;;;;;;;
c_ironveil_desc;Ironveil;;;;;;;;;;;;;
PROV1254;Ironveil;;;;;;;;;;;;;
PROV1254_adj;Ironveil;;;;;;;;;;;;;
PROV1254_desc;Ironveil;;;;;;;;;;;;;
palewake;Palewake;;;;;;;;;;;;;
palewake_adj;Palewake;;;;;;;;;;;;;
palewake_desc;Palewake;;;;;;;;;;;;;
c_palewake;Palewake;;;;;;;;;;;;;
c_palewake_adj;Palewake;;;;;;;;;;;;;
c_palewake_desc;Palewake;;;;;;;;;;;;;
PROV1255;Palewake;;;;;;;;;;;;;
PROV1255_adj;Palewake;;;;;;;;;;;;;
PROV1255_desc;Palewake;;;;;;;;;;;;;
grimwake;Grimwake;;;;;;;;;;;;;
grimwake_adj;Grimwake;;;;;;;;;;;;;
grimwake_desc;Grimwake;;;;;;;;;;;;;
c_grimwake;Grimwake;;;;;;;;;;;;;
c_grimwake_adj;Grimwake;;;;;;;;;;;;;
c_grimwake_desc;Grimwake;;;;;;;;;;;;;
PROV1256;Grimwake;;;;;;;;;;;;;
PROV1256_adj;Grimwake;;;;;;;;;;;;;
PROV1256_desc;Grimwake;;;;;;;;;;;;;
starwash;Starwash;;;;;;;;;;;;;
starwash_adj;Starwash;;;;;;;;;;;;;
starwash_desc;Starwash;;;;;;;;;;;;;
c_starwash;Starwash;;;;;;;;;;;;;
c_starwash_adj;Starwash;;;;;;;;;;;;;
c_starwash_desc;Starwash;;;;;;;;;;;;;
PROV1257;Starwash;;;;;;;;;;;;;
PROV1257_adj;Starwash;;;;;;;;;;;;;
PROV1257_desc;Starwash;;;;;;;
darkfoam;Darkfoam;;;;;;;;;;;;;
darkfoam_adj;Darkfoam;;;;;;;;;;;;;
darkfoam_desc;Darkfoam;;;;;;;;;;;;;
c_darkfoam;Darkfoam;;;;;;;;;;;;;
c_darkfoam_adj;Darkfoam;;;;;;;;;;;;;
c_darkfoam_desc;Darkfoam;;;;;;;;;;;;;
PROV1258;Darkfoam;;;;;;;;;;;;;
PROV1258_adj;Darkfoam;;;;;;;;;;;;;
PROV1258_desc;Darkfoam;;;;;;;;;;;;;
PROV1259;Sunwake;;;;;;;;;;;;;
PROV1259_adj;Sunwake;;;;;;;;;;;;;
PROV1259_desc;Sunwake;;;;;;;;;;;;;
voidwake;Voidwake;;;;;;;;;;;;;
voidwake_adj;Voidwake;;;;;;;;;;;;;
voidwake_desc;Voidwake;;;;;;;;;;;;;
c_voidwake;Voidwake;;;;;;;;;;;;;
c_voidwake_adj;Voidwake;;;;;;;;;;;;;
c_voidwake_desc;Voidwake;;;;;;;;;;;;;
PROV1260;Voidwake;;;;;;;;;;;;;
PROV1260_adj;Voidwake;;;;;;;;;;;;;
PROV1260_desc;Voidwake;;;;;;;;;;;;;
bluefall;Bluefall;;;;;;;;;;;;;
bluefall_adj;Bluefall;;;;;;;;;;;;;
bluefall_desc;Bluefall;;;;;;;;;;;;;
c_bluefall;Bluefall;;;;;;;;;;;;;
c_bluefall_adj;Bluefall;;;;;;;;;;;;;
c_bluefall_desc;Bluefall;;;;;;;;;;;;;
PROV1261;Bluefall;;;;;;;;;;;;;
PROV1261_adj;Bluefall;;;;;;;;;;;;;
PROV1261_desc;Bluefall;;;;;;;;;;;;;
shadowwake;Shadowwake;;;;;;;;;;;;;
shadowwake_adj;Shadowwake;;;;;;;;;;;;;
shadowwake_desc;Shadowwake;;;;;;;;;;;;;
c_shadowwake;Shadowwake;;;;;;;;;;;;;
c_shadowwake_adj;Shadowwake;;;;;;;;;;;;;
c_shadowwake_desc;Shadowwake;;;;;;;;;;;;;
PROV1262;Shadowwake;;;;;;;;;;;;;
PROV1262_adj;Shadowwake;;;;;;;;;;;;;
PROV1262_desc;Shadowwake;;;;;;;;;;;;;
nightveil;Nightveil;;;;;;;;;;;;;
nightveil_adj;Nightveil;;;;;;;;;;;;;
nightveil_desc;Nightveil;;;;;;;;;;;;;
c_nightveil;Nightveil;;;;;;;;;;;;;
c_nightveil_adj;Nightveil;;;;;;;;;;;;;
c_nightveil_desc;Nightveil;;;;;;;;;;;;;
PROV1263;Nightveil;;;;;;;;;;;;;
PROV1263_adj;Nightveil;;;;;;;;;;;;;
PROV1263_desc;Nightveil;;;;;;;;;;;;;
deepveil;Deepveil;;;;;;;;;;;;;
deepveil_adj;Deepveil;;;;;;;;;;;;;
deepveil_desc;Deepveil;;;;;;;;;;;;;
c_deepveil;Deepveil;;;;;;;;;;;;;
c_deepveil_adj;Deepveil;;;;;;;;;;;;;
c_deepveil_desc;Deepveil;;;;;;;;;;;;;
PROV1264;Deepveil;;;;;;;;;;;;;
PROV1264_adj;Deepveil;;;;;;;;;;;;;
PROV1264_desc;Deepveil;;;;;;;;;;;;;
blackveil;Blackveil;;;;;;;;;;;;;
blackveil_adj;Blackveil;;;;;;;;;;;;;
blackveil_desc;Blackveil;;;;;;;;;;;;;
c_blackveil;Blackveil;;;;;;;;;;;;;
c_blackveil_adj;Blackveil;;;;;;;;;;;;;
c_blackveil_desc;Blackveil;;;;;;;;;;;;;
PROV1265;Blackveil;;;;;;;;;;;;;
PROV1265_adj;Blackveil;;;;;;;;;;;;;
PROV1265_desc;Blackveil;;;;;;;;;;;;;
moonveil;Moonveil;;;;;;;;;;;;;
moonveil_adj;Moonveil;;;;;;;;;;;;;
moonveil_desc;Moonveil;;;;;;;;;;;;;
c_moonveil;Moonveil;;;;;;;;;;;;;
c_moonveil_adj;Moonveil;;;;;;;;;;;;;
c_moonveil_desc;Moonveil;;;;;;;;;;;;;
PROV1266;Moonveil;;;;;;;;;;;;;
PROV1266_adj;Moonveil;;;;;;;;;;;;;
PROV1266_desc;Moonveil;;;;;;;;;;;;;
stillfall;Stillfall;;;;;;;;;;;;;
stillfall_adj;Stillfall;;;;;;;;;;;;;
stillfall_desc;Stillfall;;;;;;;;;;;;;
c_stillfall;Stillfall;;;;;;;;;;;;;
c_stillfall_adj;Stillfall;;;;;;;;;;;;;
c_stillfall_desc;Stillfall;;;;;;;;;;;;;
PROV1267;Stillfall;;;;;;;;;;;;;
PROV1267_adj;Stillfall;;;;;;;;;;;;;
PROV1267_desc;Stillfall;;;;;;;;;;;;;
stormfoam;Stormfoam;;;;;;;;;;;;;
stormfoam_adj;Stormfoam;;;;;;;;;;;;;
stormfoam_desc;Stormfoam;;;;;;;;;;;;;
c_stormfoam;Stormfoam;;;;;;;;;;;;;
c_stormfoam_adj;Stormfoam;;;;;;;;;;;;;
c_stormfoam_desc;Stormfoam;;;;;;;;;;;;;
PROV1268;Stormfoam;;;;;;;;;;;;;
PROV1268_adj;Stormfoam;;;;;;;;;;;;;
PROV1268_desc;Stormfoam;;;;;;;;;;;;;
coldveil;Coldveil;;;;;;;;;;;;;
coldveil_adj;Coldveil;;;;;;;;;;;;;
coldveil_desc;Coldveil;;;;;;;;;;;;;
c_coldveil;Coldveil;;;;;;;;;;;;;
c_coldveil_adj;Coldveil;;;;;;;;;;;;;
c_coldveil_desc;Coldveil;;;;;;;;;;;;;
PROV1269;Coldveil;;;;;;;;;;;;;
PROV1269_adj;Coldveil;;;;;;;;;;;;;
PROV1269_desc;Coldveil;;;;;;;;;;;;;
starveil;Starveil;;;;;;;;;;;;;
starveil_adj;Starveil;;;;;;;;;;;;;
starveil_desc;Starveil;;;;;;;;;;;;;
c_starveil;Starveil;;;;;;;;;;;;;
c_starveil_adj;Starveil;;;;;;;;;;;;;
c_starveil_desc;Starveil;;;;;;;;;;;;;
PROV1270;Starveil;;;;;;;;;;;;;
PROV1270_adj;Starveil;;;;;;;;;;;;;
PROV1270_desc;Starveil;;;;;;;;;;;;;
ashveil;Ashveil;;;;;;;;;;;;;
ashveil_adj;Ashveil;;;;;;;;;;;;;
ashveil_desc;Ashveil;;;;;;;;;;;;;
c_ashveil;Ashveil;;;;;;;;;;;;;
c_ashveil_adj;Ashveil;;;;;;;;;;;;;
c_ashveil_desc;Ashveil;;;;;;;;;;;;;
PROV1271;Ashveil;;;;;;;;;;;;;
PROV1271_adj;Ashveil;;;;;;;;;;;;;
PROV1271_desc;Ashveil;;;;;;;;;;;;;
