b_aikridge;Aikridge;;;;;;;;;;;;;
b_aikridge_adj;Aikridge;;;;;;;;;;;;;
b_aikridge_desc;Aikridge;;;;;;;;;;;;;
b_barne;Barne;;;;;;;;;;;;;
b_barne_adj;Barne;;;;;;;;;;;;;
b_barne_desc;Barne;;;;;;;;;;;;;
b_mossmall;Mossmall;;;;;;;;;;;;;
b_mossmall_adj;Mossmall;;;;;;;;;;;;;
b_mossmall_desc;Mossmall;;;;;;;;;;;;;
b_gringham;Gringham;;;;;;;;;;;;;
b_gringham_adj;Gringham;;;;;;;;;;;;;
b_gringham_desc;Gringham;;;;;;;;;;;;;
b_davon;Davon;;;;;;;;;;;;;
b_davon_adj;Davon;;;;;;;;;;;;;
b_davon_desc;Davon;;;;;;;;;;;;;
b_cardwick;Cardwick;;;;;;;;;;;;;
b_cardwick_adj;Cardwick;;;;;;;;;;;;;
b_cardwick_desc;Cardwick;;;;;;;;;;;;;
b_aberton;Aberton;;;;;;;;;;;;;
b_aberton_adj;Aberton;;;;;;;;;;;;;
b_aberton_desc;Aberton;;;;;;;;;;;;;
b_kirkston;Kirkston;;;;;;;;;;;;;
b_kirkston_adj;Kirkston;;;;;;;;;;;;;
b_kirkston_desc;Kirkston;;;;;;;;;;;;;
b_ulston;Ulston;;;;;;;;;;;;;
b_ulston_adj;Ulston;;;;;;;;;;;;;
b_ulston_desc;Ulston;;;;;;;;;;;;;
b_lechend;Lechend;;;;;;;;;;;;;
b_lechend_adj;Lechend;;;;;;;;;;;;;
b_lechend_desc;Lechend;;;;;;;;;;;;;
b_wortwood;Wortwood;;;;;;;;;;;;;
b_wortwood_adj;Wortwood;;;;;;;;;;;;;
b_wortwood_desc;Wortwood;;;;;;;;;;;;;
b_wested;Wested;;;;;;;;;;;;;
b_wested_adj;Wested;;;;;;;;;;;;;
b_wested_desc;Wested;;;;;;;;;;;;;
b_reton;Reton;;;;;;;;;;;;;
b_reton_adj;Reton;;;;;;;;;;;;;
b_reton_desc;Reton;;;;;;;;;;;;;
b_buckham;Buckham;;;;;;;;;;;;;
b_buckham_adj;Buckham;;;;;;;;;;;;;
b_buckham_desc;Buckham;;;;;;;;;;;;;
b_beath;Beath;;;;;;;;;;;;;
b_beath_adj;Beath;;;;;;;;;;;;;
b_beath_desc;Beath;;;;;;;;;;;;;
b_kettle;Kettle;;;;;;;;;;;;;
b_kettle_adj;Kettle;;;;;;;;;;;;;
b_kettle_desc;Kettle;;;;;;;;;;;;;
b_rostwood;Rostwood;;;;;;;;;;;;;
b_rostwood_adj;Rostwood;;;;;;;;;;;;;
b_rostwood_desc;Rostwood;;;;;;;;;;;;;
b_blade;Blade;;;;;;;;;;;;;
b_blade_adj;Blade;;;;;;;;;;;;;
b_blade_desc;Blade;;;;;;;;;;;;;
b_nethead;Nethead;;;;;;;;;;;;;
b_nethead_adj;Nethead;;;;;;;;;;;;;
b_nethead_desc;Nethead;;;;;;;;;;;;;
b_marwick;Marwick;;;;;;;;;;;;;
b_marwick_adj;Marwick;;;;;;;;;;;;;
b_marwick_desc;Marwick;;;;;;;;;;;;;
b_scarr;Scarr;;;;;;;;;;;;;
b_scarr_adj;Scarr;;;;;;;;;;;;;
b_scarr_desc;Scarr;;;;;;;;;;;;;
b_barns;Barns;;;;;;;;;;;;;
b_barns_adj;Barns;;;;;;;;;;;;;
b_barns_desc;Barns;;;;;;;;;;;;;
b_hookham;Hookham;;;;;;;;;;;;;
b_hookham_adj;Hookham;;;;;;;;;;;;;
b_hookham_desc;Hookham;;;;;;;;;;;;;
b_manswell;Manswell;;;;;;;;;;;;;
b_manswell_adj;Manswell;;;;;;;;;;;;;
b_manswell_desc;Manswell;;;;;;;;;;;;;
b_bield;Bield;;;;;;;;;;;;;
b_bield_adj;Bield;;;;;;;;;;;;;
b_bield_desc;Bield;;;;;;;;;;;;;
b_kinning;Kinning;;;;;;;;;;;;;
b_kinning_adj;Kinning;;;;;;;;;;;;;
b_kinning_desc;Kinning;;;;;;;;;;;;;
b_spens;Spens;;;;;;;;;;;;;
b_spens_adj;Spens;;;;;;;;;;;;;
b_spens_desc;Spens;;;;;;;;;;;;;
b_auston;Auston;;;;;;;;;;;;;
b_auston_adj;Auston;;;;;;;;;;;;;
b_auston_desc;Auston;;;;;;;;;;;;;
b_birchrie;Birchrie;;;;;;;;;;;;;
b_birchrie_adj;Birchrie;;;;;;;;;;;;;
b_birchrie_desc;Birchrie;;;;;;;;;;;;;
b_foxhalls;Foxhalls;;;;;;;;;;;;;
b_foxhalls_adj;Foxhalls;;;;;;;;;;;;;
b_foxhalls_desc;Foxhalls;;;;;;;;;;;;;
b_carnsa;Carnsa;;;;;;;;;;;;;
b_carnsa_adj;Carnsa;;;;;;;;;;;;;
b_carnsa_desc;Carnsa;;;;;;;;;;;;;
b_liddlam;Liddlam;;;;;;;;;;;;;
b_liddlam_adj;Liddlam;;;;;;;;;;;;;
b_liddlam_desc;Liddlam;;;;;;;;;;;;;
b_rothill;Rothill;;;;;;;;;;;;;
b_rothill_adj;Rothill;;;;;;;;;;;;;
b_rothill_desc;Rothill;;;;;;;;;;;;;
b_riverley;Riverley;;;;;;;;;;;;;
b_riverley_adj;Riverley;;;;;;;;;;;;;
b_riverley_desc;Riverley;;;;;;;;;;;;;
b_blackton;Blackton;;;;;;;;;;;;;
b_blackton_adj;Blackton;;;;;;;;;;;;;
b_blackton_desc;Blackton;;;;;;;;;;;;;
b_asley;Asley;;;;;;;;;;;;;
b_asley_adj;Asley;;;;;;;;;;;;;
b_asley_desc;Asley;;;;;;;;;;;;;
b_birlby;Birlby;;;;;;;;;;;;;
b_birlby_adj;Birlby;;;;;;;;;;;;;
b_birlby_desc;Birlby;;;;;;;;;;;;;
b_inver;Inver;;;;;;;;;;;;;
b_inver_adj;Inver;;;;;;;;;;;;;
b_inver_desc;Inver;;;;;;;;;;;;;
b_allheugh;Allheugh;;;;;;;;;;;;;
b_allheugh_adj;Allheugh;;;;;;;;;;;;;
b_allheugh_desc;Allheugh;;;;;;;;;;;;;
b_duncroft;Duncroft;;;;;;;;;;;;;
b_duncroft_adj;Duncroft;;;;;;;;;;;;;
b_duncroft_desc;Duncroft;;;;;;;;;;;;;
b_xorlan;Xorlan;;;;;;;;;;;;;
b_xorlan_adj;Xorlan;;;;;;;;;;;;;
b_xorlan_desc;Xorlan;;;;;;;;;;;;;
b_nairven;Nairven;;;;;;;;;;;;;
b_nairven_adj;Nairven;;;;;;;;;;;;;
b_nairven_desc;Nairven;;;;;;;;;;;;;
b_wernach;Wernach;;;;;;;;;;;;;
b_wernach_adj;Wernach;;;;;;;;;;;;;
b_wernach_desc;Wernach;;;;;;;;;;;;;
b_ediss;Ediss;;;;;;;;;;;;;
b_ediss_adj;Ediss;;;;;;;;;;;;;
b_ediss_desc;Ediss;;;;;;;;;;;;;
b_orsley;Orsley;;;;;;;;;;;;;
b_orsley_adj;Orsley;;;;;;;;;;;;;
b_orsley_desc;Orsley;;;;;;;;;;;;;
b_aberley;Aberley;;;;;;;;;;;;;
b_aberley_adj;Aberley;;;;;;;;;;;;;
b_aberley_desc;Aberley;;;;;;;;;;;;;
b_holeston;Holeston;;;;;;;;;;;;;
b_holeston_adj;Holeston;;;;;;;;;;;;;
b_holeston_desc;Holeston;;;;;;;;;;;;;
b_emphead;Emphead;;;;;;;;;;;;;
b_emphead_adj;Emphead;;;;;;;;;;;;;
b_emphead_desc;Emphead;;;;;;;;;;;;;
b_undon;Undon;;;;;;;;;;;;;
b_undon_adj;Undon;;;;;;;;;;;;;
b_undon_desc;Undon;;;;;;;;;;;;;
b_greavend;Greavend;;;;;;;;;;;;;
b_greavend_adj;Greavend;;;;;;;;;;;;;
b_greavend_desc;Greavend;;;;;;;;;;;;;
b_bearsham;Bearsham;;;;;;;;;;;;;
b_bearsham_adj;Bearsham;;;;;;;;;;;;;
b_bearsham_desc;Bearsham;;;;;;;;;;;;;
b_penriggs;Penriggs;;;;;;;;;;;;;
b_penriggs_adj;Penriggs;;;;;;;;;;;;;
b_penriggs_desc;Penriggs;;;;;;;;;;;;;
b_sebridge;Sebridge;;;;;;;;;;;;;
b_sebridge_adj;Sebridge;;;;;;;;;;;;;
b_sebridge_desc;Sebridge;;;;;;;;;;;;;
b_lesham;Lesham;;;;;;;;;;;;;
b_lesham_adj;Lesham;;;;;;;;;;;;;
b_lesham_desc;Lesham;;;;;;;;;;;;;
b_drumwell;Drumwell;;;;;;;;;;;;;
b_drumwell_adj;Drumwell;;;;;;;;;;;;;
b_drumwell_desc;Drumwell;;;;;;;;;;;;;
b_shott;Shott;;;;;;;;;;;;;
b_shott_adj;Shott;;;;;;;;;;;;;
b_shott_desc;Shott;;;;;;;;;;;;;
b_beamord;Beamord;;;;;;;;;;;;;
b_beamord_adj;Beamord;;;;;;;;;;;;;
b_beamord_desc;Beamord;;;;;;;;;;;;;
b_milfoot;Milfoot;;;;;;;;;;;;;
b_milfoot_adj;Milfoot;;;;;;;;;;;;;
b_milfoot_desc;Milfoot;;;;;;;;;;;;;
b_wyrmton;Wyrmton;;;;;;;;;;;;;
b_wyrmton_adj;Wyrmton;;;;;;;;;;;;;
b_wyrmton_desc;Wyrmton;;;;;;;;;;;;;
b_belrem;Belrem;;;;;;;;;;;;;
b_belrem_adj;Belrem;;;;;;;;;;;;;
b_belrem_desc;Belrem;;;;;;;;;;;;;
b_claremont;Claremont;;;;;;;;;;;;;
b_claremont_adj;Claremont;;;;;;;;;;;;;
b_claremont_desc;Claremont;;;;;;;;;;;;;
b_laverwic;Laverwic;;;;;;;;;;;;;
b_laverwic_adj;Laverwic;;;;;;;;;;;;;
b_laverwic_desc;Laverwic;;;;;;;;;;;;;
b_montwic;Montwic;;;;;;;;;;;;;
b_montwic_adj;Montwic;;;;;;;;;;;;;
b_montwic_desc;Montwic;;;;;;;;;;;;;
b_elmere;Elmere;;;;;;;;;;;;;
b_elmere_adj;Elmere;;;;;;;;;;;;;
b_elmere_desc;Elmere;;;;;;;;;;;;;
b_montone;Montone;;;;;;;;;;;;;
b_montone_adj;Montone;;;;;;;;;;;;;
b_montone_desc;Montone;;;;;;;;;;;;;
b_athelwic;Athelwic;;;;;;;;;;;;;
b_athelwic_adj;Athelwic;;;;;;;;;;;;;
b_athelwic_desc;Athelwic;;;;;;;;;;;;;
b_belcote;Belcote;;;;;;;;;;;;;
b_belcote_adj;Belcote;;;;;;;;;;;;;
b_belcote_desc;Belcote;;;;;;;;;;;;;
b_haverham;Haverham;;;;;;;;;;;;;
b_haverham_adj;Haverham;;;;;;;;;;;;;
b_haverham_desc;Haverham;;;;;;;;;;;;;
b_waltham;Waltham;;;;;;;;;;;;;
b_waltham_adj;Waltham;;;;;;;;;;;;;
b_waltham_desc;Waltham;;;;;;;;;;;;;
b_alverton;Alverton;;;;;;;;;;;;;
b_alverton_adj;Alverton;;;;;;;;;;;;;
b_alverton_desc;Alverton;;;;;;;;;;;;;
b_wicmere;Wicmere;;;;;;;;;;;;;
b_wicmere_adj;Wicmere;;;;;;;;;;;;;
b_wicmere_desc;Wicmere;;;;;;;;;;;;;
b_haleswic;Haleswic;;;;;;;;;;;;;
b_haleswic_adj;Haleswic;;;;;;;;;;;;;
b_haleswic_desc;Haleswic;;;;;;;;;;;;;
b_suthmere;Suthmere;;;;;;;;;;;;;
b_suthmere_adj;Suthmere;;;;;;;;;;;;;
b_suthmere_desc;Suthmere;;;;;;;;;;;;;
b_beormont;Beormont;;;;;;;;;;;;;
b_beormont_adj;Beormont;;;;;;;;;;;;;
b_beormont_desc;Beormont;;;;;;;;;;;;;
b_wermund;Wermund;;;;;;;;;;;;;
b_wermund_adj;Wermund;;;;;;;;;;;;;
b_wermund_desc;Wermund;;;;;;;;;;;;;
b_clereton;Clereton;;;;;;;;;;;;;
b_clereton_adj;Clereton;;;;;;;;;;;;;
b_clereton_desc;Clereton;;;;;;;;;;;;;
b_brandemont;Brandemont;;;;;;;;;;;;;
b_brandemont_adj;Brandemont;;;;;;;;;;;;;
b_brandemont_desc;Brandemont;;;;;;;;;;;;;
b_beauwic;Beauwic;;;;;;;;;;;;;
b_beauwic_adj;Beauwic;;;;;;;;;;;;;
b_beauwic_desc;Beauwic;;;;;;;;;;;;;
b_mereford;Mereford;;;;;;;;;;;;;
b_mereford_adj;Mereford;;;;;;;;;;;;;
b_mereford_desc;Mereford;;;;;;;;;;;;;
b_hedewic;Hedewic;;;;;;;;;;;;;
b_hedewic_adj;Hedewic;;;;;;;;;;;;;
b_hedewic_desc;Hedewic;;;;;;;;;;;;;
b_montford;Montford;;;;;;;;;;;;;
b_montford_adj;Montford;;;;;;;;;;;;;
b_montford_desc;Montford;;;;;;;;;;;;;
b_frodesham;Frodesham;;;;;;;;;;;;;
b_frodesham_adj;Frodesham;;;;;;;;;;;;;
b_frodesham_desc;Frodesham;;;;;;;;;;;;;
b_hardwic;Hardwic;;;;;;;;;;;;;
b_hardwic_adj;Hardwic;;;;;;;;;;;;;
b_hardwic_desc;Hardwic;;;;;;;;;;;;;
b_aumere;Aumere;;;;;;;;;;;;;
b_aumere_adj;Aumere;;;;;;;;;;;;;
b_aumere_desc;Aumere;;;;;;;;;;;;;
b_wynham;Wynham;;;;;;;;;;;;;
b_wynham_adj;Wynham;;;;;;;;;;;;;
b_wynham_desc;Wynham;;;;;;;;;;;;;
b_morcote;Morcote;;;;;;;;;;;;;
b_morcote_adj;Morcote;;;;;;;;;;;;;
b_morcote_desc;Morcote;;;;;;;;;;;;;
b_bercote;Bercote;;;;;;;;;;;;;
b_bercote_adj;Bercote;;;;;;;;;;;;;
b_bercote_desc;Bercote;;;;;;;;;;;;;
b_hordeton;Hordeton;;;;;;;;;;;;;
b_hordeton_adj;Hordeton;;;;;;;;;;;;;
b_hordeton_desc;Hordeton;;;;;;;;;;;;;
b_ramcote;Ramcote;;;;;;;;;;;;;
b_ramcote_adj;Ramcote;;;;;;;;;;;;;
b_ramcote_desc;Ramcote;;;;;;;;;;;;;
b_ludeton;Ludeton;;;;;;;;;;;;;
b_ludeton_adj;Ludeton;;;;;;;;;;;;;
b_ludeton_desc;Ludeton;;;;;;;;;;;;;
b_clerewic;Clerewic;;;;;;;;;;;;;
b_clerewic_adj;Clerewic;;;;;;;;;;;;;
b_clerewic_desc;Clerewic;;;;;;;;;;;;;
b_hurstham;Hurstham;;;;;;;;;;;;;
b_hurstham_adj;Hurstham;;;;;;;;;;;;;
b_hurstham_desc;Hurstham;;;;;;;;;;;;;
b_baldewic;Baldewic;;;;;;;;;;;;;
b_baldewic_adj;Baldewic;;;;;;;;;;;;;
b_baldewic_desc;Baldewic;;;;;;;;;;;;;
b_faukeland;Faukeland;;;;;;;;;;;;;
b_faukeland_adj;Faukeland;;;;;;;;;;;;;
b_faukeland_desc;Faukeland;;;;;;;;;;;;;
b_bremont;Bremont;;;;;;;;;;;;;
b_bremont_adj;Bremont;;;;;;;;;;;;;
b_bremont_desc;Bremont;;;;;;;;;;;;;
b_alderwic;Alderwic;;;;;;;;;;;;;
b_alderwic_adj;Alderwic;;;;;;;;;;;;;
b_alderwic_desc;Alderwic;;;;;;;;;;;;;
b_lormere;Lormere;;;;;;;;;;;;;
b_lormere_adj;Lormere;;;;;;;;;;;;;
b_lormere_desc;Lormere;;;;;;;;;;;;;
b_beaucham;Beaucham;;;;;;;;;;;;;
b_beaucham_adj;Beaucham;;;;;;;;;;;;;
b_beaucham_desc;Beaucham;;;;;;;;;;;;;
b_cheswic;Cheswic;;;;;;;;;;;;;
b_cheswic_adj;Cheswic;;;;;;;;;;;;;
b_cheswic_desc;Cheswic;;;;;;;;;;;;;
b_aumont;Aumont;;;;;;;;;;;;;
b_aumont_adj;Aumont;;;;;;;;;;;;;
b_aumont_desc;Aumont;;;;;;;;;;;;;
b_aveland;Aveland;;;;;;;;;;;;;
b_aveland_adj;Aveland;;;;;;;;;;;;;
b_aveland_desc;Aveland;;;;;;;;;;;;;
b_colham;Colham;;;;;;;;;;;;;
b_colham_adj;Colham;;;;;;;;;;;;;
b_colham_desc;Colham;;;;;;;;;;;;;
b_hastedun;Hastedun;;;;;;;;;;;;;
b_hastedun_adj;Hastedun;;;;;;;;;;;;;
b_hastedun_desc;Hastedun;;;;;;;;;;;;;
b_elverham;Elverham;;;;;;;;;;;;;
b_elverham_adj;Elverham;;;;;;;;;;;;;
b_elverham_desc;Elverham;;;;;;;;;;;;;
b_clereham;Clereham;;;;;;;;;;;;;
b_clereham_adj;Clereham;;;;;;;;;;;;;
b_clereham_desc;Clereham;;;;;;;;;;;;;
b_bradecote;Bradecote;;;;;;;;;;;;;
b_bradecote_adj;Bradecote;;;;;;;;;;;;;
b_bradecote_desc;Bradecote;;;;;;;;;;;;;
b_fiscourt;Fiscourt;;;;;;;;;;;;;
b_fiscourt_adj;Fiscourt;;;;;;;;;;;;;
b_fiscourt_desc;Fiscourt;;;;;;;;;;;;;
b_warington;Warington;;;;;;;;;;;;;
b_warington_adj;Warington;;;;;;;;;;;;;
b_warington_desc;Warington;;;;;;;;;;;;;
b_bretford;Bretford;;;;;;;;;;;;;
b_bretford_adj;Bretford;;;;;;;;;;;;;
b_bretford_desc;Bretford;;;;;;;;;;;;;
b_wendemere;Wendemere;;;;;;;;;;;;;
b_wendemere_adj;Wendemere;;;;;;;;;;;;;
b_wendemere_desc;Wendemere;;;;;;;;;;;;;
b_corlegh;Corlegh;;;;;;;;;;;;;
b_corlegh_adj;Corlegh;;;;;;;;;;;;;
b_corlegh_desc;Corlegh;;;;;;;;;;;;;
b_mereswic;Mereswic;;;;;;;;;;;;;
b_mereswic_adj;Mereswic;;;;;;;;;;;;;
b_mereswic_desc;Mereswic;;;;;;;;;;;;;
b_clavere;Clavere;;;;;;;;;;;;;
b_clavere_adj;Clavere;;;;;;;;;;;;;
b_clavere_desc;Clavere;;;;;;;;;;;;;
b_ravenwic;Ravenwic;;;;;;;;;;;;;
b_ravenwic_adj;Ravenwic;;;;;;;;;;;;;
b_ravenwic_desc;Ravenwic;;;;;;;;;;;;;
b_hercote;Hercote;;;;;;;;;;;;;
b_hercote_adj;Hercote;;;;;;;;;;;;;
b_hercote_desc;Hercote;;;;;;;;;;;;;
b_baldon;Baldon;;;;;;;;;;;;;
b_baldon_adj;Baldon;;;;;;;;;;;;;
b_baldon_desc;Baldon;;;;;;;;;;;;;
b_coweston;Coweston;;;;;;;;;;;;;
b_coweston_adj;Coweston;;;;;;;;;;;;;
b_coweston_desc;Coweston;;;;;;;;;;;;;
b_edlow;Edlow;;;;;;;;;;;;;
b_edlow_adj;Edlow;;;;;;;;;;;;;
b_edlow_desc;Edlow;;;;;;;;;;;;;
b_dunskie;Dunskie;;;;;;;;;;;;;
b_dunskie_adj;Dunskie;;;;;;;;;;;;;
b_dunskie_desc;Dunskie;;;;;;;;;;;;;
b_torrough;Torrough;;;;;;;;;;;;;
b_torrough_adj;Torrough;;;;;;;;;;;;;
b_torrough_desc;Torrough;;;;;;;;;;;;;
b_culmark;Culmark;;;;;;;;;;;;;
b_culmark_adj;Culmark;;;;;;;;;;;;;
b_culmark_desc;Culmark;;;;;;;;;;;;;
b_adamston;Adamston;;;;;;;;;;;;;
b_adamston_adj;Adamston;;;;;;;;;;;;;
b_adamston_desc;Adamston;;;;;;;;;;;;;
b_stenham;Stenham;;;;;;;;;;;;;
b_stenham_adj;Stenham;;;;;;;;;;;;;
b_stenham_desc;Stenham;;;;;;;;;;;;;
b_armstone;Armstone;;;;;;;;;;;;;
b_armstone_adj;Armstone;;;;;;;;;;;;;
b_armstone_desc;Armstone;;;;;;;;;;;;;
b_esswells;Esswells;;;;;;;;;;;;;
b_esswells_adj;Esswells;;;;;;;;;;;;;
b_esswells_desc;Esswells;;;;;;;;;;;;;
b_lashbury;Lashbury;;;;;;;;;;;;;
b_lashbury_adj;Lashbury;;;;;;;;;;;;;
b_lashbury_desc;Lashbury;;;;;;;;;;;;;
b_scoul;Scoul;;;;;;;;;;;;;
b_scoul_adj;Scoul;;;;;;;;;;;;;
b_scoul_desc;Scoul;;;;;;;;;;;;;
b_gulbeg;Gulbeg;;;;;;;;;;;;;
b_gulbeg_adj;Gulbeg;;;;;;;;;;;;;
b_gulbeg_desc;Gulbeg;;;;;;;;;;;;;
b_aucht;Aucht;;;;;;;;;;;;;
b_aucht_adj;Aucht;;;;;;;;;;;;;
b_aucht_desc;Aucht;;;;;;;;;;;;;
b_dross;Dross;;;;;;;;;;;;;
b_dross_adj;Dross;;;;;;;;;;;;;
b_dross_desc;Dross;;;;;;;;;;;;;
b_windhu;Windhu;;;;;;;;;;;;;
b_windhu_adj;Windhu;;;;;;;;;;;;;
b_windhu_desc;Windhu;;;;;;;;;;;;;
b_inverry;Inverry;;;;;;;;;;;;;
b_inverry_adj;Inverry;;;;;;;;;;;;;
b_inverry_desc;Inverry;;;;;;;;;;;;;
b_balros;Balros;;;;;;;;;;;;;
b_balros_adj;Balros;;;;;;;;;;;;;
b_balros_desc;Balros;;;;;;;;;;;;;
b_frach;Frach;;;;;;;;;;;;;
b_frach_adj;Frach;;;;;;;;;;;;;
b_frach_desc;Frach;;;;;;;;;;;;;
b_kilmean;Kilmean;;;;;;;;;;;;;
b_kilmean_adj;Kilmean;;;;;;;;;;;;;
b_kilmean_desc;Kilmean;;;;;;;;;;;;;
b_lornach;Lornach;;;;;;;;;;;;;
b_lornach_adj;Lornach;;;;;;;;;;;;;
b_lornach_desc;Lornach;;;;;;;;;;;;;
b_morrach;Morrach;;;;;;;;;;;;;
b_morrach_adj;Morrach;;;;;;;;;;;;;
b_morrach_desc;Morrach;;;;;;;;;;;;;
b_eltain;Eltain;;;;;;;;;;;;;
b_eltain_adj;Eltain;;;;;;;;;;;;;
b_eltain_desc;Eltain;;;;;;;;;;;;;
b_ildruim;Ildruim;;;;;;;;;;;;;
b_ildruim_adj;Ildruim;;;;;;;;;;;;;
b_ildruim_desc;Ildruim;;;;;;;;;;;;;
b_achra;Achra;;;;;;;;;;;;;
b_achra_adj;Achra;;;;;;;;;;;;;
b_achra_desc;Achra;;;;;;;;;;;;;
b_cuiline;Cuiline;;;;;;;;;;;;;
b_cuiline_adj;Cuiline;;;;;;;;;;;;;
b_cuiline_desc;Cuiline;;;;;;;;;;;;;
b_lethill;Lethill;;;;;;;;;;;;;
b_lethill_adj;Lethill;;;;;;;;;;;;;
b_lethill_desc;Lethill;;;;;;;;;;;;;
b_varroch;Varroch;;;;;;;;;;;;;
b_varroch_adj;Varroch;;;;;;;;;;;;;
b_varroch_desc;Varroch;;;;;;;;;;;;;
b_borrafell;Borrafell;;;;;;;;;;;;;
b_borrafell_adj;Borrafell;;;;;;;;;;;;;
b_borrafell_desc;Borrafell;;;;;;;;;;;;;
b_muiren;Muiren;;;;;;;;;;;;;
b_muiren_adj;Muiren;;;;;;;;;;;;;
b_muiren_desc;Muiren;;;;;;;;;;;;;
b_soligoe;Soligoe;;;;;;;;;;;;;
b_soligoe_adj;Soligoe;;;;;;;;;;;;;
b_soligoe_desc;Soligoe;;;;;;;;;;;;;
b_knoch;Knoch;;;;;;;;;;;;;
b_knoch_adj;Knoch;;;;;;;;;;;;;
b_knoch_desc;Knoch;;;;;;;;;;;;;
b_delvie;Delvie;;;;;;;;;;;;;
b_delvie_adj;Delvie;;;;;;;;;;;;;
b_delvie_desc;Delvie;;;;;;;;;;;;;
b_bruish;Bruish;;;;;;;;;;;;;
b_bruish_adj;Bruish;;;;;;;;;;;;;
b_bruish_desc;Bruish;;;;;;;;;;;;;
b_talmore;Talmore;;;;;;;;;;;;;
b_talmore_adj;Talmore;;;;;;;;;;;;;
b_talmore_desc;Talmore;;;;;;;;;;;;;
b_garbhach;Garbhach;;;;;;;;;;;;;
b_garbhach_adj;Garbhach;;;;;;;;;;;;;
b_garbhach_desc;Garbhach;;;;;;;;;;;;;
b_lorvane;Lorvane;;;;;;;;;;;;;
b_lorvane_adj;Lorvane;;;;;;;;;;;;;
b_lorvane_desc;Lorvane;;;;;;;;;;;;;
b_quorain;Quorain;;;;;;;;;;;;;
b_quorain_adj;Quorain;;;;;;;;;;;;;
b_quorain_desc;Quorain;;;;;;;;;;;;;
b_zailin;Zailin;;;;;;;;;;;;;
b_zailin_adj;Zailin;;;;;;;;;;;;;
b_zailin_desc;Zailin;;;;;;;;;;;;;
b_quellan;Quellan;;;;;;;;;;;;;
b_quellan_adj;Quellan;;;;;;;;;;;;;
b_quellan_desc;Quellan;;;;;;;;;;;;;
b_norlin;Norlin;;;;;;;;;;;;;
b_norlin_adj;Norlin;;;;;;;;;;;;;
b_norlin_desc;Norlin;;;;;;;;;;;;;
b_crannach;Crannach;;;;;;;;;;;;;
b_crannach_adj;Crannach;;;;;;;;;;;;;
b_crannach_desc;Crannach;;;;;;;;;;;;;
b_kenvach;Kenvach;;;;;;;;;;;;;
b_kenvach_adj;Kenvach;;;;;;;;;;;;;
b_kenvach_desc;Kenvach;;;;;;;;;;;;;
b_drumfain;Drumfain;;;;;;;;;;;;;
b_drumfain_adj;Drumfain;;;;;;;;;;;;;
b_drumfain_desc;Drumfain;;;;;;;;;;;;;
b_arlinn;Arlinn;;;;;;;;;;;;;
b_arlinn_adj;Arlinn;;;;;;;;;;;;;
b_arlinn_desc;Arlinn;;;;;;;;;;;;;
b_morvane;Morvane;;;;;;;;;;;;;
b_morvane_adj;Morvane;;;;;;;;;;;;;
b_morvane_desc;Morvane;;;;;;;;;;;;;
b_forran;Forran;;;;;;;;;;;;;
b_forran_adj;Forran;;;;;;;;;;;;;
b_forran_desc;Forran;;;;;;;;;;;;;
b_jornach;Jornach;;;;;;;;;;;;;
b_jornach_adj;Jornach;;;;;;;;;;;;;
b_jornach_desc;Jornach;;;;;;;;;;;;;
b_stronach;Stronach;;;;;;;;;;;;;
b_stronach_adj;Stronach;;;;;;;;;;;;;
b_stronach_desc;Stronach;;;;;;;;;;;;;
b_paldach;Paldach;;;;;;;;;;;;;
b_paldach_adj;Paldach;;;;;;;;;;;;;
b_paldach_desc;Paldach;;;;;;;;;;;;;
b_rosglen;Rosglen;;;;;;;;;;;;;
b_rosglen_adj;Rosglen;;;;;;;;;;;;;
b_rosglen_desc;Rosglen;;;;;;;;;;;;;
b_bronnach;Bronnach;;;;;;;;;;;;;
b_bronnach_adj;Bronnach;;;;;;;;;;;;;
b_bronnach_desc;Bronnach;;;;;;;;;;;;;
b_eiberg;Eiberg;;;;;;;;;;;;;
b_eiberg_adj;Eiberg;;;;;;;;;;;;;
b_eiberg_desc;Eiberg;;;;;;;;;;;;;
b_mendijk;Mendijk;;;;;;;;;;;;;
b_mendijk_adj;Mendijk;;;;;;;;;;;;;
b_mendijk_desc;Mendijk;;;;;;;;;;;;;
b_heesers;Heesers;;;;;;;;;;;;;
b_heesers_adj;Heesers;;;;;;;;;;;;;
b_heesers_desc;Heesers;;;;;;;;;;;;;
b_asselaar;Asselaar;;;;;;;;;;;;;
b_asselaar_adj;Asselaar;;;;;;;;;;;;;
b_asselaar_desc;Asselaar;;;;;;;;;;;;;
b_voorzijl;Voorzijl;;;;;;;;;;;;;
b_voorzijl_adj;Voorzijl;;;;;;;;;;;;;
b_voorzijl_desc;Voorzijl;;;;;;;;;;;;;
b_lanterwaard;Lanterwaard;;;;;;;;;;;;;
b_lanterwaard_adj;Lanterwaard;;;;;;;;;;;;;
b_lanterwaard_desc;Lanterwaard;;;;;;;;;;;;;
b_reuten;Reuten;;;;;;;;;;;;;
b_reuten_adj;Reuten;;;;;;;;;;;;;
b_reuten_desc;Reuten;;;;;;;;;;;;;
b_rixholte;Rixholte;;;;;;;;;;;;;
b_rixholte_adj;Rixholte;;;;;;;;;;;;;
b_rixholte_desc;Rixholte;;;;;;;;;;;;;
b_beekwerf;Beekwerf;;;;;;;;;;;;;
b_beekwerf_adj;Beekwerf;;;;;;;;;;;;;
b_beekwerf_desc;Beekwerf;;;;;;;;;;;;;
b_terbos;Terbos;;;;;;;;;;;;;
b_terbos_adj;Terbos;;;;;;;;;;;;;
b_terbos_desc;Terbos;;;;;;;;;;;;;
b_waterholt;Waterholt;;;;;;;;;;;;;
b_waterholt_adj;Waterholt;;;;;;;;;;;;;
b_waterholt_desc;Waterholt;;;;;;;;;;;;;
b_heggen;Heggen;;;;;;;;;;;;;
b_heggen_adj;Heggen;;;;;;;;;;;;;
b_heggen_desc;Heggen;;;;;;;;;;;;;
b_kerkum;Kerkum;;;;;;;;;;;;;
b_kerkum_adj;Kerkum;;;;;;;;;;;;;
b_kerkum_desc;Kerkum;;;;;;;;;;;;;
b_hekkel;Hekkel;;;;;;;;;;;;;
b_hekkel_adj;Hekkel;;;;;;;;;;;;;
b_hekkel_desc;Hekkel;;;;;;;;;;;;;
b_vaard;Vaard;;;;;;;;;;;;;
b_vaard_adj;Vaard;;;;;;;;;;;;;
b_vaard_desc;Vaard;;;;;;;;;;;;;
b_gaasdijk;Gaasdijk;;;;;;;;;;;;;
b_gaasdijk_adj;Gaasdijk;;;;;;;;;;;;;
b_gaasdijk_desc;Gaasdijk;;;;;;;;;;;;;
b_eefdijk;Eefdijk;;;;;;;;;;;;;
b_eefdijk_adj;Eefdijk;;;;;;;;;;;;;
b_eefdijk_desc;Eefdijk;;;;;;;;;;;;;
b_hooge;Hooge;;;;;;;;;;;;;
b_hooge_adj;Hooge;;;;;;;;;;;;;
b_hooge_desc;Hooge;;;;;;;;;;;;;
b_dreeden;Dreeden;;;;;;;;;;;;;
b_dreeden_adj;Dreeden;;;;;;;;;;;;;
b_dreeden_desc;Dreeden;;;;;;;;;;;;;
b_westeren;Westeren;;;;;;;;;;;;;
b_westeren_adj;Westeren;;;;;;;;;;;;;
b_westeren_desc;Westeren;;;;;;;;;;;;;
b_emsbrug;Emsbrug;;;;;;;;;;;;;
b_emsbrug_adj;Emsbrug;;;;;;;;;;;;;
b_emsbrug_desc;Emsbrug;;;;;;;;;;;;;
b_nisweg;Nisweg;;;;;;;;;;;;;
b_nisweg_adj;Nisweg;;;;;;;;;;;;;
b_nisweg_desc;Nisweg;;;;;;;;;;;;;
b_zevel;Zevel;;;;;;;;;;;;;
b_zevel_adj;Zevel;;;;;;;;;;;;;
b_zevel_desc;Zevel;;;;;;;;;;;;;
b_kruidenwaard;Kruidenwaard;;;;;;;;;;;;;
b_kruidenwaard_adj;Kruidenwaard;;;;;;;;;;;;;
b_kruidenwaard_desc;Kruidenwaard;;;;;;;;;;;;;
b_bunte;Bunte;;;;;;;;;;;;;
b_bunte_adj;Bunte;;;;;;;;;;;;;
b_bunte_desc;Bunte;;;;;;;;;;;;;
b_goude;Goude;;;;;;;;;;;;;
b_goude_adj;Goude;;;;;;;;;;;;;
b_goude_desc;Goude;;;;;;;;;;;;;
b_goorn;Goorn;;;;;;;;;;;;;
b_goorn_adj;Goorn;;;;;;;;;;;;;
b_goorn_desc;Goorn;;;;;;;;;;;;;
b_engsveen;Engsveen;;;;;;;;;;;;;
b_engsveen_adj;Engsveen;;;;;;;;;;;;;
b_engsveen_desc;Engsveen;;;;;;;;;;;;;
b_peeren;Peeren;;;;;;;;;;;;;
b_peeren_adj;Peeren;;;;;;;;;;;;;
b_peeren_desc;Peeren;;;;;;;;;;;;;
b_moort;Moort;;;;;;;;;;;;;
b_moort_adj;Moort;;;;;;;;;;;;;
b_moort_desc;Moort;;;;;;;;;;;;;
b_opmeert;Opmeert;;;;;;;;;;;;;
b_opmeert_adj;Opmeert;;;;;;;;;;;;;
b_opmeert_desc;Opmeert;;;;;;;;;;;;;
b_peind;Peind;;;;;;;;;;;;;
b_peind_adj;Peind;;;;;;;;;;;;;
b_peind_desc;Peind;;;;;;;;;;;;;
b_nijke;Nijke;;;;;;;;;;;;;
b_nijke_adj;Nijke;;;;;;;;;;;;;
b_nijke_desc;Nijke;;;;;;;;;;;;;
b_rivier;Rivier;;;;;;;;;;;;;
b_rivier_adj;Rivier;;;;;;;;;;;;;
b_rivier_desc;Rivier;;;;;;;;;;;;;
b_tolburg;Tolburg;;;;;;;;;;;;;
b_tolburg_adj;Tolburg;;;;;;;;;;;;;
b_tolburg_desc;Tolburg;;;;;;;;;;;;;
b_boventen;Boventen;;;;;;;;;;;;;
b_boventen_adj;Boventen;;;;;;;;;;;;;
b_boventen_desc;Boventen;;;;;;;;;;;;;
b_sparrenhorst;Sparrenhorst;;;;;;;;;;;;;
b_sparrenhorst_adj;Sparrenhorst;;;;;;;;;;;;;
b_sparrenhorst_desc;Sparrenhorst;;;;;;;;;;;;;
b_boerle;Boerle;;;;;;;;;;;;;
b_boerle_adj;Boerle;;;;;;;;;;;;;
b_boerle_desc;Boerle;;;;;;;;;;;;;
b_lotje;Lotje;;;;;;;;;;;;;
b_lotje_adj;Lotje;;;;;;;;;;;;;
b_lotje_desc;Lotje;;;;;;;;;;;;;
b_meerik;Meerik;;;;;;;;;;;;;
b_meerik_adj;Meerik;;;;;;;;;;;;;
b_meerik_desc;Meerik;;;;;;;;;;;;;
b_zwarmond;Zwarmond;;;;;;;;;;;;;
b_zwarmond_adj;Zwarmond;;;;;;;;;;;;;
b_zwarmond_desc;Zwarmond;;;;;;;;;;;;;
b_veldemond;Veldemond;;;;;;;;;;;;;
b_veldemond_adj;Veldemond;;;;;;;;;;;;;
b_veldemond_desc;Veldemond;;;;;;;;;;;;;
b_oppel;Oppel;;;;;;;;;;;;;
b_oppel_adj;Oppel;;;;;;;;;;;;;
b_oppel_desc;Oppel;;;;;;;;;;;;;
b_weers;Weers;;;;;;;;;;;;;
b_weers_adj;Weers;;;;;;;;;;;;;
b_weers_desc;Weers;;;;;;;;;;;;;
b_schie;Schie;;;;;;;;;;;;;
b_schie_adj;Schie;;;;;;;;;;;;;
b_schie_desc;Schie;;;;;;;;;;;;;
b_bommer;Bommer;;;;;;;;;;;;;
b_bommer_adj;Bommer;;;;;;;;;;;;;
b_bommer_desc;Bommer;;;;;;;;;;;;;
b_heelkoop;Heelkoop;;;;;;;;;;;;;
b_heelkoop_adj;Heelkoop;;;;;;;;;;;;;
b_heelkoop_desc;Heelkoop;;;;;;;;;;;;;
b_modder;Modder;;;;;;;;;;;;;
b_modder_adj;Modder;;;;;;;;;;;;;
b_modder_desc;Modder;;;;;;;;;;;;;
b_zwaluwdam;Zwaluwdam;;;;;;;;;;;;;
b_zwaluwdam_adj;Zwaluwdam;;;;;;;;;;;;;
b_zwaluwdam_desc;Zwaluwdam;;;;;;;;;;;;;
b_nieuwerd;Nieuwerd;;;;;;;;;;;;;
b_nieuwerd_adj;Nieuwerd;;;;;;;;;;;;;
b_nieuwerd_desc;Nieuwerd;;;;;;;;;;;;;
b_klinkerbroek;Klinkerbroek;;;;;;;;;;;;;
b_klinkerbroek_adj;Klinkerbroek;;;;;;;;;;;;;
b_klinkerbroek_desc;Klinkerbroek;;;;;;;;;;;;;
b_swijk;Swijk;;;;;;;;;;;;;
b_swijk_adj;Swijk;;;;;;;;;;;;;
b_swijk_desc;Swijk;;;;;;;;;;;;;
b_kalle;Kalle;;;;;;;;;;;;;
b_kalle_adj;Kalle;;;;;;;;;;;;;
b_kalle_desc;Kalle;;;;;;;;;;;;;
b_watergaarde;Watergaarde;;;;;;;;;;;;;
b_watergaarde_adj;Watergaarde;;;;;;;;;;;;;
b_watergaarde_desc;Watergaarde;;;;;;;;;;;;;
b_neervaar;Neervaar;;;;;;;;;;;;;
b_neervaar_adj;Neervaar;;;;;;;;;;;;;
b_neervaar_desc;Neervaar;;;;;;;;;;;;;
b_sterdijk;Sterdijk;;;;;;;;;;;;;
b_sterdijk_adj;Sterdijk;;;;;;;;;;;;;
b_sterdijk_desc;Sterdijk;;;;;;;;;;;;;
b_deurs;Deurs;;;;;;;;;;;;;
b_deurs_adj;Deurs;;;;;;;;;;;;;
b_deurs_desc;Deurs;;;;;;;;;;;;;
b_wooland;Wooland;;;;;;;;;;;;;
b_wooland_adj;Wooland;;;;;;;;;;;;;
b_wooland_desc;Wooland;;;;;;;;;;;;;
b_noorde;Noorde;;;;;;;;;;;;;
b_noorde_adj;Noorde;;;;;;;;;;;;;
b_noorde_desc;Noorde;;;;;;;;;;;;;
b_midburg;Midburg;;;;;;;;;;;;;
b_midburg_adj;Midburg;;;;;;;;;;;;;
b_midburg_desc;Midburg;;;;;;;;;;;;;
b_schoord;Schoord;;;;;;;;;;;;;
b_schoord_adj;Schoord;;;;;;;;;;;;;
b_schoord_desc;Schoord;;;;;;;;;;;;;
b_groskuil;Groskuil;;;;;;;;;;;;;
b_groskuil_adj;Groskuil;;;;;;;;;;;;;
b_groskuil_desc;Groskuil;;;;;;;;;;;;;
b_wissen;Wissen;;;;;;;;;;;;;
b_wissen_adj;Wissen;;;;;;;;;;;;;
b_wissen_desc;Wissen;;;;;;;;;;;;;
b_havens;Havens;;;;;;;;;;;;;
b_havens_adj;Havens;;;;;;;;;;;;;
b_havens_desc;Havens;;;;;;;;;;;;;
b_bieze;Bieze;;;;;;;;;;;;;
b_bieze_adj;Bieze;;;;;;;;;;;;;
b_bieze_desc;Bieze;;;;;;;;;;;;;
b_merenwijk;Merenwijk;;;;;;;;;;;;;
b_merenwijk_adj;Merenwijk;;;;;;;;;;;;;
b_merenwijk_desc;Merenwijk;;;;;;;;;;;;;
b_webrug;Webrug;;;;;;;;;;;;;
b_webrug_adj;Webrug;;;;;;;;;;;;;
b_webrug_desc;Webrug;;;;;;;;;;;;;
b_wadde;Wadde;;;;;;;;;;;;;
b_wadde_adj;Wadde;;;;;;;;;;;;;
b_wadde_desc;Wadde;;;;;;;;;;;;;
b_korenwaard;Korenwaard;;;;;;;;;;;;;
b_korenwaard_adj;Korenwaard;;;;;;;;;;;;;
b_korenwaard_desc;Korenwaard;;;;;;;;;;;;;
b_beukerwijk;Beukerwijk;;;;;;;;;;;;;
b_beukerwijk_adj;Beukerwijk;;;;;;;;;;;;;
b_beukerwijk_desc;Beukerwijk;;;;;;;;;;;;;
b_kwelderdorp;Kwelderdorp;;;;;;;;;;;;;
b_kwelderdorp_adj;Kwelderdorp;;;;;;;;;;;;;
b_kwelderdorp_desc;Kwelderdorp;;;;;;;;;;;;;
b_maaijen;Maaijen;;;;;;;;;;;;;
b_maaijen_adj;Maaijen;;;;;;;;;;;;;
b_maaijen_desc;Maaijen;;;;;;;;;;;;;
b_winnen;Winnen;;;;;;;;;;;;;
b_winnen_adj;Winnen;;;;;;;;;;;;;
b_winnen_desc;Winnen;;;;;;;;;;;;;
b_rietwijk;Rietwijk;;;;;;;;;;;;;
b_rietwijk_adj;Rietwijk;;;;;;;;;;;;;
b_rietwijk_desc;Rietwijk;;;;;;;;;;;;;
b_paauw;Paauw;;;;;;;;;;;;;
b_paauw_adj;Paauw;;;;;;;;;;;;;
b_paauw_desc;Paauw;;;;;;;;;;;;;
b_boeren;Boeren;;;;;;;;;;;;;
b_boeren_adj;Boeren;;;;;;;;;;;;;
b_boeren_desc;Boeren;;;;;;;;;;;;;
b_kreekhuizen;Kreekhuizen;;;;;;;;;;;;;
b_kreekhuizen_adj;Kreekhuizen;;;;;;;;;;;;;
b_kreekhuizen_desc;Kreekhuizen;;;;;;;;;;;;;
b_oudeplas;Oudeplas;;;;;;;;;;;;;
b_oudeplas_adj;Oudeplas;;;;;;;;;;;;;
b_oudeplas_desc;Oudeplas;;;;;;;;;;;;;
b_vlucht;Vlucht;;;;;;;;;;;;;
b_vlucht_adj;Vlucht;;;;;;;;;;;;;
b_vlucht_desc;Vlucht;;;;;;;;;;;;;
b_schoten;Schoten;;;;;;;;;;;;;
b_schoten_adj;Schoten;;;;;;;;;;;;;
b_schoten_desc;Schoten;;;;;;;;;;;;;
b_zwaal;Zwaal;;;;;;;;;;;;;
b_zwaal_adj;Zwaal;;;;;;;;;;;;;
b_zwaal_desc;Zwaal;;;;;;;;;;;;;
b_amsdonk;Amsdonk;;;;;;;;;;;;;
b_amsdonk_adj;Amsdonk;;;;;;;;;;;;;
b_amsdonk_desc;Amsdonk;;;;;;;;;;;;;
b_veens;Veens;;;;;;;;;;;;;
b_veens_adj;Veens;;;;;;;;;;;;;
b_veens_desc;Veens;;;;;;;;;;;;;
b_ooster;Ooster;;;;;;;;;;;;;
b_ooster_adj;Ooster;;;;;;;;;;;;;
b_ooster_desc;Ooster;;;;;;;;;;;;;
b_gebeek;Gebeek;;;;;;;;;;;;;
b_gebeek_adj;Gebeek;;;;;;;;;;;;;
b_gebeek_desc;Gebeek;;;;;;;;;;;;;
b_liets;Liets;;;;;;;;;;;;;
b_liets_adj;Liets;;;;;;;;;;;;;
b_liets_desc;Liets;;;;;;;;;;;;;
b_oudhorn;Oudhorn;;;;;;;;;;;;;
b_oudhorn_adj;Oudhorn;;;;;;;;;;;;;
b_oudhorn_desc;Oudhorn;;;;;;;;;;;;;
b_ballegat;Ballegat;;;;;;;;;;;;;
b_ballegat_adj;Ballegat;;;;;;;;;;;;;
b_ballegat_desc;Ballegat;;;;;;;;;;;;;
b_waijen;Waijen;;;;;;;;;;;;;
b_waijen_adj;Waijen;;;;;;;;;;;;;
b_waijen_desc;Waijen;;;;;;;;;;;;;
b_denhoek;Denhoek;;;;;;;;;;;;;
b_denhoek_adj;Denhoek;;;;;;;;;;;;;
b_denhoek_desc;Denhoek;;;;;;;;;;;;;
b_moesluis;Moesluis;;;;;;;;;;;;;
b_moesluis_adj;Moesluis;;;;;;;;;;;;;
b_moesluis_desc;Moesluis;;;;;;;;;;;;;
b_buiten;Buiten;;;;;;;;;;;;;
b_buiten_adj;Buiten;;;;;;;;;;;;;
b_buiten_desc;Buiten;;;;;;;;;;;;;
b_grauwen;Grauwen;;;;;;;;;;;;;
b_grauwen_adj;Grauwen;;;;;;;;;;;;;
b_grauwen_desc;Grauwen;;;;;;;;;;;;;
b_polsdorp;Polsdorp;;;;;;;;;;;;;
b_polsdorp_adj;Polsdorp;;;;;;;;;;;;;
b_polsdorp_desc;Polsdorp;;;;;;;;;;;;;
b_buurt;Buurt;;;;;;;;;;;;;
b_buurt_adj;Buurt;;;;;;;;;;;;;
b_buurt_desc;Buurt;;;;;;;;;;;;;
b_rondewaard;Rondewaard;;;;;;;;;;;;;
b_rondewaard_adj;Rondewaard;;;;;;;;;;;;;
b_rondewaard_desc;Rondewaard;;;;;;;;;;;;;
b_spanne;Spanne;;;;;;;;;;;;;
b_spanne_adj;Spanne;;;;;;;;;;;;;
b_spanne_desc;Spanne;;;;;;;;;;;;;
b_wijde;Wijde;;;;;;;;;;;;;
b_wijde_adj;Wijde;;;;;;;;;;;;;
b_wijde_desc;Wijde;;;;;;;;;;;;;
b_zaalsen;Zaalsen;;;;;;;;;;;;;
b_zaalsen_adj;Zaalsen;;;;;;;;;;;;;
b_zaalsen_desc;Zaalsen;;;;;;;;;;;;;
b_stelt;Stelt;;;;;;;;;;;;;
b_stelt_adj;Stelt;;;;;;;;;;;;;
b_stelt_desc;Stelt;;;;;;;;;;;;;
b_ophuizen;Ophuizen;;;;;;;;;;;;;
b_ophuizen_adj;Ophuizen;;;;;;;;;;;;;
b_ophuizen_desc;Ophuizen;;;;;;;;;;;;;
b_glazendam;Glazendam;;;;;;;;;;;;;
b_glazendam_adj;Glazendam;;;;;;;;;;;;;
b_glazendam_desc;Glazendam;;;;;;;;;;;;;
b_wolden;Wolden;;;;;;;;;;;;;
b_wolden_adj;Wolden;;;;;;;;;;;;;
b_wolden_desc;Wolden;;;;;;;;;;;;;
b_blauwendam;Blauwendam;;;;;;;;;;;;;
b_blauwendam_adj;Blauwendam;;;;;;;;;;;;;
b_blauwendam_desc;Blauwendam;;;;;;;;;;;;;
b_ruiger;Ruiger;;;;;;;;;;;;;
b_ruiger_adj;Ruiger;;;;;;;;;;;;;
b_ruiger_desc;Ruiger;;;;;;;;;;;;;
b_ruishoek;Ruishoek;;;;;;;;;;;;;
b_ruishoek_adj;Ruishoek;;;;;;;;;;;;;
b_ruishoek_desc;Ruishoek;;;;;;;;;;;;;
b_regenwijk;Regenwijk;;;;;;;;;;;;;
b_regenwijk_adj;Regenwijk;;;;;;;;;;;;;
b_regenwijk_desc;Regenwijk;;;;;;;;;;;;;
b_lindermeer;Lindermeer;;;;;;;;;;;;;
b_lindermeer_adj;Lindermeer;;;;;;;;;;;;;
b_lindermeer_desc;Lindermeer;;;;;;;;;;;;;
b_aster;Aster;;;;;;;;;;;;;
b_aster_adj;Aster;;;;;;;;;;;;;
b_aster_desc;Aster;;;;;;;;;;;;;
b_oldijk;Oldijk;;;;;;;;;;;;;
b_oldijk_adj;Oldijk;;;;;;;;;;;;;
b_oldijk_desc;Oldijk;;;;;;;;;;;;;
b_bielt;Bielt;;;;;;;;;;;;;
b_bielt_adj;Bielt;;;;;;;;;;;;;
b_bielt_desc;Bielt;;;;;;;;;;;;;
b_vaartier;Vaartier;;;;;;;;;;;;;
b_vaartier_adj;Vaartier;;;;;;;;;;;;;
b_vaartier_desc;Vaartier;;;;;;;;;;;;;
b_bathuis;Bathuis;;;;;;;;;;;;;
b_bathuis_adj;Bathuis;;;;;;;;;;;;;
b_bathuis_desc;Bathuis;;;;;;;;;;;;;
b_uilen;Uilen;;;;;;;;;;;;;
b_uilen_adj;Uilen;;;;;;;;;;;;;
b_uilen_desc;Uilen;;;;;;;;;;;;;
b_zandijk;Zandijk;;;;;;;;;;;;;
b_zandijk_adj;Zandijk;;;;;;;;;;;;;
b_zandijk_desc;Zandijk;;;;;;;;;;;;;
b_vinkelo;Vinkelo;;;;;;;;;;;;;
b_vinkelo_adj;Vinkelo;;;;;;;;;;;;;
b_vinkelo_desc;Vinkelo;;;;;;;;;;;;;
b_voorder;Voorder;;;;;;;;;;;;;
b_voorder_adj;Voorder;;;;;;;;;;;;;
b_voorder_desc;Voorder;;;;;;;;;;;;;
b_aanhoef;Aanhoef;;;;;;;;;;;;;
b_aanhoef_adj;Aanhoef;;;;;;;;;;;;;
b_aanhoef_desc;Aanhoef;;;;;;;;;;;;;
b_uiten;Uiten;;;;;;;;;;;;;
b_uiten_adj;Uiten;;;;;;;;;;;;;
b_uiten_desc;Uiten;;;;;;;;;;;;;
b_abdissel;Abdissel;;;;;;;;;;;;;
b_abdissel_adj;Abdissel;;;;;;;;;;;;;
b_abdissel_desc;Abdissel;;;;;;;;;;;;;
b_vossum;Vossum;;;;;;;;;;;;;
b_vossum_adj;Vossum;;;;;;;;;;;;;
b_vossum_desc;Vossum;;;;;;;;;;;;;
b_marge;Marge;;;;;;;;;;;;;
b_marge_adj;Marge;;;;;;;;;;;;;
b_marge_desc;Marge;;;;;;;;;;;;;
b_brandgat;Brandgat;;;;;;;;;;;;;
b_brandgat_adj;Brandgat;;;;;;;;;;;;;
b_brandgat_desc;Brandgat;;;;;;;;;;;;;
b_haardam;Haardam;;;;;;;;;;;;;
b_haardam_adj;Haardam;;;;;;;;;;;;;
b_haardam_desc;Haardam;;;;;;;;;;;;;
b_hazen;Hazen;;;;;;;;;;;;;
b_hazen_adj;Hazen;;;;;;;;;;;;;
b_hazen_desc;Hazen;;;;;;;;;;;;;
b_oostlaas;Oostlaas;;;;;;;;;;;;;
b_oostlaas_adj;Oostlaas;;;;;;;;;;;;;
b_oostlaas_desc;Oostlaas;;;;;;;;;;;;;
b_dront;Dront;;;;;;;;;;;;;
b_dront_adj;Dront;;;;;;;;;;;;;
b_dront_desc;Dront;;;;;;;;;;;;;
b_bakens;Bakens;;;;;;;;;;;;;
b_bakens_adj;Bakens;;;;;;;;;;;;;
b_bakens_desc;Bakens;;;;;;;;;;;;;
b_heugt;Heugt;;;;;;;;;;;;;
b_heugt_adj;Heugt;;;;;;;;;;;;;
b_heugt_desc;Heugt;;;;;;;;;;;;;
b_duinje;Duinje;;;;;;;;;;;;;
b_duinje_adj;Duinje;;;;;;;;;;;;;
b_duinje_desc;Duinje;;;;;;;;;;;;;
b_amsterg;Amsterg;;;;;;;;;;;;;
b_amsterg_adj;Amsterg;;;;;;;;;;;;;
b_amsterg_desc;Amsterg;;;;;;;;;;;;;
b_haagen;Haagen;;;;;;;;;;;;;
b_haagen_adj;Haagen;;;;;;;;;;;;;
b_haagen_desc;Haagen;;;;;;;;;;;;;
b_sluimerdam;Sluimerdam;;;;;;;;;;;;;
b_sluimerdam_adj;Sluimerdam;;;;;;;;;;;;;
b_sluimerdam_desc;Sluimerdam;;;;;;;;;;;;;
b_meide;Meide;;;;;;;;;;;;;
b_meide_adj;Meide;;;;;;;;;;;;;
b_meide_desc;Meide;;;;;;;;;;;;;
b_holter;Holter;;;;;;;;;;;;;
b_holter_adj;Holter;;;;;;;;;;;;;
b_holter_desc;Holter;;;;;;;;;;;;;
b_stilteveen;Stilteveen;;;;;;;;;;;;;
b_stilteveen_adj;Stilteveen;;;;;;;;;;;;;
b_stilteveen_desc;Stilteveen;;;;;;;;;;;;;
b_braam;Braam;;;;;;;;;;;;;
b_braam_adj;Braam;;;;;;;;;;;;;
b_braam_desc;Braam;;;;;;;;;;;;;
b_armhoek;Armhoek;;;;;;;;;;;;;
b_armhoek_adj;Armhoek;;;;;;;;;;;;;
b_armhoek_desc;Armhoek;;;;;;;;;;;;;
b_ijzerveen;I Jzerveen;;;;;;;;;;;;;
b_ijzerveen_adj;I Jzerveen;;;;;;;;;;;;;
b_ijzerveen_desc;I Jzerveen;;;;;;;;;;;;;
b_koningen;Koningen;;;;;;;;;;;;;
b_koningen_adj;Koningen;;;;;;;;;;;;;
b_koningen_desc;Koningen;;;;;;;;;;;;;
b_gronde;Gronde;;;;;;;;;;;;;
b_gronde_adj;Gronde;;;;;;;;;;;;;
b_gronde_desc;Gronde;;;;;;;;;;;;;
b_groenekamp;Groenekamp;;;;;;;;;;;;;
b_groenekamp_adj;Groenekamp;;;;;;;;;;;;;
b_groenekamp_desc;Groenekamp;;;;;;;;;;;;;
b_kraaienveen;Kraaienveen;;;;;;;;;;;;;
b_kraaienveen_adj;Kraaienveen;;;;;;;;;;;;;
b_kraaienveen_desc;Kraaienveen;;;;;;;;;;;;;
b_hanen;Hanen;;;;;;;;;;;;;
b_hanen_adj;Hanen;;;;;;;;;;;;;
b_hanen_desc;Hanen;;;;;;;;;;;;;
b_meder;Meder;;;;;;;;;;;;;
b_meder_adj;Meder;;;;;;;;;;;;;
b_meder_desc;Meder;;;;;;;;;;;;;
b_duizelmond;Duizelmond;;;;;;;;;;;;;
b_duizelmond_adj;Duizelmond;;;;;;;;;;;;;
b_duizelmond_desc;Duizelmond;;;;;;;;;;;;;
b_wintelo;Wintelo;;;;;;;;;;;;;
b_wintelo_adj;Wintelo;;;;;;;;;;;;;
b_wintelo_desc;Wintelo;;;;;;;;;;;;;
b_klierum;Klierum;;;;;;;;;;;;;
b_klierum_adj;Klierum;;;;;;;;;;;;;
b_klierum_desc;Klierum;;;;;;;;;;;;;
b_akken;Akken;;;;;;;;;;;;;
b_akken_adj;Akken;;;;;;;;;;;;;
b_akken_desc;Akken;;;;;;;;;;;;;
b_nuttel;Nuttel;;;;;;;;;;;;;
b_nuttel_adj;Nuttel;;;;;;;;;;;;;
b_nuttel_desc;Nuttel;;;;;;;;;;;;;
b_bierhoek;Bierhoek;;;;;;;;;;;;;
b_bierhoek_adj;Bierhoek;;;;;;;;;;;;;
b_bierhoek_desc;Bierhoek;;;;;;;;;;;;;
b_looster;Looster;;;;;;;;;;;;;
b_looster_adj;Looster;;;;;;;;;;;;;
b_looster_desc;Looster;;;;;;;;;;;;;
b_roxel;Roxel;;;;;;;;;;;;;
b_roxel_adj;Roxel;;;;;;;;;;;;;
b_roxel_desc;Roxel;;;;;;;;;;;;;
b_noort;Noort;;;;;;;;;;;;;
b_noort_adj;Noort;;;;;;;;;;;;;
b_noort_desc;Noort;;;;;;;;;;;;;
b_haartien;Haartien;;;;;;;;;;;;;
b_haartien_adj;Haartien;;;;;;;;;;;;;
b_haartien_desc;Haartien;;;;;;;;;;;;;
b_oosthorn;Oosthorn;;;;;;;;;;;;;
b_oosthorn_adj;Oosthorn;;;;;;;;;;;;;
b_oosthorn_desc;Oosthorn;;;;;;;;;;;;;
b_lenhem;Lenhem;;;;;;;;;;;;;
b_lenhem_adj;Lenhem;;;;;;;;;;;;;
b_lenhem_desc;Lenhem;;;;;;;;;;;;;
b_gilzen;Gilzen;;;;;;;;;;;;;
b_gilzen_adj;Gilzen;;;;;;;;;;;;;
b_gilzen_desc;Gilzen;;;;;;;;;;;;;
b_huijen;Huijen;;;;;;;;;;;;;
b_huijen_adj;Huijen;;;;;;;;;;;;;
b_huijen_desc;Huijen;;;;;;;;;;;;;
b_nuden;Nuden;;;;;;;;;;;;;
b_nuden_adj;Nuden;;;;;;;;;;;;;
b_nuden_desc;Nuden;;;;;;;;;;;;;
b_plassenburg;Plassenburg;;;;;;;;;;;;;
b_plassenburg_adj;Plassenburg;;;;;;;;;;;;;
b_plassenburg_desc;Plassenburg;;;;;;;;;;;;;
b_henkhoek;Henkhoek;;;;;;;;;;;;;
b_henkhoek_adj;Henkhoek;;;;;;;;;;;;;
b_henkhoek_desc;Henkhoek;;;;;;;;;;;;;
b_reede;Reede;;;;;;;;;;;;;
b_reede_adj;Reede;;;;;;;;;;;;;
b_reede_desc;Reede;;;;;;;;;;;;;
b_hillige;Hillige;;;;;;;;;;;;;
b_hillige_adj;Hillige;;;;;;;;;;;;;
b_hillige_desc;Hillige;;;;;;;;;;;;;
b_moeskant;Moeskant;;;;;;;;;;;;;
b_moeskant_adj;Moeskant;;;;;;;;;;;;;
b_moeskant_desc;Moeskant;;;;;;;;;;;;;
b_welle;Welle;;;;;;;;;;;;;
b_welle_adj;Welle;;;;;;;;;;;;;
b_welle_desc;Welle;;;;;;;;;;;;;
b_trecht;Trecht;;;;;;;;;;;;;
b_trecht_adj;Trecht;;;;;;;;;;;;;
b_trecht_desc;Trecht;;;;;;;;;;;;;
b_snippert;Snippert;;;;;;;;;;;;;
b_snippert_adj;Snippert;;;;;;;;;;;;;
b_snippert_desc;Snippert;;;;;;;;;;;;;
b_eveld;Eveld;;;;;;;;;;;;;
b_eveld_adj;Eveld;;;;;;;;;;;;;
b_eveld_desc;Eveld;;;;;;;;;;;;;
b_leike;Leike;;;;;;;;;;;;;
b_leike_adj;Leike;;;;;;;;;;;;;
b_leike_desc;Leike;;;;;;;;;;;;;
b_huijzeld;Huijzeld;;;;;;;;;;;;;
b_huijzeld_adj;Huijzeld;;;;;;;;;;;;;
b_huijzeld_desc;Huijzeld;;;;;;;;;;;;;
b_ossebrug;Ossebrug;;;;;;;;;;;;;
b_ossebrug_adj;Ossebrug;;;;;;;;;;;;;
b_ossebrug_desc;Ossebrug;;;;;;;;;;;;;
b_ekkelo;Ekkelo;;;;;;;;;;;;;
b_ekkelo_adj;Ekkelo;;;;;;;;;;;;;
b_ekkelo_desc;Ekkelo;;;;;;;;;;;;;
b_kloot;Kloot;;;;;;;;;;;;;
b_kloot_adj;Kloot;;;;;;;;;;;;;
b_kloot_desc;Kloot;;;;;;;;;;;;;
b_westerd;Westerd;;;;;;;;;;;;;
b_westerd_adj;Westerd;;;;;;;;;;;;;
b_westerd_desc;Westerd;;;;;;;;;;;;;
b_steenlo;Steenlo;;;;;;;;;;;;;
b_steenlo_adj;Steenlo;;;;;;;;;;;;;
b_steenlo_desc;Steenlo;;;;;;;;;;;;;
b_mugge;Mugge;;;;;;;;;;;;;
b_mugge_adj;Mugge;;;;;;;;;;;;;
b_mugge_desc;Mugge;;;;;;;;;;;;;
b_venhof;Venhof;;;;;;;;;;;;;
b_venhof_adj;Venhof;;;;;;;;;;;;;
b_venhof_desc;Venhof;;;;;;;;;;;;;
b_luckhall;Luckhall;;;;;;;;;;;;;
b_luckhall_adj;Luckhall;;;;;;;;;;;;;
b_luckhall_desc;Luckhall;;;;;;;;;;;;;
b_shorwood;Shorwood;;;;;;;;;;;;;
b_shorwood_adj;Shorwood;;;;;;;;;;;;;
b_shorwood_desc;Shorwood;;;;;;;;;;;;;
b_hallan;Hallan;;;;;;;;;;;;;
b_hallan_adj;Hallan;;;;;;;;;;;;;
b_hallan_desc;Hallan;;;;;;;;;;;;;
b_ipstoke;Ipstoke;;;;;;;;;;;;;
b_ipstoke_adj;Ipstoke;;;;;;;;;;;;;
b_ipstoke_desc;Ipstoke;;;;;;;;;;;;;
b_busham;Busham;;;;;;;;;;;;;
b_busham_adj;Busham;;;;;;;;;;;;;
b_busham_desc;Busham;;;;;;;;;;;;;
b_korenbroek;Korenbroek;;;;;;;;;;;;;
b_korenbroek_adj;Korenbroek;;;;;;;;;;;;;
b_korenbroek_desc;Korenbroek;;;;;;;;;;;;;
b_licht;Licht;;;;;;;;;;;;;
b_licht_adj;Licht;;;;;;;;;;;;;
b_licht_desc;Licht;;;;;;;;;;;;;
b_noorder;Noorder;;;;;;;;;;;;;
b_noorder_adj;Noorder;;;;;;;;;;;;;
b_noorder_desc;Noorder;;;;;;;;;;;;;
b_ravelveen;Ravelveen;;;;;;;;;;;;;
b_ravelveen_adj;Ravelveen;;;;;;;;;;;;;
b_ravelveen_desc;Ravelveen;;;;;;;;;;;;;
b_wolde;Wolde;;;;;;;;;;;;;
b_wolde_adj;Wolde;;;;;;;;;;;;;
b_wolde_desc;Wolde;;;;;;;;;;;;;
b_eschot;Eschot;;;;;;;;;;;;;
b_eschot_adj;Eschot;;;;;;;;;;;;;
b_eschot_desc;Eschot;;;;;;;;;;;;;
b_meden;Meden;;;;;;;;;;;;;
b_meden_adj;Meden;;;;;;;;;;;;;
b_meden_desc;Meden;;;;;;;;;;;;;
b_muntel;Muntel;;;;;;;;;;;;;
b_muntel_adj;Muntel;;;;;;;;;;;;;
b_muntel_desc;Muntel;;;;;;;;;;;;;
b_hegen;Hegen;;;;;;;;;;;;;
b_hegen_adj;Hegen;;;;;;;;;;;;;
b_hegen_desc;Hegen;;;;;;;;;;;;;
b_olden;Olden;;;;;;;;;;;;;
b_olden_adj;Olden;;;;;;;;;;;;;
b_olden_desc;Olden;;;;;;;;;;;;;
b_maard;Maard;;;;;;;;;;;;;
b_maard_adj;Maard;;;;;;;;;;;;;
b_maard_desc;Maard;;;;;;;;;;;;;
b_weind;Weind;;;;;;;;;;;;;
b_weind_adj;Weind;;;;;;;;;;;;;
b_weind_desc;Weind;;;;;;;;;;;;;
b_emmert;Emmert;;;;;;;;;;;;;
b_emmert_adj;Emmert;;;;;;;;;;;;;
b_emmert_desc;Emmert;;;;;;;;;;;;;
b_oeverveen;Oeverveen;;;;;;;;;;;;;
b_oeverveen_adj;Oeverveen;;;;;;;;;;;;;
b_oeverveen_desc;Oeverveen;;;;;;;;;;;;;
b_brede;Brede;;;;;;;;;;;;;
b_brede_adj;Brede;;;;;;;;;;;;;
b_brede_desc;Brede;;;;;;;;;;;;;
b_enkamp;Enkamp;;;;;;;;;;;;;
b_enkamp_adj;Enkamp;;;;;;;;;;;;;
b_enkamp_desc;Enkamp;;;;;;;;;;;;;
b_eiken;Eiken;;;;;;;;;;;;;
b_eiken_adj;Eiken;;;;;;;;;;;;;
b_eiken_desc;Eiken;;;;;;;;;;;;;
b_graat;Graat;;;;;;;;;;;;;
b_graat_adj;Graat;;;;;;;;;;;;;
b_graat_desc;Graat;;;;;;;;;;;;;
b_aersbeek;Aersbeek;;;;;;;;;;;;;
b_aersbeek_adj;Aersbeek;;;;;;;;;;;;;
b_aersbeek_desc;Aersbeek;;;;;;;;;;;;;
b_ijkendam;I Jkendam;;;;;;;;;;;;;
b_ijkendam_adj;I Jkendam;;;;;;;;;;;;;
b_ijkendam_desc;I Jkendam;;;;;;;;;;;;;
b_bergum;Bergum;;;;;;;;;;;;;
b_bergum_adj;Bergum;;;;;;;;;;;;;
b_bergum_desc;Bergum;;;;;;;;;;;;;
b_klook;Klook;;;;;;;;;;;;;
b_klook_adj;Klook;;;;;;;;;;;;;
b_klook_desc;Klook;;;;;;;;;;;;;
b_binnum;Binnum;;;;;;;;;;;;;
b_binnum_adj;Binnum;;;;;;;;;;;;;
b_binnum_desc;Binnum;;;;;;;;;;;;;
b_kattum;Kattum;;;;;;;;;;;;;
b_kattum_adj;Kattum;;;;;;;;;;;;;
b_kattum_desc;Kattum;;;;;;;;;;;;;
b_moerzicht;Moerzicht;;;;;;;;;;;;;
b_moerzicht_adj;Moerzicht;;;;;;;;;;;;;
b_moerzicht_desc;Moerzicht;;;;;;;;;;;;;
b_hoogelt;Hoogelt;;;;;;;;;;;;;
b_hoogelt_adj;Hoogelt;;;;;;;;;;;;;
b_hoogelt_desc;Hoogelt;;;;;;;;;;;;;
b_houtemere;Houtemere;;;;;;;;;;;;;
b_houtemere_adj;Houtemere;;;;;;;;;;;;;
b_houtemere_desc;Houtemere;;;;;;;;;;;;;
b_braak;Braak;;;;;;;;;;;;;
b_braak_adj;Braak;;;;;;;;;;;;;
b_braak_desc;Braak;;;;;;;;;;;;;
b_sluissen;Sluissen;;;;;;;;;;;;;
b_sluissen_adj;Sluissen;;;;;;;;;;;;;
b_sluissen_desc;Sluissen;;;;;;;;;;;;;
b_peppelmond;Peppelmond;;;;;;;;;;;;;
b_peppelmond_adj;Peppelmond;;;;;;;;;;;;;
b_peppelmond_desc;Peppelmond;;;;;;;;;;;;;
b_elderveen;Elderveen;;;;;;;;;;;;;
b_elderveen_adj;Elderveen;;;;;;;;;;;;;
b_elderveen_desc;Elderveen;;;;;;;;;;;;;
b_bover;Bover;;;;;;;;;;;;;
b_bover_adj;Bover;;;;;;;;;;;;;
b_bover_desc;Bover;;;;;;;;;;;;;
b_kemolen;Kemolen;;;;;;;;;;;;;
b_kemolen_adj;Kemolen;;;;;;;;;;;;;
b_kemolen_desc;Kemolen;;;;;;;;;;;;;
b_hezijl;Hezijl;;;;;;;;;;;;;
b_hezijl_adj;Hezijl;;;;;;;;;;;;;
b_hezijl_desc;Hezijl;;;;;;;;;;;;;
b_schildam;Schildam;;;;;;;;;;;;;
b_schildam_adj;Schildam;;;;;;;;;;;;;
b_schildam_desc;Schildam;;;;;;;;;;;;;
b_treek;Treek;;;;;;;;;;;;;
b_treek_adj;Treek;;;;;;;;;;;;;
b_treek_desc;Treek;;;;;;;;;;;;;
b_koewal;Koewal;;;;;;;;;;;;;
b_koewal_adj;Koewal;;;;;;;;;;;;;
b_koewal_desc;Koewal;;;;;;;;;;;;;
b_keets;Keets;;;;;;;;;;;;;
b_keets_adj;Keets;;;;;;;;;;;;;
b_keets_desc;Keets;;;;;;;;;;;;;
b_nieuwen;Nieuwen;;;;;;;;;;;;;
b_nieuwen_adj;Nieuwen;;;;;;;;;;;;;
b_nieuwen_desc;Nieuwen;;;;;;;;;;;;;
b_zuidermond;Zuidermond;;;;;;;;;;;;;
b_zuidermond_adj;Zuidermond;;;;;;;;;;;;;
b_zuidermond_desc;Zuidermond;;;;;;;;;;;;;
b_tergen;Tergen;;;;;;;;;;;;;
b_tergen_adj;Tergen;;;;;;;;;;;;;
b_tergen_desc;Tergen;;;;;;;;;;;;;
b_vaarland;Vaarland;;;;;;;;;;;;;
b_vaarland_adj;Vaarland;;;;;;;;;;;;;
b_vaarland_desc;Vaarland;;;;;;;;;;;;;
b_delaar;Delaar;;;;;;;;;;;;;
b_delaar_adj;Delaar;;;;;;;;;;;;;
b_delaar_desc;Delaar;;;;;;;;;;;;;
b_noarn;Noarn;;;;;;;;;;;;;
b_noarn_adj;Noarn;;;;;;;;;;;;;
b_noarn_desc;Noarn;;;;;;;;;;;;;
b_faanveen;Faanveen;;;;;;;;;;;;;
b_faanveen_adj;Faanveen;;;;;;;;;;;;;
b_faanveen_desc;Faanveen;;;;;;;;;;;;;
b_wierdorp;Wierdorp;;;;;;;;;;;;;
b_wierdorp_adj;Wierdorp;;;;;;;;;;;;;
b_wierdorp_desc;Wierdorp;;;;;;;;;;;;;
b_braat;Braat;;;;;;;;;;;;;
b_braat_adj;Braat;;;;;;;;;;;;;
b_braat_desc;Braat;;;;;;;;;;;;;
b_zaanen;Zaanen;;;;;;;;;;;;;
b_zaanen_adj;Zaanen;;;;;;;;;;;;;
b_zaanen_desc;Zaanen;;;;;;;;;;;;;
b_lagehorst;Lagehorst;;;;;;;;;;;;;
b_lagehorst_adj;Lagehorst;;;;;;;;;;;;;
b_lagehorst_desc;Lagehorst;;;;;;;;;;;;;
b_crailoo;Crailoo;;;;;;;;;;;;;
b_crailoo_adj;Crailoo;;;;;;;;;;;;;
b_crailoo_desc;Crailoo;;;;;;;;;;;;;
b_gelbroek;Gelbroek;;;;;;;;;;;;;
b_gelbroek_adj;Gelbroek;;;;;;;;;;;;;
b_gelbroek_desc;Gelbroek;;;;;;;;;;;;;
b_ovenham;Ovenham;;;;;;;;;;;;;
b_ovenham_adj;Ovenham;;;;;;;;;;;;;
b_ovenham_desc;Ovenham;;;;;;;;;;;;;
b_breel;Breel;;;;;;;;;;;;;
b_breel_adj;Breel;;;;;;;;;;;;;
b_breel_desc;Breel;;;;;;;;;;;;;
b_korten;Korten;;;;;;;;;;;;;
b_korten_adj;Korten;;;;;;;;;;;;;
b_korten_desc;Korten;;;;;;;;;;;;;
b_boden;Boden;;;;;;;;;;;;;
b_boden_adj;Boden;;;;;;;;;;;;;
b_boden_desc;Boden;;;;;;;;;;;;;
b_tersum;Tersum;;;;;;;;;;;;;
b_tersum_adj;Tersum;;;;;;;;;;;;;
b_tersum_desc;Tersum;;;;;;;;;;;;;
b_oosthaven;Oosthaven;;;;;;;;;;;;;
b_oosthaven_adj;Oosthaven;;;;;;;;;;;;;
b_oosthaven_desc;Oosthaven;;;;;;;;;;;;;
b_westein;Westein;;;;;;;;;;;;;
b_westein_adj;Westein;;;;;;;;;;;;;
b_westein_desc;Westein;;;;;;;;;;;;;
b_zuurt;Zuurt;;;;;;;;;;;;;
b_zuurt_adj;Zuurt;;;;;;;;;;;;;
b_zuurt_desc;Zuurt;;;;;;;;;;;;;
b_duinhorst;Duinhorst;;;;;;;;;;;;;
b_duinhorst_adj;Duinhorst;;;;;;;;;;;;;
b_duinhorst_desc;Duinhorst;;;;;;;;;;;;;
b_lieth;Lieth;;;;;;;;;;;;;
b_lieth_adj;Lieth;;;;;;;;;;;;;
b_lieth_desc;Lieth;;;;;;;;;;;;;
b_leebuurt;Leebuurt;;;;;;;;;;;;;
b_leebuurt_adj;Leebuurt;;;;;;;;;;;;;
b_leebuurt_desc;Leebuurt;;;;;;;;;;;;;
b_abbegat;Abbegat;;;;;;;;;;;;;
b_abbegat_adj;Abbegat;;;;;;;;;;;;;
b_abbegat_desc;Abbegat;;;;;;;;;;;;;
b_zwaar;Zwaar;;;;;;;;;;;;;
b_zwaar_adj;Zwaar;;;;;;;;;;;;;
b_zwaar_desc;Zwaar;;;;;;;;;;;;;
b_vijfhorn;Vijfhorn;;;;;;;;;;;;;
b_vijfhorn_adj;Vijfhorn;;;;;;;;;;;;;
b_vijfhorn_desc;Vijfhorn;;;;;;;;;;;;;
b_brugge;Brugge;;;;;;;;;;;;;
b_brugge_adj;Brugge;;;;;;;;;;;;;
b_brugge_desc;Brugge;;;;;;;;;;;;;
b_rieterveld;Rieterveld;;;;;;;;;;;;;
b_rieterveld_adj;Rieterveld;;;;;;;;;;;;;
b_rieterveld_desc;Rieterveld;;;;;;;;;;;;;
b_bongen;Bongen;;;;;;;;;;;;;
b_bongen_adj;Bongen;;;;;;;;;;;;;
b_bongen_desc;Bongen;;;;;;;;;;;;;
b_veenbrug;Veenbrug;;;;;;;;;;;;;
b_veenbrug_adj;Veenbrug;;;;;;;;;;;;;
b_veenbrug_desc;Veenbrug;;;;;;;;;;;;;
b_drieweg;Drieweg;;;;;;;;;;;;;
b_drieweg_adj;Drieweg;;;;;;;;;;;;;
b_drieweg_desc;Drieweg;;;;;;;;;;;;;
b_peizen;Peizen;;;;;;;;;;;;;
b_peizen_adj;Peizen;;;;;;;;;;;;;
b_peizen_desc;Peizen;;;;;;;;;;;;;
b_rophuis;Rophuis;;;;;;;;;;;;;
b_rophuis_adj;Rophuis;;;;;;;;;;;;;
b_rophuis_desc;Rophuis;;;;;;;;;;;;;
b_kleven;Kleven;;;;;;;;;;;;;
b_kleven_adj;Kleven;;;;;;;;;;;;;
b_kleven_desc;Kleven;;;;;;;;;;;;;
b_nedel;Nedel;;;;;;;;;;;;;
b_nedel_adj;Nedel;;;;;;;;;;;;;
b_nedel_desc;Nedel;;;;;;;;;;;;;
b_spijl;Spijl;;;;;;;;;;;;;
b_spijl_adj;Spijl;;;;;;;;;;;;;
b_spijl_desc;Spijl;;;;;;;;;;;;;
b_streeden;Streeden;;;;;;;;;;;;;
b_streeden_adj;Streeden;;;;;;;;;;;;;
b_streeden_desc;Streeden;;;;;;;;;;;;;
b_kuitwijk;Kuitwijk;;;;;;;;;;;;;
b_kuitwijk_adj;Kuitwijk;;;;;;;;;;;;;
b_kuitwijk_desc;Kuitwijk;;;;;;;;;;;;;
b_nabos;Nabos;;;;;;;;;;;;;
b_nabos_adj;Nabos;;;;;;;;;;;;;
b_nabos_desc;Nabos;;;;;;;;;;;;;
b_zonnehaven;Zonnehaven;;;;;;;;;;;;;
b_zonnehaven_adj;Zonnehaven;;;;;;;;;;;;;
b_zonnehaven_desc;Zonnehaven;;;;;;;;;;;;;
b_baalbeek;Baalbeek;;;;;;;;;;;;;
b_baalbeek_adj;Baalbeek;;;;;;;;;;;;;
b_baalbeek_desc;Baalbeek;;;;;;;;;;;;;
b_vossenmeer;Vossenmeer;;;;;;;;;;;;;
b_vossenmeer_adj;Vossenmeer;;;;;;;;;;;;;
b_vossenmeer_desc;Vossenmeer;;;;;;;;;;;;;
b_weide;Weide;;;;;;;;;;;;;
b_weide_adj;Weide;;;;;;;;;;;;;
b_weide_desc;Weide;;;;;;;;;;;;;
b_marst;Marst;;;;;;;;;;;;;
b_marst_adj;Marst;;;;;;;;;;;;;
b_marst_desc;Marst;;;;;;;;;;;;;
b_grijp;Grijp;;;;;;;;;;;;;
b_grijp_adj;Grijp;;;;;;;;;;;;;
b_grijp_desc;Grijp;;;;;;;;;;;;;
b_harkum;Harkum;;;;;;;;;;;;;
b_harkum_adj;Harkum;;;;;;;;;;;;;
b_harkum_desc;Harkum;;;;;;;;;;;;;
b_storen;Storen;;;;;;;;;;;;;
b_storen_adj;Storen;;;;;;;;;;;;;
b_storen_desc;Storen;;;;;;;;;;;;;
b_blaard;Blaard;;;;;;;;;;;;;
b_blaard_adj;Blaard;;;;;;;;;;;;;
b_blaard_desc;Blaard;;;;;;;;;;;;;
b_blekerhorst;Blekerhorst;;;;;;;;;;;;;
b_blekerhorst_adj;Blekerhorst;;;;;;;;;;;;;
b_blekerhorst_desc;Blekerhorst;;;;;;;;;;;;;
b_zeggeveld;Zeggeveld;;;;;;;;;;;;;
b_zeggeveld_adj;Zeggeveld;;;;;;;;;;;;;
b_zeggeveld_desc;Zeggeveld;;;;;;;;;;;;;
b_ouden;Ouden;;;;;;;;;;;;;
b_ouden_adj;Ouden;;;;;;;;;;;;;
b_ouden_desc;Ouden;;;;;;;;;;;;;
b_westerholt;Westerholt;;;;;;;;;;;;;
b_westerholt_adj;Westerholt;;;;;;;;;;;;;
b_westerholt_desc;Westerholt;;;;;;;;;;;;;
b_veening;Veening;;;;;;;;;;;;;
b_veening_adj;Veening;;;;;;;;;;;;;
b_veening_desc;Veening;;;;;;;;;;;;;
b_poele;Poele;;;;;;;;;;;;;
b_poele_adj;Poele;;;;;;;;;;;;;
b_poele_desc;Poele;;;;;;;;;;;;;
b_zanden;Zanden;;;;;;;;;;;;;
b_zanden_adj;Zanden;;;;;;;;;;;;;
b_zanden_desc;Zanden;;;;;;;;;;;;;
b_elshoek;Elshoek;;;;;;;;;;;;;
b_elshoek_adj;Elshoek;;;;;;;;;;;;;
b_elshoek_desc;Elshoek;;;;;;;;;;;;;
b_noorne;Noorne;;;;;;;;;;;;;
b_noorne_adj;Noorne;;;;;;;;;;;;;
b_noorne_desc;Noorne;;;;;;;;;;;;;
b_hommel;Hommel;;;;;;;;;;;;;
b_hommel_adj;Hommel;;;;;;;;;;;;;
b_hommel_desc;Hommel;;;;;;;;;;;;;
b_spoel;Spoel;;;;;;;;;;;;;
b_spoel_adj;Spoel;;;;;;;;;;;;;
b_spoel_desc;Spoel;;;;;;;;;;;;;
b_lieveen;Lieveen;;;;;;;;;;;;;
b_lieveen_adj;Lieveen;;;;;;;;;;;;;
b_lieveen_desc;Lieveen;;;;;;;;;;;;;
b_milden;Milden;;;;;;;;;;;;;
b_milden_adj;Milden;;;;;;;;;;;;;
b_milden_desc;Milden;;;;;;;;;;;;;
b_klaren;Klaren;;;;;;;;;;;;;
b_klaren_adj;Klaren;;;;;;;;;;;;;
b_klaren_desc;Klaren;;;;;;;;;;;;;
b_randert;Randert;;;;;;;;;;;;;
b_randert_adj;Randert;;;;;;;;;;;;;
b_randert_desc;Randert;;;;;;;;;;;;;
b_pijnen;Pijnen;;;;;;;;;;;;;
b_pijnen_adj;Pijnen;;;;;;;;;;;;;
b_pijnen_desc;Pijnen;;;;;;;;;;;;;
b_tondijk;Tondijk;;;;;;;;;;;;;
b_tondijk_adj;Tondijk;;;;;;;;;;;;;
b_tondijk_desc;Tondijk;;;;;;;;;;;;;
b_muggel;Muggel;;;;;;;;;;;;;
b_muggel_adj;Muggel;;;;;;;;;;;;;
b_muggel_desc;Muggel;;;;;;;;;;;;;
b_abburen;Abburen;;;;;;;;;;;;;
b_abburen_adj;Abburen;;;;;;;;;;;;;
b_abburen_desc;Abburen;;;;;;;;;;;;;
b_readorp;Readorp;;;;;;;;;;;;;
b_readorp_adj;Readorp;;;;;;;;;;;;;
b_readorp_desc;Readorp;;;;;;;;;;;;;
b_lohborn;Lohborn;;;;;;;;;;;;;
b_lohborn_adj;Lohborn;;;;;;;;;;;;;
b_lohborn_desc;Lohborn;;;;;;;;;;;;;
b_alteroth;Alteroth;;;;;;;;;;;;;
b_alteroth_adj;Alteroth;;;;;;;;;;;;;
b_alteroth_desc;Alteroth;;;;;;;;;;;;;
b_hetze;Hetze;;;;;;;;;;;;;
b_hetze_adj;Hetze;;;;;;;;;;;;;
b_hetze_desc;Hetze;;;;;;;;;;;;;
b_busen;Busen;;;;;;;;;;;;;
b_busen_adj;Busen;;;;;;;;;;;;;
b_busen_desc;Busen;;;;;;;;;;;;;
b_rollin;Rollin;;;;;;;;;;;;;
b_rollin_adj;Rollin;;;;;;;;;;;;;
b_rollin_desc;Rollin;;;;;;;;;;;;;
b_ulbach;Ulbach;;;;;;;;;;;;;
b_ulbach_adj;Ulbach;;;;;;;;;;;;;
b_ulbach_desc;Ulbach;;;;;;;;;;;;;
b_kahlo;Kahlo;;;;;;;;;;;;;
b_kahlo_adj;Kahlo;;;;;;;;;;;;;
b_kahlo_desc;Kahlo;;;;;;;;;;;;;
b_egebing;Egebing;;;;;;;;;;;;;
b_egebing_adj;Egebing;;;;;;;;;;;;;
b_egebing_desc;Egebing;;;;;;;;;;;;;
b_zieth;Zieth;;;;;;;;;;;;;
b_zieth_adj;Zieth;;;;;;;;;;;;;
b_zieth_desc;Zieth;;;;;;;;;;;;;
b_kendorf;Kendorf;;;;;;;;;;;;;
b_kendorf_adj;Kendorf;;;;;;;;;;;;;
b_kendorf_desc;Kendorf;;;;;;;;;;;;;
b_bardewik;Bardewik;;;;;;;;;;;;;
b_bardewik_adj;Bardewik;;;;;;;;;;;;;
b_bardewik_desc;Bardewik;;;;;;;;;;;;;
b_rugenport;Rugenport;;;;;;;;;;;;;
b_rugenport_adj;Rugenport;;;;;;;;;;;;;
b_rugenport_desc;Rugenport;;;;;;;;;;;;;
b_stadewik;Stadewik;;;;;;;;;;;;;
b_stadewik_adj;Stadewik;;;;;;;;;;;;;
b_stadewik_desc;Stadewik;;;;;;;;;;;;;
b_altwitz;Altwitz;;;;;;;;;;;;;
b_altwitz_adj;Altwitz;;;;;;;;;;;;;
b_altwitz_desc;Altwitz;;;;;;;;;;;;;
b_venzing;Venzing;;;;;;;;;;;;;
b_venzing_adj;Venzing;;;;;;;;;;;;;
b_venzing_desc;Venzing;;;;;;;;;;;;;
b_garthen;Garthen;;;;;;;;;;;;;
b_garthen_adj;Garthen;;;;;;;;;;;;;
b_garthen_desc;Garthen;;;;;;;;;;;;;
b_werde;Werde;;;;;;;;;;;;;
b_werde_adj;Werde;;;;;;;;;;;;;
b_werde_desc;Werde;;;;;;;;;;;;;
b_denfort;Denfort;;;;;;;;;;;;;
b_denfort_adj;Denfort;;;;;;;;;;;;;
b_denfort_desc;Denfort;;;;;;;;;;;;;
b_krain;Krain;;;;;;;;;;;;;
b_krain_adj;Krain;;;;;;;;;;;;;
b_krain_desc;Krain;;;;;;;;;;;;;
b_schneid;Schneid;;;;;;;;;;;;;
b_schneid_adj;Schneid;;;;;;;;;;;;;
b_schneid_desc;Schneid;;;;;;;;;;;;;
b_impach;Impach;;;;;;;;;;;;;
b_impach_adj;Impach;;;;;;;;;;;;;
b_impach_desc;Impach;;;;;;;;;;;;;
b_stingen;Stingen;;;;;;;;;;;;;
b_stingen_adj;Stingen;;;;;;;;;;;;;
b_stingen_desc;Stingen;;;;;;;;;;;;;
b_manns;Manns;;;;;;;;;;;;;
b_manns_adj;Manns;;;;;;;;;;;;;
b_manns_desc;Manns;;;;;;;;;;;;;
b_ruhle;Ruhle;;;;;;;;;;;;;
b_ruhle_adj;Ruhle;;;;;;;;;;;;;
b_ruhle_desc;Ruhle;;;;;;;;;;;;;
b_rumberg;Rumberg;;;;;;;;;;;;;
b_rumberg_adj;Rumberg;;;;;;;;;;;;;
b_rumberg_desc;Rumberg;;;;;;;;;;;;;
b_mogge;Mogge;;;;;;;;;;;;;
b_mogge_adj;Mogge;;;;;;;;;;;;;
b_mogge_desc;Mogge;;;;;;;;;;;;;
b_dobben;Dobben;;;;;;;;;;;;;
b_dobben_adj;Dobben;;;;;;;;;;;;;
b_dobben_desc;Dobben;;;;;;;;;;;;;
b_seesdorf;Seesdorf;;;;;;;;;;;;;
b_seesdorf_adj;Seesdorf;;;;;;;;;;;;;
b_seesdorf_desc;Seesdorf;;;;;;;;;;;;;
b_schlde;Schlde;;;;;;;;;;;;;
b_schlde_adj;Schlde;;;;;;;;;;;;;
b_schlde_desc;Schlde;;;;;;;;;;;;;
b_ruendorf;Ruendorf;;;;;;;;;;;;;
b_ruendorf_adj;Ruendorf;;;;;;;;;;;;;
b_ruendorf_desc;Ruendorf;;;;;;;;;;;;;
b_hainrath;Hainrath;;;;;;;;;;;;;
b_hainrath_adj;Hainrath;;;;;;;;;;;;;
b_hainrath_desc;Hainrath;;;;;;;;;;;;;
b_flohr;Flohr;;;;;;;;;;;;;
b_flohr_adj;Flohr;;;;;;;;;;;;;
b_flohr_desc;Flohr;;;;;;;;;;;;;
b_pestel;Pestel;;;;;;;;;;;;;
b_pestel_adj;Pestel;;;;;;;;;;;;;
b_pestel_desc;Pestel;;;;;;;;;;;;;
b_edlang;Edlang;;;;;;;;;;;;;
b_edlang_adj;Edlang;;;;;;;;;;;;;
b_edlang_desc;Edlang;;;;;;;;;;;;;
b_loibach;Loibach;;;;;;;;;;;;;
b_loibach_adj;Loibach;;;;;;;;;;;;;
b_loibach_desc;Loibach;;;;;;;;;;;;;
b_wette;Wette;;;;;;;;;;;;;
b_wette_adj;Wette;;;;;;;;;;;;;
b_wette_desc;Wette;;;;;;;;;;;;;
b_stamp;Stamp;;;;;;;;;;;;;
b_stamp_adj;Stamp;;;;;;;;;;;;;
b_stamp_desc;Stamp;;;;;;;;;;;;;
b_graberg;Graberg;;;;;;;;;;;;;
b_graberg_adj;Graberg;;;;;;;;;;;;;
b_graberg_desc;Graberg;;;;;;;;;;;;;
b_gebach;Gebach;;;;;;;;;;;;;
b_gebach_adj;Gebach;;;;;;;;;;;;;
b_gebach_desc;Gebach;;;;;;;;;;;;;
b_rdden;Rdden;;;;;;;;;;;;;
b_rdden_adj;Rdden;;;;;;;;;;;;;
b_rdden_desc;Rdden;;;;;;;;;;;;;
b_wefen;Wefen;;;;;;;;;;;;;
b_wefen_adj;Wefen;;;;;;;;;;;;;
b_wefen_desc;Wefen;;;;;;;;;;;;;
b_rehausen;Rehausen;;;;;;;;;;;;;
b_rehausen_adj;Rehausen;;;;;;;;;;;;;
b_rehausen_desc;Rehausen;;;;;;;;;;;;;
b_haben;Haben;;;;;;;;;;;;;
b_haben_adj;Haben;;;;;;;;;;;;;
b_haben_desc;Haben;;;;;;;;;;;;;
b_altshof;Altshof;;;;;;;;;;;;;
b_altshof_adj;Altshof;;;;;;;;;;;;;
b_altshof_desc;Altshof;;;;;;;;;;;;;
b_winken;Winken;;;;;;;;;;;;;
b_winken_adj;Winken;;;;;;;;;;;;;
b_winken_desc;Winken;;;;;;;;;;;;;
b_lilingen;Lilingen;;;;;;;;;;;;;
b_lilingen_adj;Lilingen;;;;;;;;;;;;;
b_lilingen_desc;Lilingen;;;;;;;;;;;;;
b_vechten;Vechten;;;;;;;;;;;;;
b_vechten_adj;Vechten;;;;;;;;;;;;;
b_vechten_desc;Vechten;;;;;;;;;;;;;
b_henbach;Henbach;;;;;;;;;;;;;
b_henbach_adj;Henbach;;;;;;;;;;;;;
b_henbach_desc;Henbach;;;;;;;;;;;;;
b_innbach;Innbach;;;;;;;;;;;;;
b_innbach_adj;Innbach;;;;;;;;;;;;;
b_innbach_desc;Innbach;;;;;;;;;;;;;
b_termen;Termen;;;;;;;;;;;;;
b_termen_adj;Termen;;;;;;;;;;;;;
b_termen_desc;Termen;;;;;;;;;;;;;
b_fraubaum;Fraubaum;;;;;;;;;;;;;
b_fraubaum_adj;Fraubaum;;;;;;;;;;;;;
b_fraubaum_desc;Fraubaum;;;;;;;;;;;;;
b_hannshof;Hannshof;;;;;;;;;;;;;
b_hannshof_adj;Hannshof;;;;;;;;;;;;;
b_hannshof_desc;Hannshof;;;;;;;;;;;;;
b_datten;Datten;;;;;;;;;;;;;
b_datten_adj;Datten;;;;;;;;;;;;;
b_datten_desc;Datten;;;;;;;;;;;;;
b_suden;Suden;;;;;;;;;;;;;
b_suden_adj;Suden;;;;;;;;;;;;;
b_suden_desc;Suden;;;;;;;;;;;;;
b_maxfeld;Maxfeld;;;;;;;;;;;;;
b_maxfeld_adj;Maxfeld;;;;;;;;;;;;;
b_maxfeld_desc;Maxfeld;;;;;;;;;;;;;
b_schaft;Schaft;;;;;;;;;;;;;
b_schaft_adj;Schaft;;;;;;;;;;;;;
b_schaft_desc;Schaft;;;;;;;;;;;;;
b_kleinhof;Kleinhof;;;;;;;;;;;;;
b_kleinhof_adj;Kleinhof;;;;;;;;;;;;;
b_kleinhof_desc;Kleinhof;;;;;;;;;;;;;
b_willer;Willer;;;;;;;;;;;;;
b_willer_adj;Willer;;;;;;;;;;;;;
b_willer_desc;Willer;;;;;;;;;;;;;
b_desfeld;Desfeld;;;;;;;;;;;;;
b_desfeld_adj;Desfeld;;;;;;;;;;;;;
b_desfeld_desc;Desfeld;;;;;;;;;;;;;
b_hirsch;Hirsch;;;;;;;;;;;;;
b_hirsch_adj;Hirsch;;;;;;;;;;;;;
b_hirsch_desc;Hirsch;;;;;;;;;;;;;
b_kiesen;Kiesen;;;;;;;;;;;;;
b_kiesen_adj;Kiesen;;;;;;;;;;;;;
b_kiesen_desc;Kiesen;;;;;;;;;;;;;
b_pfenbach;Pfenbach;;;;;;;;;;;;;
b_pfenbach_adj;Pfenbach;;;;;;;;;;;;;
b_pfenbach_desc;Pfenbach;;;;;;;;;;;;;
b_kochdorf;Kochdorf;;;;;;;;;;;;;
b_kochdorf_adj;Kochdorf;;;;;;;;;;;;;
b_kochdorf_desc;Kochdorf;;;;;;;;;;;;;
b_drausen;Drausen;;;;;;;;;;;;;
b_drausen_adj;Drausen;;;;;;;;;;;;;
b_drausen_desc;Drausen;;;;;;;;;;;;;
b_fagerby;Fagerby;;;;;;;;;;;;;
b_fagerby_adj;Fagerby;;;;;;;;;;;;;
b_fagerby_desc;Fagerby;;;;;;;;;;;;;
b_lindeby;Lindeby;;;;;;;;;;;;;
b_lindeby_adj;Lindeby;;;;;;;;;;;;;
b_lindeby_desc;Lindeby;;;;;;;;;;;;;
b_hultby;Hultby;;;;;;;;;;;;;
b_hultby_adj;Hultby;;;;;;;;;;;;;
b_hultby_desc;Hultby;;;;;;;;;;;;;
b_skogsryd;Skogsryd;;;;;;;;;;;;;
b_skogsryd_adj;Skogsryd;;;;;;;;;;;;;
b_skogsryd_desc;Skogsryd;;;;;;;;;;;;;
b_knappel;Knappel;;;;;;;;;;;;;
b_knappel_adj;Knappel;;;;;;;;;;;;;
b_knappel_desc;Knappel;;;;;;;;;;;;;
b_wesse;Wesse;;;;;;;;;;;;;
b_wesse_adj;Wesse;;;;;;;;;;;;;
b_wesse_desc;Wesse;;;;;;;;;;;;;
b_kaisdorf;Kaisdorf;;;;;;;;;;;;;
b_kaisdorf_adj;Kaisdorf;;;;;;;;;;;;;
b_kaisdorf_desc;Kaisdorf;;;;;;;;;;;;;
b_eberg;Eberg;;;;;;;;;;;;;
b_eberg_adj;Eberg;;;;;;;;;;;;;
b_eberg_desc;Eberg;;;;;;;;;;;;;
b_kuttler;Kuttler;;;;;;;;;;;;;
b_kuttler_adj;Kuttler;;;;;;;;;;;;;
b_kuttler_desc;Kuttler;;;;;;;;;;;;;
b_egisdorf;Egisdorf;;;;;;;;;;;;;
b_egisdorf_adj;Egisdorf;;;;;;;;;;;;;
b_egisdorf_desc;Egisdorf;;;;;;;;;;;;;
b_herheim;Herheim;;;;;;;;;;;;;
b_herheim_adj;Herheim;;;;;;;;;;;;;
b_herheim_desc;Herheim;;;;;;;;;;;;;
b_heube;Heube;;;;;;;;;;;;;
b_heube_adj;Heube;;;;;;;;;;;;;
b_heube_desc;Heube;;;;;;;;;;;;;
b_herndorf;Herndorf;;;;;;;;;;;;;
b_herndorf_adj;Herndorf;;;;;;;;;;;;;
b_herndorf_desc;Herndorf;;;;;;;;;;;;;
b_weilgen;Weilgen;;;;;;;;;;;;;
b_weilgen_adj;Weilgen;;;;;;;;;;;;;
b_weilgen_desc;Weilgen;;;;;;;;;;;;;
b_theim;Theim;;;;;;;;;;;;;
b_theim_adj;Theim;;;;;;;;;;;;;
b_theim_desc;Theim;;;;;;;;;;;;;
b_insdorf;Insdorf;;;;;;;;;;;;;
b_insdorf_adj;Insdorf;;;;;;;;;;;;;
b_insdorf_desc;Insdorf;;;;;;;;;;;;;
b_wszebor;Wszebor;;;;;;;;;;;;;
b_wszebor_adj;Wszebor;;;;;;;;;;;;;
b_wszebor_desc;Wszebor;;;;;;;;;;;;;
b_borzym;Borzym;;;;;;;;;;;;;
b_borzym_adj;Borzym;;;;;;;;;;;;;
b_borzym_desc;Borzym;;;;;;;;;;;;;
b_tarnawa;Tarnawa;;;;;;;;;;;;;
b_tarnawa_adj;Tarnawa;;;;;;;;;;;;;
b_tarnawa_desc;Tarnawa;;;;;;;;;;;;;
b_borzywoj;Borzywoj;;;;;;;;;;;;;
b_borzywoj_adj;Borzywoj;;;;;;;;;;;;;
b_borzywoj_desc;Borzywoj;;;;;;;;;;;;;
b_ostrowod;Ostrowod;;;;;;;;;;;;;
b_ostrowod_adj;Ostrowod;;;;;;;;;;;;;
b_ostrowod_desc;Ostrowod;;;;;;;;;;;;;
b_chrober;Chrober;;;;;;;;;;;;;
b_chrober_adj;Chrober;;;;;;;;;;;;;
b_chrober_desc;Chrober;;;;;;;;;;;;;
b_borutyn;Borutyn;;;;;;;;;;;;;
b_borutyn_adj;Borutyn;;;;;;;;;;;;;
b_borutyn_desc;Borutyn;;;;;;;;;;;;;
b_grodzan;Grodzan;;;;;;;;;;;;;
b_grodzan_adj;Grodzan;;;;;;;;;;;;;
b_grodzan_desc;Grodzan;;;;;;;;;;;;;
b_sędziwój;Sędziwój;;;;;;;;;;;;;
b_sędziwój_adj;Sędziwój;;;;;;;;;;;;;
b_sędziwój_desc;Sędziwój;;;;;;;;;;;;;
b_zegota;Zegota;;;;;;;;;;;;;
b_zegota_adj;Zegota;;;;;;;;;;;;;
b_zegota_desc;Zegota;;;;;;;;;;;;;
b_wyszemir;Wyszemir;;;;;;;;;;;;;
b_wyszemir_adj;Wyszemir;;;;;;;;;;;;;
b_wyszemir_desc;Wyszemir;;;;;;;;;;;;;
b_trzebor;Trzebor;;;;;;;;;;;;;
b_trzebor_adj;Trzebor;;;;;;;;;;;;;
b_trzebor_desc;Trzebor;;;;;;;;;;;;;
b_chwalomir;Chwalomir;;;;;;;;;;;;;
b_chwalomir_adj;Chwalomir;;;;;;;;;;;;;
b_chwalomir_desc;Chwalomir;;;;;;;;;;;;;
b_czestobor;Czestobor;;;;;;;;;;;;;
b_czestobor_adj;Czestobor;;;;;;;;;;;;;
b_czestobor_desc;Czestobor;;;;;;;;;;;;;
b_dobrobor;Dobrobor;;;;;;;;;;;;;
b_dobrobor_adj;Dobrobor;;;;;;;;;;;;;
b_dobrobor_desc;Dobrobor;;;;;;;;;;;;;
b_chrosta;Chrosta;;;;;;;;;;;;;
b_chrosta_adj;Chrosta;;;;;;;;;;;;;
b_chrosta_desc;Chrosta;;;;;;;;;;;;;
b_variku;Variku;;;;;;;;;;;;;
b_variku_adj;Variku;;;;;;;;;;;;;
b_variku_desc;Variku;;;;;;;;;;;;;
b_ranniku;Ranniku;;;;;;;;;;;;;
b_ranniku_adj;Ranniku;;;;;;;;;;;;;
b_ranniku_desc;Ranniku;;;;;;;;;;;;;
b_lehesalu;Lehesalu;;;;;;;;;;;;;
b_lehesalu_adj;Lehesalu;;;;;;;;;;;;;
b_lehesalu_desc;Lehesalu;;;;;;;;;;;;;
b_vesioja;Vesioja;;;;;;;;;;;;;
b_vesioja_adj;Vesioja;;;;;;;;;;;;;
b_vesioja_desc;Vesioja;;;;;;;;;;;;;
b_kivimetsa;Kivimetsa;;;;;;;;;;;;;
b_kivimetsa_adj;Kivimetsa;;;;;;;;;;;;;
b_kivimetsa_desc;Kivimetsa;;;;;;;;;;;;;
b_mustsoo;Mustsoo;;;;;;;;;;;;;
b_mustsoo_adj;Mustsoo;;;;;;;;;;;;;
b_mustsoo_desc;Mustsoo;;;;;;;;;;;;;
b_vaarikla;Vaarikla;;;;;;;;;;;;;
b_vaarikla_adj;Vaarikla;;;;;;;;;;;;;
b_vaarikla_desc;Vaarikla;;;;;;;;;;;;;
b_kuusimetsa;Kuusimetsa;;;;;;;;;;;;;
b_kuusimetsa_adj;Kuusimetsa;;;;;;;;;;;;;
b_kuusimetsa_desc;Kuusimetsa;;;;;;;;;;;;;
b_rboda;Rboda;;;;;;;;;;;;;
b_rboda_adj;Rboda;;;;;;;;;;;;;
b_rboda_desc;Rboda;;;;;;;;;;;;;
b_rdinge;Rdinge;;;;;;;;;;;;;
b_rdinge_adj;Rdinge;;;;;;;;;;;;;
b_rdinge_desc;Rdinge;;;;;;;;;;;;;
b_mundsdal;Mundsdal;;;;;;;;;;;;;
b_mundsdal_adj;Mundsdal;;;;;;;;;;;;;
b_mundsdal_desc;Mundsdal;;;;;;;;;;;;;
b_skrarp;Skrarp;;;;;;;;;;;;;
b_skrarp_adj;Skrarp;;;;;;;;;;;;;
b_skrarp_desc;Skrarp;;;;;;;;;;;;;
b_mirogost;Mirogost;;;;;;;;;;;;;
b_mirogost_adj;Mirogost;;;;;;;;;;;;;
b_mirogost_desc;Mirogost;;;;;;;;;;;;;
b_bogumił;Bogumił;;;;;;;;;;;;;
b_bogumił_adj;Bogumił;;;;;;;;;;;;;
b_bogumił_desc;Bogumił;;;;;;;;;;;;;
b_lutomir;Lutomir;;;;;;;;;;;;;
b_lutomir_adj;Lutomir;;;;;;;;;;;;;
b_lutomir_desc;Lutomir;;;;;;;;;;;;;
b_stawomir;Stawomir;;;;;;;;;;;;;
b_stawomir_adj;Stawomir;;;;;;;;;;;;;
b_stawomir_desc;Stawomir;;;;;;;;;;;;;
b_harten;Harten;;;;;;;;;;;;;
b_harten_adj;Harten;;;;;;;;;;;;;
b_harten_desc;Harten;;;;;;;;;;;;;
b_issen;Issen;;;;;;;;;;;;;
b_issen_adj;Issen;;;;;;;;;;;;;
b_issen_desc;Issen;;;;;;;;;;;;;
b_unterain;Unterain;;;;;;;;;;;;;
b_unterain_adj;Unterain;;;;;;;;;;;;;
b_unterain_desc;Unterain;;;;;;;;;;;;;
b_lipfen;Lipfen;;;;;;;;;;;;;
b_lipfen_adj;Lipfen;;;;;;;;;;;;;
b_lipfen_desc;Lipfen;;;;;;;;;;;;;
b_elmsdorf;Elmsdorf;;;;;;;;;;;;;
b_elmsdorf_adj;Elmsdorf;;;;;;;;;;;;;
b_elmsdorf_desc;Elmsdorf;;;;;;;;;;;;;
b_himbeck;Himbeck;;;;;;;;;;;;;
b_himbeck_adj;Himbeck;;;;;;;;;;;;;
b_himbeck_desc;Himbeck;;;;;;;;;;;;;
b_remmer;Remmer;;;;;;;;;;;;;
b_remmer_adj;Remmer;;;;;;;;;;;;;
b_remmer_desc;Remmer;;;;;;;;;;;;;
b_heidorf;Heidorf;;;;;;;;;;;;;
b_heidorf_adj;Heidorf;;;;;;;;;;;;;
b_heidorf_desc;Heidorf;;;;;;;;;;;;;
b_zarnica;Zarnica;;;;;;;;;;;;;
b_zarnica_adj;Zarnica;;;;;;;;;;;;;
b_zarnica_desc;Zarnica;;;;;;;;;;;;;
b_jaromir;Jaromir;;;;;;;;;;;;;
b_jaromir_adj;Jaromir;;;;;;;;;;;;;
b_jaromir_desc;Jaromir;;;;;;;;;;;;;
b_dobromil;Dobromil;;;;;;;;;;;;;
b_dobromil_adj;Dobromil;;;;;;;;;;;;;
b_dobromil_desc;Dobromil;;;;;;;;;;;;;
b_tarnogrod;Tarnogrod;;;;;;;;;;;;;
b_tarnogrod_adj;Tarnogrod;;;;;;;;;;;;;
b_tarnogrod_desc;Tarnogrod;;;;;;;;;;;;;
b_hheim;Hheim;;;;;;;;;;;;;
b_hheim_adj;Hheim;;;;;;;;;;;;;
b_hheim_desc;Hheim;;;;;;;;;;;;;
b_bagbach;Bagbach;;;;;;;;;;;;;
b_bagbach_adj;Bagbach;;;;;;;;;;;;;
b_bagbach_desc;Bagbach;;;;;;;;;;;;;
b_vasberg;Vasberg;;;;;;;;;;;;;
b_vasberg_adj;Vasberg;;;;;;;;;;;;;
b_vasberg_desc;Vasberg;;;;;;;;;;;;;
b_heimern;Heimern;;;;;;;;;;;;;
b_heimern_adj;Heimern;;;;;;;;;;;;;
b_heimern_desc;Heimern;;;;;;;;;;;;;
b_sicken;Sicken;;;;;;;;;;;;;
b_sicken_adj;Sicken;;;;;;;;;;;;;
b_sicken_desc;Sicken;;;;;;;;;;;;;
b_hohel;Hohel;;;;;;;;;;;;;
b_hohel_adj;Hohel;;;;;;;;;;;;;
b_hohel_desc;Hohel;;;;;;;;;;;;;
b_kiese;Kiese;;;;;;;;;;;;;
b_kiese_adj;Kiese;;;;;;;;;;;;;
b_kiese_desc;Kiese;;;;;;;;;;;;;
b_wehrens;Wehrens;;;;;;;;;;;;;
b_wehrens_adj;Wehrens;;;;;;;;;;;;;
b_wehrens_desc;Wehrens;;;;;;;;;;;;;
b_brstan;Brstan;;;;;;;;;;;;;
b_brstan_adj;Brstan;;;;;;;;;;;;;
b_brstan_desc;Brstan;;;;;;;;;;;;;
b_ulringe;Ulringe;;;;;;;;;;;;;
b_ulringe_adj;Ulringe;;;;;;;;;;;;;
b_ulringe_desc;Ulringe;;;;;;;;;;;;;
b_rrsele;Rrsele;;;;;;;;;;;;;
b_rrsele_adj;Rrsele;;;;;;;;;;;;;
b_rrsele_desc;Rrsele;;;;;;;;;;;;;
b_yngberga;Yngberga;;;;;;;;;;;;;
b_yngberga_adj;Yngberga;;;;;;;;;;;;;
b_yngberga_desc;Yngberga;;;;;;;;;;;;;
b_appella;Appella;;;;;;;;;;;;;
b_appella_adj;Appella;;;;;;;;;;;;;
b_appella_desc;Appella;;;;;;;;;;;;;
b_selberg;Selberg;;;;;;;;;;;;;
b_selberg_adj;Selberg;;;;;;;;;;;;;
b_selberg_desc;Selberg;;;;;;;;;;;;;
b_dragen;Dragen;;;;;;;;;;;;;
b_dragen_adj;Dragen;;;;;;;;;;;;;
b_dragen_desc;Dragen;;;;;;;;;;;;;
b_attingen;Attingen;;;;;;;;;;;;;
b_attingen_adj;Attingen;;;;;;;;;;;;;
b_attingen_desc;Attingen;;;;;;;;;;;;;
b_kimmer;Kimmer;;;;;;;;;;;;;
b_kimmer_adj;Kimmer;;;;;;;;;;;;;
b_kimmer_desc;Kimmer;;;;;;;;;;;;;
b_plassen;Plassen;;;;;;;;;;;;;
b_plassen_adj;Plassen;;;;;;;;;;;;;
b_plassen_desc;Plassen;;;;;;;;;;;;;
b_zeismhle;Zeismhle;;;;;;;;;;;;;
b_zeismhle_adj;Zeismhle;;;;;;;;;;;;;
b_zeismhle_desc;Zeismhle;;;;;;;;;;;;;
b_morsheim;Morsheim;;;;;;;;;;;;;
b_morsheim_adj;Morsheim;;;;;;;;;;;;;
b_morsheim_desc;Morsheim;;;;;;;;;;;;;
b_leoning;Leoning;;;;;;;;;;;;;
b_leoning_adj;Leoning;;;;;;;;;;;;;
b_leoning_desc;Leoning;;;;;;;;;;;;;
b_cruceta;Cruceta;;;;;;;;;;;;;
b_cruceta_adj;Cruceta;;;;;;;;;;;;;
b_cruceta_desc;Cruceta;;;;;;;;;;;;;
b_miseti;Miseti;;;;;;;;;;;;;
b_miseti_adj;Miseti;;;;;;;;;;;;;
b_miseti_desc;Miseti;;;;;;;;;;;;;
b_piton;Piton;;;;;;;;;;;;;
b_piton_adj;Piton;;;;;;;;;;;;;
b_piton_desc;Piton;;;;;;;;;;;;;
b_petrini;Petrini;;;;;;;;;;;;;
b_petrini_adj;Petrini;;;;;;;;;;;;;
b_petrini_desc;Petrini;;;;;;;;;;;;;
b_althal;Althal;;;;;;;;;;;;;
b_althal_adj;Althal;;;;;;;;;;;;;
b_althal_desc;Althal;;;;;;;;;;;;;
b_heling;Heling;;;;;;;;;;;;;
b_heling_adj;Heling;;;;;;;;;;;;;
b_heling_desc;Heling;;;;;;;;;;;;;
b_enghof;Enghof;;;;;;;;;;;;;
b_enghof_adj;Enghof;;;;;;;;;;;;;
b_enghof_desc;Enghof;;;;;;;;;;;;;
b_aufsmoor;Aufsmoor;;;;;;;;;;;;;
b_aufsmoor_adj;Aufsmoor;;;;;;;;;;;;;
b_aufsmoor_desc;Aufsmoor;;;;;;;;;;;;;
b_lingsten;Lingsten;;;;;;;;;;;;;
b_lingsten_adj;Lingsten;;;;;;;;;;;;;
b_lingsten_desc;Lingsten;;;;;;;;;;;;;
b_alberg;Alberg;;;;;;;;;;;;;
b_alberg_adj;Alberg;;;;;;;;;;;;;
b_alberg_desc;Alberg;;;;;;;;;;;;;
b_werding;Werding;;;;;;;;;;;;;
b_werding_adj;Werding;;;;;;;;;;;;;
b_werding_desc;Werding;;;;;;;;;;;;;
b_roggen;Roggen;;;;;;;;;;;;;
b_roggen_adj;Roggen;;;;;;;;;;;;;
b_roggen_desc;Roggen;;;;;;;;;;;;;
b_steasca;Steasca;;;;;;;;;;;;;
b_steasca_adj;Steasca;;;;;;;;;;;;;
b_steasca_desc;Steasca;;;;;;;;;;;;;
b_hoane;Hoane;;;;;;;;;;;;;
b_hoane_adj;Hoane;;;;;;;;;;;;;
b_hoane_desc;Hoane;;;;;;;;;;;;;
b_bornia;Bornia;;;;;;;;;;;;;
b_bornia_adj;Bornia;;;;;;;;;;;;;
b_bornia_desc;Bornia;;;;;;;;;;;;;
b_meler;Meler;;;;;;;;;;;;;
b_meler_adj;Meler;;;;;;;;;;;;;
b_meler_desc;Meler;;;;;;;;;;;;;
b_thallen;Thallen;;;;;;;;;;;;;
b_thallen_adj;Thallen;;;;;;;;;;;;;
b_thallen_desc;Thallen;;;;;;;;;;;;;
b_ruthof;Ruthof;;;;;;;;;;;;;
b_ruthof_adj;Ruthof;;;;;;;;;;;;;
b_ruthof_desc;Ruthof;;;;;;;;;;;;;
b_kerwalde;Kerwalde;;;;;;;;;;;;;
b_kerwalde_adj;Kerwalde;;;;;;;;;;;;;
b_kerwalde_desc;Kerwalde;;;;;;;;;;;;;
b_galina;Galina;;;;;;;;;;;;;
b_galina_adj;Galina;;;;;;;;;;;;;
b_galina_desc;Galina;;;;;;;;;;;;;
b_oieni;Oieni;;;;;;;;;;;;;
b_oieni_adj;Oieni;;;;;;;;;;;;;
b_oieni_desc;Oieni;;;;;;;;;;;;;
b_podeana;Podeana;;;;;;;;;;;;;
b_podeana_adj;Podeana;;;;;;;;;;;;;
b_podeana_desc;Podeana;;;;;;;;;;;;;
b_buharele;Buharele;;;;;;;;;;;;;
b_buharele_adj;Buharele;;;;;;;;;;;;;
b_buharele_desc;Buharele;;;;;;;;;;;;;
b_neuren;Neuren;;;;;;;;;;;;;
b_neuren_adj;Neuren;;;;;;;;;;;;;
b_neuren_desc;Neuren;;;;;;;;;;;;;
b_rombach;Rombach;;;;;;;;;;;;;
b_rombach_adj;Rombach;;;;;;;;;;;;;
b_rombach_desc;Rombach;;;;;;;;;;;;;
b_luden;Luden;;;;;;;;;;;;;
b_luden_adj;Luden;;;;;;;;;;;;;
b_luden_desc;Luden;;;;;;;;;;;;;
b_galow;Galow;;;;;;;;;;;;;
b_galow_adj;Galow;;;;;;;;;;;;;
b_galow_desc;Galow;;;;;;;;;;;;;
b_erxheim;Erxheim;;;;;;;;;;;;;
b_erxheim_adj;Erxheim;;;;;;;;;;;;;
b_erxheim_desc;Erxheim;;;;;;;;;;;;;
b_glassen;Glassen;;;;;;;;;;;;;
b_glassen_adj;Glassen;;;;;;;;;;;;;
b_glassen_desc;Glassen;;;;;;;;;;;;;
b_grette;Grette;;;;;;;;;;;;;
b_grette_adj;Grette;;;;;;;;;;;;;
b_grette_desc;Grette;;;;;;;;;;;;;
b_wackau;Wackau;;;;;;;;;;;;;
b_wackau_adj;Wackau;;;;;;;;;;;;;
b_wackau_desc;Wackau;;;;;;;;;;;;;
b_grotten;Grotten;;;;;;;;;;;;;
b_grotten_adj;Grotten;;;;;;;;;;;;;
b_grotten_desc;Grotten;;;;;;;;;;;;;
b_hattmar;Hattmar;;;;;;;;;;;;;
b_hattmar_adj;Hattmar;;;;;;;;;;;;;
b_hattmar_desc;Hattmar;;;;;;;;;;;;;
b_kollen;Kollen;;;;;;;;;;;;;
b_kollen_adj;Kollen;;;;;;;;;;;;;
b_kollen_desc;Kollen;;;;;;;;;;;;;
b_quenloh;Quenloh;;;;;;;;;;;;;
b_quenloh_adj;Quenloh;;;;;;;;;;;;;
b_quenloh_desc;Quenloh;;;;;;;;;;;;;
b_trich;Trich;;;;;;;;;;;;;
b_trich_adj;Trich;;;;;;;;;;;;;
b_trich_desc;Trich;;;;;;;;;;;;;
b_holen;Holen;;;;;;;;;;;;;
b_holen_adj;Holen;;;;;;;;;;;;;
b_holen_desc;Holen;;;;;;;;;;;;;
b_tugau;Tugau;;;;;;;;;;;;;
b_tugau_adj;Tugau;;;;;;;;;;;;;
b_tugau_desc;Tugau;;;;;;;;;;;;;
b_zeiler;Zeiler;;;;;;;;;;;;;
b_zeiler_adj;Zeiler;;;;;;;;;;;;;
b_zeiler_desc;Zeiler;;;;;;;;;;;;;
b_beberg;Beberg;;;;;;;;;;;;;
b_beberg_adj;Beberg;;;;;;;;;;;;;
b_beberg_desc;Beberg;;;;;;;;;;;;;
b_gerdorf;Gerdorf;;;;;;;;;;;;;
b_gerdorf_adj;Gerdorf;;;;;;;;;;;;;
b_gerdorf_desc;Gerdorf;;;;;;;;;;;;;
b_flock;Flock;;;;;;;;;;;;;
b_flock_adj;Flock;;;;;;;;;;;;;
b_flock_desc;Flock;;;;;;;;;;;;;
b_segen;Segen;;;;;;;;;;;;;
b_segen_adj;Segen;;;;;;;;;;;;;
b_segen_desc;Segen;;;;;;;;;;;;;
b_warft;Warft;;;;;;;;;;;;;
b_warft_adj;Warft;;;;;;;;;;;;;
b_warft_desc;Warft;;;;;;;;;;;;;
b_bronen;Bronen;;;;;;;;;;;;;
b_bronen_adj;Bronen;;;;;;;;;;;;;
b_bronen_desc;Bronen;;;;;;;;;;;;;
b_reiter;Reiter;;;;;;;;;;;;;
b_reiter_adj;Reiter;;;;;;;;;;;;;
b_reiter_desc;Reiter;;;;;;;;;;;;;
b_wahnde;Wahnde;;;;;;;;;;;;;
b_wahnde_adj;Wahnde;;;;;;;;;;;;;
b_wahnde_desc;Wahnde;;;;;;;;;;;;;
b_nadingen;Nadingen;;;;;;;;;;;;;
b_nadingen_adj;Nadingen;;;;;;;;;;;;;
b_nadingen_desc;Nadingen;;;;;;;;;;;;;
b_waigheim;Waigheim;;;;;;;;;;;;;
b_waigheim_adj;Waigheim;;;;;;;;;;;;;
b_waigheim_desc;Waigheim;;;;;;;;;;;;;
b_ergen;Ergen;;;;;;;;;;;;;
b_ergen_adj;Ergen;;;;;;;;;;;;;
b_ergen_desc;Ergen;;;;;;;;;;;;;
b_reiler;Reiler;;;;;;;;;;;;;
b_reiler_adj;Reiler;;;;;;;;;;;;;
b_reiler_desc;Reiler;;;;;;;;;;;;;
b_zieglein;Zieglein;;;;;;;;;;;;;
b_zieglein_adj;Zieglein;;;;;;;;;;;;;
b_zieglein_desc;Zieglein;;;;;;;;;;;;;
b_defen;Defen;;;;;;;;;;;;;
b_defen_adj;Defen;;;;;;;;;;;;;
b_defen_desc;Defen;;;;;;;;;;;;;
b_heckheim;Heckheim;;;;;;;;;;;;;
b_heckheim_adj;Heckheim;;;;;;;;;;;;;
b_heckheim_desc;Heckheim;;;;;;;;;;;;;
b_nienfeld;Nienfeld;;;;;;;;;;;;;
b_nienfeld_adj;Nienfeld;;;;;;;;;;;;;
b_nienfeld_desc;Nienfeld;;;;;;;;;;;;;
b_willitz;Willitz;;;;;;;;;;;;;
b_willitz_adj;Willitz;;;;;;;;;;;;;
b_willitz_desc;Willitz;;;;;;;;;;;;;
b_ludwig;Ludwig;;;;;;;;;;;;;
b_ludwig_adj;Ludwig;;;;;;;;;;;;;
b_ludwig_desc;Ludwig;;;;;;;;;;;;;
b_lungen;Lungen;;;;;;;;;;;;;
b_lungen_adj;Lungen;;;;;;;;;;;;;
b_lungen_desc;Lungen;;;;;;;;;;;;;
b_eitenhof;Eitenhof;;;;;;;;;;;;;
b_eitenhof_adj;Eitenhof;;;;;;;;;;;;;
b_eitenhof_desc;Eitenhof;;;;;;;;;;;;;
b_neuth;Neuth;;;;;;;;;;;;;
b_neuth_adj;Neuth;;;;;;;;;;;;;
b_neuth_desc;Neuth;;;;;;;;;;;;;
b_karge;Karge;;;;;;;;;;;;;
b_karge_adj;Karge;;;;;;;;;;;;;
b_karge_desc;Karge;;;;;;;;;;;;;
b_diepkow;Diepkow;;;;;;;;;;;;;
b_diepkow_adj;Diepkow;;;;;;;;;;;;;
b_diepkow_desc;Diepkow;;;;;;;;;;;;;
b_markshof;Markshof;;;;;;;;;;;;;
b_markshof_adj;Markshof;;;;;;;;;;;;;
b_markshof_desc;Markshof;;;;;;;;;;;;;
b_meussen;Meussen;;;;;;;;;;;;;
b_meussen_adj;Meussen;;;;;;;;;;;;;
b_meussen_desc;Meussen;;;;;;;;;;;;;
b_fletheim;Fletheim;;;;;;;;;;;;;
b_fletheim_adj;Fletheim;;;;;;;;;;;;;
b_fletheim_desc;Fletheim;;;;;;;;;;;;;
b_kircham;Kircham;;;;;;;;;;;;;
b_kircham_adj;Kircham;;;;;;;;;;;;;
b_kircham_desc;Kircham;;;;;;;;;;;;;
b_stettel;Stettel;;;;;;;;;;;;;
b_stettel_adj;Stettel;;;;;;;;;;;;;
b_stettel_desc;Stettel;;;;;;;;;;;;;
b_feldorf;Feldorf;;;;;;;;;;;;;
b_feldorf_adj;Feldorf;;;;;;;;;;;;;
b_feldorf_desc;Feldorf;;;;;;;;;;;;;
b_lebenau;Lebenau;;;;;;;;;;;;;
b_lebenau_adj;Lebenau;;;;;;;;;;;;;
b_lebenau_desc;Lebenau;;;;;;;;;;;;;
b_minkow;Minkow;;;;;;;;;;;;;
b_minkow_adj;Minkow;;;;;;;;;;;;;
b_minkow_desc;Minkow;;;;;;;;;;;;;
b_stedt;Stedt;;;;;;;;;;;;;
b_stedt_adj;Stedt;;;;;;;;;;;;;
b_stedt_desc;Stedt;;;;;;;;;;;;;
b_ronnefen;Ronnefen;;;;;;;;;;;;;
b_ronnefen_adj;Ronnefen;;;;;;;;;;;;;
b_ronnefen_desc;Ronnefen;;;;;;;;;;;;;
b_rheide;Rheide;;;;;;;;;;;;;
b_rheide_adj;Rheide;;;;;;;;;;;;;
b_rheide_desc;Rheide;;;;;;;;;;;;;
b_schub;Schub;;;;;;;;;;;;;
b_schub_adj;Schub;;;;;;;;;;;;;
b_schub_desc;Schub;;;;;;;;;;;;;
b_lensen;Lensen;;;;;;;;;;;;;
b_lensen_adj;Lensen;;;;;;;;;;;;;
b_lensen_desc;Lensen;;;;;;;;;;;;;
b_paulau;Paulau;;;;;;;;;;;;;
b_paulau_adj;Paulau;;;;;;;;;;;;;
b_paulau_desc;Paulau;;;;;;;;;;;;;
b_ktheim;Ktheim;;;;;;;;;;;;;
b_ktheim_adj;Ktheim;;;;;;;;;;;;;
b_ktheim_desc;Ktheim;;;;;;;;;;;;;
b_hirsbach;Hirsbach;;;;;;;;;;;;;
b_hirsbach_adj;Hirsbach;;;;;;;;;;;;;
b_hirsbach_desc;Hirsbach;;;;;;;;;;;;;
b_kollnitz;Kollnitz;;;;;;;;;;;;;
b_kollnitz_adj;Kollnitz;;;;;;;;;;;;;
b_kollnitz_desc;Kollnitz;;;;;;;;;;;;;
b_probutsk;Probutsk;;;;;;;;;;;;;
b_probutsk_adj;Probutsk;;;;;;;;;;;;;
b_probutsk_desc;Probutsk;;;;;;;;;;;;;
b_velovka;Velovka;;;;;;;;;;;;;
b_velovka_adj;Velovka;;;;;;;;;;;;;
b_velovka_desc;Velovka;;;;;;;;;;;;;
b_seltsi;Seltsi;;;;;;;;;;;;;
b_seltsi_adj;Seltsi;;;;;;;;;;;;;
b_seltsi_desc;Seltsi;;;;;;;;;;;;;
b_lazova;Lazova;;;;;;;;;;;;;
b_lazova_adj;Lazova;;;;;;;;;;;;;
b_lazova_desc;Lazova;;;;;;;;;;;;;
b_chyky;Chyky;;;;;;;;;;;;;
b_chyky_adj;Chyky;;;;;;;;;;;;;
b_chyky_desc;Chyky;;;;;;;;;;;;;
b_pasnya;Pasnya;;;;;;;;;;;;;
b_pasnya_adj;Pasnya;;;;;;;;;;;;;
b_pasnya_desc;Pasnya;;;;;;;;;;;;;
b_ivanka;Ivanka;;;;;;;;;;;;;
b_ivanka_adj;Ivanka;;;;;;;;;;;;;
b_ivanka_desc;Ivanka;;;;;;;;;;;;;
b_kyriv;Kyriv;;;;;;;;;;;;;
b_kyriv_adj;Kyriv;;;;;;;;;;;;;
b_kyriv_desc;Kyriv;;;;;;;;;;;;;
b_siede;Siede;;;;;;;;;;;;;
b_siede_adj;Siede;;;;;;;;;;;;;
b_siede_desc;Siede;;;;;;;;;;;;;
b_klemsen;Klemsen;;;;;;;;;;;;;
b_klemsen_adj;Klemsen;;;;;;;;;;;;;
b_klemsen_desc;Klemsen;;;;;;;;;;;;;
b_empeln;Empeln;;;;;;;;;;;;;
b_empeln_adj;Empeln;;;;;;;;;;;;;
b_empeln_desc;Empeln;;;;;;;;;;;;;
b_krevel;Krevel;;;;;;;;;;;;;
b_krevel_adj;Krevel;;;;;;;;;;;;;
b_krevel_desc;Krevel;;;;;;;;;;;;;
b_hrsdorf;Hrsdorf;;;;;;;;;;;;;
b_hrsdorf_adj;Hrsdorf;;;;;;;;;;;;;
b_hrsdorf_desc;Hrsdorf;;;;;;;;;;;;;
b_maine;Maine;;;;;;;;;;;;;
b_maine_adj;Maine;;;;;;;;;;;;;
b_maine_desc;Maine;;;;;;;;;;;;;
b_waigen;Waigen;;;;;;;;;;;;;
b_waigen_adj;Waigen;;;;;;;;;;;;;
b_waigen_desc;Waigen;;;;;;;;;;;;;
b_kirchsen;Kirchsen;;;;;;;;;;;;;
b_kirchsen_adj;Kirchsen;;;;;;;;;;;;;
b_kirchsen_desc;Kirchsen;;;;;;;;;;;;;
b_wilken;Wilken;;;;;;;;;;;;;
b_wilken_adj;Wilken;;;;;;;;;;;;;
b_wilken_desc;Wilken;;;;;;;;;;;;;
b_puden;Puden;;;;;;;;;;;;;
b_puden_adj;Puden;;;;;;;;;;;;;
b_puden_desc;Puden;;;;;;;;;;;;;
b_thringen;Thringen;;;;;;;;;;;;;
b_thringen_adj;Thringen;;;;;;;;;;;;;
b_thringen_desc;Thringen;;;;;;;;;;;;;
b_kupfen;Kupfen;;;;;;;;;;;;;
b_kupfen_adj;Kupfen;;;;;;;;;;;;;
b_kupfen_desc;Kupfen;;;;;;;;;;;;;
b_rohen;Rohen;;;;;;;;;;;;;
b_rohen_adj;Rohen;;;;;;;;;;;;;
b_rohen_desc;Rohen;;;;;;;;;;;;;
b_hallen;Hallen;;;;;;;;;;;;;
b_hallen_adj;Hallen;;;;;;;;;;;;;
b_hallen_desc;Hallen;;;;;;;;;;;;;
b_kurzbach;Kurzbach;;;;;;;;;;;;;
b_kurzbach_adj;Kurzbach;;;;;;;;;;;;;
b_kurzbach_desc;Kurzbach;;;;;;;;;;;;;
b_delbach;Delbach;;;;;;;;;;;;;
b_delbach_adj;Delbach;;;;;;;;;;;;;
b_delbach_desc;Delbach;;;;;;;;;;;;;
b_dottum;Dottum;;;;;;;;;;;;;
b_dottum_adj;Dottum;;;;;;;;;;;;;
b_dottum_desc;Dottum;;;;;;;;;;;;;
b_enstedt;Enstedt;;;;;;;;;;;;;
b_enstedt_adj;Enstedt;;;;;;;;;;;;;
b_enstedt_desc;Enstedt;;;;;;;;;;;;;
b_hirnhof;Hirnhof;;;;;;;;;;;;;
b_hirnhof_adj;Hirnhof;;;;;;;;;;;;;
b_hirnhof_desc;Hirnhof;;;;;;;;;;;;;
b_oberauer;Oberauer;;;;;;;;;;;;;
b_oberauer_adj;Oberauer;;;;;;;;;;;;;
b_oberauer_desc;Oberauer;;;;;;;;;;;;;
b_wacker;Wacker;;;;;;;;;;;;;
b_wacker_adj;Wacker;;;;;;;;;;;;;
b_wacker_desc;Wacker;;;;;;;;;;;;;
b_thnitz;Thnitz;;;;;;;;;;;;;
b_thnitz_adj;Thnitz;;;;;;;;;;;;;
b_thnitz_desc;Thnitz;;;;;;;;;;;;;
b_penburg;Penburg;;;;;;;;;;;;;
b_penburg_adj;Penburg;;;;;;;;;;;;;
b_penburg_desc;Penburg;;;;;;;;;;;;;
b_mahle;Mahle;;;;;;;;;;;;;
b_mahle_adj;Mahle;;;;;;;;;;;;;
b_mahle_desc;Mahle;;;;;;;;;;;;;
b_ritzel;Ritzel;;;;;;;;;;;;;
b_ritzel_adj;Ritzel;;;;;;;;;;;;;
b_ritzel_desc;Ritzel;;;;;;;;;;;;;
b_niessel;Niessel;;;;;;;;;;;;;
b_niessel_adj;Niessel;;;;;;;;;;;;;
b_niessel_desc;Niessel;;;;;;;;;;;;;
b_antzen;Antzen;;;;;;;;;;;;;
b_antzen_adj;Antzen;;;;;;;;;;;;;
b_antzen_desc;Antzen;;;;;;;;;;;;;
b_teuth;Teuth;;;;;;;;;;;;;
b_teuth_adj;Teuth;;;;;;;;;;;;;
b_teuth_desc;Teuth;;;;;;;;;;;;;
b_weden;Weden;;;;;;;;;;;;;
b_weden_adj;Weden;;;;;;;;;;;;;
b_weden_desc;Weden;;;;;;;;;;;;;
b_hulbach;Hulbach;;;;;;;;;;;;;
b_hulbach_adj;Hulbach;;;;;;;;;;;;;
b_hulbach_desc;Hulbach;;;;;;;;;;;;;
b_fraun;Fraun;;;;;;;;;;;;;
b_fraun_adj;Fraun;;;;;;;;;;;;;
b_fraun_desc;Fraun;;;;;;;;;;;;;
b_stockel;Stockel;;;;;;;;;;;;;
b_stockel_adj;Stockel;;;;;;;;;;;;;
b_stockel_desc;Stockel;;;;;;;;;;;;;
b_unten;Unten;;;;;;;;;;;;;
b_unten_adj;Unten;;;;;;;;;;;;;
b_unten_desc;Unten;;;;;;;;;;;;;
b_fraubach;Fraubach;;;;;;;;;;;;;
b_fraubach_adj;Fraubach;;;;;;;;;;;;;
b_fraubach_desc;Fraubach;;;;;;;;;;;;;
b_sontrup;Sontrup;;;;;;;;;;;;;
b_sontrup_adj;Sontrup;;;;;;;;;;;;;
b_sontrup_desc;Sontrup;;;;;;;;;;;;;
b_grodnik;Grodnik;;;;;;;;;;;;;
b_grodnik_adj;Grodnik;;;;;;;;;;;;;
b_grodnik_desc;Grodnik;;;;;;;;;;;;;
b_mirogrod;Mirogrod;;;;;;;;;;;;;
b_mirogrod_adj;Mirogrod;;;;;;;;;;;;;
b_mirogrod_desc;Mirogrod;;;;;;;;;;;;;
b_ziemowit;Ziemowit;;;;;;;;;;;;;
b_ziemowit_adj;Ziemowit;;;;;;;;;;;;;
b_ziemowit_desc;Ziemowit;;;;;;;;;;;;;
b_miłogost;Miłogost;;;;;;;;;;;;;
b_miłogost_adj;Miłogost;;;;;;;;;;;;;
b_miłogost_desc;Miłogost;;;;;;;;;;;;;
b_schell;Schell;;;;;;;;;;;;;
b_schell_adj;Schell;;;;;;;;;;;;;
b_schell_desc;Schell;;;;;;;;;;;;;
b_neude;Neude;;;;;;;;;;;;;
b_neude_adj;Neude;;;;;;;;;;;;;
b_neude_desc;Neude;;;;;;;;;;;;;
b_merze;Merze;;;;;;;;;;;;;
b_merze_adj;Merze;;;;;;;;;;;;;
b_merze_desc;Merze;;;;;;;;;;;;;
b_vollbach;Vollbach;;;;;;;;;;;;;
b_vollbach_adj;Vollbach;;;;;;;;;;;;;
b_vollbach_desc;Vollbach;;;;;;;;;;;;;
b_grubkow;Grubkow;;;;;;;;;;;;;
b_grubkow_adj;Grubkow;;;;;;;;;;;;;
b_grubkow_desc;Grubkow;;;;;;;;;;;;;
b_merausen;Merausen;;;;;;;;;;;;;
b_merausen_adj;Merausen;;;;;;;;;;;;;
b_merausen_desc;Merausen;;;;;;;;;;;;;
b_prede;Prede;;;;;;;;;;;;;
b_prede_adj;Prede;;;;;;;;;;;;;
b_prede_desc;Prede;;;;;;;;;;;;;
b_damberg;Damberg;;;;;;;;;;;;;
b_damberg_adj;Damberg;;;;;;;;;;;;;
b_damberg_desc;Damberg;;;;;;;;;;;;;
b_llenberg;Llenberg;;;;;;;;;;;;;
b_llenberg_adj;Llenberg;;;;;;;;;;;;;
b_llenberg_desc;Llenberg;;;;;;;;;;;;;
b_lenbach;Lenbach;;;;;;;;;;;;;
b_lenbach_adj;Lenbach;;;;;;;;;;;;;
b_lenbach_desc;Lenbach;;;;;;;;;;;;;
b_fremberg;Fremberg;;;;;;;;;;;;;
b_fremberg_adj;Fremberg;;;;;;;;;;;;;
b_fremberg_desc;Fremberg;;;;;;;;;;;;;
b_deben;Deben;;;;;;;;;;;;;
b_deben_adj;Deben;;;;;;;;;;;;;
b_deben_desc;Deben;;;;;;;;;;;;;
b_ferbach;Ferbach;;;;;;;;;;;;;
b_ferbach_adj;Ferbach;;;;;;;;;;;;;
b_ferbach_desc;Ferbach;;;;;;;;;;;;;
b_krelo;Krelo;;;;;;;;;;;;;
b_krelo_adj;Krelo;;;;;;;;;;;;;
b_krelo_desc;Krelo;;;;;;;;;;;;;
b_louisen;Louisen;;;;;;;;;;;;;
b_louisen_adj;Louisen;;;;;;;;;;;;;
b_louisen_desc;Louisen;;;;;;;;;;;;;
b_henholz;Henholz;;;;;;;;;;;;;
b_henholz_adj;Henholz;;;;;;;;;;;;;
b_henholz_desc;Henholz;;;;;;;;;;;;;
b_katerne;Katerne;;;;;;;;;;;;;
b_katerne_adj;Katerne;;;;;;;;;;;;;
b_katerne_desc;Katerne;;;;;;;;;;;;;
b_krenkamp;Krenkamp;;;;;;;;;;;;;
b_krenkamp_adj;Krenkamp;;;;;;;;;;;;;
b_krenkamp_desc;Krenkamp;;;;;;;;;;;;;
b_volken;Volken;;;;;;;;;;;;;
b_volken_adj;Volken;;;;;;;;;;;;;
b_volken_desc;Volken;;;;;;;;;;;;;
b_feuch;Feuch;;;;;;;;;;;;;
b_feuch_adj;Feuch;;;;;;;;;;;;;
b_feuch_desc;Feuch;;;;;;;;;;;;;
b_emmeroda;Emmeroda;;;;;;;;;;;;;
b_emmeroda_adj;Emmeroda;;;;;;;;;;;;;
b_emmeroda_desc;Emmeroda;;;;;;;;;;;;;
b_vienhaus;Vienhaus;;;;;;;;;;;;;
b_vienhaus_adj;Vienhaus;;;;;;;;;;;;;
b_vienhaus_desc;Vienhaus;;;;;;;;;;;;;
b_muckau;Muckau;;;;;;;;;;;;;
b_muckau_adj;Muckau;;;;;;;;;;;;;
b_muckau_desc;Muckau;;;;;;;;;;;;;
b_vilsbach;Vilsbach;;;;;;;;;;;;;
b_vilsbach_adj;Vilsbach;;;;;;;;;;;;;
b_vilsbach_desc;Vilsbach;;;;;;;;;;;;;
b_hocke;Hocke;;;;;;;;;;;;;
b_hocke_adj;Hocke;;;;;;;;;;;;;
b_hocke_desc;Hocke;;;;;;;;;;;;;
b_biersen;Biersen;;;;;;;;;;;;;
b_biersen_adj;Biersen;;;;;;;;;;;;;
b_biersen_desc;Biersen;;;;;;;;;;;;;
b_twitz;Twitz;;;;;;;;;;;;;
b_twitz_adj;Twitz;;;;;;;;;;;;;
b_twitz_desc;Twitz;;;;;;;;;;;;;
b_especk;Especk;;;;;;;;;;;;;
b_especk_adj;Especk;;;;;;;;;;;;;
b_especk_desc;Especk;;;;;;;;;;;;;
b_buhle;Buhle;;;;;;;;;;;;;
b_buhle_adj;Buhle;;;;;;;;;;;;;
b_buhle_desc;Buhle;;;;;;;;;;;;;
b_alting;Alting;;;;;;;;;;;;;
b_alting_adj;Alting;;;;;;;;;;;;;
b_alting_desc;Alting;;;;;;;;;;;;;
b_schausen;Schausen;;;;;;;;;;;;;
b_schausen_adj;Schausen;;;;;;;;;;;;;
b_schausen_desc;Schausen;;;;;;;;;;;;;
b_grossau;Grossau;;;;;;;;;;;;;
b_grossau_adj;Grossau;;;;;;;;;;;;;
b_grossau_desc;Grossau;;;;;;;;;;;;;
b_flinke;Flinke;;;;;;;;;;;;;
b_flinke_adj;Flinke;;;;;;;;;;;;;
b_flinke_desc;Flinke;;;;;;;;;;;;;
b_gesdorf;Gesdorf;;;;;;;;;;;;;
b_gesdorf_adj;Gesdorf;;;;;;;;;;;;;
b_gesdorf_desc;Gesdorf;;;;;;;;;;;;;
b_heinen;Heinen;;;;;;;;;;;;;
b_heinen_adj;Heinen;;;;;;;;;;;;;
b_heinen_desc;Heinen;;;;;;;;;;;;;
b_gauce;Gauce;;;;;;;;;;;;;
b_gauce_adj;Gauce;;;;;;;;;;;;;
b_gauce_desc;Gauce;;;;;;;;;;;;;
b_chade;Chade;;;;;;;;;;;;;
b_chade_adj;Chade;;;;;;;;;;;;;
b_chade_desc;Chade;;;;;;;;;;;;;
b_argues;Argues;;;;;;;;;;;;;
b_argues_adj;Argues;;;;;;;;;;;;;
b_argues_desc;Argues;;;;;;;;;;;;;
b_foncourt;Foncourt;;;;;;;;;;;;;
b_foncourt_adj;Foncourt;;;;;;;;;;;;;
b_foncourt_desc;Foncourt;;;;;;;;;;;;;
b_domval;Domval;;;;;;;;;;;;;
b_domval_adj;Domval;;;;;;;;;;;;;
b_domval_desc;Domval;;;;;;;;;;;;;
b_cragne;Cragne;;;;;;;;;;;;;
b_cragne_adj;Cragne;;;;;;;;;;;;;
b_cragne_desc;Cragne;;;;;;;;;;;;;
b_olmiers;Olmiers;;;;;;;;;;;;;
b_olmiers_adj;Olmiers;;;;;;;;;;;;;
b_olmiers_desc;Olmiers;;;;;;;;;;;;;
b_ploerey;Ploerey;;;;;;;;;;;;;
b_ploerey_adj;Ploerey;;;;;;;;;;;;;
b_ploerey_desc;Ploerey;;;;;;;;;;;;;
b_vitte;Vitte;;;;;;;;;;;;;
b_vitte_adj;Vitte;;;;;;;;;;;;;
b_vitte_desc;Vitte;;;;;;;;;;;;;
b_passia;Passia;;;;;;;;;;;;;
b_passia_adj;Passia;;;;;;;;;;;;;
b_passia_desc;Passia;;;;;;;;;;;;;
b_espinais;Espinais;;;;;;;;;;;;;
b_espinais_adj;Espinais;;;;;;;;;;;;;
b_espinais_desc;Espinais;;;;;;;;;;;;;
b_toucel;Toucel;;;;;;;;;;;;;
b_toucel_adj;Toucel;;;;;;;;;;;;;
b_toucel_desc;Toucel;;;;;;;;;;;;;
b_chaulne;Chaulne;;;;;;;;;;;;;
b_chaulne_adj;Chaulne;;;;;;;;;;;;;
b_chaulne_desc;Chaulne;;;;;;;;;;;;;
b_bussace;Bussace;;;;;;;;;;;;;
b_bussace_adj;Bussace;;;;;;;;;;;;;
b_bussace_desc;Bussace;;;;;;;;;;;;;
b_trenon;Trenon;;;;;;;;;;;;;
b_trenon_adj;Trenon;;;;;;;;;;;;;
b_trenon_desc;Trenon;;;;;;;;;;;;;
b_jurvey;Jurvey;;;;;;;;;;;;;
b_jurvey_adj;Jurvey;;;;;;;;;;;;;
b_jurvey_desc;Jurvey;;;;;;;;;;;;;
b_cartille;Cartille;;;;;;;;;;;;;
b_cartille_adj;Cartille;;;;;;;;;;;;;
b_cartille_desc;Cartille;;;;;;;;;;;;;
b_chand;Chand;;;;;;;;;;;;;
b_chand_adj;Chand;;;;;;;;;;;;;
b_chand_desc;Chand;;;;;;;;;;;;;
b_avouges;Avouges;;;;;;;;;;;;;
b_avouges_adj;Avouges;;;;;;;;;;;;;
b_avouges_desc;Avouges;;;;;;;;;;;;;
b_doiseau;Doiseau;;;;;;;;;;;;;
b_doiseau_adj;Doiseau;;;;;;;;;;;;;
b_doiseau_desc;Doiseau;;;;;;;;;;;;;
b_azaux;Azaux;;;;;;;;;;;;;
b_azaux_adj;Azaux;;;;;;;;;;;;;
b_azaux_desc;Azaux;;;;;;;;;;;;;
b_campein;Campein;;;;;;;;;;;;;
b_campein_adj;Campein;;;;;;;;;;;;;
b_campein_desc;Campein;;;;;;;;;;;;;
b_riverne;Riverne;;;;;;;;;;;;;
b_riverne_adj;Riverne;;;;;;;;;;;;;
b_riverne_desc;Riverne;;;;;;;;;;;;;
b_leyrac;Leyrac;;;;;;;;;;;;;
b_leyrac_adj;Leyrac;;;;;;;;;;;;;
b_leyrac_desc;Leyrac;;;;;;;;;;;;;
b_magray;Magray;;;;;;;;;;;;;
b_magray_adj;Magray;;;;;;;;;;;;;
b_magray_desc;Magray;;;;;;;;;;;;;
b_magneau;Magneau;;;;;;;;;;;;;
b_magneau_adj;Magneau;;;;;;;;;;;;;
b_magneau_desc;Magneau;;;;;;;;;;;;;
b_nancres;Nancres;;;;;;;;;;;;;
b_nancres_adj;Nancres;;;;;;;;;;;;;
b_nancres_desc;Nancres;;;;;;;;;;;;;
b_rupeyre;Rupeyre;;;;;;;;;;;;;
b_rupeyre_adj;Rupeyre;;;;;;;;;;;;;
b_rupeyre_desc;Rupeyre;;;;;;;;;;;;;
b_bricourt;Bricourt;;;;;;;;;;;;;
b_bricourt_adj;Bricourt;;;;;;;;;;;;;
b_bricourt_desc;Bricourt;;;;;;;;;;;;;
b_pinhac;Pinhac;;;;;;;;;;;;;
b_pinhac_adj;Pinhac;;;;;;;;;;;;;
b_pinhac_desc;Pinhac;;;;;;;;;;;;;
b_mallac;Mallac;;;;;;;;;;;;;
b_mallac_adj;Mallac;;;;;;;;;;;;;
b_mallac_desc;Mallac;;;;;;;;;;;;;
b_bauze;Bauze;;;;;;;;;;;;;
b_bauze_adj;Bauze;;;;;;;;;;;;;
b_bauze_desc;Bauze;;;;;;;;;;;;;
b_sarly;Sarly;;;;;;;;;;;;;
b_sarly_adj;Sarly;;;;;;;;;;;;;
b_sarly_desc;Sarly;;;;;;;;;;;;;
b_cavret;Cavret;;;;;;;;;;;;;
b_cavret_adj;Cavret;;;;;;;;;;;;;
b_cavret_desc;Cavret;;;;;;;;;;;;;
b_auzeller;Auzeller;;;;;;;;;;;;;
b_auzeller_adj;Auzeller;;;;;;;;;;;;;
b_auzeller_desc;Auzeller;;;;;;;;;;;;;
b_aucours;Aucours;;;;;;;;;;;;;
b_aucours_adj;Aucours;;;;;;;;;;;;;
b_aucours_desc;Aucours;;;;;;;;;;;;;
b_loreto;Loreto;;;;;;;;;;;;;
b_loreto_adj;Loreto;;;;;;;;;;;;;
b_loreto_desc;Loreto;;;;;;;;;;;;;
b_porcy;Porcy;;;;;;;;;;;;;
b_porcy_adj;Porcy;;;;;;;;;;;;;
b_porcy_desc;Porcy;;;;;;;;;;;;;
b_elvilly;Elvilly;;;;;;;;;;;;;
b_elvilly_adj;Elvilly;;;;;;;;;;;;;
b_elvilly_desc;Elvilly;;;;;;;;;;;;;
b_juillers;Juillers;;;;;;;;;;;;;
b_juillers_adj;Juillers;;;;;;;;;;;;;
b_juillers_desc;Juillers;;;;;;;;;;;;;
b_chavaud;Chavaud;;;;;;;;;;;;;
b_chavaud_adj;Chavaud;;;;;;;;;;;;;
b_chavaud_desc;Chavaud;;;;;;;;;;;;;
b_blard;Blard;;;;;;;;;;;;;
b_blard_adj;Blard;;;;;;;;;;;;;
b_blard_desc;Blard;;;;;;;;;;;;;
b_larce;Larce;;;;;;;;;;;;;
b_larce_adj;Larce;;;;;;;;;;;;;
b_larce_desc;Larce;;;;;;;;;;;;;
b_feytey;Feytey;;;;;;;;;;;;;
b_feytey_adj;Feytey;;;;;;;;;;;;;
b_feytey_desc;Feytey;;;;;;;;;;;;;
b_plieu;Plieu;;;;;;;;;;;;;
b_plieu_adj;Plieu;;;;;;;;;;;;;
b_plieu_desc;Plieu;;;;;;;;;;;;;
b_balbinay;Balbinay;;;;;;;;;;;;;
b_balbinay_adj;Balbinay;;;;;;;;;;;;;
b_balbinay_desc;Balbinay;;;;;;;;;;;;;
b_boise;Boise;;;;;;;;;;;;;
b_boise_adj;Boise;;;;;;;;;;;;;
b_boise_desc;Boise;;;;;;;;;;;;;
b_relats;Relats;;;;;;;;;;;;;
b_relats_adj;Relats;;;;;;;;;;;;;
b_relats_desc;Relats;;;;;;;;;;;;;
b_blussac;Blussac;;;;;;;;;;;;;
b_blussac_adj;Blussac;;;;;;;;;;;;;
b_blussac_desc;Blussac;;;;;;;;;;;;;
b_avergoil;Avergoil;;;;;;;;;;;;;
b_avergoil_adj;Avergoil;;;;;;;;;;;;;
b_avergoil_desc;Avergoil;;;;;;;;;;;;;
b_meunieu;Meunieu;;;;;;;;;;;;;
b_meunieu_adj;Meunieu;;;;;;;;;;;;;
b_meunieu_desc;Meunieu;;;;;;;;;;;;;
b_barende;Barende;;;;;;;;;;;;;
b_barende_adj;Barende;;;;;;;;;;;;;
b_barende_desc;Barende;;;;;;;;;;;;;
b_laballe;Laballe;;;;;;;;;;;;;
b_laballe_adj;Laballe;;;;;;;;;;;;;
b_laballe_desc;Laballe;;;;;;;;;;;;;
b_rupont;Rupont;;;;;;;;;;;;;
b_rupont_adj;Rupont;;;;;;;;;;;;;
b_rupont_desc;Rupont;;;;;;;;;;;;;
b_sournes;Sournes;;;;;;;;;;;;;
b_sournes_adj;Sournes;;;;;;;;;;;;;
b_sournes_desc;Sournes;;;;;;;;;;;;;
b_simieu;Simieu;;;;;;;;;;;;;
b_simieu_adj;Simieu;;;;;;;;;;;;;
b_simieu_desc;Simieu;;;;;;;;;;;;;
b_exonce;Exonce;;;;;;;;;;;;;
b_exonce_adj;Exonce;;;;;;;;;;;;;
b_exonce_desc;Exonce;;;;;;;;;;;;;
b_chassay;Chassay;;;;;;;;;;;;;
b_chassay_adj;Chassay;;;;;;;;;;;;;
b_chassay_desc;Chassay;;;;;;;;;;;;;
b_damilly;Damilly;;;;;;;;;;;;;
b_damilly_adj;Damilly;;;;;;;;;;;;;
b_damilly_desc;Damilly;;;;;;;;;;;;;
b_puycourt;Puycourt;;;;;;;;;;;;;
b_puycourt_adj;Puycourt;;;;;;;;;;;;;
b_puycourt_desc;Puycourt;;;;;;;;;;;;;
b_cizan;Cizan;;;;;;;;;;;;;
b_cizan_adj;Cizan;;;;;;;;;;;;;
b_cizan_desc;Cizan;;;;;;;;;;;;;
b_seignon;Seignon;;;;;;;;;;;;;
b_seignon_adj;Seignon;;;;;;;;;;;;;
b_seignon_desc;Seignon;;;;;;;;;;;;;
b_souze;Souze;;;;;;;;;;;;;
b_souze_adj;Souze;;;;;;;;;;;;;
b_souze_desc;Souze;;;;;;;;;;;;;
b_isourt;Isourt;;;;;;;;;;;;;
b_isourt_adj;Isourt;;;;;;;;;;;;;
b_isourt_desc;Isourt;;;;;;;;;;;;;
b_cancy;Cancy;;;;;;;;;;;;;
b_cancy_adj;Cancy;;;;;;;;;;;;;
b_cancy_desc;Cancy;;;;;;;;;;;;;
b_pignelle;Pignelle;;;;;;;;;;;;;
b_pignelle_adj;Pignelle;;;;;;;;;;;;;
b_pignelle_desc;Pignelle;;;;;;;;;;;;;
b_govize;Govize;;;;;;;;;;;;;
b_govize_adj;Govize;;;;;;;;;;;;;
b_govize_desc;Govize;;;;;;;;;;;;;
b_guens;Guens;;;;;;;;;;;;;
b_guens_adj;Guens;;;;;;;;;;;;;
b_guens_desc;Guens;;;;;;;;;;;;;
b_chavary;Chavary;;;;;;;;;;;;;
b_chavary_adj;Chavary;;;;;;;;;;;;;
b_chavary_desc;Chavary;;;;;;;;;;;;;
b_loire;Loire;;;;;;;;;;;;;
b_loire_adj;Loire;;;;;;;;;;;;;
b_loire_desc;Loire;;;;;;;;;;;;;
b_vassec;Vassec;;;;;;;;;;;;;
b_vassec_adj;Vassec;;;;;;;;;;;;;
b_vassec_desc;Vassec;;;;;;;;;;;;;
b_pompeaux;Pompeaux;;;;;;;;;;;;;
b_pompeaux_adj;Pompeaux;;;;;;;;;;;;;
b_pompeaux_desc;Pompeaux;;;;;;;;;;;;;
b_barijon;Barijon;;;;;;;;;;;;;
b_barijon_adj;Barijon;;;;;;;;;;;;;
b_barijon_desc;Barijon;;;;;;;;;;;;;
b_auzieux;Auzieux;;;;;;;;;;;;;
b_auzieux_adj;Auzieux;;;;;;;;;;;;;
b_auzieux_desc;Auzieux;;;;;;;;;;;;;
b_louas;Louas;;;;;;;;;;;;;
b_louas_adj;Louas;;;;;;;;;;;;;
b_louas_desc;Louas;;;;;;;;;;;;;
b_autreux;Autreux;;;;;;;;;;;;;
b_autreux_adj;Autreux;;;;;;;;;;;;;
b_autreux_desc;Autreux;;;;;;;;;;;;;
b_herblant;Herblant;;;;;;;;;;;;;
b_herblant_adj;Herblant;;;;;;;;;;;;;
b_herblant_desc;Herblant;;;;;;;;;;;;;
b_simours;Simours;;;;;;;;;;;;;
b_simours_adj;Simours;;;;;;;;;;;;;
b_simours_desc;Simours;;;;;;;;;;;;;
b_utres;Utres;;;;;;;;;;;;;
b_utres_adj;Utres;;;;;;;;;;;;;
b_utres_desc;Utres;;;;;;;;;;;;;
b_sauvet;Sauvet;;;;;;;;;;;;;
b_sauvet_adj;Sauvet;;;;;;;;;;;;;
b_sauvet_desc;Sauvet;;;;;;;;;;;;;
b_luresson;Luresson;;;;;;;;;;;;;
b_luresson_adj;Luresson;;;;;;;;;;;;;
b_luresson_desc;Luresson;;;;;;;;;;;;;
b_bergaud;Bergaud;;;;;;;;;;;;;
b_bergaud_adj;Bergaud;;;;;;;;;;;;;
b_bergaud_desc;Bergaud;;;;;;;;;;;;;
b_julvy;Julvy;;;;;;;;;;;;;
b_julvy_adj;Julvy;;;;;;;;;;;;;
b_julvy_desc;Julvy;;;;;;;;;;;;;
b_court;Court;;;;;;;;;;;;;
b_court_adj;Court;;;;;;;;;;;;;
b_court_desc;Court;;;;;;;;;;;;;
b_conflay;Conflay;;;;;;;;;;;;;
b_conflay_adj;Conflay;;;;;;;;;;;;;
b_conflay_desc;Conflay;;;;;;;;;;;;;
b_chardy;Chardy;;;;;;;;;;;;;
b_chardy_adj;Chardy;;;;;;;;;;;;;
b_chardy_desc;Chardy;;;;;;;;;;;;;
b_flein;Flein;;;;;;;;;;;;;
b_flein_adj;Flein;;;;;;;;;;;;;
b_flein_desc;Flein;;;;;;;;;;;;;
b_rocats;Rocats;;;;;;;;;;;;;
b_rocats_adj;Rocats;;;;;;;;;;;;;
b_rocats_desc;Rocats;;;;;;;;;;;;;
b_proux;Proux;;;;;;;;;;;;;
b_proux_adj;Proux;;;;;;;;;;;;;
b_proux_desc;Proux;;;;;;;;;;;;;
b_faural;Faural;;;;;;;;;;;;;
b_faural_adj;Faural;;;;;;;;;;;;;
b_faural_desc;Faural;;;;;;;;;;;;;
b_lutier;Lutier;;;;;;;;;;;;;
b_lutier_adj;Lutier;;;;;;;;;;;;;
b_lutier_desc;Lutier;;;;;;;;;;;;;
b_vermars;Vermars;;;;;;;;;;;;;
b_vermars_adj;Vermars;;;;;;;;;;;;;
b_vermars_desc;Vermars;;;;;;;;;;;;;
b_ouven;Ouven;;;;;;;;;;;;;
b_ouven_adj;Ouven;;;;;;;;;;;;;
b_ouven_desc;Ouven;;;;;;;;;;;;;
b_villeroc;Villeroc;;;;;;;;;;;;;
b_villeroc_adj;Villeroc;;;;;;;;;;;;;
b_villeroc_desc;Villeroc;;;;;;;;;;;;;
b_reiller;Reiller;;;;;;;;;;;;;
b_reiller_adj;Reiller;;;;;;;;;;;;;
b_reiller_desc;Reiller;;;;;;;;;;;;;
b_narich;Narich;;;;;;;;;;;;;
b_narich_adj;Narich;;;;;;;;;;;;;
b_narich_desc;Narich;;;;;;;;;;;;;
b_maudun;Maudun;;;;;;;;;;;;;
b_maudun_adj;Maudun;;;;;;;;;;;;;
b_maudun_desc;Maudun;;;;;;;;;;;;;
b_lavan;Lavan;;;;;;;;;;;;;
b_lavan_adj;Lavan;;;;;;;;;;;;;
b_lavan_desc;Lavan;;;;;;;;;;;;;
b_ceigny;Ceigny;;;;;;;;;;;;;
b_ceigny_adj;Ceigny;;;;;;;;;;;;;
b_ceigny_desc;Ceigny;;;;;;;;;;;;;
b_clargue;Clargue;;;;;;;;;;;;;
b_clargue_adj;Clargue;;;;;;;;;;;;;
b_clargue_desc;Clargue;;;;;;;;;;;;;
b_saule;Saule;;;;;;;;;;;;;
b_saule_adj;Saule;;;;;;;;;;;;;
b_saule_desc;Saule;;;;;;;;;;;;;
b_anguil;Anguil;;;;;;;;;;;;;
b_anguil_adj;Anguil;;;;;;;;;;;;;
b_anguil_desc;Anguil;;;;;;;;;;;;;
b_meuveau;Meuveau;;;;;;;;;;;;;
b_meuveau_adj;Meuveau;;;;;;;;;;;;;
b_meuveau_desc;Meuveau;;;;;;;;;;;;;
b_charra;Charra;;;;;;;;;;;;;
b_charra_adj;Charra;;;;;;;;;;;;;
b_charra_desc;Charra;;;;;;;;;;;;;
b_mault;Mault;;;;;;;;;;;;;
b_mault_adj;Mault;;;;;;;;;;;;;
b_mault_desc;Mault;;;;;;;;;;;;;
b_bazou;Bazou;;;;;;;;;;;;;
b_bazou_adj;Bazou;;;;;;;;;;;;;
b_bazou_desc;Bazou;;;;;;;;;;;;;
b_lancheux;Lancheux;;;;;;;;;;;;;
b_lancheux_adj;Lancheux;;;;;;;;;;;;;
b_lancheux_desc;Lancheux;;;;;;;;;;;;;
b_aguis;Aguis;;;;;;;;;;;;;
b_aguis_adj;Aguis;;;;;;;;;;;;;
b_aguis_desc;Aguis;;;;;;;;;;;;;
b_teillon;Teillon;;;;;;;;;;;;;
b_teillon_adj;Teillon;;;;;;;;;;;;;
b_teillon_desc;Teillon;;;;;;;;;;;;;
b_corbois;Corbois;;;;;;;;;;;;;
b_corbois_adj;Corbois;;;;;;;;;;;;;
b_corbois_desc;Corbois;;;;;;;;;;;;;
b_lausoles;Lausoles;;;;;;;;;;;;;
b_lausoles_adj;Lausoles;;;;;;;;;;;;;
b_lausoles_desc;Lausoles;;;;;;;;;;;;;
b_vernio;Vernio;;;;;;;;;;;;;
b_vernio_adj;Vernio;;;;;;;;;;;;;
b_vernio_desc;Vernio;;;;;;;;;;;;;
b_pineaux;Pineaux;;;;;;;;;;;;;
b_pineaux_adj;Pineaux;;;;;;;;;;;;;
b_pineaux_desc;Pineaux;;;;;;;;;;;;;
b_poulette;Poulette;;;;;;;;;;;;;
b_poulette_adj;Poulette;;;;;;;;;;;;;
b_poulette_desc;Poulette;;;;;;;;;;;;;
b_encourt;Encourt;;;;;;;;;;;;;
b_encourt_adj;Encourt;;;;;;;;;;;;;
b_encourt_desc;Encourt;;;;;;;;;;;;;
b_alliozan;Alliozan;;;;;;;;;;;;;
b_alliozan_adj;Alliozan;;;;;;;;;;;;;
b_alliozan_desc;Alliozan;;;;;;;;;;;;;
b_froyeux;Froyeux;;;;;;;;;;;;;
b_froyeux_adj;Froyeux;;;;;;;;;;;;;
b_froyeux_desc;Froyeux;;;;;;;;;;;;;
b_fontourt;Fontourt;;;;;;;;;;;;;
b_fontourt_adj;Fontourt;;;;;;;;;;;;;
b_fontourt_desc;Fontourt;;;;;;;;;;;;;
b_meres;Meres;;;;;;;;;;;;;
b_meres_adj;Meres;;;;;;;;;;;;;
b_meres_desc;Meres;;;;;;;;;;;;;
b_taugues;Taugues;;;;;;;;;;;;;
b_taugues_adj;Taugues;;;;;;;;;;;;;
b_taugues_desc;Taugues;;;;;;;;;;;;;
b_comme;Comme;;;;;;;;;;;;;
b_comme_adj;Comme;;;;;;;;;;;;;
b_comme_desc;Comme;;;;;;;;;;;;;
b_pianac;Pianac;;;;;;;;;;;;;
b_pianac_adj;Pianac;;;;;;;;;;;;;
b_pianac_desc;Pianac;;;;;;;;;;;;;
b_montberl;Montberl;;;;;;;;;;;;;
b_montberl_adj;Montberl;;;;;;;;;;;;;
b_montberl_desc;Montberl;;;;;;;;;;;;;
b_beille;Beille;;;;;;;;;;;;;
b_beille_adj;Beille;;;;;;;;;;;;;
b_beille_desc;Beille;;;;;;;;;;;;;
b_lavigne;Lavigne;;;;;;;;;;;;;
b_lavigne_adj;Lavigne;;;;;;;;;;;;;
b_lavigne_desc;Lavigne;;;;;;;;;;;;;
b_barburey;Barburey;;;;;;;;;;;;;
b_barburey_adj;Barburey;;;;;;;;;;;;;
b_barburey_desc;Barburey;;;;;;;;;;;;;
b_brugne;Brugne;;;;;;;;;;;;;
b_brugne_adj;Brugne;;;;;;;;;;;;;
b_brugne_desc;Brugne;;;;;;;;;;;;;
b_couze;Couze;;;;;;;;;;;;;
b_couze_adj;Couze;;;;;;;;;;;;;
b_couze_desc;Couze;;;;;;;;;;;;;
b_menthous;Menthous;;;;;;;;;;;;;
b_menthous_adj;Menthous;;;;;;;;;;;;;
b_menthous_desc;Menthous;;;;;;;;;;;;;
b_lalon;Lalon;;;;;;;;;;;;;
b_lalon_adj;Lalon;;;;;;;;;;;;;
b_lalon_desc;Lalon;;;;;;;;;;;;;
b_fontois;Fontois;;;;;;;;;;;;;
b_fontois_adj;Fontois;;;;;;;;;;;;;
b_fontois_desc;Fontois;;;;;;;;;;;;;
b_puyrac;Puyrac;;;;;;;;;;;;;
b_puyrac_adj;Puyrac;;;;;;;;;;;;;
b_puyrac_desc;Puyrac;;;;;;;;;;;;;
b_servial;Servial;;;;;;;;;;;;;
b_servial_adj;Servial;;;;;;;;;;;;;
b_servial_desc;Servial;;;;;;;;;;;;;
b_fondre;Fondre;;;;;;;;;;;;;
b_fondre_adj;Fondre;;;;;;;;;;;;;
b_fondre_desc;Fondre;;;;;;;;;;;;;
b_fulgoat;Fulgoat;;;;;;;;;;;;;
b_fulgoat_adj;Fulgoat;;;;;;;;;;;;;
b_fulgoat_desc;Fulgoat;;;;;;;;;;;;;
b_quelle;Quelle;;;;;;;;;;;;;
b_quelle_adj;Quelle;;;;;;;;;;;;;
b_quelle_desc;Quelle;;;;;;;;;;;;;
b_rivecy;Rivecy;;;;;;;;;;;;;
b_rivecy_adj;Rivecy;;;;;;;;;;;;;
b_rivecy_desc;Rivecy;;;;;;;;;;;;;
b_bigut;Bigut;;;;;;;;;;;;;
b_bigut_adj;Bigut;;;;;;;;;;;;;
b_bigut_desc;Bigut;;;;;;;;;;;;;
b_bouque;Bouque;;;;;;;;;;;;;
b_bouque_adj;Bouque;;;;;;;;;;;;;
b_bouque_desc;Bouque;;;;;;;;;;;;;
b_balanne;Balanne;;;;;;;;;;;;;
b_balanne_adj;Balanne;;;;;;;;;;;;;
b_balanne_desc;Balanne;;;;;;;;;;;;;
b_lorin;Lorin;;;;;;;;;;;;;
b_lorin_adj;Lorin;;;;;;;;;;;;;
b_lorin_desc;Lorin;;;;;;;;;;;;;
b_plier;Plier;;;;;;;;;;;;;
b_plier_adj;Plier;;;;;;;;;;;;;
b_plier_desc;Plier;;;;;;;;;;;;;
b_courtu;Courtu;;;;;;;;;;;;;
b_courtu_adj;Courtu;;;;;;;;;;;;;
b_courtu_desc;Courtu;;;;;;;;;;;;;
b_cadaille;Cadaille;;;;;;;;;;;;;
b_cadaille_adj;Cadaille;;;;;;;;;;;;;
b_cadaille_desc;Cadaille;;;;;;;;;;;;;
b_courgy;Courgy;;;;;;;;;;;;;
b_courgy_adj;Courgy;;;;;;;;;;;;;
b_courgy_desc;Courgy;;;;;;;;;;;;;
b_lonne;Lonne;;;;;;;;;;;;;
b_lonne_adj;Lonne;;;;;;;;;;;;;
b_lonne_desc;Lonne;;;;;;;;;;;;;
b_gonds;Gonds;;;;;;;;;;;;;
b_gonds_adj;Gonds;;;;;;;;;;;;;
b_gonds_desc;Gonds;;;;;;;;;;;;;
b_thiloup;Thiloup;;;;;;;;;;;;;
b_thiloup_adj;Thiloup;;;;;;;;;;;;;
b_thiloup_desc;Thiloup;;;;;;;;;;;;;
b_feyssade;Feyssade;;;;;;;;;;;;;
b_feyssade_adj;Feyssade;;;;;;;;;;;;;
b_feyssade_desc;Feyssade;;;;;;;;;;;;;
b_poullot;Poullot;;;;;;;;;;;;;
b_poullot_adj;Poullot;;;;;;;;;;;;;
b_poullot_desc;Poullot;;;;;;;;;;;;;
b_rozes;Rozes;;;;;;;;;;;;;
b_rozes_adj;Rozes;;;;;;;;;;;;;
b_rozes_desc;Rozes;;;;;;;;;;;;;
b_tensac;Tensac;;;;;;;;;;;;;
b_tensac_adj;Tensac;;;;;;;;;;;;;
b_tensac_desc;Tensac;;;;;;;;;;;;;
b_offoux;Offoux;;;;;;;;;;;;;
b_offoux_adj;Offoux;;;;;;;;;;;;;
b_offoux_desc;Offoux;;;;;;;;;;;;;
b_caque;Caque;;;;;;;;;;;;;
b_caque_adj;Caque;;;;;;;;;;;;;
b_caque_desc;Caque;;;;;;;;;;;;;
b_queval;Queval;;;;;;;;;;;;;
b_queval_adj;Queval;;;;;;;;;;;;;
b_queval_desc;Queval;;;;;;;;;;;;;
b_poyes;Poyes;;;;;;;;;;;;;
b_poyes_adj;Poyes;;;;;;;;;;;;;
b_poyes_desc;Poyes;;;;;;;;;;;;;
b_couls;Couls;;;;;;;;;;;;;
b_couls_adj;Couls;;;;;;;;;;;;;
b_couls_desc;Couls;;;;;;;;;;;;;
b_coure;Coure;;;;;;;;;;;;;
b_coure_adj;Coure;;;;;;;;;;;;;
b_coure_desc;Coure;;;;;;;;;;;;;
b_silessac;Silessac;;;;;;;;;;;;;
b_silessac_adj;Silessac;;;;;;;;;;;;;
b_silessac_desc;Silessac;;;;;;;;;;;;;
b_venels;Venels;;;;;;;;;;;;;
b_venels_adj;Venels;;;;;;;;;;;;;
b_venels_desc;Venels;;;;;;;;;;;;;
b_chabie;Chabie;;;;;;;;;;;;;
b_chabie_adj;Chabie;;;;;;;;;;;;;
b_chabie_desc;Chabie;;;;;;;;;;;;;
b_marcourt;Marcourt;;;;;;;;;;;;;
b_marcourt_adj;Marcourt;;;;;;;;;;;;;
b_marcourt_desc;Marcourt;;;;;;;;;;;;;
b_gouthe;Gouthe;;;;;;;;;;;;;
b_gouthe_adj;Gouthe;;;;;;;;;;;;;
b_gouthe_desc;Gouthe;;;;;;;;;;;;;
b_planouan;Planouan;;;;;;;;;;;;;
b_planouan_adj;Planouan;;;;;;;;;;;;;
b_planouan_desc;Planouan;;;;;;;;;;;;;
b_meridon;Meridon;;;;;;;;;;;;;
b_meridon_adj;Meridon;;;;;;;;;;;;;
b_meridon_desc;Meridon;;;;;;;;;;;;;
b_verge;Verge;;;;;;;;;;;;;
b_verge_adj;Verge;;;;;;;;;;;;;
b_verge_desc;Verge;;;;;;;;;;;;;
b_pechies;Pechies;;;;;;;;;;;;;
b_pechies_adj;Pechies;;;;;;;;;;;;;
b_pechies_desc;Pechies;;;;;;;;;;;;;
b_salex;Salex;;;;;;;;;;;;;
b_salex_adj;Salex;;;;;;;;;;;;;
b_salex_desc;Salex;;;;;;;;;;;;;
b_rochinet;Rochinet;;;;;;;;;;;;;
b_rochinet_adj;Rochinet;;;;;;;;;;;;;
b_rochinet_desc;Rochinet;;;;;;;;;;;;;
b_chancy;Chancy;;;;;;;;;;;;;
b_chancy_adj;Chancy;;;;;;;;;;;;;
b_chancy_desc;Chancy;;;;;;;;;;;;;
b_barde;Barde;;;;;;;;;;;;;
b_barde_adj;Barde;;;;;;;;;;;;;
b_barde_desc;Barde;;;;;;;;;;;;;
b_livars;Livars;;;;;;;;;;;;;
b_livars_adj;Livars;;;;;;;;;;;;;
b_livars_desc;Livars;;;;;;;;;;;;;
b_reynale;Reynale;;;;;;;;;;;;;
b_reynale_adj;Reynale;;;;;;;;;;;;;
b_reynale_desc;Reynale;;;;;;;;;;;;;
b_malvezac;Malvezac;;;;;;;;;;;;;
b_malvezac_adj;Malvezac;;;;;;;;;;;;;
b_malvezac_desc;Malvezac;;;;;;;;;;;;;
b_renon;Renon;;;;;;;;;;;;;
b_renon_adj;Renon;;;;;;;;;;;;;
b_renon_desc;Renon;;;;;;;;;;;;;
b_vellen;Vellen;;;;;;;;;;;;;
b_vellen_adj;Vellen;;;;;;;;;;;;;
b_vellen_desc;Vellen;;;;;;;;;;;;;
b_moncan;Moncan;;;;;;;;;;;;;
b_moncan_adj;Moncan;;;;;;;;;;;;;
b_moncan_desc;Moncan;;;;;;;;;;;;;
b_chenie;Chenie;;;;;;;;;;;;;
b_chenie_adj;Chenie;;;;;;;;;;;;;
b_chenie_desc;Chenie;;;;;;;;;;;;;
b_vallou;Vallou;;;;;;;;;;;;;
b_vallou_adj;Vallou;;;;;;;;;;;;;
b_vallou_desc;Vallou;;;;;;;;;;;;;
b_thien;Thien;;;;;;;;;;;;;
b_thien_adj;Thien;;;;;;;;;;;;;
b_thien_desc;Thien;;;;;;;;;;;;;
b_pecca;Pecca;;;;;;;;;;;;;
b_pecca_adj;Pecca;;;;;;;;;;;;;
b_pecca_desc;Pecca;;;;;;;;;;;;;
b_montes;Montes;;;;;;;;;;;;;
b_montes_adj;Montes;;;;;;;;;;;;;
b_montes_desc;Montes;;;;;;;;;;;;;
b_cabian;Cabian;;;;;;;;;;;;;
b_cabian_adj;Cabian;;;;;;;;;;;;;
b_cabian_desc;Cabian;;;;;;;;;;;;;
b_engourt;Engourt;;;;;;;;;;;;;
b_engourt_adj;Engourt;;;;;;;;;;;;;
b_engourt_desc;Engourt;;;;;;;;;;;;;
b_brizas;Brizas;;;;;;;;;;;;;
b_brizas_adj;Brizas;;;;;;;;;;;;;
b_brizas_desc;Brizas;;;;;;;;;;;;;
b_hulier;Hulier;;;;;;;;;;;;;
b_hulier_adj;Hulier;;;;;;;;;;;;;
b_hulier_desc;Hulier;;;;;;;;;;;;;
b_grosnes;Grosnes;;;;;;;;;;;;;
b_grosnes_adj;Grosnes;;;;;;;;;;;;;
b_grosnes_desc;Grosnes;;;;;;;;;;;;;
b_argan;Argan;;;;;;;;;;;;;
b_argan_adj;Argan;;;;;;;;;;;;;
b_argan_desc;Argan;;;;;;;;;;;;;
b_muize;Muize;;;;;;;;;;;;;
b_muize_adj;Muize;;;;;;;;;;;;;
b_muize_desc;Muize;;;;;;;;;;;;;
b_roges;Roges;;;;;;;;;;;;;
b_roges_adj;Roges;;;;;;;;;;;;;
b_roges_desc;Roges;;;;;;;;;;;;;
b_coreau;Coreau;;;;;;;;;;;;;
b_coreau_adj;Coreau;;;;;;;;;;;;;
b_coreau_desc;Coreau;;;;;;;;;;;;;
b_pontmois;Pontmois;;;;;;;;;;;;;
b_pontmois_adj;Pontmois;;;;;;;;;;;;;
b_pontmois_desc;Pontmois;;;;;;;;;;;;;
b_sommeau;Sommeau;;;;;;;;;;;;;
b_sommeau_adj;Sommeau;;;;;;;;;;;;;
b_sommeau_desc;Sommeau;;;;;;;;;;;;;
b_caigne;Caigne;;;;;;;;;;;;;
b_caigne_adj;Caigne;;;;;;;;;;;;;
b_caigne_desc;Caigne;;;;;;;;;;;;;
b_bugnes;Bugnes;;;;;;;;;;;;;
b_bugnes_adj;Bugnes;;;;;;;;;;;;;
b_bugnes_desc;Bugnes;;;;;;;;;;;;;
b_mozan;Mozan;;;;;;;;;;;;;
b_mozan_adj;Mozan;;;;;;;;;;;;;
b_mozan_desc;Mozan;;;;;;;;;;;;;
b_parre;Parre;;;;;;;;;;;;;
b_parre_adj;Parre;;;;;;;;;;;;;
b_parre_desc;Parre;;;;;;;;;;;;;
b_thonnet;Thonnet;;;;;;;;;;;;;
b_thonnet_adj;Thonnet;;;;;;;;;;;;;
b_thonnet_desc;Thonnet;;;;;;;;;;;;;
b_loubres;Loubres;;;;;;;;;;;;;
b_loubres_adj;Loubres;;;;;;;;;;;;;
b_loubres_desc;Loubres;;;;;;;;;;;;;
b_julle;Julle;;;;;;;;;;;;;
b_julle_adj;Julle;;;;;;;;;;;;;
b_julle_desc;Julle;;;;;;;;;;;;;
b_langoire;Langoire;;;;;;;;;;;;;
b_langoire_adj;Langoire;;;;;;;;;;;;;
b_langoire_desc;Langoire;;;;;;;;;;;;;
b_landol;Landol;;;;;;;;;;;;;
b_landol_adj;Landol;;;;;;;;;;;;;
b_landol_desc;Landol;;;;;;;;;;;;;
b_jardetot;Jardetot;;;;;;;;;;;;;
b_jardetot_adj;Jardetot;;;;;;;;;;;;;
b_jardetot_desc;Jardetot;;;;;;;;;;;;;
b_maize;Maize;;;;;;;;;;;;;
b_maize_adj;Maize;;;;;;;;;;;;;
b_maize_desc;Maize;;;;;;;;;;;;;
b_talay;Talay;;;;;;;;;;;;;
b_talay_adj;Talay;;;;;;;;;;;;;
b_talay_desc;Talay;;;;;;;;;;;;;
b_aupinars;Aupinars;;;;;;;;;;;;;
b_aupinars_adj;Aupinars;;;;;;;;;;;;;
b_aupinars_desc;Aupinars;;;;;;;;;;;;;
b_capignon;Capignon;;;;;;;;;;;;;
b_capignon_adj;Capignon;;;;;;;;;;;;;
b_capignon_desc;Capignon;;;;;;;;;;;;;
b_berenx;Berenx;;;;;;;;;;;;;
b_berenx_adj;Berenx;;;;;;;;;;;;;
b_berenx_desc;Berenx;;;;;;;;;;;;;
b_aroises;Aroises;;;;;;;;;;;;;
b_aroises_adj;Aroises;;;;;;;;;;;;;
b_aroises_desc;Aroises;;;;;;;;;;;;;
b_perolle;Perolle;;;;;;;;;;;;;
b_perolle_adj;Perolle;;;;;;;;;;;;;
b_perolle_desc;Perolle;;;;;;;;;;;;;
b_santhey;Santhey;;;;;;;;;;;;;
b_santhey_adj;Santhey;;;;;;;;;;;;;
b_santhey_desc;Santhey;;;;;;;;;;;;;
b_douanes;Douanes;;;;;;;;;;;;;
b_douanes_adj;Douanes;;;;;;;;;;;;;
b_douanes_desc;Douanes;;;;;;;;;;;;;
b_lemereix;Lemereix;;;;;;;;;;;;;
b_lemereix_adj;Lemereix;;;;;;;;;;;;;
b_lemereix_desc;Lemereix;;;;;;;;;;;;;
b_arennes;Arennes;;;;;;;;;;;;;
b_arennes_adj;Arennes;;;;;;;;;;;;;
b_arennes_desc;Arennes;;;;;;;;;;;;;
b_lorie;Lorie;;;;;;;;;;;;;
b_lorie_adj;Lorie;;;;;;;;;;;;;
b_lorie_desc;Lorie;;;;;;;;;;;;;
b_berin;Berin;;;;;;;;;;;;;
b_berin_adj;Berin;;;;;;;;;;;;;
b_berin_desc;Berin;;;;;;;;;;;;;
b_sargny;Sargny;;;;;;;;;;;;;
b_sargny_adj;Sargny;;;;;;;;;;;;;
b_sargny_desc;Sargny;;;;;;;;;;;;;
b_lette;Lette;;;;;;;;;;;;;
b_lette_adj;Lette;;;;;;;;;;;;;
b_lette_desc;Lette;;;;;;;;;;;;;
b_benoisy;Benoisy;;;;;;;;;;;;;
b_benoisy_adj;Benoisy;;;;;;;;;;;;;
b_benoisy_desc;Benoisy;;;;;;;;;;;;;
b_augines;Augines;;;;;;;;;;;;;
b_augines_adj;Augines;;;;;;;;;;;;;
b_augines_desc;Augines;;;;;;;;;;;;;
b_chauma;Chauma;;;;;;;;;;;;;
b_chauma_adj;Chauma;;;;;;;;;;;;;
b_chauma_desc;Chauma;;;;;;;;;;;;;
b_sourines;Sourines;;;;;;;;;;;;;
b_sourines_adj;Sourines;;;;;;;;;;;;;
b_sourines_desc;Sourines;;;;;;;;;;;;;
b_maures;Maures;;;;;;;;;;;;;
b_maures_adj;Maures;;;;;;;;;;;;;
b_maures_desc;Maures;;;;;;;;;;;;;
b_palanne;Palanne;;;;;;;;;;;;;
b_palanne_adj;Palanne;;;;;;;;;;;;;
b_palanne_desc;Palanne;;;;;;;;;;;;;
b_chermetz;Chermetz;;;;;;;;;;;;;
b_chermetz_adj;Chermetz;;;;;;;;;;;;;
b_chermetz_desc;Chermetz;;;;;;;;;;;;;
b_aubourt;Aubourt;;;;;;;;;;;;;
b_aubourt_adj;Aubourt;;;;;;;;;;;;;
b_aubourt_desc;Aubourt;;;;;;;;;;;;;
b_labara;Labara;;;;;;;;;;;;;
b_labara_adj;Labara;;;;;;;;;;;;;
b_labara_desc;Labara;;;;;;;;;;;;;
b_milles;Milles;;;;;;;;;;;;;
b_milles_adj;Milles;;;;;;;;;;;;;
b_milles_desc;Milles;;;;;;;;;;;;;
b_boisant;Boisant;;;;;;;;;;;;;
b_boisant_adj;Boisant;;;;;;;;;;;;;
b_boisant_desc;Boisant;;;;;;;;;;;;;
b_eyguerux;Eyguerux;;;;;;;;;;;;;
b_eyguerux_adj;Eyguerux;;;;;;;;;;;;;
b_eyguerux_desc;Eyguerux;;;;;;;;;;;;;
b_frail;Frail;;;;;;;;;;;;;
b_frail_adj;Frail;;;;;;;;;;;;;
b_frail_desc;Frail;;;;;;;;;;;;;
b_vialle;Vialle;;;;;;;;;;;;;
b_vialle_adj;Vialle;;;;;;;;;;;;;
b_vialle_desc;Vialle;;;;;;;;;;;;;
b_leyvre;Leyvre;;;;;;;;;;;;;
b_leyvre_adj;Leyvre;;;;;;;;;;;;;
b_leyvre_desc;Leyvre;;;;;;;;;;;;;
b_moissere;Moissere;;;;;;;;;;;;;
b_moissere_adj;Moissere;;;;;;;;;;;;;
b_moissere_desc;Moissere;;;;;;;;;;;;;
b_saize;Saize;;;;;;;;;;;;;
b_saize_adj;Saize;;;;;;;;;;;;;
b_saize_desc;Saize;;;;;;;;;;;;;
b_disan;Disan;;;;;;;;;;;;;
b_disan_adj;Disan;;;;;;;;;;;;;
b_disan_desc;Disan;;;;;;;;;;;;;
b_prudy;Prudy;;;;;;;;;;;;;
b_prudy_adj;Prudy;;;;;;;;;;;;;
b_prudy_desc;Prudy;;;;;;;;;;;;;
b_barans;Barans;;;;;;;;;;;;;
b_barans_adj;Barans;;;;;;;;;;;;;
b_barans_desc;Barans;;;;;;;;;;;;;
b_palignat;Palignat;;;;;;;;;;;;;
b_palignat_adj;Palignat;;;;;;;;;;;;;
b_palignat_desc;Palignat;;;;;;;;;;;;;
b_carres;Carres;;;;;;;;;;;;;
b_carres_adj;Carres;;;;;;;;;;;;;
b_carres_desc;Carres;;;;;;;;;;;;;
b_marbiac;Marbiac;;;;;;;;;;;;;
b_marbiac_adj;Marbiac;;;;;;;;;;;;;
b_marbiac_desc;Marbiac;;;;;;;;;;;;;
b_choise;Choise;;;;;;;;;;;;;
b_choise_adj;Choise;;;;;;;;;;;;;
b_choise_desc;Choise;;;;;;;;;;;;;
b_joncei;Joncei;;;;;;;;;;;;;
b_joncei_adj;Joncei;;;;;;;;;;;;;
b_joncei_desc;Joncei;;;;;;;;;;;;;
b_monza;Monza;;;;;;;;;;;;;
b_monza_adj;Monza;;;;;;;;;;;;;
b_monza_desc;Monza;;;;;;;;;;;;;
b_celier;Celier;;;;;;;;;;;;;
b_celier_adj;Celier;;;;;;;;;;;;;
b_celier_desc;Celier;;;;;;;;;;;;;
b_mainval;Mainval;;;;;;;;;;;;;
b_mainval_adj;Mainval;;;;;;;;;;;;;
b_mainval_desc;Mainval;;;;;;;;;;;;;
b_pruguel;Pruguel;;;;;;;;;;;;;
b_pruguel_adj;Pruguel;;;;;;;;;;;;;
b_pruguel_desc;Pruguel;;;;;;;;;;;;;
b_cherie;Cherie;;;;;;;;;;;;;
b_cherie_adj;Cherie;;;;;;;;;;;;;
b_cherie_desc;Cherie;;;;;;;;;;;;;
b_coudon;Coudon;;;;;;;;;;;;;
b_coudon_adj;Coudon;;;;;;;;;;;;;
b_coudon_desc;Coudon;;;;;;;;;;;;;
b_maille;Maille;;;;;;;;;;;;;
b_maille_adj;Maille;;;;;;;;;;;;;
b_maille_desc;Maille;;;;;;;;;;;;;
b_cornicel;Cornicel;;;;;;;;;;;;;
b_cornicel_adj;Cornicel;;;;;;;;;;;;;
b_cornicel_desc;Cornicel;;;;;;;;;;;;;
b_haignac;Haignac;;;;;;;;;;;;;
b_haignac_adj;Haignac;;;;;;;;;;;;;
b_haignac_desc;Haignac;;;;;;;;;;;;;
b_lanost;Lanost;;;;;;;;;;;;;
b_lanost_adj;Lanost;;;;;;;;;;;;;
b_lanost_desc;Lanost;;;;;;;;;;;;;
b_graygate;Graygate;;;;;;;;;;;;;
b_graygate_adj;Graygate;;;;;;;;;;;;;
b_graygate_desc;Graygate;;;;;;;;;;;;;
b_allbeacon;All Beacon;;;;;;;;;;;;;
b_allbeacon_adj;All Beacon;;;;;;;;;;;;;
b_allbeacon_desc;All Beacon;;;;;;;;;;;;;
b_crooktown;Crooktown;;;;;;;;;;;;;
b_crooktown_adj;Crooktown;;;;;;;;;;;;;
b_crooktown_desc;Crooktown;;;;;;;;;;;;;
b_newtown;Newtown;;;;;;;;;;;;;
b_newtown_adj;Newtown;;;;;;;;;;;;;
b_newtown_desc;Newtown;;;;;;;;;;;;;
b_petalcourt;Petal Court;;;;;;;;;;;;;
b_petalcourt_adj;Petal Court;;;;;;;;;;;;;
b_petalcourt_desc;Petal Court;;;;;;;;;;;;;
b_badlands;Badlands;;;;;;;;;;;;;
b_badlands_adj;Badlands;;;;;;;;;;;;;
b_badlands_desc;Badlands;;;;;;;;;;;;;
b_foghorn;Foghorn;;;;;;;;;;;;;
b_foghorn_adj;Foghorn;;;;;;;;;;;;;
b_foghorn_desc;Foghorn;;;;;;;;;;;;;
b_laukarbo;Laukarbo;;;;;;;;;;;;;
b_laukarbo_adj;Laukarbo;;;;;;;;;;;;;
b_laukarbo_desc;Laukarbo;;;;;;;;;;;;;
b_rugrd;Rugrd;;;;;;;;;;;;;
b_rugrd_adj;Rugrd;;;;;;;;;;;;;
b_rugrd_desc;Rugrd;;;;;;;;;;;;;
b_isterud;Isterud;;;;;;;;;;;;;
b_isterud_adj;Isterud;;;;;;;;;;;;;
b_isterud_desc;Isterud;;;;;;;;;;;;;
b_blacka;Blacka;;;;;;;;;;;;;
b_blacka_adj;Blacka;;;;;;;;;;;;;
b_blacka_desc;Blacka;;;;;;;;;;;;;
b_kvarebo;Kvarebo;;;;;;;;;;;;;
b_kvarebo_adj;Kvarebo;;;;;;;;;;;;;
b_kvarebo_desc;Kvarebo;;;;;;;;;;;;;
b_sssen;Sssen;;;;;;;;;;;;;
b_sssen_adj;Sssen;;;;;;;;;;;;;
b_sssen_desc;Sssen;;;;;;;;;;;;;
b_lynge;Lynge;;;;;;;;;;;;;
b_lynge_adj;Lynge;;;;;;;;;;;;;
b_lynge_desc;Lynge;;;;;;;;;;;;;
b_bullen;Bullen;;;;;;;;;;;;;
b_bullen_adj;Bullen;;;;;;;;;;;;;
b_bullen_desc;Bullen;;;;;;;;;;;;;
b_ekstorp;Ekstorp;;;;;;;;;;;;;
b_ekstorp_adj;Ekstorp;;;;;;;;;;;;;
b_ekstorp_desc;Ekstorp;;;;;;;;;;;;;
b_fannsbyn;Fannsbyn;;;;;;;;;;;;;
b_fannsbyn_adj;Fannsbyn;;;;;;;;;;;;;
b_fannsbyn_desc;Fannsbyn;;;;;;;;;;;;;
b_kedal;Kedal;;;;;;;;;;;;;
b_kedal_adj;Kedal;;;;;;;;;;;;;
b_kedal_desc;Kedal;;;;;;;;;;;;;
b_hudalen;Hudalen;;;;;;;;;;;;;
b_hudalen_adj;Hudalen;;;;;;;;;;;;;
b_hudalen_desc;Hudalen;;;;;;;;;;;;;
b_storbol;Storbol;;;;;;;;;;;;;
b_storbol_adj;Storbol;;;;;;;;;;;;;
b_storbol_desc;Storbol;;;;;;;;;;;;;
b_ostad;Ostad;;;;;;;;;;;;;
b_ostad_adj;Ostad;;;;;;;;;;;;;
b_ostad_desc;Ostad;;;;;;;;;;;;;
b_fagetorp;Fagetorp;;;;;;;;;;;;;
b_fagetorp_adj;Fagetorp;;;;;;;;;;;;;
b_fagetorp_desc;Fagetorp;;;;;;;;;;;;;
b_srlid;Srlid;;;;;;;;;;;;;
b_srlid_adj;Srlid;;;;;;;;;;;;;
b_srlid_desc;Srlid;;;;;;;;;;;;;
b_stenset;Stenset;;;;;;;;;;;;;
b_stenset_adj;Stenset;;;;;;;;;;;;;
b_stenset_desc;Stenset;;;;;;;;;;;;;
b_marks;Marks;;;;;;;;;;;;;
b_marks_adj;Marks;;;;;;;;;;;;;
b_marks_desc;Marks;;;;;;;;;;;;;
b_landvik;Landvik;;;;;;;;;;;;;
b_landvik_adj;Landvik;;;;;;;;;;;;;
b_landvik_desc;Landvik;;;;;;;;;;;;;
b_lngvalle;Lngvalle;;;;;;;;;;;;;
b_lngvalle_adj;Lngvalle;;;;;;;;;;;;;
b_lngvalle_desc;Lngvalle;;;;;;;;;;;;;
b_ohtan;Ohtan;;;;;;;;;;;;;
b_ohtan_adj;Ohtan;;;;;;;;;;;;;
b_ohtan_desc;Ohtan;;;;;;;;;;;;;
b_litjrn;Litjrn;;;;;;;;;;;;;
b_litjrn_adj;Litjrn;;;;;;;;;;;;;
b_litjrn_desc;Litjrn;;;;;;;;;;;;;
b_bottnet;Bottnet;;;;;;;;;;;;;
b_bottnet_adj;Bottnet;;;;;;;;;;;;;
b_bottnet_desc;Bottnet;;;;;;;;;;;;;
b_aspholm;Aspholm;;;;;;;;;;;;;
b_aspholm_adj;Aspholm;;;;;;;;;;;;;
b_aspholm_desc;Aspholm;;;;;;;;;;;;;
b_rssbo;Rssbo;;;;;;;;;;;;;
b_rssbo_adj;Rssbo;;;;;;;;;;;;;
b_rssbo_desc;Rssbo;;;;;;;;;;;;;
b_steinholt;Steinholt;;;;;;;;;;;;;
b_steinholt_adj;Steinholt;;;;;;;;;;;;;
b_steinholt_desc;Steinholt;;;;;;;;;;;;;
b_strandur;Strandur;;;;;;;;;;;;;
b_strandur_adj;Strandur;;;;;;;;;;;;;
b_strandur_desc;Strandur;;;;;;;;;;;;;
b_hraunnes;Hraunnes;;;;;;;;;;;;;
b_hraunnes_adj;Hraunnes;;;;;;;;;;;;;
b_hraunnes_desc;Hraunnes;;;;;;;;;;;;;
b_kaldborg;Kaldborg;;;;;;;;;;;;;
b_kaldborg_adj;Kaldborg;;;;;;;;;;;;;
b_kaldborg_desc;Kaldborg;;;;;;;;;;;;;
b_svarne;Svarne;;;;;;;;;;;;;
b_svarne_adj;Svarne;;;;;;;;;;;;;
b_svarne_desc;Svarne;;;;;;;;;;;;;
b_gresta;Gresta;;;;;;;;;;;;;
b_gresta_adj;Gresta;;;;;;;;;;;;;
b_gresta_desc;Gresta;;;;;;;;;;;;;
b_fallsj;Fallsj;;;;;;;;;;;;;
b_fallsj_adj;Fallsj;;;;;;;;;;;;;
b_fallsj_desc;Fallsj;;;;;;;;;;;;;
b_klossvik;Klossvik;;;;;;;;;;;;;
b_klossvik_adj;Klossvik;;;;;;;;;;;;;
b_klossvik_desc;Klossvik;;;;;;;;;;;;;
b_vringsbo;Vringsbo;;;;;;;;;;;;;
b_vringsbo_adj;Vringsbo;;;;;;;;;;;;;
b_vringsbo_desc;Vringsbo;;;;;;;;;;;;;
b_gudden;Gudden;;;;;;;;;;;;;
b_gudden_adj;Gudden;;;;;;;;;;;;;
b_gudden_desc;Gudden;;;;;;;;;;;;;
b_skjusta;Skjusta;;;;;;;;;;;;;
b_skjusta_adj;Skjusta;;;;;;;;;;;;;
b_skjusta_desc;Skjusta;;;;;;;;;;;;;
b_sderud;Sderud;;;;;;;;;;;;;
b_sderud_adj;Sderud;;;;;;;;;;;;;
b_sderud_desc;Sderud;;;;;;;;;;;;;
b_dabbyn;Dabbyn;;;;;;;;;;;;;
b_dabbyn_adj;Dabbyn;;;;;;;;;;;;;
b_dabbyn_desc;Dabbyn;;;;;;;;;;;;;
b_gyllen;Gyllen;;;;;;;;;;;;;
b_gyllen_adj;Gyllen;;;;;;;;;;;;;
b_gyllen_desc;Gyllen;;;;;;;;;;;;;
b_keryd;Keryd;;;;;;;;;;;;;
b_keryd_adj;Keryd;;;;;;;;;;;;;
b_keryd_desc;Keryd;;;;;;;;;;;;;
b_fornboda;Fornboda;;;;;;;;;;;;;
b_fornboda_adj;Fornboda;;;;;;;;;;;;;
b_fornboda_desc;Fornboda;;;;;;;;;;;;;
b_anunge;Anunge;;;;;;;;;;;;;
b_anunge_adj;Anunge;;;;;;;;;;;;;
b_anunge_desc;Anunge;;;;;;;;;;;;;
b_hindfors;Hindfors;;;;;;;;;;;;;
b_hindfors_adj;Hindfors;;;;;;;;;;;;;
b_hindfors_desc;Hindfors;;;;;;;;;;;;;
b_rafte;Rafte;;;;;;;;;;;;;
b_rafte_adj;Rafte;;;;;;;;;;;;;
b_rafte_desc;Rafte;;;;;;;;;;;;;
b_gonge;Gonge;;;;;;;;;;;;;
b_gonge_adj;Gonge;;;;;;;;;;;;;
b_gonge_desc;Gonge;;;;;;;;;;;;;
b_lonnsvik;Lonnsvik;;;;;;;;;;;;;
b_lonnsvik_adj;Lonnsvik;;;;;;;;;;;;;
b_lonnsvik_desc;Lonnsvik;;;;;;;;;;;;;
b_frigsbo;Frigsbo;;;;;;;;;;;;;
b_frigsbo_adj;Frigsbo;;;;;;;;;;;;;
b_frigsbo_desc;Frigsbo;;;;;;;;;;;;;
b_uppnet;Uppnet;;;;;;;;;;;;;
b_uppnet_adj;Uppnet;;;;;;;;;;;;;
b_uppnet_desc;Uppnet;;;;;;;;;;;;;
b_nattnet;Nattnet;;;;;;;;;;;;;
b_nattnet_adj;Nattnet;;;;;;;;;;;;;
b_nattnet_desc;Nattnet;;;;;;;;;;;;;
b_risaby;Risaby;;;;;;;;;;;;;
b_risaby_adj;Risaby;;;;;;;;;;;;;
b_risaby_desc;Risaby;;;;;;;;;;;;;
b_melleryd;Melleryd;;;;;;;;;;;;;
b_melleryd_adj;Melleryd;;;;;;;;;;;;;
b_melleryd_desc;Melleryd;;;;;;;;;;;;;
b_dalnas;Dalnas;;;;;;;;;;;;;
b_dalnas_adj;Dalnas;;;;;;;;;;;;;
b_dalnas_desc;Dalnas;;;;;;;;;;;;;
b_kvarnryd;Kvarnryd;;;;;;;;;;;;;
b_kvarnryd_adj;Kvarnryd;;;;;;;;;;;;;
b_kvarnryd_desc;Kvarnryd;;;;;;;;;;;;;
b_bergsby;Bergsby;;;;;;;;;;;;;
b_bergsby_adj;Bergsby;;;;;;;;;;;;;
b_bergsby_desc;Bergsby;;;;;;;;;;;;;
b_kronoby;Kronoby;;;;;;;;;;;;;
b_kronoby_adj;Kronoby;;;;;;;;;;;;;
b_kronoby_desc;Kronoby;;;;;;;;;;;;;
b_annor;Annor;;;;;;;;;;;;;
b_annor_adj;Annor;;;;;;;;;;;;;
b_annor_desc;Annor;;;;;;;;;;;;;
b_villavik;Villavik;;;;;;;;;;;;;
b_villavik_adj;Villavik;;;;;;;;;;;;;
b_villavik_desc;Villavik;;;;;;;;;;;;;
b_betorp;Betorp;;;;;;;;;;;;;
b_betorp_adj;Betorp;;;;;;;;;;;;;
b_betorp_desc;Betorp;;;;;;;;;;;;;
b_runnarp;Runnarp;;;;;;;;;;;;;
b_runnarp_adj;Runnarp;;;;;;;;;;;;;
b_runnarp_desc;Runnarp;;;;;;;;;;;;;
b_rdsberg;Rdsberg;;;;;;;;;;;;;
b_rdsberg_adj;Rdsberg;;;;;;;;;;;;;
b_rdsberg_desc;Rdsberg;;;;;;;;;;;;;
b_stadtorp;Stadtorp;;;;;;;;;;;;;
b_stadtorp_adj;Stadtorp;;;;;;;;;;;;;
b_stadtorp_desc;Stadtorp;;;;;;;;;;;;;
b_svattne;Svattne;;;;;;;;;;;;;
b_svattne_adj;Svattne;;;;;;;;;;;;;
b_svattne_desc;Svattne;;;;;;;;;;;;;
b_illeholm;Illeholm;;;;;;;;;;;;;
b_illeholm_adj;Illeholm;;;;;;;;;;;;;
b_illeholm_desc;Illeholm;;;;;;;;;;;;;
b_brunnarp;Brunnarp;;;;;;;;;;;;;
b_brunnarp_adj;Brunnarp;;;;;;;;;;;;;
b_brunnarp_desc;Brunnarp;;;;;;;;;;;;;
b_bckeberg;Bckeberg;;;;;;;;;;;;;
b_bckeberg_adj;Bckeberg;;;;;;;;;;;;;
b_bckeberg_desc;Bckeberg;;;;;;;;;;;;;
b_dundse;Dundse;;;;;;;;;;;;;
b_dundse_adj;Dundse;;;;;;;;;;;;;
b_dundse_desc;Dundse;;;;;;;;;;;;;
b_skabbo;Skabbo;;;;;;;;;;;;;
b_skabbo_adj;Skabbo;;;;;;;;;;;;;
b_skabbo_desc;Skabbo;;;;;;;;;;;;;
b_sunnesta;Sunnesta;;;;;;;;;;;;;
b_sunnesta_adj;Sunnesta;;;;;;;;;;;;;
b_sunnesta_desc;Sunnesta;;;;;;;;;;;;;
b_knutsj;Knutsj;;;;;;;;;;;;;
b_knutsj_adj;Knutsj;;;;;;;;;;;;;
b_knutsj_desc;Knutsj;;;;;;;;;;;;;
b_skansbo;Skansbo;;;;;;;;;;;;;
b_skansbo_adj;Skansbo;;;;;;;;;;;;;
b_skansbo_desc;Skansbo;;;;;;;;;;;;;
b_vstmyra;Vstmyra;;;;;;;;;;;;;
b_vstmyra_adj;Vstmyra;;;;;;;;;;;;;
b_vstmyra_desc;Vstmyra;;;;;;;;;;;;;
b_pulsund;Pulsund;;;;;;;;;;;;;
b_pulsund_adj;Pulsund;;;;;;;;;;;;;
b_pulsund_desc;Pulsund;;;;;;;;;;;;;
b_alerstad;Alerstad;;;;;;;;;;;;;
b_alerstad_adj;Alerstad;;;;;;;;;;;;;
b_alerstad_desc;Alerstad;;;;;;;;;;;;;
b_bruneby;Bruneby;;;;;;;;;;;;;
b_bruneby_adj;Bruneby;;;;;;;;;;;;;
b_bruneby_desc;Bruneby;;;;;;;;;;;;;
b_frundet;Frundet;;;;;;;;;;;;;
b_frundet_adj;Frundet;;;;;;;;;;;;;
b_frundet_desc;Frundet;;;;;;;;;;;;;
b_svallen;Svallen;;;;;;;;;;;;;
b_svallen_adj;Svallen;;;;;;;;;;;;;
b_svallen_desc;Svallen;;;;;;;;;;;;;
b_littdal;Littdal;;;;;;;;;;;;;
b_littdal_adj;Littdal;;;;;;;;;;;;;
b_littdal_desc;Littdal;;;;;;;;;;;;;
b_lneberg;Lneberg;;;;;;;;;;;;;
b_lneberg_adj;Lneberg;;;;;;;;;;;;;
b_lneberg_desc;Lneberg;;;;;;;;;;;;;
b_rockhult;Rockhult;;;;;;;;;;;;;
b_rockhult_adj;Rockhult;;;;;;;;;;;;;
b_rockhult_desc;Rockhult;;;;;;;;;;;;;
b_treholm;Treholm;;;;;;;;;;;;;
b_treholm_adj;Treholm;;;;;;;;;;;;;
b_treholm_desc;Treholm;;;;;;;;;;;;;
b_gseryd;Gseryd;;;;;;;;;;;;;
b_gseryd_adj;Gseryd;;;;;;;;;;;;;
b_gseryd_desc;Gseryd;;;;;;;;;;;;;
b_gulla;Gulla;;;;;;;;;;;;;
b_gulla_adj;Gulla;;;;;;;;;;;;;
b_gulla_desc;Gulla;;;;;;;;;;;;;
b_grunnset;Grunnset;;;;;;;;;;;;;
b_grunnset_adj;Grunnset;;;;;;;;;;;;;
b_grunnset_desc;Grunnset;;;;;;;;;;;;;
b_flarum;Flarum;;;;;;;;;;;;;
b_flarum_adj;Flarum;;;;;;;;;;;;;
b_flarum_desc;Flarum;;;;;;;;;;;;;
b_bjrnna;Bjrnna;;;;;;;;;;;;;
b_bjrnna_adj;Bjrnna;;;;;;;;;;;;;
b_bjrnna_desc;Bjrnna;;;;;;;;;;;;;
b_kryssl;Kryssl;;;;;;;;;;;;;
b_kryssl_adj;Kryssl;;;;;;;;;;;;;
b_kryssl_desc;Kryssl;;;;;;;;;;;;;
b_egnaberg;Egnaberg;;;;;;;;;;;;;
b_egnaberg_adj;Egnaberg;;;;;;;;;;;;;
b_egnaberg_desc;Egnaberg;;;;;;;;;;;;;
b_flngsvik;Flngsvik;;;;;;;;;;;;;
b_flngsvik_adj;Flngsvik;;;;;;;;;;;;;
b_flngsvik_desc;Flngsvik;;;;;;;;;;;;;
b_vsten;Vsten;;;;;;;;;;;;;
b_vsten_adj;Vsten;;;;;;;;;;;;;
b_vsten_desc;Vsten;;;;;;;;;;;;;
b_svarsele;Svarsele;;;;;;;;;;;;;
b_svarsele_adj;Svarsele;;;;;;;;;;;;;
b_svarsele_desc;Svarsele;;;;;;;;;;;;;
b_krokarp;Krokarp;;;;;;;;;;;;;
b_krokarp_adj;Krokarp;;;;;;;;;;;;;
b_krokarp_desc;Krokarp;;;;;;;;;;;;;
b_ngsdal;Ngsdal;;;;;;;;;;;;;
b_ngsdal_adj;Ngsdal;;;;;;;;;;;;;
b_ngsdal_desc;Ngsdal;;;;;;;;;;;;;
b_boren;Boren;;;;;;;;;;;;;
b_boren_adj;Boren;;;;;;;;;;;;;
b_boren_desc;Boren;;;;;;;;;;;;;
b_nylan;Nylan;;;;;;;;;;;;;
b_nylan_adj;Nylan;;;;;;;;;;;;;
b_nylan_desc;Nylan;;;;;;;;;;;;;
b_ristbo;Ristbo;;;;;;;;;;;;;
b_ristbo_adj;Ristbo;;;;;;;;;;;;;
b_ristbo_desc;Ristbo;;;;;;;;;;;;;
b_ulvsberg;Ulvsberg;;;;;;;;;;;;;
b_ulvsberg_adj;Ulvsberg;;;;;;;;;;;;;
b_ulvsberg_desc;Ulvsberg;;;;;;;;;;;;;
b_vderudd;Vderudd;;;;;;;;;;;;;
b_vderudd_adj;Vderudd;;;;;;;;;;;;;
b_vderudd_desc;Vderudd;;;;;;;;;;;;;
b_gumbo;Gumbo;;;;;;;;;;;;;
b_gumbo_adj;Gumbo;;;;;;;;;;;;;
b_gumbo_desc;Gumbo;;;;;;;;;;;;;
b_tuvana;Tuvana;;;;;;;;;;;;;
b_tuvana_adj;Tuvana;;;;;;;;;;;;;
b_tuvana_desc;Tuvana;;;;;;;;;;;;;
b_marnaby;Marnaby;;;;;;;;;;;;;
b_marnaby_adj;Marnaby;;;;;;;;;;;;;
b_marnaby_desc;Marnaby;;;;;;;;;;;;;
b_hoviken;Hoviken;;;;;;;;;;;;;
b_hoviken_adj;Hoviken;;;;;;;;;;;;;
b_hoviken_desc;Hoviken;;;;;;;;;;;;;
b_holkea;Holkea;;;;;;;;;;;;;
b_holkea_adj;Holkea;;;;;;;;;;;;;
b_holkea_desc;Holkea;;;;;;;;;;;;;
b_jerum;Jerum;;;;;;;;;;;;;
b_jerum_adj;Jerum;;;;;;;;;;;;;
b_jerum_desc;Jerum;;;;;;;;;;;;;
b_sjunga;Sjunga;;;;;;;;;;;;;
b_sjunga_adj;Sjunga;;;;;;;;;;;;;
b_sjunga_desc;Sjunga;;;;;;;;;;;;;
b_aregrden;Aregrden;;;;;;;;;;;;;
b_aregrden_adj;Aregrden;;;;;;;;;;;;;
b_aregrden_desc;Aregrden;;;;;;;;;;;;;
b_ulviken;Ulviken;;;;;;;;;;;;;
b_ulviken_adj;Ulviken;;;;;;;;;;;;;
b_ulviken_desc;Ulviken;;;;;;;;;;;;;
b_niden;Niden;;;;;;;;;;;;;
b_niden_adj;Niden;;;;;;;;;;;;;
b_niden_desc;Niden;;;;;;;;;;;;;
b_maggen;Maggen;;;;;;;;;;;;;
b_maggen_adj;Maggen;;;;;;;;;;;;;
b_maggen_desc;Maggen;;;;;;;;;;;;;
b_gunna;Gunna;;;;;;;;;;;;;
b_gunna_adj;Gunna;;;;;;;;;;;;;
b_gunna_desc;Gunna;;;;;;;;;;;;;
b_fngsta;Fngsta;;;;;;;;;;;;;
b_fngsta_adj;Fngsta;;;;;;;;;;;;;
b_fngsta_desc;Fngsta;;;;;;;;;;;;;
b_lemna;Lemna;;;;;;;;;;;;;
b_lemna_adj;Lemna;;;;;;;;;;;;;
b_lemna_desc;Lemna;;;;;;;;;;;;;
b_nusbo;Nusbo;;;;;;;;;;;;;
b_nusbo_adj;Nusbo;;;;;;;;;;;;;
b_nusbo_desc;Nusbo;;;;;;;;;;;;;
b_bjrstarp;Bjrstarp;;;;;;;;;;;;;
b_bjrstarp_adj;Bjrstarp;;;;;;;;;;;;;
b_bjrstarp_desc;Bjrstarp;;;;;;;;;;;;;
b_plsby;Plsby;;;;;;;;;;;;;
b_plsby_adj;Plsby;;;;;;;;;;;;;
b_plsby_desc;Plsby;;;;;;;;;;;;;
b_kusbyn;Kusbyn;;;;;;;;;;;;;
b_kusbyn_adj;Kusbyn;;;;;;;;;;;;;
b_kusbyn_desc;Kusbyn;;;;;;;;;;;;;
b_stuvedal;Stuvedal;;;;;;;;;;;;;
b_stuvedal_adj;Stuvedal;;;;;;;;;;;;;
b_stuvedal_desc;Stuvedal;;;;;;;;;;;;;
b_plarp;Plarp;;;;;;;;;;;;;
b_plarp_adj;Plarp;;;;;;;;;;;;;
b_plarp_desc;Plarp;;;;;;;;;;;;;
b_elviken;Elviken;;;;;;;;;;;;;
b_elviken_adj;Elviken;;;;;;;;;;;;;
b_elviken_desc;Elviken;;;;;;;;;;;;;
b_marja;Marja;;;;;;;;;;;;;
b_marja_adj;Marja;;;;;;;;;;;;;
b_marja_desc;Marja;;;;;;;;;;;;;
b_skemla;Skemla;;;;;;;;;;;;;
b_skemla_adj;Skemla;;;;;;;;;;;;;
b_skemla_desc;Skemla;;;;;;;;;;;;;
b_kerud;Kerud;;;;;;;;;;;;;
b_kerud_adj;Kerud;;;;;;;;;;;;;
b_kerud_desc;Kerud;;;;;;;;;;;;;
b_kring;Kring;;;;;;;;;;;;;
b_kring_adj;Kring;;;;;;;;;;;;;
b_kring_desc;Kring;;;;;;;;;;;;;
b_askerby;Askerby;;;;;;;;;;;;;
b_askerby_adj;Askerby;;;;;;;;;;;;;
b_askerby_desc;Askerby;;;;;;;;;;;;;
b_rgrden;Rgrden;;;;;;;;;;;;;
b_rgrden_adj;Rgrden;;;;;;;;;;;;;
b_rgrden_desc;Rgrden;;;;;;;;;;;;;
b_kullhamn;Kullhamn;;;;;;;;;;;;;
b_kullhamn_adj;Kullhamn;;;;;;;;;;;;;
b_kullhamn_desc;Kullhamn;;;;;;;;;;;;;
b_apperud;Apperud;;;;;;;;;;;;;
b_apperud_adj;Apperud;;;;;;;;;;;;;
b_apperud_desc;Apperud;;;;;;;;;;;;;
b_konungbo;Konungbo;;;;;;;;;;;;;
b_konungbo_adj;Konungbo;;;;;;;;;;;;;
b_konungbo_desc;Konungbo;;;;;;;;;;;;;
b_braxtorp;Braxtorp;;;;;;;;;;;;;
b_braxtorp_adj;Braxtorp;;;;;;;;;;;;;
b_braxtorp_desc;Braxtorp;;;;;;;;;;;;;
b_gljebro;Gljebro;;;;;;;;;;;;;
b_gljebro_adj;Gljebro;;;;;;;;;;;;;
b_gljebro_desc;Gljebro;;;;;;;;;;;;;
b_mossarp;Mossarp;;;;;;;;;;;;;
b_mossarp_adj;Mossarp;;;;;;;;;;;;;
b_mossarp_desc;Mossarp;;;;;;;;;;;;;
b_hedbrta;Hedbrta;;;;;;;;;;;;;
b_hedbrta_adj;Hedbrta;;;;;;;;;;;;;
b_hedbrta_desc;Hedbrta;;;;;;;;;;;;;
b_skldsbo;Skldsbo;;;;;;;;;;;;;
b_skldsbo_adj;Skldsbo;;;;;;;;;;;;;
b_skldsbo_desc;Skldsbo;;;;;;;;;;;;;
b_svarna;Svarna;;;;;;;;;;;;;
b_svarna_adj;Svarna;;;;;;;;;;;;;
b_svarna_desc;Svarna;;;;;;;;;;;;;
b_bonda;Bonda;;;;;;;;;;;;;
b_bonda_adj;Bonda;;;;;;;;;;;;;
b_bonda_desc;Bonda;;;;;;;;;;;;;
b_skrkmyra;Skrkmyra;;;;;;;;;;;;;
b_skrkmyra_adj;Skrkmyra;;;;;;;;;;;;;
b_skrkmyra_desc;Skrkmyra;;;;;;;;;;;;;
b_kestrand;Kestrand;;;;;;;;;;;;;
b_kestrand_adj;Kestrand;;;;;;;;;;;;;
b_kestrand_desc;Kestrand;;;;;;;;;;;;;
b_skullet;Skullet;;;;;;;;;;;;;
b_skullet_adj;Skullet;;;;;;;;;;;;;
b_skullet_desc;Skullet;;;;;;;;;;;;;
b_hsterg;Hsterg;;;;;;;;;;;;;
b_hsterg_adj;Hsterg;;;;;;;;;;;;;
b_hsterg_desc;Hsterg;;;;;;;;;;;;;
b_ollen;Ollen;;;;;;;;;;;;;
b_ollen_adj;Ollen;;;;;;;;;;;;;
b_ollen_desc;Ollen;;;;;;;;;;;;;
b_meland;Meland;;;;;;;;;;;;;
b_meland_adj;Meland;;;;;;;;;;;;;
b_meland_desc;Meland;;;;;;;;;;;;;
b_ledsta;Ledsta;;;;;;;;;;;;;
b_ledsta_adj;Ledsta;;;;;;;;;;;;;
b_ledsta_desc;Ledsta;;;;;;;;;;;;;
b_dimbck;Dimbck;;;;;;;;;;;;;
b_dimbck_adj;Dimbck;;;;;;;;;;;;;
b_dimbck_desc;Dimbck;;;;;;;;;;;;;
b_vallarbo;Vallarbo;;;;;;;;;;;;;
b_vallarbo_adj;Vallarbo;;;;;;;;;;;;;
b_vallarbo_desc;Vallarbo;;;;;;;;;;;;;
b_vidal;Vidal;;;;;;;;;;;;;
b_vidal_adj;Vidal;;;;;;;;;;;;;
b_vidal_desc;Vidal;;;;;;;;;;;;;
b_gissle;Gissle;;;;;;;;;;;;;
b_gissle_adj;Gissle;;;;;;;;;;;;;
b_gissle_desc;Gissle;;;;;;;;;;;;;
b_lottebo;Lottebo;;;;;;;;;;;;;
b_lottebo_adj;Lottebo;;;;;;;;;;;;;
b_lottebo_desc;Lottebo;;;;;;;;;;;;;
b_gamla;Gamla;;;;;;;;;;;;;
b_gamla_adj;Gamla;;;;;;;;;;;;;
b_gamla_desc;Gamla;;;;;;;;;;;;;
b_tuver;Tuver;;;;;;;;;;;;;
b_tuver_adj;Tuver;;;;;;;;;;;;;
b_tuver_desc;Tuver;;;;;;;;;;;;;
b_fisken;Fisken;;;;;;;;;;;;;
b_fisken_adj;Fisken;;;;;;;;;;;;;
b_fisken_desc;Fisken;;;;;;;;;;;;;
b_olseda;Olseda;;;;;;;;;;;;;
b_olseda_adj;Olseda;;;;;;;;;;;;;
b_olseda_desc;Olseda;;;;;;;;;;;;;
b_edsbo;Edsbo;;;;;;;;;;;;;
b_edsbo_adj;Edsbo;;;;;;;;;;;;;
b_edsbo_desc;Edsbo;;;;;;;;;;;;;
b_mrdalen;Mrdalen;;;;;;;;;;;;;
b_mrdalen_adj;Mrdalen;;;;;;;;;;;;;
b_mrdalen_desc;Mrdalen;;;;;;;;;;;;;
b_stanwic;Stanwic;;;;;;;;;;;;;
b_stanwic_adj;Stanwic;;;;;;;;;;;;;
b_stanwic_desc;Stanwic;;;;;;;;;;;;;
b_walthwic;Walthwic;;;;;;;;;;;;;
b_walthwic_adj;Walthwic;;;;;;;;;;;;;
b_walthwic_desc;Walthwic;;;;;;;;;;;;;
b_caerwic;Caerwic;;;;;;;;;;;;;
b_caerwic_adj;Caerwic;;;;;;;;;;;;;
b_caerwic_desc;Caerwic;;;;;;;;;;;;;
b_wicford;Wicford;;;;;;;;;;;;;
b_wicford_adj;Wicford;;;;;;;;;;;;;
b_wicford_desc;Wicford;;;;;;;;;;;;;
b_ankerud;Ankerud;;;;;;;;;;;;;
b_ankerud_adj;Ankerud;;;;;;;;;;;;;
b_ankerud_desc;Ankerud;;;;;;;;;;;;;
b_vallebo;Vallebo;;;;;;;;;;;;;
b_vallebo_adj;Vallebo;;;;;;;;;;;;;
b_vallebo_desc;Vallebo;;;;;;;;;;;;;
b_fruvered;Fruvered;;;;;;;;;;;;;
b_fruvered_adj;Fruvered;;;;;;;;;;;;;
b_fruvered_desc;Fruvered;;;;;;;;;;;;;
b_lvholm;Lvholm;;;;;;;;;;;;;
b_lvholm_adj;Lvholm;;;;;;;;;;;;;
b_lvholm_desc;Lvholm;;;;;;;;;;;;;
b_mellen;Mellen;;;;;;;;;;;;;
b_mellen_adj;Mellen;;;;;;;;;;;;;
b_mellen_desc;Mellen;;;;;;;;;;;;;
b_vilsbyn;Vilsbyn;;;;;;;;;;;;;
b_vilsbyn_adj;Vilsbyn;;;;;;;;;;;;;
b_vilsbyn_desc;Vilsbyn;;;;;;;;;;;;;
b_kcken;Kcken;;;;;;;;;;;;;
b_kcken_adj;Kcken;;;;;;;;;;;;;
b_kcken_desc;Kcken;;;;;;;;;;;;;
b_riseboda;Riseboda;;;;;;;;;;;;;
b_riseboda_adj;Riseboda;;;;;;;;;;;;;
b_riseboda_desc;Riseboda;;;;;;;;;;;;;
b_skesbro;Skesbro;;;;;;;;;;;;;
b_skesbro_adj;Skesbro;;;;;;;;;;;;;
b_skesbro_desc;Skesbro;;;;;;;;;;;;;
b_valen;Valen;;;;;;;;;;;;;
b_valen_adj;Valen;;;;;;;;;;;;;
b_valen_desc;Valen;;;;;;;;;;;;;
b_skullen;Skullen;;;;;;;;;;;;;
b_skullen_adj;Skullen;;;;;;;;;;;;;
b_skullen_desc;Skullen;;;;;;;;;;;;;
b_strangom;Strangom;;;;;;;;;;;;;
b_strangom_adj;Strangom;;;;;;;;;;;;;
b_strangom_desc;Strangom;;;;;;;;;;;;;
b_grunnet;Grunnet;;;;;;;;;;;;;
b_grunnet_adj;Grunnet;;;;;;;;;;;;;
b_grunnet_desc;Grunnet;;;;;;;;;;;;;
b_linneby;Linneby;;;;;;;;;;;;;
b_linneby_adj;Linneby;;;;;;;;;;;;;
b_linneby_desc;Linneby;;;;;;;;;;;;;
b_sklldala;Sklldala;;;;;;;;;;;;;
b_sklldala_adj;Sklldala;;;;;;;;;;;;;
b_sklldala_desc;Sklldala;;;;;;;;;;;;;
b_grunebo;Grunebo;;;;;;;;;;;;;
b_grunebo_adj;Grunebo;;;;;;;;;;;;;
b_grunebo_desc;Grunebo;;;;;;;;;;;;;
b_husbyn;Husbyn;;;;;;;;;;;;;
b_husbyn_adj;Husbyn;;;;;;;;;;;;;
b_husbyn_desc;Husbyn;;;;;;;;;;;;;
b_nsborg;Nsborg;;;;;;;;;;;;;
b_nsborg_adj;Nsborg;;;;;;;;;;;;;
b_nsborg_desc;Nsborg;;;;;;;;;;;;;
b_saulene;Saulene;;;;;;;;;;;;;
b_saulene_adj;Saulene;;;;;;;;;;;;;
b_saulene_desc;Saulene;;;;;;;;;;;;;
b_birzene;Birzene;;;;;;;;;;;;;
b_birzene_adj;Birzene;;;;;;;;;;;;;
b_birzene_desc;Birzene;;;;;;;;;;;;;
b_stalnava;Stalnava;;;;;;;;;;;;;
b_stalnava_adj;Stalnava;;;;;;;;;;;;;
b_stalnava_desc;Stalnava;;;;;;;;;;;;;
b_plavene;Plavene;;;;;;;;;;;;;
b_plavene_adj;Plavene;;;;;;;;;;;;;
b_plavene_desc;Plavene;;;;;;;;;;;;;
b_rausene;Rausene;;;;;;;;;;;;;
b_rausene_adj;Rausene;;;;;;;;;;;;;
b_rausene_desc;Rausene;;;;;;;;;;;;;
b_rausava;Rausava;;;;;;;;;;;;;
b_rausava_adj;Rausava;;;;;;;;;;;;;
b_rausava_desc;Rausava;;;;;;;;;;;;;
b_daugmare;Daugmare;;;;;;;;;;;;;
b_daugmare_adj;Daugmare;;;;;;;;;;;;;
b_daugmare_desc;Daugmare;;;;;;;;;;;;;
b_melnkalni;Melnkalni;;;;;;;;;;;;;
b_melnkalni_adj;Melnkalni;;;;;;;;;;;;;
b_melnkalni_desc;Melnkalni;;;;;;;;;;;;;
b_salgale;Salgale;;;;;;;;;;;;;
b_salgale_adj;Salgale;;;;;;;;;;;;;
b_salgale_desc;Salgale;;;;;;;;;;;;;
b_aizgale;Aizgale;;;;;;;;;;;;;
b_aizgale_adj;Aizgale;;;;;;;;;;;;;
b_aizgale_desc;Aizgale;;;;;;;;;;;;;
b_vidgale;Vidgale;;;;;;;;;;;;;
b_vidgale_adj;Vidgale;;;;;;;;;;;;;
b_vidgale_desc;Vidgale;;;;;;;;;;;;;
b_purgale;Purgale;;;;;;;;;;;;;
b_purgale_adj;Purgale;;;;;;;;;;;;;
b_purgale_desc;Purgale;;;;;;;;;;;;;
b_upkalni;Upkalni;;;;;;;;;;;;;
b_upkalni_adj;Upkalni;;;;;;;;;;;;;
b_upkalni_desc;Upkalni;;;;;;;;;;;;;
b_friden;Friden;;;;;;;;;;;;;
b_friden_adj;Friden;;;;;;;;;;;;;
b_friden_desc;Friden;;;;;;;;;;;;;
b_getorp;Getorp;;;;;;;;;;;;;
b_getorp_adj;Getorp;;;;;;;;;;;;;
b_getorp_desc;Getorp;;;;;;;;;;;;;
b_guntarup;Guntarup;;;;;;;;;;;;;
b_guntarup_adj;Guntarup;;;;;;;;;;;;;
b_guntarup_desc;Guntarup;;;;;;;;;;;;;
b_stppen;Stppen;;;;;;;;;;;;;
b_stppen_adj;Stppen;;;;;;;;;;;;;
b_stppen_desc;Stppen;;;;;;;;;;;;;
b_gundal;Gundal;;;;;;;;;;;;;
b_gundal_adj;Gundal;;;;;;;;;;;;;
b_gundal_desc;Gundal;;;;;;;;;;;;;
b_tockfors;Tockfors;;;;;;;;;;;;;
b_tockfors_adj;Tockfors;;;;;;;;;;;;;
b_tockfors_desc;Tockfors;;;;;;;;;;;;;
b_hagrden;Hagrden;;;;;;;;;;;;;
b_hagrden_adj;Hagrden;;;;;;;;;;;;;
b_hagrden_desc;Hagrden;;;;;;;;;;;;;
b_bullabo;Bullabo;;;;;;;;;;;;;
b_bullabo_adj;Bullabo;;;;;;;;;;;;;
b_bullabo_desc;Bullabo;;;;;;;;;;;;;
b_brukemla;Brukemla;;;;;;;;;;;;;
b_brukemla_adj;Brukemla;;;;;;;;;;;;;
b_brukemla_desc;Brukemla;;;;;;;;;;;;;
b_lyserud;Lyserud;;;;;;;;;;;;;
b_lyserud_adj;Lyserud;;;;;;;;;;;;;
b_lyserud_desc;Lyserud;;;;;;;;;;;;;
b_ssele;Ssele;;;;;;;;;;;;;
b_ssele_adj;Ssele;;;;;;;;;;;;;
b_ssele_desc;Ssele;;;;;;;;;;;;;
b_kaltene;Kaltene;;;;;;;;;;;;;
b_kaltene_adj;Kaltene;;;;;;;;;;;;;
b_kaltene_desc;Kaltene;;;;;;;;;;;;;
b_priedava;Priedava;;;;;;;;;;;;;
b_priedava_adj;Priedava;;;;;;;;;;;;;
b_priedava_desc;Priedava;;;;;;;;;;;;;
b_niedrava;Niedrava;;;;;;;;;;;;;
b_niedrava_adj;Niedrava;;;;;;;;;;;;;
b_niedrava_desc;Niedrava;;;;;;;;;;;;;
b_silgale;Silgale;;;;;;;;;;;;;
b_silgale_adj;Silgale;;;;;;;;;;;;;
b_silgale_desc;Silgale;;;;;;;;;;;;;
b_rudzene;Rudzene;;;;;;;;;;;;;
b_rudzene_adj;Rudzene;;;;;;;;;;;;;
b_rudzene_desc;Rudzene;;;;;;;;;;;;;
b_ozolene;Ozolene;;;;;;;;;;;;;
b_ozolene_adj;Ozolene;;;;;;;;;;;;;
b_ozolene_desc;Ozolene;;;;;;;;;;;;;
b_tirgava;Tirgava;;;;;;;;;;;;;
b_tirgava_adj;Tirgava;;;;;;;;;;;;;
b_tirgava_desc;Tirgava;;;;;;;;;;;;;
b_varkalne;Varkalne;;;;;;;;;;;;;
b_varkalne_adj;Varkalne;;;;;;;;;;;;;
b_varkalne_desc;Varkalne;;;;;;;;;;;;;
b_salnene;Salnene;;;;;;;;;;;;;
b_salnene_adj;Salnene;;;;;;;;;;;;;
b_salnene_desc;Salnene;;;;;;;;;;;;;
b_turlava;Turlava;;;;;;;;;;;;;
b_turlava_adj;Turlava;;;;;;;;;;;;;
b_turlava_desc;Turlava;;;;;;;;;;;;;
b_ziedava;Ziedava;;;;;;;;;;;;;
b_ziedava_adj;Ziedava;;;;;;;;;;;;;
b_ziedava_desc;Ziedava;;;;;;;;;;;;;
b_dambupe;Dambupe;;;;;;;;;;;;;
b_dambupe_adj;Dambupe;;;;;;;;;;;;;
b_dambupe_desc;Dambupe;;;;;;;;;;;;;
b_zelgava;Zelgava;;;;;;;;;;;;;
b_zelgava_adj;Zelgava;;;;;;;;;;;;;
b_zelgava_desc;Zelgava;;;;;;;;;;;;;
b_kocka;Kocka;;;;;;;;;;;;;
b_kocka_adj;Kocka;;;;;;;;;;;;;
b_kocka_desc;Kocka;;;;;;;;;;;;;
b_tegaryd;Tegaryd;;;;;;;;;;;;;
b_tegaryd_adj;Tegaryd;;;;;;;;;;;;;
b_tegaryd_desc;Tegaryd;;;;;;;;;;;;;
b_knived;Knived;;;;;;;;;;;;;
b_knived_adj;Knived;;;;;;;;;;;;;
b_knived_desc;Knived;;;;;;;;;;;;;
b_delviken;Delviken;;;;;;;;;;;;;
b_delviken_adj;Delviken;;;;;;;;;;;;;
b_delviken_desc;Delviken;;;;;;;;;;;;;
b_norhamn;Norhamn;;;;;;;;;;;;;
b_norhamn_adj;Norhamn;;;;;;;;;;;;;
b_norhamn_desc;Norhamn;;;;;;;;;;;;;
b_vilund;Vilund;;;;;;;;;;;;;
b_vilund_adj;Vilund;;;;;;;;;;;;;
b_vilund_desc;Vilund;;;;;;;;;;;;;
b_silla;Silla;;;;;;;;;;;;;
b_silla_adj;Silla;;;;;;;;;;;;;
b_silla_desc;Silla;;;;;;;;;;;;;
b_gylla;Gylla;;;;;;;;;;;;;
b_gylla_adj;Gylla;;;;;;;;;;;;;
b_gylla_desc;Gylla;;;;;;;;;;;;;
b_krans;Krans;;;;;;;;;;;;;
b_krans_adj;Krans;;;;;;;;;;;;;
b_krans_desc;Krans;;;;;;;;;;;;;
b_kvarlsa;Kvarlsa;;;;;;;;;;;;;
b_kvarlsa_adj;Kvarlsa;;;;;;;;;;;;;
b_kvarlsa_desc;Kvarlsa;;;;;;;;;;;;;
b_mrbyn;Mrbyn;;;;;;;;;;;;;
b_mrbyn_adj;Mrbyn;;;;;;;;;;;;;
b_mrbyn_desc;Mrbyn;;;;;;;;;;;;;
b_fllebo;Fllebo;;;;;;;;;;;;;
b_fllebo_adj;Fllebo;;;;;;;;;;;;;
b_fllebo_desc;Fllebo;;;;;;;;;;;;;
b_rinda;Rinda;;;;;;;;;;;;;
b_rinda_adj;Rinda;;;;;;;;;;;;;
b_rinda_desc;Rinda;;;;;;;;;;;;;
b_brund;Brund;;;;;;;;;;;;;
b_brund_adj;Brund;;;;;;;;;;;;;
b_brund_desc;Brund;;;;;;;;;;;;;
b_uddebol;Uddebol;;;;;;;;;;;;;
b_uddebol_adj;Uddebol;;;;;;;;;;;;;
b_uddebol_desc;Uddebol;;;;;;;;;;;;;
b_lebyn;Lebyn;;;;;;;;;;;;;
b_lebyn_adj;Lebyn;;;;;;;;;;;;;
b_lebyn_desc;Lebyn;;;;;;;;;;;;;
b_kalen;Kalen;;;;;;;;;;;;;
b_kalen_adj;Kalen;;;;;;;;;;;;;
b_kalen_desc;Kalen;;;;;;;;;;;;;
b_viden;Viden;;;;;;;;;;;;;
b_viden_adj;Viden;;;;;;;;;;;;;
b_viden_desc;Viden;;;;;;;;;;;;;
b_mundskog;Mundskog;;;;;;;;;;;;;
b_mundskog_adj;Mundskog;;;;;;;;;;;;;
b_mundskog_desc;Mundskog;;;;;;;;;;;;;
b_barrbyn;Barrbyn;;;;;;;;;;;;;
b_barrbyn_adj;Barrbyn;;;;;;;;;;;;;
b_barrbyn_desc;Barrbyn;;;;;;;;;;;;;
b_kulynia;Kulynia;;;;;;;;;;;;;
b_kulynia_adj;Kulynia;;;;;;;;;;;;;
b_kulynia_desc;Kulynia;;;;;;;;;;;;;
b_dyane;Dyane;;;;;;;;;;;;;
b_dyane_adj;Dyane;;;;;;;;;;;;;
b_dyane_desc;Dyane;;;;;;;;;;;;;
b_myrichne;Myrichne;;;;;;;;;;;;;
b_myrichne_adj;Myrichne;;;;;;;;;;;;;
b_myrichne_desc;Myrichne;;;;;;;;;;;;;
b_zaverza;Zaverza;;;;;;;;;;;;;
b_zaverza_adj;Zaverza;;;;;;;;;;;;;
b_zaverza_desc;Zaverza;;;;;;;;;;;;;
b_konkivka;Konkivka;;;;;;;;;;;;;
b_konkivka_adj;Konkivka;;;;;;;;;;;;;
b_konkivka_desc;Konkivka;;;;;;;;;;;;;
b_buzhva;Buzhva;;;;;;;;;;;;;
b_buzhva_adj;Buzhva;;;;;;;;;;;;;
b_buzhva_desc;Buzhva;;;;;;;;;;;;;
b_simirka;Simirka;;;;;;;;;;;;;
b_simirka_adj;Simirka;;;;;;;;;;;;;
b_simirka_desc;Simirka;;;;;;;;;;;;;
b_lyshna;Lyshna;;;;;;;;;;;;;
b_lyshna_adj;Lyshna;;;;;;;;;;;;;
b_lyshna_desc;Lyshna;;;;;;;;;;;;;
b_karptsia;Karptsia;;;;;;;;;;;;;
b_karptsia_adj;Karptsia;;;;;;;;;;;;;
b_karptsia_desc;Karptsia;;;;;;;;;;;;;
b_varka;Varka;;;;;;;;;;;;;
b_varka_adj;Varka;;;;;;;;;;;;;
b_varka_desc;Varka;;;;;;;;;;;;;
b_shevka;Shevka;;;;;;;;;;;;;
b_shevka_adj;Shevka;;;;;;;;;;;;;
b_shevka_desc;Shevka;;;;;;;;;;;;;
b_kotske;Kotske;;;;;;;;;;;;;
b_kotske_adj;Kotske;;;;;;;;;;;;;
b_kotske_desc;Kotske;;;;;;;;;;;;;
b_hanytsi;Hanytsi;;;;;;;;;;;;;
b_hanytsi_adj;Hanytsi;;;;;;;;;;;;;
b_hanytsi_desc;Hanytsi;;;;;;;;;;;;;
b_nikove;Nikove;;;;;;;;;;;;;
b_nikove_adj;Nikove;;;;;;;;;;;;;
b_nikove_desc;Nikove;;;;;;;;;;;;;
b_shchyn;Shchyn;;;;;;;;;;;;;
b_shchyn_adj;Shchyn;;;;;;;;;;;;;
b_shchyn_desc;Shchyn;;;;;;;;;;;;;
b_turky;Turky;;;;;;;;;;;;;
b_turky_adj;Turky;;;;;;;;;;;;;
b_turky_desc;Turky;;;;;;;;;;;;;
b_triivka;Triivka;;;;;;;;;;;;;
b_triivka_adj;Triivka;;;;;;;;;;;;;
b_triivka_desc;Triivka;;;;;;;;;;;;;
b_okhivka;Okhivka;;;;;;;;;;;;;
b_okhivka_adj;Okhivka;;;;;;;;;;;;;
b_okhivka_desc;Okhivka;;;;;;;;;;;;;
b_beivka;Beivka;;;;;;;;;;;;;
b_beivka_adj;Beivka;;;;;;;;;;;;;
b_beivka_desc;Beivka;;;;;;;;;;;;;
b_yuryna;Yuryna;;;;;;;;;;;;;
b_yuryna_adj;Yuryna;;;;;;;;;;;;;
b_yuryna_desc;Yuryna;;;;;;;;;;;;;
b_kurunsta;Kurunsta;;;;;;;;;;;;;
b_kurunsta_adj;Kurunsta;;;;;;;;;;;;;
b_kurunsta_desc;Kurunsta;;;;;;;;;;;;;
b_medsj;Medsj;;;;;;;;;;;;;
b_medsj_adj;Medsj;;;;;;;;;;;;;
b_medsj_desc;Medsj;;;;;;;;;;;;;
b_dvsten;Dvsten;;;;;;;;;;;;;
b_dvsten_adj;Dvsten;;;;;;;;;;;;;
b_dvsten_desc;Dvsten;;;;;;;;;;;;;
b_svedbo;Svedbo;;;;;;;;;;;;;
b_svedbo_adj;Svedbo;;;;;;;;;;;;;
b_svedbo_desc;Svedbo;;;;;;;;;;;;;
b_hrushyna;Hrushyna;;;;;;;;;;;;;
b_hrushyna_adj;Hrushyna;;;;;;;;;;;;;
b_hrushyna_desc;Hrushyna;;;;;;;;;;;;;
b_zamivtsi;Zamivtsi;;;;;;;;;;;;;
b_zamivtsi_adj;Zamivtsi;;;;;;;;;;;;;
b_zamivtsi_desc;Zamivtsi;;;;;;;;;;;;;
b_lotnya;Lotnya;;;;;;;;;;;;;
b_lotnya_adj;Lotnya;;;;;;;;;;;;;
b_lotnya_desc;Lotnya;;;;;;;;;;;;;
b_urzhanka;Urzhanka;;;;;;;;;;;;;
b_urzhanka_adj;Urzhanka;;;;;;;;;;;;;
b_urzhanka_desc;Urzhanka;;;;;;;;;;;;;
b_teryanka;Teryanka;;;;;;;;;;;;;
b_teryanka_adj;Teryanka;;;;;;;;;;;;;
b_teryanka_desc;Teryanka;;;;;;;;;;;;;
b_starovka;Starovka;;;;;;;;;;;;;
b_starovka_adj;Starovka;;;;;;;;;;;;;
b_starovka_desc;Starovka;;;;;;;;;;;;;
b_nemivtsi;Nemivtsi;;;;;;;;;;;;;
b_nemivtsi_adj;Nemivtsi;;;;;;;;;;;;;
b_nemivtsi_desc;Nemivtsi;;;;;;;;;;;;;
b_kozintsi;Kozintsi;;;;;;;;;;;;;
b_kozintsi_adj;Kozintsi;;;;;;;;;;;;;
b_kozintsi_desc;Kozintsi;;;;;;;;;;;;;
b_mytsi;Mytsi;;;;;;;;;;;;;
b_mytsi_adj;Mytsi;;;;;;;;;;;;;
b_mytsi_desc;Mytsi;;;;;;;;;;;;;
b_volyuvka;Volyuvka;;;;;;;;;;;;;
b_volyuvka_adj;Volyuvka;;;;;;;;;;;;;
b_volyuvka_desc;Volyuvka;;;;;;;;;;;;;
b_grabske;Grabske;;;;;;;;;;;;;
b_grabske_adj;Grabske;;;;;;;;;;;;;
b_grabske_desc;Grabske;;;;;;;;;;;;;
b_plotnya;Plotnya;;;;;;;;;;;;;
b_plotnya_adj;Plotnya;;;;;;;;;;;;;
b_plotnya_desc;Plotnya;;;;;;;;;;;;;
b_zaparka;Zaparka;;;;;;;;;;;;;
b_zaparka_adj;Zaparka;;;;;;;;;;;;;
b_zaparka_desc;Zaparka;;;;;;;;;;;;;
b_dachivka;Dachivka;;;;;;;;;;;;;
b_dachivka_adj;Dachivka;;;;;;;;;;;;;
b_dachivka_desc;Dachivka;;;;;;;;;;;;;
b_vysha;Vysha;;;;;;;;;;;;;
b_vysha_adj;Vysha;;;;;;;;;;;;;
b_vysha_desc;Vysha;;;;;;;;;;;;;
b_orivka;Orivka;;;;;;;;;;;;;
b_orivka_adj;Orivka;;;;;;;;;;;;;
b_orivka_desc;Orivka;;;;;;;;;;;;;
b_kurovo;Kurovo;;;;;;;;;;;;;
b_kurovo_adj;Kurovo;;;;;;;;;;;;;
b_kurovo_desc;Kurovo;;;;;;;;;;;;;
b_blyshky;Blyshky;;;;;;;;;;;;;
b_blyshky_adj;Blyshky;;;;;;;;;;;;;
b_blyshky_desc;Blyshky;;;;;;;;;;;;;
b_tylia;Tylia;;;;;;;;;;;;;
b_tylia_adj;Tylia;;;;;;;;;;;;;
b_tylia_desc;Tylia;;;;;;;;;;;;;
b_koche;Koche;;;;;;;;;;;;;
b_koche_adj;Koche;;;;;;;;;;;;;
b_koche_desc;Koche;;;;;;;;;;;;;
b_glukove;Glukove;;;;;;;;;;;;;
b_glukove_adj;Glukove;;;;;;;;;;;;;
b_glukove_desc;Glukove;;;;;;;;;;;;;
b_darenkiv;Darenkiv;;;;;;;;;;;;;
b_darenkiv_adj;Darenkiv;;;;;;;;;;;;;
b_darenkiv_desc;Darenkiv;;;;;;;;;;;;;
b_velchyna;Velchyna;;;;;;;;;;;;;
b_velchyna_adj;Velchyna;;;;;;;;;;;;;
b_velchyna_desc;Velchyna;;;;;;;;;;;;;
b_horosia;Horosia;;;;;;;;;;;;;
b_horosia_adj;Horosia;;;;;;;;;;;;;
b_horosia_desc;Horosia;;;;;;;;;;;;;
b_likiv;Likiv;;;;;;;;;;;;;
b_likiv_adj;Likiv;;;;;;;;;;;;;
b_likiv_desc;Likiv;;;;;;;;;;;;;
b_vinka;Vinka;;;;;;;;;;;;;
b_vinka_adj;Vinka;;;;;;;;;;;;;
b_vinka_desc;Vinka;;;;;;;;;;;;;
b_levenka;Levenka;;;;;;;;;;;;;
b_levenka_adj;Levenka;;;;;;;;;;;;;
b_levenka_desc;Levenka;;;;;;;;;;;;;
b_vatka;Vatka;;;;;;;;;;;;;
b_vatka_adj;Vatka;;;;;;;;;;;;;
b_vatka_desc;Vatka;;;;;;;;;;;;;
b_gutsia;Gutsia;;;;;;;;;;;;;
b_gutsia_adj;Gutsia;;;;;;;;;;;;;
b_gutsia_desc;Gutsia;;;;;;;;;;;;;
b_hryny;Hryny;;;;;;;;;;;;;
b_hryny_adj;Hryny;;;;;;;;;;;;;
b_hryny_desc;Hryny;;;;;;;;;;;;;
b_susivka;Susivka;;;;;;;;;;;;;
b_susivka_adj;Susivka;;;;;;;;;;;;;
b_susivka_desc;Susivka;;;;;;;;;;;;;
b_snivka;Snivka;;;;;;;;;;;;;
b_snivka_adj;Snivka;;;;;;;;;;;;;
b_snivka_desc;Snivka;;;;;;;;;;;;;
b_butovka;Butovka;;;;;;;;;;;;;
b_butovka_adj;Butovka;;;;;;;;;;;;;
b_butovka_desc;Butovka;;;;;;;;;;;;;
b_hanove;Hanove;;;;;;;;;;;;;
b_hanove_adj;Hanove;;;;;;;;;;;;;
b_hanove_desc;Hanove;;;;;;;;;;;;;
b_skrivka;Skrivka;;;;;;;;;;;;;
b_skrivka_adj;Skrivka;;;;;;;;;;;;;
b_skrivka_desc;Skrivka;;;;;;;;;;;;;
b_dehtiahy;Dehtiahy;;;;;;;;;;;;;
b_dehtiahy_adj;Dehtiahy;;;;;;;;;;;;;
b_dehtiahy_desc;Dehtiahy;;;;;;;;;;;;;
b_kornivka;Kornivka;;;;;;;;;;;;;
b_kornivka_adj;Kornivka;;;;;;;;;;;;;
b_kornivka_desc;Kornivka;;;;;;;;;;;;;
b_parinki;Parinki;;;;;;;;;;;;;
b_parinki_adj;Parinki;;;;;;;;;;;;;
b_parinki_desc;Parinki;;;;;;;;;;;;;
b_lairn;Lairn;;;;;;;;;;;;;
b_lairn_adj;Lairn;;;;;;;;;;;;;
b_lairn_desc;Lairn;;;;;;;;;;;;;
b_solister;Solister;;;;;;;;;;;;;
b_solister_adj;Solister;;;;;;;;;;;;;
b_solister_desc;Solister;;;;;;;;;;;;;
b_easlach;Easlach;;;;;;;;;;;;;
b_easlach_adj;Easlach;;;;;;;;;;;;;
b_easlach_desc;Easlach;;;;;;;;;;;;;
b_broch;Broch;;;;;;;;;;;;;
b_broch_adj;Broch;;;;;;;;;;;;;
b_broch_desc;Broch;;;;;;;;;;;;;
b_lochy;Lochy;;;;;;;;;;;;;
b_lochy_adj;Lochy;;;;;;;;;;;;;
b_lochy_desc;Lochy;;;;;;;;;;;;;
b_feorn;Feorn;;;;;;;;;;;;;
b_feorn_adj;Feorn;;;;;;;;;;;;;
b_feorn_desc;Feorn;;;;;;;;;;;;;
b_uidhtin;Uidhtin;;;;;;;;;;;;;
b_uidhtin_adj;Uidhtin;;;;;;;;;;;;;
b_uidhtin_desc;Uidhtin;;;;;;;;;;;;;
b_glenkie;Glenkie;;;;;;;;;;;;;
b_glenkie_adj;Glenkie;;;;;;;;;;;;;
b_glenkie_desc;Glenkie;;;;;;;;;;;;;
b_blargie;Blargie;;;;;;;;;;;;;
b_blargie_adj;Blargie;;;;;;;;;;;;;
b_blargie_desc;Blargie;;;;;;;;;;;;;
b_allyfour;Allyfour;;;;;;;;;;;;;
b_allyfour_adj;Allyfour;;;;;;;;;;;;;
b_allyfour_desc;Allyfour;;;;;;;;;;;;;
b_criemond;Criemond;;;;;;;;;;;;;
b_criemond_adj;Criemond;;;;;;;;;;;;;
b_criemond_desc;Criemond;;;;;;;;;;;;;
b_callogie;Callogie;;;;;;;;;;;;;
b_callogie_adj;Callogie;;;;;;;;;;;;;
b_callogie_desc;Callogie;;;;;;;;;;;;;
b_achael;Achael;;;;;;;;;;;;;
b_achael_adj;Achael;;;;;;;;;;;;;
b_achael_desc;Achael;;;;;;;;;;;;;
b_lochtown;Lochtown;;;;;;;;;;;;;
b_lochtown_adj;Lochtown;;;;;;;;;;;;;
b_lochtown_desc;Lochtown;;;;;;;;;;;;;
b_balnies;Balnies;;;;;;;;;;;;;
b_balnies_adj;Balnies;;;;;;;;;;;;;
b_balnies_desc;Balnies;;;;;;;;;;;;;
b_crarie;Crarie;;;;;;;;;;;;;
b_crarie_adj;Crarie;;;;;;;;;;;;;
b_crarie_desc;Crarie;;;;;;;;;;;;;
b_kilfin;Kilfin;;;;;;;;;;;;;
b_kilfin_adj;Kilfin;;;;;;;;;;;;;
b_kilfin_desc;Kilfin;;;;;;;;;;;;;
b_truan;Truan;;;;;;;;;;;;;
b_truan_adj;Truan;;;;;;;;;;;;;
b_truan_desc;Truan;;;;;;;;;;;;;
b_dorriff;Dorriff;;;;;;;;;;;;;
b_dorriff_adj;Dorriff;;;;;;;;;;;;;
b_dorriff_desc;Dorriff;;;;;;;;;;;;;
b_trumnay;Trumnay;;;;;;;;;;;;;
b_trumnay_adj;Trumnay;;;;;;;;;;;;;
b_trumnay_desc;Trumnay;;;;;;;;;;;;;
b_auchaden;Auchaden;;;;;;;;;;;;;
b_auchaden_adj;Auchaden;;;;;;;;;;;;;
b_auchaden_desc;Auchaden;;;;;;;;;;;;;
b_melfour;Melfour;;;;;;;;;;;;;
b_melfour_adj;Melfour;;;;;;;;;;;;;
b_melfour_desc;Melfour;;;;;;;;;;;;;
b_balguie;Balguie;;;;;;;;;;;;;
b_balguie_adj;Balguie;;;;;;;;;;;;;
b_balguie_desc;Balguie;;;;;;;;;;;;;
b_knish;Knish;;;;;;;;;;;;;
b_knish_adj;Knish;;;;;;;;;;;;;
b_knish_desc;Knish;;;;;;;;;;;;;
b_badale;Badale;;;;;;;;;;;;;
b_badale_adj;Badale;;;;;;;;;;;;;
b_badale_desc;Badale;;;;;;;;;;;;;
b_skadalm;Skadalm;;;;;;;;;;;;;
b_skadalm_adj;Skadalm;;;;;;;;;;;;;
b_skadalm_desc;Skadalm;;;;;;;;;;;;;
b_achally;Achally;;;;;;;;;;;;;
b_achally_adj;Achally;;;;;;;;;;;;;
b_achally_desc;Achally;;;;;;;;;;;;;
b_kervie;Kervie;;;;;;;;;;;;;
b_kervie_adj;Kervie;;;;;;;;;;;;;
b_kervie_desc;Kervie;;;;;;;;;;;;;
b_aravill;Aravill;;;;;;;;;;;;;
b_aravill_adj;Aravill;;;;;;;;;;;;;
b_aravill_desc;Aravill;;;;;;;;;;;;;
b_clyness;Clyness;;;;;;;;;;;;;
b_clyness_adj;Clyness;;;;;;;;;;;;;
b_clyness_desc;Clyness;;;;;;;;;;;;;
b_lewick;Lewick;;;;;;;;;;;;;
b_lewick_adj;Lewick;;;;;;;;;;;;;
b_lewick_desc;Lewick;;;;;;;;;;;;;
b_garran;Garran;;;;;;;;;;;;;
b_garran_adj;Garran;;;;;;;;;;;;;
b_garran_desc;Garran;;;;;;;;;;;;;
b_inverich;Inverich;;;;;;;;;;;;;
b_inverich_adj;Inverich;;;;;;;;;;;;;
b_inverich_desc;Inverich;;;;;;;;;;;;;
b_blachewe;Blachewe;;;;;;;;;;;;;
b_blachewe_adj;Blachewe;;;;;;;;;;;;;
b_blachewe_desc;Blachewe;;;;;;;;;;;;;
b_navaig;Navaig;;;;;;;;;;;;;
b_navaig_adj;Navaig;;;;;;;;;;;;;
b_navaig_desc;Navaig;;;;;;;;;;;;;
b_culsta;Culsta;;;;;;;;;;;;;
b_culsta_adj;Culsta;;;;;;;;;;;;;
b_culsta_desc;Culsta;;;;;;;;;;;;;
b_auchead;Auchead;;;;;;;;;;;;;
b_auchead_adj;Auchead;;;;;;;;;;;;;
b_auchead_desc;Auchead;;;;;;;;;;;;;
b_blach;Blach;;;;;;;;;;;;;
b_blach_adj;Blach;;;;;;;;;;;;;
b_blach_desc;Blach;;;;;;;;;;;;;
b_melbeg;Melbeg;;;;;;;;;;;;;
b_melbeg_adj;Melbeg;;;;;;;;;;;;;
b_melbeg_desc;Melbeg;;;;;;;;;;;;;
b_abost;Abost;;;;;;;;;;;;;
b_abost_adj;Abost;;;;;;;;;;;;;
b_abost_desc;Abost;;;;;;;;;;;;;
b_scarn;Scarn;;;;;;;;;;;;;
b_scarn_adj;Scarn;;;;;;;;;;;;;
b_scarn_desc;Scarn;;;;;;;;;;;;;
b_barrask;Barrask;;;;;;;;;;;;;
b_barrask_adj;Barrask;;;;;;;;;;;;;
b_barrask_desc;Barrask;;;;;;;;;;;;;
b_gartine;Gartine;;;;;;;;;;;;;
b_gartine_adj;Gartine;;;;;;;;;;;;;
b_gartine_desc;Gartine;;;;;;;;;;;;;
b_badsmoor;Badsmoor;;;;;;;;;;;;;
b_badsmoor_adj;Badsmoor;;;;;;;;;;;;;
b_badsmoor_desc;Badsmoor;;;;;;;;;;;;;
b_dudby;Dudby;;;;;;;;;;;;;
b_dudby_adj;Dudby;;;;;;;;;;;;;
b_dudby_desc;Dudby;;;;;;;;;;;;;
b_faulden;Faulden;;;;;;;;;;;;;
b_faulden_adj;Faulden;;;;;;;;;;;;;
b_faulden_desc;Faulden;;;;;;;;;;;;;
b_fasky;Fasky;;;;;;;;;;;;;
b_fasky_adj;Fasky;;;;;;;;;;;;;
b_fasky_desc;Fasky;;;;;;;;;;;;;
b_cladam;Cladam;;;;;;;;;;;;;
b_cladam_adj;Cladam;;;;;;;;;;;;;
b_cladam_desc;Cladam;;;;;;;;;;;;;
b_aikerron;Aikerron;;;;;;;;;;;;;
b_aikerron_adj;Aikerron;;;;;;;;;;;;;
b_aikerron_desc;Aikerron;;;;;;;;;;;;;
b_ardluigh;Ardluigh;;;;;;;;;;;;;
b_ardluigh_adj;Ardluigh;;;;;;;;;;;;;
b_ardluigh_desc;Ardluigh;;;;;;;;;;;;;
b_criaba;Criaba;;;;;;;;;;;;;
b_criaba_adj;Criaba;;;;;;;;;;;;;
b_criaba_desc;Criaba;;;;;;;;;;;;;
b_torrant;Torrant;;;;;;;;;;;;;
b_torrant_adj;Torrant;;;;;;;;;;;;;
b_torrant_desc;Torrant;;;;;;;;;;;;;
b_ardbrake;Ardbrake;;;;;;;;;;;;;
b_ardbrake_adj;Ardbrake;;;;;;;;;;;;;
b_ardbrake_desc;Ardbrake;;;;;;;;;;;;;
b_mulraig;Mulraig;;;;;;;;;;;;;
b_mulraig_adj;Mulraig;;;;;;;;;;;;;
b_mulraig_desc;Mulraig;;;;;;;;;;;;;
b_inveril;Inveril;;;;;;;;;;;;;
b_inveril_adj;Inveril;;;;;;;;;;;;;
b_inveril_desc;Inveril;;;;;;;;;;;;;
b_bouse;Bouse;;;;;;;;;;;;;
b_bouse_adj;Bouse;;;;;;;;;;;;;
b_bouse_desc;Bouse;;;;;;;;;;;;;
b_druie;Druie;;;;;;;;;;;;;
b_druie_adj;Druie;;;;;;;;;;;;;
b_druie_desc;Druie;;;;;;;;;;;;;
b_kilmall;Kilmall;;;;;;;;;;;;;
b_kilmall_adj;Kilmall;;;;;;;;;;;;;
b_kilmall_desc;Kilmall;;;;;;;;;;;;;
b_tistberg;Tistberg;;;;;;;;;;;;;
b_tistberg_adj;Tistberg;;;;;;;;;;;;;
b_tistberg_desc;Tistberg;;;;;;;;;;;;;
b_utterbo;Utterbo;;;;;;;;;;;;;
b_utterbo_adj;Utterbo;;;;;;;;;;;;;
b_utterbo_desc;Utterbo;;;;;;;;;;;;;
b_kllerbo;Kllerbo;;;;;;;;;;;;;
b_kllerbo_adj;Kllerbo;;;;;;;;;;;;;
b_kllerbo_desc;Kllerbo;;;;;;;;;;;;;
b_lommar;Lommar;;;;;;;;;;;;;
b_lommar_adj;Lommar;;;;;;;;;;;;;
b_lommar_desc;Lommar;;;;;;;;;;;;;
b_storsta;Storsta;;;;;;;;;;;;;
b_storsta_adj;Storsta;;;;;;;;;;;;;
b_storsta_desc;Storsta;;;;;;;;;;;;;
b_degerud;Degerud;;;;;;;;;;;;;
b_degerud_adj;Degerud;;;;;;;;;;;;;
b_degerud_desc;Degerud;;;;;;;;;;;;;
b_huggarp;Huggarp;;;;;;;;;;;;;
b_huggarp_adj;Huggarp;;;;;;;;;;;;;
b_huggarp_desc;Huggarp;;;;;;;;;;;;;
b_axemark;Axemark;;;;;;;;;;;;;
b_axemark_adj;Axemark;;;;;;;;;;;;;
b_axemark_desc;Axemark;;;;;;;;;;;;;
b_kubberga;Kubberga;;;;;;;;;;;;;
b_kubberga_adj;Kubberga;;;;;;;;;;;;;
b_kubberga_desc;Kubberga;;;;;;;;;;;;;
b_bodar;Bodar;;;;;;;;;;;;;
b_bodar_adj;Bodar;;;;;;;;;;;;;
b_bodar_desc;Bodar;;;;;;;;;;;;;
b_bjurte;Bjurte;;;;;;;;;;;;;
b_bjurte_adj;Bjurte;;;;;;;;;;;;;
b_bjurte_desc;Bjurte;;;;;;;;;;;;;
b_rssberg;Rssberg;;;;;;;;;;;;;
b_rssberg_adj;Rssberg;;;;;;;;;;;;;
b_rssberg_desc;Rssberg;;;;;;;;;;;;;
b_fagene;Fagene;;;;;;;;;;;;;
b_fagene_adj;Fagene;;;;;;;;;;;;;
b_fagene_desc;Fagene;;;;;;;;;;;;;
b_kerekil;Kerekil;;;;;;;;;;;;;
b_kerekil_adj;Kerekil;;;;;;;;;;;;;
b_kerekil_desc;Kerekil;;;;;;;;;;;;;
b_kallberg;Kallberg;;;;;;;;;;;;;
b_kallberg_adj;Kallberg;;;;;;;;;;;;;
b_kallberg_desc;Kallberg;;;;;;;;;;;;;
b_nissen;Nissen;;;;;;;;;;;;;
b_nissen_adj;Nissen;;;;;;;;;;;;;
b_nissen_desc;Nissen;;;;;;;;;;;;;
b_mjlshult;Mjlshult;;;;;;;;;;;;;
b_mjlshult_adj;Mjlshult;;;;;;;;;;;;;
b_mjlshult_desc;Mjlshult;;;;;;;;;;;;;
b_kyrken;Kyrken;;;;;;;;;;;;;
b_kyrken_adj;Kyrken;;;;;;;;;;;;;
b_kyrken_desc;Kyrken;;;;;;;;;;;;;
b_mlnda;Mlnda;;;;;;;;;;;;;
b_mlnda_adj;Mlnda;;;;;;;;;;;;;
b_mlnda_desc;Mlnda;;;;;;;;;;;;;
b_skacken;Skacken;;;;;;;;;;;;;
b_skacken_adj;Skacken;;;;;;;;;;;;;
b_skacken_desc;Skacken;;;;;;;;;;;;;
b_fullund;Fullund;;;;;;;;;;;;;
b_fullund_adj;Fullund;;;;;;;;;;;;;
b_fullund_desc;Fullund;;;;;;;;;;;;;
b_sidsberg;Sidsberg;;;;;;;;;;;;;
b_sidsberg_adj;Sidsberg;;;;;;;;;;;;;
b_sidsberg_desc;Sidsberg;;;;;;;;;;;;;
b_eskruv;Eskruv;;;;;;;;;;;;;
b_eskruv_adj;Eskruv;;;;;;;;;;;;;
b_eskruv_desc;Eskruv;;;;;;;;;;;;;
b_tomtbjrn;Tomtbjrn;;;;;;;;;;;;;
b_tomtbjrn_adj;Tomtbjrn;;;;;;;;;;;;;
b_tomtbjrn_desc;Tomtbjrn;;;;;;;;;;;;;
b_vngerud;Vngerud;;;;;;;;;;;;;
b_vngerud_adj;Vngerud;;;;;;;;;;;;;
b_vngerud_desc;Vngerud;;;;;;;;;;;;;
b_almen;Almen;;;;;;;;;;;;;
b_almen_adj;Almen;;;;;;;;;;;;;
b_almen_desc;Almen;;;;;;;;;;;;;
b_vstaden;Vstaden;;;;;;;;;;;;;
b_vstaden_adj;Vstaden;;;;;;;;;;;;;
b_vstaden_desc;Vstaden;;;;;;;;;;;;;
b_rrdala;Rrdala;;;;;;;;;;;;;
b_rrdala_adj;Rrdala;;;;;;;;;;;;;
b_rrdala_desc;Rrdala;;;;;;;;;;;;;
b_tunarp;Tunarp;;;;;;;;;;;;;
b_tunarp_adj;Tunarp;;;;;;;;;;;;;
b_tunarp_desc;Tunarp;;;;;;;;;;;;;
b_seboda;Seboda;;;;;;;;;;;;;
b_seboda_adj;Seboda;;;;;;;;;;;;;
b_seboda_desc;Seboda;;;;;;;;;;;;;
b_vidsen;Vidsen;;;;;;;;;;;;;
b_vidsen_adj;Vidsen;;;;;;;;;;;;;
b_vidsen_desc;Vidsen;;;;;;;;;;;;;
b_malkroka;Malkroka;;;;;;;;;;;;;
b_malkroka_adj;Malkroka;;;;;;;;;;;;;
b_malkroka_desc;Malkroka;;;;;;;;;;;;;
b_koppa;Koppa;;;;;;;;;;;;;
b_koppa_adj;Koppa;;;;;;;;;;;;;
b_koppa_desc;Koppa;;;;;;;;;;;;;
b_brteby;Brteby;;;;;;;;;;;;;
b_brteby_adj;Brteby;;;;;;;;;;;;;
b_brteby_desc;Brteby;;;;;;;;;;;;;
b_rissing;Rissing;;;;;;;;;;;;;
b_rissing_adj;Rissing;;;;;;;;;;;;;
b_rissing_desc;Rissing;;;;;;;;;;;;;
b_sarve;Sarve;;;;;;;;;;;;;
b_sarve_adj;Sarve;;;;;;;;;;;;;
b_sarve_desc;Sarve;;;;;;;;;;;;;
b_lystum;Lystum;;;;;;;;;;;;;
b_lystum_adj;Lystum;;;;;;;;;;;;;
b_lystum_desc;Lystum;;;;;;;;;;;;;
b_prlsbo;Prlsbo;;;;;;;;;;;;;
b_prlsbo_adj;Prlsbo;;;;;;;;;;;;;
b_prlsbo_desc;Prlsbo;;;;;;;;;;;;;
b_frigbo;Frigbo;;;;;;;;;;;;;
b_frigbo_adj;Frigbo;;;;;;;;;;;;;
b_frigbo_desc;Frigbo;;;;;;;;;;;;;
b_tarbo;Tarbo;;;;;;;;;;;;;
b_tarbo_adj;Tarbo;;;;;;;;;;;;;
b_tarbo_desc;Tarbo;;;;;;;;;;;;;
b_vexorum;Vexorum;;;;;;;;;;;;;
b_vexorum_adj;Vexorum;;;;;;;;;;;;;
b_vexorum_desc;Vexorum;;;;;;;;;;;;;
b_vornakha;Vornakha;;;;;;;;;;;;;
b_vornakha_adj;Vornakha;;;;;;;;;;;;;
b_vornakha_desc;Vornakha;;;;;;;;;;;;;
b_relvakhar;Relvakhar;;;;;;;;;;;;;
b_relvakhar_adj;Relvakhar;;;;;;;;;;;;;
b_relvakhar_desc;Relvakhar;;;;;;;;;;;;;
b_qathuron;Qathuron;;;;;;;;;;;;;
b_qathuron_adj;Qathuron;;;;;;;;;;;;;
b_qathuron_desc;Qathuron;;;;;;;;;;;;;
b_vurkhenn;Vurkhenn;;;;;;;;;;;;;
b_vurkhenn_adj;Vurkhenn;;;;;;;;;;;;;
b_vurkhenn_desc;Vurkhenn;;;;;;;;;;;;;
b_drakhul;Drakhul;;;;;;;;;;;;;
b_drakhul_adj;Drakhul;;;;;;;;;;;;;
b_drakhul_desc;Drakhul;;;;;;;;;;;;;
b_harrivex;Harrivex;;;;;;;;;;;;;
b_harrivex_adj;Harrivex;;;;;;;;;;;;;
b_harrivex_desc;Harrivex;;;;;;;;;;;;;
b_zennukar;Zennukar;;;;;;;;;;;;;
b_zennukar_adj;Zennukar;;;;;;;;;;;;;
b_zennukar_desc;Zennukar;;;;;;;;;;;;;
b_hurrizan;Hurrizan;;;;;;;;;;;;;
b_hurrizan_adj;Hurrizan;;;;;;;;;;;;;
b_hurrizan_desc;Hurrizan;;;;;;;;;;;;;
b_ulhennor;Ulhennor;;;;;;;;;;;;;
b_ulhennor_adj;Ulhennor;;;;;;;;;;;;;
b_ulhennor_desc;Ulhennor;;;;;;;;;;;;;
b_qazrell;Qazrell;;;;;;;;;;;;;
b_qazrell_adj;Qazrell;;;;;;;;;;;;;
b_qazrell_desc;Qazrell;;;;;;;;;;;;;
b_rathnorr;Rathnorr;;;;;;;;;;;;;
b_rathnorr_adj;Rathnorr;;;;;;;;;;;;;
b_rathnorr_desc;Rathnorr;;;;;;;;;;;;;
b_nerrakha;Nerrakha;;;;;;;;;;;;;
b_nerrakha_adj;Nerrakha;;;;;;;;;;;;;
b_nerrakha_desc;Nerrakha;;;;;;;;;;;;;
b_ruvhennor;Ruvhennor;;;;;;;;;;;;;
b_ruvhennor_adj;Ruvhennor;;;;;;;;;;;;;
b_ruvhennor_desc;Ruvhennor;;;;;;;;;;;;;
b_malzethun;Malzethun;;;;;;;;;;;;;
b_malzethun_adj;Malzethun;;;;;;;;;;;;;
b_malzethun_desc;Malzethun;;;;;;;;;;;;;
b_zhulmenn;Zhulmenn;;;;;;;;;;;;;
b_zhulmenn_adj;Zhulmenn;;;;;;;;;;;;;
b_zhulmenn_desc;Zhulmenn;;;;;;;;;;;;;
b_urrumeth;Urrumeth;;;;;;;;;;;;;
b_urrumeth_adj;Urrumeth;;;;;;;;;;;;;
b_urrumeth_desc;Urrumeth;;;;;;;;;;;;;
b_qavhenn;Qavhenn;;;;;;;;;;;;;
b_qavhenn_adj;Qavhenn;;;;;;;;;;;;;
b_qavhenn_desc;Qavhenn;;;;;;;;;;;;;
b_khaznura;Khaznura;;;;;;;;;;;;;
b_khaznura_adj;Khaznura;;;;;;;;;;;;;
b_khaznura_desc;Khaznura;;;;;;;;;;;;;
b_balthrenn;Balthrenn;;;;;;;;;;;;;
b_balthrenn_adj;Balthrenn;;;;;;;;;;;;;
b_balthrenn_desc;Balthrenn;;;;;;;;;;;;;
b_zelmunath;Zelmunath;;;;;;;;;;;;;
b_zelmunath_adj;Zelmunath;;;;;;;;;;;;;
b_zelmunath_desc;Zelmunath;;;;;;;;;;;;;
b_vashnuk;Vashnuk;;;;;;;;;;;;;
b_vashnuk_adj;Vashnuk;;;;;;;;;;;;;
b_vashnuk_desc;Vashnuk;;;;;;;;;;;;;
b_kelmuzor;Kelmuzor;;;;;;;;;;;;;
b_kelmuzor_adj;Kelmuzor;;;;;;;;;;;;;
b_kelmuzor_desc;Kelmuzor;;;;;;;;;;;;;
b_qirzamon;Qirzamon;;;;;;;;;;;;;
b_qirzamon_adj;Qirzamon;;;;;;;;;;;;;
b_qirzamon_desc;Qirzamon;;;;;;;;;;;;;
b_penham;Penham;;;;;;;;;;;;;
b_penham_adj;Penham;;;;;;;;;;;;;
b_penham_desc;Penham;;;;;;;;;;;;;
b_buttoney;Buttoney;;;;;;;;;;;;;
b_buttoney_adj;Buttoney;;;;;;;;;;;;;
b_buttoney_desc;Buttoney;;;;;;;;;;;;;
b_greeford;Greeford;;;;;;;;;;;;;
b_greeford_adj;Greeford;;;;;;;;;;;;;
b_greeford_desc;Greeford;;;;;;;;;;;;;
b_leapool;Leapool;;;;;;;;;;;;;
b_leapool_adj;Leapool;;;;;;;;;;;;;
b_leapool_desc;Leapool;;;;;;;;;;;;;
b_darleton;Darleton;;;;;;;;;;;;;
b_darleton_adj;Darleton;;;;;;;;;;;;;
b_darleton_desc;Darleton;;;;;;;;;;;;;
b_pimhill;Pimhill;;;;;;;;;;;;;
b_pimhill_adj;Pimhill;;;;;;;;;;;;;
b_pimhill_desc;Pimhill;;;;;;;;;;;;;
b_daubourn;Daubourn;;;;;;;;;;;;;
b_daubourn_adj;Daubourn;;;;;;;;;;;;;
b_daubourn_desc;Daubourn;;;;;;;;;;;;;
b_winley;Winley;;;;;;;;;;;;;
b_winley_adj;Winley;;;;;;;;;;;;;
b_winley_desc;Winley;;;;;;;;;;;;;
b_spyrton;Spyrton;;;;;;;;;;;;;
b_spyrton_adj;Spyrton;;;;;;;;;;;;;
b_spyrton_desc;Spyrton;;;;;;;;;;;;;
b_stanham;Stanham;;;;;;;;;;;;;
b_stanham_adj;Stanham;;;;;;;;;;;;;
b_stanham_desc;Stanham;;;;;;;;;;;;;
b_glassay;Glassay;;;;;;;;;;;;;
b_glassay_adj;Glassay;;;;;;;;;;;;;
b_glassay_desc;Glassay;;;;;;;;;;;;;
b_flanhead;Flanhead;;;;;;;;;;;;;
b_flanhead_adj;Flanhead;;;;;;;;;;;;;
b_flanhead_desc;Flanhead;;;;;;;;;;;;;
b_caerhall;Caerhall;;;;;;;;;;;;;
b_caerhall_adj;Caerhall;;;;;;;;;;;;;
b_caerhall_desc;Caerhall;;;;;;;;;;;;;
b_nuttley;Nuttley;;;;;;;;;;;;;
b_nuttley_adj;Nuttley;;;;;;;;;;;;;
b_nuttley_desc;Nuttley;;;;;;;;;;;;;
b_linch;Linch;;;;;;;;;;;;;
b_linch_adj;Linch;;;;;;;;;;;;;
b_linch_desc;Linch;;;;;;;;;;;;;
b_wenthorp;Wenthorp;;;;;;;;;;;;;
b_wenthorp_adj;Wenthorp;;;;;;;;;;;;;
b_wenthorp_desc;Wenthorp;;;;;;;;;;;;;
b_brett;Brett;;;;;;;;;;;;;
b_brett_adj;Brett;;;;;;;;;;;;;
b_brett_desc;Brett;;;;;;;;;;;;;
b_lounston;Lounston;;;;;;;;;;;;;
b_lounston_adj;Lounston;;;;;;;;;;;;;
b_lounston_desc;Lounston;;;;;;;;;;;;;
b_trelle;Trelle;;;;;;;;;;;;;
b_trelle_adj;Trelle;;;;;;;;;;;;;
b_trelle_desc;Trelle;;;;;;;;;;;;;
b_alporth;Alporth;;;;;;;;;;;;;
b_alporth_adj;Alporth;;;;;;;;;;;;;
b_alporth_desc;Alporth;;;;;;;;;;;;;
b_winety;Winety;;;;;;;;;;;;;
b_winety_adj;Winety;;;;;;;;;;;;;
b_winety_desc;Winety;;;;;;;;;;;;;
b_fingby;Fingby;;;;;;;;;;;;;
b_fingby_adj;Fingby;;;;;;;;;;;;;
b_fingby_desc;Fingby;;;;;;;;;;;;;
b_treath;Treath;;;;;;;;;;;;;
b_treath_adj;Treath;;;;;;;;;;;;;
b_treath_desc;Treath;;;;;;;;;;;;;
b_ardwich;Ardwich;;;;;;;;;;;;;
b_ardwich_adj;Ardwich;;;;;;;;;;;;;
b_ardwich_desc;Ardwich;;;;;;;;;;;;;
b_terston;Terston;;;;;;;;;;;;;
b_terston_adj;Terston;;;;;;;;;;;;;
b_terston_desc;Terston;;;;;;;;;;;;;
b_whites;Whites;;;;;;;;;;;;;
b_whites_adj;Whites;;;;;;;;;;;;;
b_whites_desc;Whites;;;;;;;;;;;;;
b_bardy;Bardy;;;;;;;;;;;;;
b_bardy_adj;Bardy;;;;;;;;;;;;;
b_bardy_desc;Bardy;;;;;;;;;;;;;
b_lilyhead;Lilyhead;;;;;;;;;;;;;
b_lilyhead_adj;Lilyhead;;;;;;;;;;;;;
b_lilyhead_desc;Lilyhead;;;;;;;;;;;;;
b_shields;Shields;;;;;;;;;;;;;
b_shields_adj;Shields;;;;;;;;;;;;;
b_shields_desc;Shields;;;;;;;;;;;;;
b_bruntham;Bruntham;;;;;;;;;;;;;
b_bruntham_adj;Bruntham;;;;;;;;;;;;;
b_bruntham_desc;Bruntham;;;;;;;;;;;;;
b_shill;Shill;;;;;;;;;;;;;
b_shill_adj;Shill;;;;;;;;;;;;;
b_shill_desc;Shill;;;;;;;;;;;;;
b_eviot;Eviot;;;;;;;;;;;;;
b_eviot_adj;Eviot;;;;;;;;;;;;;
b_eviot_desc;Eviot;;;;;;;;;;;;;
b_crosbeam;Crosbeam;;;;;;;;;;;;;
b_crosbeam_adj;Crosbeam;;;;;;;;;;;;;
b_crosbeam_desc;Crosbeam;;;;;;;;;;;;;
b_beare;Beare;;;;;;;;;;;;;
b_beare_adj;Beare;;;;;;;;;;;;;
b_beare_desc;Beare;;;;;;;;;;;;;
b_blundby;Blundby;;;;;;;;;;;;;
b_blundby_adj;Blundby;;;;;;;;;;;;;
b_blundby_desc;Blundby;;;;;;;;;;;;;
b_sillee;Sillee;;;;;;;;;;;;;
b_sillee_adj;Sillee;;;;;;;;;;;;;
b_sillee_desc;Sillee;;;;;;;;;;;;;
b_founton;Founton;;;;;;;;;;;;;
b_founton_adj;Founton;;;;;;;;;;;;;
b_founton_desc;Founton;;;;;;;;;;;;;
b_purse;Purse;;;;;;;;;;;;;
b_purse_adj;Purse;;;;;;;;;;;;;
b_purse_desc;Purse;;;;;;;;;;;;;
b_winess;Winess;;;;;;;;;;;;;
b_winess_adj;Winess;;;;;;;;;;;;;
b_winess_desc;Winess;;;;;;;;;;;;;
b_north;North;;;;;;;;;;;;;
b_north_adj;North;;;;;;;;;;;;;
b_north_desc;North;;;;;;;;;;;;;
b_hington;Hington;;;;;;;;;;;;;
b_hington_adj;Hington;;;;;;;;;;;;;
b_hington_desc;Hington;;;;;;;;;;;;;
b_culvers;Culvers;;;;;;;;;;;;;
b_culvers_adj;Culvers;;;;;;;;;;;;;
b_culvers_desc;Culvers;;;;;;;;;;;;;
b_kentle;Kentle;;;;;;;;;;;;;
b_kentle_adj;Kentle;;;;;;;;;;;;;
b_kentle_desc;Kentle;;;;;;;;;;;;;
b_dingham;Dingham;;;;;;;;;;;;;
b_dingham_adj;Dingham;;;;;;;;;;;;;
b_dingham_desc;Dingham;;;;;;;;;;;;;
b_anton;Anton;;;;;;;;;;;;;
b_anton_adj;Anton;;;;;;;;;;;;;
b_anton_desc;Anton;;;;;;;;;;;;;
b_rivern;Rivern;;;;;;;;;;;;;
b_rivern_adj;Rivern;;;;;;;;;;;;;
b_rivern_desc;Rivern;;;;;;;;;;;;;
b_camerham;Camerham;;;;;;;;;;;;;
b_camerham_adj;Camerham;;;;;;;;;;;;;
b_camerham_desc;Camerham;;;;;;;;;;;;;
b_lewell;Lewell;;;;;;;;;;;;;
b_lewell_adj;Lewell;;;;;;;;;;;;;
b_lewell_desc;Lewell;;;;;;;;;;;;;
b_ketston;Ketston;;;;;;;;;;;;;
b_ketston_adj;Ketston;;;;;;;;;;;;;
b_ketston_desc;Ketston;;;;;;;;;;;;;
b_mallton;Mallton;;;;;;;;;;;;;
b_mallton_adj;Mallton;;;;;;;;;;;;;
b_mallton_desc;Mallton;;;;;;;;;;;;;
b_harbourn;Harbourn;;;;;;;;;;;;;
b_harbourn_adj;Harbourn;;;;;;;;;;;;;
b_harbourn_desc;Harbourn;;;;;;;;;;;;;
b_baven;Baven;;;;;;;;;;;;;
b_baven_adj;Baven;;;;;;;;;;;;;
b_baven_desc;Baven;;;;;;;;;;;;;
b_butles;Butles;;;;;;;;;;;;;
b_butles_adj;Butles;;;;;;;;;;;;;
b_butles_desc;Butles;;;;;;;;;;;;;
b_abingham;Abingham;;;;;;;;;;;;;
b_abingham_adj;Abingham;;;;;;;;;;;;;
b_abingham_desc;Abingham;;;;;;;;;;;;;
b_brightle;Brightle;;;;;;;;;;;;;
b_brightle_adj;Brightle;;;;;;;;;;;;;
b_brightle_desc;Brightle;;;;;;;;;;;;;
b_riberton;Riberton;;;;;;;;;;;;;
b_riberton_adj;Riberton;;;;;;;;;;;;;
b_riberton_desc;Riberton;;;;;;;;;;;;;
b_eyewood;Eyewood;;;;;;;;;;;;;
b_eyewood_adj;Eyewood;;;;;;;;;;;;;
b_eyewood_desc;Eyewood;;;;;;;;;;;;;
b_dundean;Dundean;;;;;;;;;;;;;
b_dundean_adj;Dundean;;;;;;;;;;;;;
b_dundean_desc;Dundean;;;;;;;;;;;;;
b_artston;Artston;;;;;;;;;;;;;
b_artston_adj;Artston;;;;;;;;;;;;;
b_artston_desc;Artston;;;;;;;;;;;;;
b_altown;Altown;;;;;;;;;;;;;
b_altown_adj;Altown;;;;;;;;;;;;;
b_altown_desc;Altown;;;;;;;;;;;;;
b_drigh;Drigh;;;;;;;;;;;;;
b_drigh_adj;Drigh;;;;;;;;;;;;;
b_drigh_desc;Drigh;;;;;;;;;;;;;
b_selburne;Selburne;;;;;;;;;;;;;
b_selburne_adj;Selburne;;;;;;;;;;;;;
b_selburne_desc;Selburne;;;;;;;;;;;;;
b_midden;Midden;;;;;;;;;;;;;
b_midden_adj;Midden;;;;;;;;;;;;;
b_midden_desc;Midden;;;;;;;;;;;;;
b_milleton;Milleton;;;;;;;;;;;;;
b_milleton_adj;Milleton;;;;;;;;;;;;;
b_milleton_desc;Milleton;;;;;;;;;;;;;
b_meery;Meery;;;;;;;;;;;;;
b_meery_adj;Meery;;;;;;;;;;;;;
b_meery_desc;Meery;;;;;;;;;;;;;
b_upwaster;Upwaster;;;;;;;;;;;;;
b_upwaster_adj;Upwaster;;;;;;;;;;;;;
b_upwaster_desc;Upwaster;;;;;;;;;;;;;
b_lunds;Lunds;;;;;;;;;;;;;
b_lunds_adj;Lunds;;;;;;;;;;;;;
b_lunds_desc;Lunds;;;;;;;;;;;;;
b_dockwood;Dockwood;;;;;;;;;;;;;
b_dockwood_adj;Dockwood;;;;;;;;;;;;;
b_dockwood_desc;Dockwood;;;;;;;;;;;;;
b_elsall;Elsall;;;;;;;;;;;;;
b_elsall_adj;Elsall;;;;;;;;;;;;;
b_elsall_desc;Elsall;;;;;;;;;;;;;
b_corwich;Corwich;;;;;;;;;;;;;
b_corwich_adj;Corwich;;;;;;;;;;;;;
b_corwich_desc;Corwich;;;;;;;;;;;;;
b_ashwood;Ashwood;;;;;;;;;;;;;
b_ashwood_adj;Ashwood;;;;;;;;;;;;;
b_ashwood_desc;Ashwood;;;;;;;;;;;;;
b_hingford;Hingford;;;;;;;;;;;;;
b_hingford_adj;Hingford;;;;;;;;;;;;;
b_hingford_desc;Hingford;;;;;;;;;;;;;
b_blend;Blend;;;;;;;;;;;;;
b_blend_adj;Blend;;;;;;;;;;;;;
b_blend_desc;Blend;;;;;;;;;;;;;
b_penny;Penny;;;;;;;;;;;;;
b_penny_adj;Penny;;;;;;;;;;;;;
b_penny_desc;Penny;;;;;;;;;;;;;
b_whittle;Whittle;;;;;;;;;;;;;
b_whittle_adj;Whittle;;;;;;;;;;;;;
b_whittle_desc;Whittle;;;;;;;;;;;;;
b_edingham;Edingham;;;;;;;;;;;;;
b_edingham_adj;Edingham;;;;;;;;;;;;;
b_edingham_desc;Edingham;;;;;;;;;;;;;
b_fairsk;Fairsk;;;;;;;;;;;;;
b_fairsk_adj;Fairsk;;;;;;;;;;;;;
b_fairsk_desc;Fairsk;;;;;;;;;;;;;
b_mouthend;Mouthend;;;;;;;;;;;;;
b_mouthend_adj;Mouthend;;;;;;;;;;;;;
b_mouthend_desc;Mouthend;;;;;;;;;;;;;
b_needmoor;Needmoor;;;;;;;;;;;;;
b_needmoor_adj;Needmoor;;;;;;;;;;;;;
b_needmoor_desc;Needmoor;;;;;;;;;;;;;
b_milns;Milns;;;;;;;;;;;;;
b_milns_adj;Milns;;;;;;;;;;;;;
b_milns_desc;Milns;;;;;;;;;;;;;
b_landhead;Landhead;;;;;;;;;;;;;
b_landhead_adj;Landhead;;;;;;;;;;;;;
b_landhead_desc;Landhead;;;;;;;;;;;;;
b_manhall;Manhall;;;;;;;;;;;;;
b_manhall_adj;Manhall;;;;;;;;;;;;;
b_manhall_desc;Manhall;;;;;;;;;;;;;
b_inninge;Inninge;;;;;;;;;;;;;
b_inninge_adj;Inninge;;;;;;;;;;;;;
b_inninge_desc;Inninge;;;;;;;;;;;;;
b_carren;Carren;;;;;;;;;;;;;
b_carren_adj;Carren;;;;;;;;;;;;;
b_carren_desc;Carren;;;;;;;;;;;;;
b_dovie;Dovie;;;;;;;;;;;;;
b_dovie_adj;Dovie;;;;;;;;;;;;;
b_dovie_desc;Dovie;;;;;;;;;;;;;
b_aberdon;Aberdon;;;;;;;;;;;;;
b_aberdon_adj;Aberdon;;;;;;;;;;;;;
b_aberdon_desc;Aberdon;;;;;;;;;;;;;
b_mossage;Mossage;;;;;;;;;;;;;
b_mossage_adj;Mossage;;;;;;;;;;;;;
b_mossage_desc;Mossage;;;;;;;;;;;;;
b_watter;Watter;;;;;;;;;;;;;
b_watter_adj;Watter;;;;;;;;;;;;;
b_watter_desc;Watter;;;;;;;;;;;;;
b_turford;Turford;;;;;;;;;;;;;
b_turford_adj;Turford;;;;;;;;;;;;;
b_turford_desc;Turford;;;;;;;;;;;;;
b_ragherby;Ragherby;;;;;;;;;;;;;
b_ragherby_adj;Ragherby;;;;;;;;;;;;;
b_ragherby_desc;Ragherby;;;;;;;;;;;;;
b_nutford;Nutford;;;;;;;;;;;;;
b_nutford_adj;Nutford;;;;;;;;;;;;;
b_nutford_desc;Nutford;;;;;;;;;;;;;
b_astle;Astle;;;;;;;;;;;;;
b_astle_adj;Astle;;;;;;;;;;;;;
b_astle_desc;Astle;;;;;;;;;;;;;
b_dalemore;Dalemore;;;;;;;;;;;;;
b_dalemore_adj;Dalemore;;;;;;;;;;;;;
b_dalemore_desc;Dalemore;;;;;;;;;;;;;
b_landhill;Landhill;;;;;;;;;;;;;
b_landhill_adj;Landhill;;;;;;;;;;;;;
b_landhill_desc;Landhill;;;;;;;;;;;;;
b_anston;Anston;;;;;;;;;;;;;
b_anston_adj;Anston;;;;;;;;;;;;;
b_anston_desc;Anston;;;;;;;;;;;;;
b_spenton;Spenton;;;;;;;;;;;;;
b_spenton_adj;Spenton;;;;;;;;;;;;;
b_spenton_desc;Spenton;;;;;;;;;;;;;
b_redmore;Redmore;;;;;;;;;;;;;
b_redmore_adj;Redmore;;;;;;;;;;;;;
b_redmore_desc;Redmore;;;;;;;;;;;;;
b_glenby;Glenby;;;;;;;;;;;;;
b_glenby_adj;Glenby;;;;;;;;;;;;;
b_glenby_desc;Glenby;;;;;;;;;;;;;
b_mawton;Mawton;;;;;;;;;;;;;
b_mawton_adj;Mawton;;;;;;;;;;;;;
b_mawton_desc;Mawton;;;;;;;;;;;;;
b_didston;Didston;;;;;;;;;;;;;
b_didston_adj;Didston;;;;;;;;;;;;;
b_didston_desc;Didston;;;;;;;;;;;;;
b_marsbury;Marsbury;;;;;;;;;;;;;
b_marsbury_adj;Marsbury;;;;;;;;;;;;;
b_marsbury_desc;Marsbury;;;;;;;;;;;;;
b_eskirk;Eskirk;;;;;;;;;;;;;
b_eskirk_adj;Eskirk;;;;;;;;;;;;;
b_eskirk_desc;Eskirk;;;;;;;;;;;;;
b_carnlip;Carnlip;;;;;;;;;;;;;
b_carnlip_adj;Carnlip;;;;;;;;;;;;;
b_carnlip_desc;Carnlip;;;;;;;;;;;;;
b_elbury;Elbury;;;;;;;;;;;;;
b_elbury_adj;Elbury;;;;;;;;;;;;;
b_elbury_desc;Elbury;;;;;;;;;;;;;
b_odshills;Odshills;;;;;;;;;;;;;
b_odshills_adj;Odshills;;;;;;;;;;;;;
b_odshills_desc;Odshills;;;;;;;;;;;;;
b_rinkwood;Rinkwood;;;;;;;;;;;;;
b_rinkwood_adj;Rinkwood;;;;;;;;;;;;;
b_rinkwood_desc;Rinkwood;;;;;;;;;;;;;
b_scree;Scree;;;;;;;;;;;;;
b_scree_adj;Scree;;;;;;;;;;;;;
b_scree_desc;Scree;;;;;;;;;;;;;
b_cardings;Cardings;;;;;;;;;;;;;
b_cardings_adj;Cardings;;;;;;;;;;;;;
b_cardings_desc;Cardings;;;;;;;;;;;;;
b_alverley;Alverley;;;;;;;;;;;;;
b_alverley_adj;Alverley;;;;;;;;;;;;;
b_alverley_desc;Alverley;;;;;;;;;;;;;
b_kilmin;Kilmin;;;;;;;;;;;;;
b_kilmin_adj;Kilmin;;;;;;;;;;;;;
b_kilmin_desc;Kilmin;;;;;;;;;;;;;
b_saugh;Saugh;;;;;;;;;;;;;
b_saugh_adj;Saugh;;;;;;;;;;;;;
b_saugh_desc;Saugh;;;;;;;;;;;;;
b_nesham;Nesham;;;;;;;;;;;;;
b_nesham_adj;Nesham;;;;;;;;;;;;;
b_nesham_desc;Nesham;;;;;;;;;;;;;
b_redge;Redge;;;;;;;;;;;;;
b_redge_adj;Redge;;;;;;;;;;;;;
b_redge_desc;Redge;;;;;;;;;;;;;
b_druming;Druming;;;;;;;;;;;;;
b_druming_adj;Druming;;;;;;;;;;;;;
b_druming_desc;Druming;;;;;;;;;;;;;
b_findley;Findley;;;;;;;;;;;;;
b_findley_adj;Findley;;;;;;;;;;;;;
b_findley_desc;Findley;;;;;;;;;;;;;
b_asharden;Asharden;;;;;;;;;;;;;
b_asharden_adj;Asharden;;;;;;;;;;;;;
b_asharden_desc;Asharden;;;;;;;;;;;;;
b_grayth;Grayth;;;;;;;;;;;;;
b_grayth_adj;Grayth;;;;;;;;;;;;;
b_grayth_desc;Grayth;;;;;;;;;;;;;
b_casana;Casana;;;;;;;;;;;;;
b_casana_adj;Casana;;;;;;;;;;;;;
b_casana_desc;Casana;;;;;;;;;;;;;
b_narro;Narro;;;;;;;;;;;;;
b_narro_adj;Narro;;;;;;;;;;;;;
b_narro_desc;Narro;;;;;;;;;;;;;
b_olina;Olina;;;;;;;;;;;;;
b_olina_adj;Olina;;;;;;;;;;;;;
b_olina_desc;Olina;;;;;;;;;;;;;
b_amaleja;Amaleja;;;;;;;;;;;;;
b_amaleja_adj;Amaleja;;;;;;;;;;;;;
b_amaleja_desc;Amaleja;;;;;;;;;;;;;
b_marzos;Marzos;;;;;;;;;;;;;
b_marzos_adj;Marzos;;;;;;;;;;;;;
b_marzos_desc;Marzos;;;;;;;;;;;;;
b_fijuela;Fijuela;;;;;;;;;;;;;
b_fijuela_adj;Fijuela;;;;;;;;;;;;;
b_fijuela_desc;Fijuela;;;;;;;;;;;;;
b_genes;Genes;;;;;;;;;;;;;
b_genes_adj;Genes;;;;;;;;;;;;;
b_genes_desc;Genes;;;;;;;;;;;;;
b_asaos;Asaos;;;;;;;;;;;;;
b_asaos_adj;Asaos;;;;;;;;;;;;;
b_asaos_desc;Asaos;;;;;;;;;;;;;
b_granche;Granche;;;;;;;;;;;;;
b_granche_adj;Granche;;;;;;;;;;;;;
b_granche_desc;Granche;;;;;;;;;;;;;
b_manzas;Manzas;;;;;;;;;;;;;
b_manzas_adj;Manzas;;;;;;;;;;;;;
b_manzas_desc;Manzas;;;;;;;;;;;;;
b_lugos;Lugos;;;;;;;;;;;;;
b_lugos_adj;Lugos;;;;;;;;;;;;;
b_lugos_desc;Lugos;;;;;;;;;;;;;
b_alcaica;Alcaica;;;;;;;;;;;;;
b_alcaica_adj;Alcaica;;;;;;;;;;;;;
b_alcaica_desc;Alcaica;;;;;;;;;;;;;
b_paraza;Paraza;;;;;;;;;;;;;
b_paraza_adj;Paraza;;;;;;;;;;;;;
b_paraza_desc;Paraza;;;;;;;;;;;;;
b_entes;Entes;;;;;;;;;;;;;
b_entes_adj;Entes;;;;;;;;;;;;;
b_entes_desc;Entes;;;;;;;;;;;;;
b_rines;Rines;;;;;;;;;;;;;
b_rines_adj;Rines;;;;;;;;;;;;;
b_rines_desc;Rines;;;;;;;;;;;;;
b_tenera;Tenera;;;;;;;;;;;;;
b_tenera_adj;Tenera;;;;;;;;;;;;;
b_tenera_desc;Tenera;;;;;;;;;;;;;
b_matero;Matero;;;;;;;;;;;;;
b_matero_adj;Matero;;;;;;;;;;;;;
b_matero_desc;Matero;;;;;;;;;;;;;
b_jaure;Jaure;;;;;;;;;;;;;
b_jaure_adj;Jaure;;;;;;;;;;;;;
b_jaure_desc;Jaure;;;;;;;;;;;;;
b_tapelas;Tapelas;;;;;;;;;;;;;
b_tapelas_adj;Tapelas;;;;;;;;;;;;;
b_tapelas_desc;Tapelas;;;;;;;;;;;;;
b_ambre;Ambre;;;;;;;;;;;;;
b_ambre_adj;Ambre;;;;;;;;;;;;;
b_ambre_desc;Ambre;;;;;;;;;;;;;
b_palate;Palate;;;;;;;;;;;;;
b_palate_adj;Palate;;;;;;;;;;;;;
b_palate_desc;Palate;;;;;;;;;;;;;
b_torreiro;Torreiro;;;;;;;;;;;;;
b_torreiro_adj;Torreiro;;;;;;;;;;;;;
b_torreiro_desc;Torreiro;;;;;;;;;;;;;
b_gardena;Gardena;;;;;;;;;;;;;
b_gardena_adj;Gardena;;;;;;;;;;;;;
b_gardena_desc;Gardena;;;;;;;;;;;;;
b_ordia;Ordia;;;;;;;;;;;;;
b_ordia_adj;Ordia;;;;;;;;;;;;;
b_ordia_desc;Ordia;;;;;;;;;;;;;
b_lancedo;Lancedo;;;;;;;;;;;;;
b_lancedo_adj;Lancedo;;;;;;;;;;;;;
b_lancedo_desc;Lancedo;;;;;;;;;;;;;
b_ranchal;Ranchal;;;;;;;;;;;;;
b_ranchal_adj;Ranchal;;;;;;;;;;;;;
b_ranchal_desc;Ranchal;;;;;;;;;;;;;
b_reque;Reque;;;;;;;;;;;;;
b_reque_adj;Reque;;;;;;;;;;;;;
b_reque_desc;Reque;;;;;;;;;;;;;
b_barrieda;Barrieda;;;;;;;;;;;;;
b_barrieda_adj;Barrieda;;;;;;;;;;;;;
b_barrieda_desc;Barrieda;;;;;;;;;;;;;
b_confro;Confro;;;;;;;;;;;;;
b_confro_adj;Confro;;;;;;;;;;;;;
b_confro_desc;Confro;;;;;;;;;;;;;
b_fanos;Fanos;;;;;;;;;;;;;
b_fanos_adj;Fanos;;;;;;;;;;;;;
b_fanos_desc;Fanos;;;;;;;;;;;;;
b_agarce;Agarce;;;;;;;;;;;;;
b_agarce_adj;Agarce;;;;;;;;;;;;;
b_agarce_desc;Agarce;;;;;;;;;;;;;
b_llamaio;Llamaio;;;;;;;;;;;;;
b_llamaio_adj;Llamaio;;;;;;;;;;;;;
b_llamaio_desc;Llamaio;;;;;;;;;;;;;
b_mereo;Mereo;;;;;;;;;;;;;
b_mereo_adj;Mereo;;;;;;;;;;;;;
b_mereo_desc;Mereo;;;;;;;;;;;;;
b_borda;Borda;;;;;;;;;;;;;
b_borda_adj;Borda;;;;;;;;;;;;;
b_borda_desc;Borda;;;;;;;;;;;;;
b_arcia;Arcia;;;;;;;;;;;;;
b_arcia_adj;Arcia;;;;;;;;;;;;;
b_arcia_desc;Arcia;;;;;;;;;;;;;
b_caldea;Caldea;;;;;;;;;;;;;
b_caldea_adj;Caldea;;;;;;;;;;;;;
b_caldea_desc;Caldea;;;;;;;;;;;;;
b_paniba;Paniba;;;;;;;;;;;;;
b_paniba_adj;Paniba;;;;;;;;;;;;;
b_paniba_desc;Paniba;;;;;;;;;;;;;
b_alona;Alona;;;;;;;;;;;;;
b_alona_adj;Alona;;;;;;;;;;;;;
b_alona_desc;Alona;;;;;;;;;;;;;
b_dences;Dences;;;;;;;;;;;;;
b_dences_adj;Dences;;;;;;;;;;;;;
b_dences_desc;Dences;;;;;;;;;;;;;
b_salanos;Salanos;;;;;;;;;;;;;
b_salanos_adj;Salanos;;;;;;;;;;;;;
b_salanos_desc;Salanos;;;;;;;;;;;;;
b_aviudas;Aviudas;;;;;;;;;;;;;
b_aviudas_adj;Aviudas;;;;;;;;;;;;;
b_aviudas_desc;Aviudas;;;;;;;;;;;;;
b_queta;Queta;;;;;;;;;;;;;
b_queta_adj;Queta;;;;;;;;;;;;;
b_queta_desc;Queta;;;;;;;;;;;;;
b_ordas;Ordas;;;;;;;;;;;;;
b_ordas_adj;Ordas;;;;;;;;;;;;;
b_ordas_desc;Ordas;;;;;;;;;;;;;
b_carras;Carras;;;;;;;;;;;;;
b_carras_adj;Carras;;;;;;;;;;;;;
b_carras_desc;Carras;;;;;;;;;;;;;
b_garita;Garita;;;;;;;;;;;;;
b_garita_adj;Garita;;;;;;;;;;;;;
b_garita_desc;Garita;;;;;;;;;;;;;
b_rosana;Rosana;;;;;;;;;;;;;
b_rosana_adj;Rosana;;;;;;;;;;;;;
b_rosana_desc;Rosana;;;;;;;;;;;;;
b_zares;Zares;;;;;;;;;;;;;
b_zares_adj;Zares;;;;;;;;;;;;;
b_zares_desc;Zares;;;;;;;;;;;;;
b_vianeta;Vianeta;;;;;;;;;;;;;
b_vianeta_adj;Vianeta;;;;;;;;;;;;;
b_vianeta_desc;Vianeta;;;;;;;;;;;;;
b_boeja;Boeja;;;;;;;;;;;;;
b_boeja_adj;Boeja;;;;;;;;;;;;;
b_boeja_desc;Boeja;;;;;;;;;;;;;
b_utria;Utria;;;;;;;;;;;;;
b_utria_adj;Utria;;;;;;;;;;;;;
b_utria_desc;Utria;;;;;;;;;;;;;
b_candi;Candi;;;;;;;;;;;;;
b_candi_adj;Candi;;;;;;;;;;;;;
b_candi_desc;Candi;;;;;;;;;;;;;
b_bergo;Bergo;;;;;;;;;;;;;
b_bergo_adj;Bergo;;;;;;;;;;;;;
b_bergo_desc;Bergo;;;;;;;;;;;;;
b_borada;Borada;;;;;;;;;;;;;
b_borada_adj;Borada;;;;;;;;;;;;;
b_borada_desc;Borada;;;;;;;;;;;;;
b_retanes;Retanes;;;;;;;;;;;;;
b_retanes_adj;Retanes;;;;;;;;;;;;;
b_retanes_desc;Retanes;;;;;;;;;;;;;
b_valdo;Valdo;;;;;;;;;;;;;
b_valdo_adj;Valdo;;;;;;;;;;;;;
b_valdo_desc;Valdo;;;;;;;;;;;;;
b_torillas;Torillas;;;;;;;;;;;;;
b_torillas_adj;Torillas;;;;;;;;;;;;;
b_torillas_desc;Torillas;;;;;;;;;;;;;
b_orino;Orino;;;;;;;;;;;;;
b_orino_adj;Orino;;;;;;;;;;;;;
b_orino_desc;Orino;;;;;;;;;;;;;
b_envida;Envida;;;;;;;;;;;;;
b_envida_adj;Envida;;;;;;;;;;;;;
b_envida_desc;Envida;;;;;;;;;;;;;
b_fones;Fones;;;;;;;;;;;;;
b_fones_adj;Fones;;;;;;;;;;;;;
b_fones_desc;Fones;;;;;;;;;;;;;
b_tariz;Tariz;;;;;;;;;;;;;
b_tariz_adj;Tariz;;;;;;;;;;;;;
b_tariz_desc;Tariz;;;;;;;;;;;;;
b_grillo;Grillo;;;;;;;;;;;;;
b_grillo_adj;Grillo;;;;;;;;;;;;;
b_grillo_desc;Grillo;;;;;;;;;;;;;
b_benitas;Benitas;;;;;;;;;;;;;
b_benitas_adj;Benitas;;;;;;;;;;;;;
b_benitas_desc;Benitas;;;;;;;;;;;;;
b_villor;Villor;;;;;;;;;;;;;
b_villor_adj;Villor;;;;;;;;;;;;;
b_villor_desc;Villor;;;;;;;;;;;;;
b_ribara;Ribara;;;;;;;;;;;;;
b_ribara_adj;Ribara;;;;;;;;;;;;;
b_ribara_desc;Ribara;;;;;;;;;;;;;
b_magas;Magas;;;;;;;;;;;;;
b_magas_adj;Magas;;;;;;;;;;;;;
b_magas_desc;Magas;;;;;;;;;;;;;
b_proveros;Proveros;;;;;;;;;;;;;
b_proveros_adj;Proveros;;;;;;;;;;;;;
b_proveros_desc;Proveros;;;;;;;;;;;;;
b_berzano;Berzano;;;;;;;;;;;;;
b_berzano_adj;Berzano;;;;;;;;;;;;;
b_berzano_desc;Berzano;;;;;;;;;;;;;
b_valser;Valser;;;;;;;;;;;;;
b_valser_adj;Valser;;;;;;;;;;;;;
b_valser_desc;Valser;;;;;;;;;;;;;
b_bondo;Bondo;;;;;;;;;;;;;
b_bondo_adj;Bondo;;;;;;;;;;;;;
b_bondo_desc;Bondo;;;;;;;;;;;;;
b_cullo;Cullo;;;;;;;;;;;;;
b_cullo_adj;Cullo;;;;;;;;;;;;;
b_cullo_desc;Cullo;;;;;;;;;;;;;
b_tiello;Tiello;;;;;;;;;;;;;
b_tiello_adj;Tiello;;;;;;;;;;;;;
b_tiello_desc;Tiello;;;;;;;;;;;;;
b_castrain;Castrain;;;;;;;;;;;;;
b_castrain_adj;Castrain;;;;;;;;;;;;;
b_castrain_desc;Castrain;;;;;;;;;;;;;
b_entoria;Entoria;;;;;;;;;;;;;
b_entoria_adj;Entoria;;;;;;;;;;;;;
b_entoria_desc;Entoria;;;;;;;;;;;;;
b_basilla;Basilla;;;;;;;;;;;;;
b_basilla_adj;Basilla;;;;;;;;;;;;;
b_basilla_desc;Basilla;;;;;;;;;;;;;
b_porles;Porles;;;;;;;;;;;;;
b_porles_adj;Porles;;;;;;;;;;;;;
b_porles_desc;Porles;;;;;;;;;;;;;
b_cabrio;Cabrio;;;;;;;;;;;;;
b_cabrio_adj;Cabrio;;;;;;;;;;;;;
b_cabrio_desc;Cabrio;;;;;;;;;;;;;
b_alencia;Alencia;;;;;;;;;;;;;
b_alencia_adj;Alencia;;;;;;;;;;;;;
b_alencia_desc;Alencia;;;;;;;;;;;;;
b_caranzo;Caranzo;;;;;;;;;;;;;
b_caranzo_adj;Caranzo;;;;;;;;;;;;;
b_caranzo_desc;Caranzo;;;;;;;;;;;;;
b_olabena;Olabena;;;;;;;;;;;;;
b_olabena_adj;Olabena;;;;;;;;;;;;;
b_olabena_desc;Olabena;;;;;;;;;;;;;
b_capanzo;Capanzo;;;;;;;;;;;;;
b_capanzo_adj;Capanzo;;;;;;;;;;;;;
b_capanzo_desc;Capanzo;;;;;;;;;;;;;
b_valins;Valins;;;;;;;;;;;;;
b_valins_adj;Valins;;;;;;;;;;;;;
b_valins_desc;Valins;;;;;;;;;;;;;
b_viles;Viles;;;;;;;;;;;;;
b_viles_adj;Viles;;;;;;;;;;;;;
b_viles_desc;Viles;;;;;;;;;;;;;
b_semil;Semil;;;;;;;;;;;;;
b_semil_adj;Semil;;;;;;;;;;;;;
b_semil_desc;Semil;;;;;;;;;;;;;
b_peras;Peras;;;;;;;;;;;;;
b_peras_adj;Peras;;;;;;;;;;;;;
b_peras_desc;Peras;;;;;;;;;;;;;
b_calla;Calla;;;;;;;;;;;;;
b_calla_adj;Calla;;;;;;;;;;;;;
b_calla_desc;Calla;;;;;;;;;;;;;
b_vallu;Vallu;;;;;;;;;;;;;
b_vallu_adj;Vallu;;;;;;;;;;;;;
b_vallu_desc;Vallu;;;;;;;;;;;;;
b_artos;Artos;;;;;;;;;;;;;
b_artos_adj;Artos;;;;;;;;;;;;;
b_artos_desc;Artos;;;;;;;;;;;;;
b_cabecera;Cabecera;;;;;;;;;;;;;
b_cabecera_adj;Cabecera;;;;;;;;;;;;;
b_cabecera_desc;Cabecera;;;;;;;;;;;;;
b_bedero;Bedero;;;;;;;;;;;;;
b_bedero_adj;Bedero;;;;;;;;;;;;;
b_bedero_desc;Bedero;;;;;;;;;;;;;
b_navaleja;Navaleja;;;;;;;;;;;;;
b_navaleja_adj;Navaleja;;;;;;;;;;;;;
b_navaleja_desc;Navaleja;;;;;;;;;;;;;
b_tomayor;Tomayor;;;;;;;;;;;;;
b_tomayor_adj;Tomayor;;;;;;;;;;;;;
b_tomayor_desc;Tomayor;;;;;;;;;;;;;
b_martedo;Martedo;;;;;;;;;;;;;
b_martedo_adj;Martedo;;;;;;;;;;;;;
b_martedo_desc;Martedo;;;;;;;;;;;;;
b_busedo;Busedo;;;;;;;;;;;;;
b_busedo_adj;Busedo;;;;;;;;;;;;;
b_busedo_desc;Busedo;;;;;;;;;;;;;
b_veiras;Veiras;;;;;;;;;;;;;
b_veiras_adj;Veiras;;;;;;;;;;;;;
b_veiras_desc;Veiras;;;;;;;;;;;;;
b_macedo;Macedo;;;;;;;;;;;;;
b_macedo_adj;Macedo;;;;;;;;;;;;;
b_macedo_desc;Macedo;;;;;;;;;;;;;
b_cente;Cente;;;;;;;;;;;;;
b_cente_adj;Cente;;;;;;;;;;;;;
b_cente_desc;Cente;;;;;;;;;;;;;
b_cabadelo;Cabadelo;;;;;;;;;;;;;
b_cabadelo_adj;Cabadelo;;;;;;;;;;;;;
b_cabadelo_desc;Cabadelo;;;;;;;;;;;;;
b_cojalera;Cojalera;;;;;;;;;;;;;
b_cojalera_adj;Cojalera;;;;;;;;;;;;;
b_cojalera_desc;Cojalera;;;;;;;;;;;;;
b_villal;Villal;;;;;;;;;;;;;
b_villal_adj;Villal;;;;;;;;;;;;;
b_villal_desc;Villal;;;;;;;;;;;;;
b_acena;Acena;;;;;;;;;;;;;
b_acena_adj;Acena;;;;;;;;;;;;;
b_acena_desc;Acena;;;;;;;;;;;;;
b_uztera;Uztera;;;;;;;;;;;;;
b_uztera_adj;Uztera;;;;;;;;;;;;;
b_uztera_desc;Uztera;;;;;;;;;;;;;
b_javilla;Javilla;;;;;;;;;;;;;
b_javilla_adj;Javilla;;;;;;;;;;;;;
b_javilla_desc;Javilla;;;;;;;;;;;;;
b_elgiri;Elgiri;;;;;;;;;;;;;
b_elgiri_adj;Elgiri;;;;;;;;;;;;;
b_elgiri_desc;Elgiri;;;;;;;;;;;;;
b_paravel;Paravel;;;;;;;;;;;;;
b_paravel_adj;Paravel;;;;;;;;;;;;;
b_paravel_desc;Paravel;;;;;;;;;;;;;
b_talorin;Talorin;;;;;;;;;;;;;
b_talorin_adj;Talorin;;;;;;;;;;;;;
b_talorin_desc;Talorin;;;;;;;;;;;;;
b_caborda;Caborda;;;;;;;;;;;;;
b_caborda_adj;Caborda;;;;;;;;;;;;;
b_caborda_desc;Caborda;;;;;;;;;;;;;
b_mator;Mator;;;;;;;;;;;;;
b_mator_adj;Mator;;;;;;;;;;;;;
b_mator_desc;Mator;;;;;;;;;;;;;
b_casteles;Casteles;;;;;;;;;;;;;
b_casteles_adj;Casteles;;;;;;;;;;;;;
b_casteles_desc;Casteles;;;;;;;;;;;;;
b_meraval;Meraval;;;;;;;;;;;;;
b_meraval_adj;Meraval;;;;;;;;;;;;;
b_meraval_desc;Meraval;;;;;;;;;;;;;
b_palisel;Palisel;;;;;;;;;;;;;
b_palisel_adj;Palisel;;;;;;;;;;;;;
b_palisel_desc;Palisel;;;;;;;;;;;;;
b_torisel;Torisel;;;;;;;;;;;;;
b_torisel_adj;Torisel;;;;;;;;;;;;;
b_torisel_desc;Torisel;;;;;;;;;;;;;
b_valgiri;Valgiri;;;;;;;;;;;;;
b_valgiri_adj;Valgiri;;;;;;;;;;;;;
b_valgiri_desc;Valgiri;;;;;;;;;;;;;
b_kalnira;Kalnira;;;;;;;;;;;;;
b_kalnira_adj;Kalnira;;;;;;;;;;;;;
b_kalnira_desc;Kalnira;;;;;;;;;;;;;
b_silgora;Silgora;;;;;;;;;;;;;
b_silgora_adj;Silgora;;;;;;;;;;;;;
b_silgora_desc;Silgora;;;;;;;;;;;;;
b_paloren;Paloren;;;;;;;;;;;;;
b_paloren_adj;Paloren;;;;;;;;;;;;;
b_paloren_desc;Paloren;;;;;;;;;;;;;
b_asenor;Asenor;;;;;;;;;;;;;
b_asenor_adj;Asenor;;;;;;;;;;;;;
b_asenor_desc;Asenor;;;;;;;;;;;;;
b_silmora;Silmora;;;;;;;;;;;;;
b_silmora_adj;Silmora;;;;;;;;;;;;;
b_silmora_desc;Silmora;;;;;;;;;;;;;
b_margesa;Margesa;;;;;;;;;;;;;
b_margesa_adj;Margesa;;;;;;;;;;;;;
b_margesa_desc;Margesa;;;;;;;;;;;;;
b_gollo;Gollo;;;;;;;;;;;;;
b_gollo_adj;Gollo;;;;;;;;;;;;;
b_gollo_desc;Gollo;;;;;;;;;;;;;
b_pillana;Pillana;;;;;;;;;;;;;
b_pillana_adj;Pillana;;;;;;;;;;;;;
b_pillana_desc;Pillana;;;;;;;;;;;;;
b_lejos;Lejos;;;;;;;;;;;;;
b_lejos_adj;Lejos;;;;;;;;;;;;;
b_lejos_desc;Lejos;;;;;;;;;;;;;
b_canilla;Canilla;;;;;;;;;;;;;
b_canilla_adj;Canilla;;;;;;;;;;;;;
b_canilla_desc;Canilla;;;;;;;;;;;;;
b_visto;Visto;;;;;;;;;;;;;
b_visto_adj;Visto;;;;;;;;;;;;;
b_visto_desc;Visto;;;;;;;;;;;;;
b_sares;Sares;;;;;;;;;;;;;
b_sares_adj;Sares;;;;;;;;;;;;;
b_sares_desc;Sares;;;;;;;;;;;;;
b_narivel;Narivel;;;;;;;;;;;;;
b_narivel_adj;Narivel;;;;;;;;;;;;;
b_narivel_desc;Narivel;;;;;;;;;;;;;
b_narmora;Narmora;;;;;;;;;;;;;
b_narmora_adj;Narmora;;;;;;;;;;;;;
b_narmora_desc;Narmora;;;;;;;;;;;;;
b_vantira;Vantira;;;;;;;;;;;;;
b_vantira_adj;Vantira;;;;;;;;;;;;;
b_vantira_desc;Vantira;;;;;;;;;;;;;
b_narisel;Narisel;;;;;;;;;;;;;
b_narisel_adj;Narisel;;;;;;;;;;;;;
b_narisel_desc;Narisel;;;;;;;;;;;;;
b_lantira;Lantira;;;;;;;;;;;;;
b_lantira_adj;Lantira;;;;;;;;;;;;;
b_lantira_desc;Lantira;;;;;;;;;;;;;
b_kaltera;Kaltera;;;;;;;;;;;;;
b_kaltera_adj;Kaltera;;;;;;;;;;;;;
b_kaltera_desc;Kaltera;;;;;;;;;;;;;
b_lumtara;Lumtara;;;;;;;;;;;;;
b_lumtara_adj;Lumtara;;;;;;;;;;;;;
b_lumtara_desc;Lumtara;;;;;;;;;;;;;
b_travo;Travo;;;;;;;;;;;;;
b_travo_adj;Travo;;;;;;;;;;;;;
b_travo_desc;Travo;;;;;;;;;;;;;
b_angos;Angos;;;;;;;;;;;;;
b_angos_adj;Angos;;;;;;;;;;;;;
b_angos_desc;Angos;;;;;;;;;;;;;
b_monova;Monova;;;;;;;;;;;;;
b_monova_adj;Monova;;;;;;;;;;;;;
b_monova_desc;Monova;;;;;;;;;;;;;
b_santira;Santira;;;;;;;;;;;;;
b_santira_adj;Santira;;;;;;;;;;;;;
b_santira_desc;Santira;;;;;;;;;;;;;
b_malgora;Malgora;;;;;;;;;;;;;
b_malgora_adj;Malgora;;;;;;;;;;;;;
b_malgora_desc;Malgora;;;;;;;;;;;;;
b_elsenor;Elsenor;;;;;;;;;;;;;
b_elsenor_adj;Elsenor;;;;;;;;;;;;;
b_elsenor_desc;Elsenor;;;;;;;;;;;;;
b_rangisel;Rangisel;;;;;;;;;;;;;
b_rangisel_adj;Rangisel;;;;;;;;;;;;;
b_rangisel_desc;Rangisel;;;;;;;;;;;;;
b_mazanes;Mazanes;;;;;;;;;;;;;
b_mazanes_adj;Mazanes;;;;;;;;;;;;;
b_mazanes_desc;Mazanes;;;;;;;;;;;;;
b_gabrera;Gabrera;;;;;;;;;;;;;
b_gabrera_adj;Gabrera;;;;;;;;;;;;;
b_gabrera_desc;Gabrera;;;;;;;;;;;;;
b_cenas;Cenas;;;;;;;;;;;;;
b_cenas_adj;Cenas;;;;;;;;;;;;;
b_cenas_desc;Cenas;;;;;;;;;;;;;
b_marga;Marga;;;;;;;;;;;;;
b_marga_adj;Marga;;;;;;;;;;;;;
b_marga_desc;Marga;;;;;;;;;;;;;
b_orena;Orena;;;;;;;;;;;;;
b_orena_adj;Orena;;;;;;;;;;;;;
b_orena_desc;Orena;;;;;;;;;;;;;
b_remora;Remora;;;;;;;;;;;;;
b_remora_adj;Remora;;;;;;;;;;;;;
b_remora_desc;Remora;;;;;;;;;;;;;
b_sancho;Sancho;;;;;;;;;;;;;
b_sancho_adj;Sancho;;;;;;;;;;;;;
b_sancho_desc;Sancho;;;;;;;;;;;;;
b_mantana;Mantana;;;;;;;;;;;;;
b_mantana_adj;Mantana;;;;;;;;;;;;;
b_mantana_desc;Mantana;;;;;;;;;;;;;
b_villavas;Villavas;;;;;;;;;;;;;
b_villavas_adj;Villavas;;;;;;;;;;;;;
b_villavas_desc;Villavas;;;;;;;;;;;;;
b_dalosa;Dalosa;;;;;;;;;;;;;
b_dalosa_adj;Dalosa;;;;;;;;;;;;;
b_dalosa_desc;Dalosa;;;;;;;;;;;;;
b_biura;Biura;;;;;;;;;;;;;
b_biura_adj;Biura;;;;;;;;;;;;;
b_biura_desc;Biura;;;;;;;;;;;;;
b_aules;Aules;;;;;;;;;;;;;
b_aules_adj;Aules;;;;;;;;;;;;;
b_aules_desc;Aules;;;;;;;;;;;;;
b_tamay;Tamay;;;;;;;;;;;;;
b_tamay_adj;Tamay;;;;;;;;;;;;;
b_tamay_desc;Tamay;;;;;;;;;;;;;
b_castel;Castel;;;;;;;;;;;;;
b_castel_adj;Castel;;;;;;;;;;;;;
b_castel_desc;Castel;;;;;;;;;;;;;
b_lorella;Lorella;;;;;;;;;;;;;
b_lorella_adj;Lorella;;;;;;;;;;;;;
b_lorella_desc;Lorella;;;;;;;;;;;;;
b_vegalbas;Vegalbas;;;;;;;;;;;;;
b_vegalbas_adj;Vegalbas;;;;;;;;;;;;;
b_vegalbas_desc;Vegalbas;;;;;;;;;;;;;
b_riente;Riente;;;;;;;;;;;;;
b_riente_adj;Riente;;;;;;;;;;;;;
b_riente_desc;Riente;;;;;;;;;;;;;
b_navos;Navos;;;;;;;;;;;;;
b_navos_adj;Navos;;;;;;;;;;;;;
b_navos_desc;Navos;;;;;;;;;;;;;
b_cubia;Cubia;;;;;;;;;;;;;
b_cubia_adj;Cubia;;;;;;;;;;;;;
b_cubia_desc;Cubia;;;;;;;;;;;;;
b_vivel;Vivel;;;;;;;;;;;;;
b_vivel_adj;Vivel;;;;;;;;;;;;;
b_vivel_desc;Vivel;;;;;;;;;;;;;
b_cabres;Cabres;;;;;;;;;;;;;
b_cabres_adj;Cabres;;;;;;;;;;;;;
b_cabres_desc;Cabres;;;;;;;;;;;;;
b_chara;Chara;;;;;;;;;;;;;
b_chara_adj;Chara;;;;;;;;;;;;;
b_chara_desc;Chara;;;;;;;;;;;;;
b_ligales;Ligales;;;;;;;;;;;;;
b_ligales_adj;Ligales;;;;;;;;;;;;;
b_ligales_desc;Ligales;;;;;;;;;;;;;
b_silosa;Silosa;;;;;;;;;;;;;
b_silosa_adj;Silosa;;;;;;;;;;;;;
b_silosa_desc;Silosa;;;;;;;;;;;;;
b_millosa;Millosa;;;;;;;;;;;;;
b_millosa_adj;Millosa;;;;;;;;;;;;;
b_millosa_desc;Millosa;;;;;;;;;;;;;
b_carba;Carba;;;;;;;;;;;;;
b_carba_adj;Carba;;;;;;;;;;;;;
b_carba_desc;Carba;;;;;;;;;;;;;
b_labajas;Labajas;;;;;;;;;;;;;
b_labajas_adj;Labajas;;;;;;;;;;;;;
b_labajas_desc;Labajas;;;;;;;;;;;;;
b_sanzuela;Sanzuela;;;;;;;;;;;;;
b_sanzuela_adj;Sanzuela;;;;;;;;;;;;;
b_sanzuela_desc;Sanzuela;;;;;;;;;;;;;
b_sillas;Sillas;;;;;;;;;;;;;
b_sillas_adj;Sillas;;;;;;;;;;;;;
b_sillas_desc;Sillas;;;;;;;;;;;;;
b_beros;Beros;;;;;;;;;;;;;
b_beros_adj;Beros;;;;;;;;;;;;;
b_beros_desc;Beros;;;;;;;;;;;;;
b_alano;Alano;;;;;;;;;;;;;
b_alano_adj;Alano;;;;;;;;;;;;;
b_alano_desc;Alano;;;;;;;;;;;;;
b_villabar;Villabar;;;;;;;;;;;;;
b_villabar_adj;Villabar;;;;;;;;;;;;;
b_villabar_desc;Villabar;;;;;;;;;;;;;
b_malado;Malado;;;;;;;;;;;;;
b_malado_adj;Malado;;;;;;;;;;;;;
b_malado_desc;Malado;;;;;;;;;;;;;
b_fonteira;Fonteira;;;;;;;;;;;;;
b_fonteira_adj;Fonteira;;;;;;;;;;;;;
b_fonteira_desc;Fonteira;;;;;;;;;;;;;
b_vacaras;Vacaras;;;;;;;;;;;;;
b_vacaras_adj;Vacaras;;;;;;;;;;;;;
b_vacaras_desc;Vacaras;;;;;;;;;;;;;
b_monde;Monde;;;;;;;;;;;;;
b_monde_adj;Monde;;;;;;;;;;;;;
b_monde_desc;Monde;;;;;;;;;;;;;
b_matamayo;Matamayo;;;;;;;;;;;;;
b_matamayo_adj;Matamayo;;;;;;;;;;;;;
b_matamayo_desc;Matamayo;;;;;;;;;;;;;
b_benis;Benis;;;;;;;;;;;;;
b_benis_adj;Benis;;;;;;;;;;;;;
b_benis_desc;Benis;;;;;;;;;;;;;
b_corte;Corte;;;;;;;;;;;;;
b_corte_adj;Corte;;;;;;;;;;;;;
b_corte_desc;Corte;;;;;;;;;;;;;
b_barroa;Barroa;;;;;;;;;;;;;
b_barroa_adj;Barroa;;;;;;;;;;;;;
b_barroa_desc;Barroa;;;;;;;;;;;;;
b_buizal;Buizal;;;;;;;;;;;;;
b_buizal_adj;Buizal;;;;;;;;;;;;;
b_buizal_desc;Buizal;;;;;;;;;;;;;
b_vilana;Vilana;;;;;;;;;;;;;
b_vilana_adj;Vilana;;;;;;;;;;;;;
b_vilana_desc;Vilana;;;;;;;;;;;;;
b_benas;Benas;;;;;;;;;;;;;
b_benas_adj;Benas;;;;;;;;;;;;;
b_benas_desc;Benas;;;;;;;;;;;;;
b_estelos;Estelos;;;;;;;;;;;;;
b_estelos_adj;Estelos;;;;;;;;;;;;;
b_estelos_desc;Estelos;;;;;;;;;;;;;
b_rondo;Rondo;;;;;;;;;;;;;
b_rondo_adj;Rondo;;;;;;;;;;;;;
b_rondo_desc;Rondo;;;;;;;;;;;;;
b_burelas;Burelas;;;;;;;;;;;;;
b_burelas_adj;Burelas;;;;;;;;;;;;;
b_burelas_desc;Burelas;;;;;;;;;;;;;
b_lusado;Lusado;;;;;;;;;;;;;
b_lusado_adj;Lusado;;;;;;;;;;;;;
b_lusado_desc;Lusado;;;;;;;;;;;;;
b_valdea;Valdea;;;;;;;;;;;;;
b_valdea_adj;Valdea;;;;;;;;;;;;;
b_valdea_desc;Valdea;;;;;;;;;;;;;
b_lagrano;Lagrano;;;;;;;;;;;;;
b_lagrano_adj;Lagrano;;;;;;;;;;;;;
b_lagrano_desc;Lagrano;;;;;;;;;;;;;
b_renes;Renes;;;;;;;;;;;;;
b_renes_adj;Renes;;;;;;;;;;;;;
b_renes_desc;Renes;;;;;;;;;;;;;
b_cande;Cande;;;;;;;;;;;;;
b_cande_adj;Cande;;;;;;;;;;;;;
b_cande_desc;Cande;;;;;;;;;;;;;
b_quinta;Quinta;;;;;;;;;;;;;
b_quinta_adj;Quinta;;;;;;;;;;;;;
b_quinta_desc;Quinta;;;;;;;;;;;;;
b_montala;Montala;;;;;;;;;;;;;
b_montala_adj;Montala;;;;;;;;;;;;;
b_montala_desc;Montala;;;;;;;;;;;;;
b_tenos;Tenos;;;;;;;;;;;;;
b_tenos_adj;Tenos;;;;;;;;;;;;;
b_tenos_desc;Tenos;;;;;;;;;;;;;
b_cebros;Cebros;;;;;;;;;;;;;
b_cebros_adj;Cebros;;;;;;;;;;;;;
b_cebros_desc;Cebros;;;;;;;;;;;;;
b_arzana;Arzana;;;;;;;;;;;;;
b_arzana_adj;Arzana;;;;;;;;;;;;;
b_arzana_desc;Arzana;;;;;;;;;;;;;
b_baresa;Baresa;;;;;;;;;;;;;
b_baresa_adj;Baresa;;;;;;;;;;;;;
b_baresa_desc;Baresa;;;;;;;;;;;;;
b_balleja;Balleja;;;;;;;;;;;;;
b_balleja_adj;Balleja;;;;;;;;;;;;;
b_balleja_desc;Balleja;;;;;;;;;;;;;
b_barias;Barias;;;;;;;;;;;;;
b_barias_adj;Barias;;;;;;;;;;;;;
b_barias_desc;Barias;;;;;;;;;;;;;
b_adorne;Adorne;;;;;;;;;;;;;
b_adorne_adj;Adorne;;;;;;;;;;;;;
b_adorne_desc;Adorne;;;;;;;;;;;;;
b_morena;Morena;;;;;;;;;;;;;
b_morena_adj;Morena;;;;;;;;;;;;;
b_morena_desc;Morena;;;;;;;;;;;;;
b_fonta;Fonta;;;;;;;;;;;;;
b_fonta_adj;Fonta;;;;;;;;;;;;;
b_fonta_desc;Fonta;;;;;;;;;;;;;
b_almaga;Almaga;;;;;;;;;;;;;
b_almaga_adj;Almaga;;;;;;;;;;;;;
b_almaga_desc;Almaga;;;;;;;;;;;;;
b_moedo;Moedo;;;;;;;;;;;;;
b_moedo_adj;Moedo;;;;;;;;;;;;;
b_moedo_desc;Moedo;;;;;;;;;;;;;
b_sorea;Sorea;;;;;;;;;;;;;
b_sorea_adj;Sorea;;;;;;;;;;;;;
b_sorea_desc;Sorea;;;;;;;;;;;;;
b_valdejo;Valdejo;;;;;;;;;;;;;
b_valdejo_adj;Valdejo;;;;;;;;;;;;;
b_valdejo_desc;Valdejo;;;;;;;;;;;;;
b_ceces;Ceces;;;;;;;;;;;;;
b_ceces_adj;Ceces;;;;;;;;;;;;;
b_ceces_desc;Ceces;;;;;;;;;;;;;
b_quilos;Quilos;;;;;;;;;;;;;
b_quilos_adj;Quilos;;;;;;;;;;;;;
b_quilos_desc;Quilos;;;;;;;;;;;;;
b_bouzo;Bouzo;;;;;;;;;;;;;
b_bouzo_adj;Bouzo;;;;;;;;;;;;;
b_bouzo_desc;Bouzo;;;;;;;;;;;;;
b_cubios;Cubios;;;;;;;;;;;;;
b_cubios_adj;Cubios;;;;;;;;;;;;;
b_cubios_desc;Cubios;;;;;;;;;;;;;
b_barre;Barre;;;;;;;;;;;;;
b_barre_adj;Barre;;;;;;;;;;;;;
b_barre_desc;Barre;;;;;;;;;;;;;
b_veiro;Veiro;;;;;;;;;;;;;
b_veiro_adj;Veiro;;;;;;;;;;;;;
b_veiro_desc;Veiro;;;;;;;;;;;;;
b_franica;Franica;;;;;;;;;;;;;
b_franica_adj;Franica;;;;;;;;;;;;;
b_franica_desc;Franica;;;;;;;;;;;;;
b_mondan;Mondan;;;;;;;;;;;;;
b_mondan_adj;Mondan;;;;;;;;;;;;;
b_mondan_desc;Mondan;;;;;;;;;;;;;
b_aborbe;Aborbe;;;;;;;;;;;;;
b_aborbe_adj;Aborbe;;;;;;;;;;;;;
b_aborbe_desc;Aborbe;;;;;;;;;;;;;
b_gullo;Gullo;;;;;;;;;;;;;
b_gullo_adj;Gullo;;;;;;;;;;;;;
b_gullo_desc;Gullo;;;;;;;;;;;;;
b_guatra;Guatra;;;;;;;;;;;;;
b_guatra_adj;Guatra;;;;;;;;;;;;;
b_guatra_desc;Guatra;;;;;;;;;;;;;
b_carbay;Carbay;;;;;;;;;;;;;
b_carbay_adj;Carbay;;;;;;;;;;;;;
b_carbay_desc;Carbay;;;;;;;;;;;;;
b_apela;Apela;;;;;;;;;;;;;
b_apela_adj;Apela;;;;;;;;;;;;;
b_apela_desc;Apela;;;;;;;;;;;;;
b_espinte;Espinte;;;;;;;;;;;;;
b_espinte_adj;Espinte;;;;;;;;;;;;;
b_espinte_desc;Espinte;;;;;;;;;;;;;
b_villard;Villard;;;;;;;;;;;;;
b_villard_adj;Villard;;;;;;;;;;;;;
b_villard_desc;Villard;;;;;;;;;;;;;
b_valduri;Valduri;;;;;;;;;;;;;
b_valduri_adj;Valduri;;;;;;;;;;;;;
b_valduri_desc;Valduri;;;;;;;;;;;;;
b_basta;Basta;;;;;;;;;;;;;
b_basta_adj;Basta;;;;;;;;;;;;;
b_basta_desc;Basta;;;;;;;;;;;;;
b_limes;Limes;;;;;;;;;;;;;
b_limes_adj;Limes;;;;;;;;;;;;;
b_limes_desc;Limes;;;;;;;;;;;;;
b_arcol;Arcol;;;;;;;;;;;;;
b_arcol_adj;Arcol;;;;;;;;;;;;;
b_arcol_desc;Arcol;;;;;;;;;;;;;
b_elbuente;Elbuente;;;;;;;;;;;;;
b_elbuente_adj;Elbuente;;;;;;;;;;;;;
b_elbuente_desc;Elbuente;;;;;;;;;;;;;
b_menos;Menos;;;;;;;;;;;;;
b_menos_adj;Menos;;;;;;;;;;;;;
b_menos_desc;Menos;;;;;;;;;;;;;
b_sobrillo;Sobrillo;;;;;;;;;;;;;
b_sobrillo_adj;Sobrillo;;;;;;;;;;;;;
b_sobrillo_desc;Sobrillo;;;;;;;;;;;;;
b_orios;Orios;;;;;;;;;;;;;
b_orios_adj;Orios;;;;;;;;;;;;;
b_orios_desc;Orios;;;;;;;;;;;;;
b_tornillo;Tornillo;;;;;;;;;;;;;
b_tornillo_adj;Tornillo;;;;;;;;;;;;;
b_tornillo_desc;Tornillo;;;;;;;;;;;;;
b_boquejo;Boquejo;;;;;;;;;;;;;
b_boquejo_adj;Boquejo;;;;;;;;;;;;;
b_boquejo_desc;Boquejo;;;;;;;;;;;;;
b_ablas;Ablas;;;;;;;;;;;;;
b_ablas_adj;Ablas;;;;;;;;;;;;;
b_ablas_desc;Ablas;;;;;;;;;;;;;
b_venteiro;Venteiro;;;;;;;;;;;;;
b_venteiro_adj;Venteiro;;;;;;;;;;;;;
b_venteiro_desc;Venteiro;;;;;;;;;;;;;
b_benero;Benero;;;;;;;;;;;;;
b_benero_adj;Benero;;;;;;;;;;;;;
b_benero_desc;Benero;;;;;;;;;;;;;
b_cuiana;Cuiana;;;;;;;;;;;;;
b_cuiana_adj;Cuiana;;;;;;;;;;;;;
b_cuiana_desc;Cuiana;;;;;;;;;;;;;
b_torraz;Torraz;;;;;;;;;;;;;
b_torraz_adj;Torraz;;;;;;;;;;;;;
b_torraz_desc;Torraz;;;;;;;;;;;;;
b_vergoya;Vergoya;;;;;;;;;;;;;
b_vergoya_adj;Vergoya;;;;;;;;;;;;;
b_vergoya_desc;Vergoya;;;;;;;;;;;;;
b_ucelas;Ucelas;;;;;;;;;;;;;
b_ucelas_adj;Ucelas;;;;;;;;;;;;;
b_ucelas_desc;Ucelas;;;;;;;;;;;;;
b_ronal;Ronal;;;;;;;;;;;;;
b_ronal_adj;Ronal;;;;;;;;;;;;;
b_ronal_desc;Ronal;;;;;;;;;;;;;
b_oredo;Oredo;;;;;;;;;;;;;
b_oredo_adj;Oredo;;;;;;;;;;;;;
b_oredo_desc;Oredo;;;;;;;;;;;;;
b_rafer;Rafer;;;;;;;;;;;;;
b_rafer_adj;Rafer;;;;;;;;;;;;;
b_rafer_desc;Rafer;;;;;;;;;;;;;
b_mestros;Mestros;;;;;;;;;;;;;
b_mestros_adj;Mestros;;;;;;;;;;;;;
b_mestros_desc;Mestros;;;;;;;;;;;;;
b_escarin;Escarin;;;;;;;;;;;;;
b_escarin_adj;Escarin;;;;;;;;;;;;;
b_escarin_desc;Escarin;;;;;;;;;;;;;
b_esmora;Esmora;;;;;;;;;;;;;
b_esmora_adj;Esmora;;;;;;;;;;;;;
b_esmora_desc;Esmora;;;;;;;;;;;;;
b_lorell;Lorell;;;;;;;;;;;;;
b_lorell_adj;Lorell;;;;;;;;;;;;;
b_lorell_desc;Lorell;;;;;;;;;;;;;
b_visones;Visones;;;;;;;;;;;;;
b_visones_adj;Visones;;;;;;;;;;;;;
b_visones_desc;Visones;;;;;;;;;;;;;
b_honte;Honte;;;;;;;;;;;;;
b_honte_adj;Honte;;;;;;;;;;;;;
b_honte_desc;Honte;;;;;;;;;;;;;
b_arches;Arches;;;;;;;;;;;;;
b_arches_adj;Arches;;;;;;;;;;;;;
b_arches_desc;Arches;;;;;;;;;;;;;
b_miravac;Miravac;;;;;;;;;;;;;
b_miravac_adj;Miravac;;;;;;;;;;;;;
b_miravac_desc;Miravac;;;;;;;;;;;;;
b_dolinac;Dolinac;;;;;;;;;;;;;
b_dolinac_adj;Dolinac;;;;;;;;;;;;;
b_dolinac_desc;Dolinac;;;;;;;;;;;;;
b_ribnica;Ribnica;;;;;;;;;;;;;
b_ribnica_adj;Ribnica;;;;;;;;;;;;;
b_ribnica_desc;Ribnica;;;;;;;;;;;;;
b_cerovac;Cerovac;;;;;;;;;;;;;
b_cerovac_adj;Cerovac;;;;;;;;;;;;;
b_cerovac_desc;Cerovac;;;;;;;;;;;;;
b_kovilje;Kovilje;;;;;;;;;;;;;
b_kovilje_adj;Kovilje;;;;;;;;;;;;;
b_kovilje_desc;Kovilje;;;;;;;;;;;;;
b_dravnik;Dravnik;;;;;;;;;;;;;
b_dravnik_adj;Dravnik;;;;;;;;;;;;;
b_dravnik_desc;Dravnik;;;;;;;;;;;;;
b_drvenik;Drvenik;;;;;;;;;;;;;
b_drvenik_adj;Drvenik;;;;;;;;;;;;;
b_drvenik_desc;Drvenik;;;;;;;;;;;;;
b_kerekhalom;Kerekhalom;;;;;;;;;;;;;
b_kerekhalom_adj;Kerekhalom;;;;;;;;;;;;;
b_kerekhalom_desc;Kerekhalom;;;;;;;;;;;;;
b_kisvarad;Kisvarad;;;;;;;;;;;;;
b_kisvarad_adj;Kisvarad;;;;;;;;;;;;;
b_kisvarad_desc;Kisvarad;;;;;;;;;;;;;
b_szelkor;Szelkor;;;;;;;;;;;;;
b_szelkor_adj;Szelkor;;;;;;;;;;;;;
b_szelkor_desc;Szelkor;;;;;;;;;;;;;
b_ujvarnok;Ujvarnok;;;;;;;;;;;;;
b_ujvarnok_adj;Ujvarnok;;;;;;;;;;;;;
b_ujvarnok_desc;Ujvarnok;;;;;;;;;;;;;
b_lunari;Lunari;;;;;;;;;;;;;
b_lunari_adj;Lunari;;;;;;;;;;;;;
b_lunari_desc;Lunari;;;;;;;;;;;;;
b_vizeti;Vizeti;;;;;;;;;;;;;
b_vizeti_adj;Vizeti;;;;;;;;;;;;;
b_vizeti_desc;Vizeti;;;;;;;;;;;;;
b_rotunari;Rotunari;;;;;;;;;;;;;
b_rotunari_adj;Rotunari;;;;;;;;;;;;;
b_rotunari_desc;Rotunari;;;;;;;;;;;;;
b_makri;Makri;;;;;;;;;;;;;
b_makri_adj;Makri;;;;;;;;;;;;;
b_makri_desc;Makri;;;;;;;;;;;;;
b_valthi;Valthi;;;;;;;;;;;;;
b_valthi_adj;Valthi;;;;;;;;;;;;;
b_valthi_desc;Valthi;;;;;;;;;;;;;
b_ampelka;Ampelka;;;;;;;;;;;;;
b_ampelka_adj;Ampelka;;;;;;;;;;;;;
b_ampelka_desc;Ampelka;;;;;;;;;;;;;
b_polia;Polia;;;;;;;;;;;;;
b_polia_adj;Polia;;;;;;;;;;;;;
b_polia_desc;Polia;;;;;;;;;;;;;
b_dolki;Dolki;;;;;;;;;;;;;
b_dolki_adj;Dolki;;;;;;;;;;;;;
b_dolki_desc;Dolki;;;;;;;;;;;;;
b_taxta;Taxta;;;;;;;;;;;;;
b_taxta_adj;Taxta;;;;;;;;;;;;;
b_taxta_desc;Taxta;;;;;;;;;;;;;
b_kalia;Kalia;;;;;;;;;;;;;
b_kalia_adj;Kalia;;;;;;;;;;;;;
b_kalia_desc;Kalia;;;;;;;;;;;;;
b_agion;Agion;;;;;;;;;;;;;
b_agion_adj;Agion;;;;;;;;;;;;;
b_agion_desc;Agion;;;;;;;;;;;;;
b_rapti;Rapti;;;;;;;;;;;;;
b_rapti_adj;Rapti;;;;;;;;;;;;;
b_rapti_desc;Rapti;;;;;;;;;;;;;
b_sredets;Sredets;;;;;;;;;;;;;
b_sredets_adj;Sredets;;;;;;;;;;;;;
b_sredets_desc;Sredets;;;;;;;;;;;;;
b_morava;Morava;;;;;;;;;;;;;
b_morava_adj;Morava;;;;;;;;;;;;;
b_morava_desc;Morava;;;;;;;;;;;;;
b_rakitna;Rakitna;;;;;;;;;;;;;
b_rakitna_adj;Rakitna;;;;;;;;;;;;;
b_rakitna_desc;Rakitna;;;;;;;;;;;;;
b_belitsa;Belitsa;;;;;;;;;;;;;
b_belitsa_adj;Belitsa;;;;;;;;;;;;;
b_belitsa_desc;Belitsa;;;;;;;;;;;;;
b_sombor;Sombor;;;;;;;;;;;;;
b_sombor_adj;Sombor;;;;;;;;;;;;;
b_sombor_desc;Sombor;;;;;;;;;;;;;
b_szeglar;Szeglar;;;;;;;;;;;;;
b_szeglar_adj;Szeglar;;;;;;;;;;;;;
b_szeglar_desc;Szeglar;;;;;;;;;;;;;
b_somberek;Somberek;;;;;;;;;;;;;
b_somberek_adj;Somberek;;;;;;;;;;;;;
b_somberek_desc;Somberek;;;;;;;;;;;;;
b_plopescu;Plopescu;;;;;;;;;;;;;
b_plopescu_adj;Plopescu;;;;;;;;;;;;;
b_plopescu_desc;Plopescu;;;;;;;;;;;;;
b_groaia;Groaia;;;;;;;;;;;;;
b_groaia_adj;Groaia;;;;;;;;;;;;;
b_groaia_desc;Groaia;;;;;;;;;;;;;
b_steti;Steti;;;;;;;;;;;;;
b_steti_adj;Steti;;;;;;;;;;;;;
b_steti_desc;Steti;;;;;;;;;;;;;
b_livani;Livani;;;;;;;;;;;;;
b_livani_adj;Livani;;;;;;;;;;;;;
b_livani_desc;Livani;;;;;;;;;;;;;
b_belineni;Belineni;;;;;;;;;;;;;
b_belineni_adj;Belineni;;;;;;;;;;;;;
b_belineni_desc;Belineni;;;;;;;;;;;;;
b_bulea;Bulea;;;;;;;;;;;;;
b_bulea_adj;Bulea;;;;;;;;;;;;;
b_bulea_desc;Bulea;;;;;;;;;;;;;
b_smolnik;Smolnik;;;;;;;;;;;;;
b_smolnik_adj;Smolnik;;;;;;;;;;;;;
b_smolnik_desc;Smolnik;;;;;;;;;;;;;
b_sedlar;Sedlar;;;;;;;;;;;;;
b_sedlar_adj;Sedlar;;;;;;;;;;;;;
b_sedlar_desc;Sedlar;;;;;;;;;;;;;
b_rosnik;Rosnik;;;;;;;;;;;;;
b_rosnik_adj;Rosnik;;;;;;;;;;;;;
b_rosnik_desc;Rosnik;;;;;;;;;;;;;
b_dolnitsa;Dolnitsa;;;;;;;;;;;;;
b_dolnitsa_adj;Dolnitsa;;;;;;;;;;;;;
b_dolnitsa_desc;Dolnitsa;;;;;;;;;;;;;
b_bistren;Bistren;;;;;;;;;;;;;
b_bistren_adj;Bistren;;;;;;;;;;;;;
b_bistren_desc;Bistren;;;;;;;;;;;;;
b_zlatovo;Zlatovo;;;;;;;;;;;;;
b_zlatovo_adj;Zlatovo;;;;;;;;;;;;;
b_zlatovo_desc;Zlatovo;;;;;;;;;;;;;
b_koprava;Koprava;;;;;;;;;;;;;
b_koprava_adj;Koprava;;;;;;;;;;;;;
b_koprava_desc;Koprava;;;;;;;;;;;;;
b_dragovo;Dragovo;;;;;;;;;;;;;
b_dragovo_adj;Dragovo;;;;;;;;;;;;;
b_dragovo_desc;Dragovo;;;;;;;;;;;;;
b_dolentsi;Dolentsi;;;;;;;;;;;;;
b_dolentsi_adj;Dolentsi;;;;;;;;;;;;;
b_dolentsi_desc;Dolentsi;;;;;;;;;;;;;
b_vodenik;Vodenik;;;;;;;;;;;;;
b_vodenik_adj;Vodenik;;;;;;;;;;;;;
b_vodenik_desc;Vodenik;;;;;;;;;;;;;
b_rudnik;Rudnik;;;;;;;;;;;;;
b_rudnik_adj;Rudnik;;;;;;;;;;;;;
b_rudnik_desc;Rudnik;;;;;;;;;;;;;
b_stajnik;Stajnik;;;;;;;;;;;;;
b_stajnik_adj;Stajnik;;;;;;;;;;;;;
b_stajnik_desc;Stajnik;;;;;;;;;;;;;
b_sokolje;Sokolje;;;;;;;;;;;;;
b_sokolje_adj;Sokolje;;;;;;;;;;;;;
b_sokolje_desc;Sokolje;;;;;;;;;;;;;
b_sartona;Sartona;;;;;;;;;;;;;
b_sartona_adj;Sartona;;;;;;;;;;;;;
b_sartona_desc;Sartona;;;;;;;;;;;;;
b_akros;Akros;;;;;;;;;;;;;
b_akros_adj;Akros;;;;;;;;;;;;;
b_akros_desc;Akros;;;;;;;;;;;;;
b_livades;Livades;;;;;;;;;;;;;
b_livades_adj;Livades;;;;;;;;;;;;;
b_livades_desc;Livades;;;;;;;;;;;;;
b_aeros;Aeros;;;;;;;;;;;;;
b_aeros_adj;Aeros;;;;;;;;;;;;;
b_aeros_desc;Aeros;;;;;;;;;;;;;
b_lagkades;Lagkades;;;;;;;;;;;;;
b_lagkades_adj;Lagkades;;;;;;;;;;;;;
b_lagkades_desc;Lagkades;;;;;;;;;;;;;
b_mourina;Mourina;;;;;;;;;;;;;
b_mourina_adj;Mourina;;;;;;;;;;;;;
b_mourina_desc;Mourina;;;;;;;;;;;;;
b_atsika;Atsika;;;;;;;;;;;;;
b_atsika_adj;Atsika;;;;;;;;;;;;;
b_atsika_desc;Atsika;;;;;;;;;;;;;
b_mariko;Mariko;;;;;;;;;;;;;
b_mariko_adj;Mariko;;;;;;;;;;;;;
b_mariko_desc;Mariko;;;;;;;;;;;;;
b_palio;Palio;;;;;;;;;;;;;
b_palio_adj;Palio;;;;;;;;;;;;;
b_palio_desc;Palio;;;;;;;;;;;;;
b_pitsa;Pitsa;;;;;;;;;;;;;
b_pitsa_adj;Pitsa;;;;;;;;;;;;;
b_pitsa_desc;Pitsa;;;;;;;;;;;;;
b_anthi;Anthi;;;;;;;;;;;;;
b_anthi_adj;Anthi;;;;;;;;;;;;;
b_anthi_desc;Anthi;;;;;;;;;;;;;
b_vamvaka;Vamvaka;;;;;;;;;;;;;
b_vamvaka_adj;Vamvaka;;;;;;;;;;;;;
b_vamvaka_desc;Vamvaka;;;;;;;;;;;;;
b_platon;Platon;;;;;;;;;;;;;
b_platon_adj;Platon;;;;;;;;;;;;;
b_platon_desc;Platon;;;;;;;;;;;;;
b_kalona;Kalona;;;;;;;;;;;;;
b_kalona_adj;Kalona;;;;;;;;;;;;;
b_kalona_desc;Kalona;;;;;;;;;;;;;
b_vouno;Vouno;;;;;;;;;;;;;
b_vouno_adj;Vouno;;;;;;;;;;;;;
b_vouno_desc;Vouno;;;;;;;;;;;;;
b_katsiki;Katsiki;;;;;;;;;;;;;
b_katsiki_adj;Katsiki;;;;;;;;;;;;;
b_katsiki_desc;Katsiki;;;;;;;;;;;;;
b_ferei;Ferei;;;;;;;;;;;;;
b_ferei_adj;Ferei;;;;;;;;;;;;;
b_ferei_desc;Ferei;;;;;;;;;;;;;
b_kyperi;Kyperi;;;;;;;;;;;;;
b_kyperi_adj;Kyperi;;;;;;;;;;;;;
b_kyperi_desc;Kyperi;;;;;;;;;;;;;
b_asvesia;Asvesia;;;;;;;;;;;;;
b_asvesia_adj;Asvesia;;;;;;;;;;;;;
b_asvesia_desc;Asvesia;;;;;;;;;;;;;
b_kontos;Kontos;;;;;;;;;;;;;
b_kontos_adj;Kontos;;;;;;;;;;;;;
b_kontos_desc;Kontos;;;;;;;;;;;;;
b_mastro;Mastro;;;;;;;;;;;;;
b_mastro_adj;Mastro;;;;;;;;;;;;;
b_mastro_desc;Mastro;;;;;;;;;;;;;
b_milon;Milon;;;;;;;;;;;;;
b_milon_adj;Milon;;;;;;;;;;;;;
b_milon_desc;Milon;;;;;;;;;;;;;
b_elona;Elona;;;;;;;;;;;;;
b_elona_adj;Elona;;;;;;;;;;;;;
b_elona_desc;Elona;;;;;;;;;;;;;
b_antika;Antika;;;;;;;;;;;;;
b_antika_adj;Antika;;;;;;;;;;;;;
b_antika_desc;Antika;;;;;;;;;;;;;
b_poulia;Poulia;;;;;;;;;;;;;
b_poulia_adj;Poulia;;;;;;;;;;;;;
b_poulia_desc;Poulia;;;;;;;;;;;;;
b_kounis;Kounis;;;;;;;;;;;;;
b_kounis_adj;Kounis;;;;;;;;;;;;;
b_kounis_desc;Kounis;;;;;;;;;;;;;
b_mouza;Mouza;;;;;;;;;;;;;
b_mouza_adj;Mouza;;;;;;;;;;;;;
b_mouza_desc;Mouza;;;;;;;;;;;;;
b_kipoi;Kipoi;;;;;;;;;;;;;
b_kipoi_adj;Kipoi;;;;;;;;;;;;;
b_kipoi_desc;Kipoi;;;;;;;;;;;;;
b_dimitro;Dimitro;;;;;;;;;;;;;
b_dimitro_adj;Dimitro;;;;;;;;;;;;;
b_dimitro_desc;Dimitro;;;;;;;;;;;;;
b_serika;Serika;;;;;;;;;;;;;
b_serika_adj;Serika;;;;;;;;;;;;;
b_serika_desc;Serika;;;;;;;;;;;;;
b_mousakia;Mousakia;;;;;;;;;;;;;
b_mousakia_adj;Mousakia;;;;;;;;;;;;;
b_mousakia_desc;Mousakia;;;;;;;;;;;;;
b_kampia;Kampia;;;;;;;;;;;;;
b_kampia_adj;Kampia;;;;;;;;;;;;;
b_kampia_desc;Kampia;;;;;;;;;;;;;
b_kalas;Kalas;;;;;;;;;;;;;
b_kalas_adj;Kalas;;;;;;;;;;;;;
b_kalas_desc;Kalas;;;;;;;;;;;;;
b_kaltos;Kaltos;;;;;;;;;;;;;
b_kaltos_adj;Kaltos;;;;;;;;;;;;;
b_kaltos_desc;Kaltos;;;;;;;;;;;;;
b_monas;Monas;;;;;;;;;;;;;
b_monas_adj;Monas;;;;;;;;;;;;;
b_monas_desc;Monas;;;;;;;;;;;;;
b_kourni;Kourni;;;;;;;;;;;;;
b_kourni_adj;Kourni;;;;;;;;;;;;;
b_kourni_desc;Kourni;;;;;;;;;;;;;
b_pyrgora;Pyrgora;;;;;;;;;;;;;
b_pyrgora_adj;Pyrgora;;;;;;;;;;;;;
b_pyrgora_desc;Pyrgora;;;;;;;;;;;;;
b_karpa;Karpa;;;;;;;;;;;;;
b_karpa_adj;Karpa;;;;;;;;;;;;;
b_karpa_desc;Karpa;;;;;;;;;;;;;
b_sfakia;Sfakia;;;;;;;;;;;;;
b_sfakia_adj;Sfakia;;;;;;;;;;;;;
b_sfakia_desc;Sfakia;;;;;;;;;;;;;
b_agnon;Agnon;;;;;;;;;;;;;
b_agnon_adj;Agnon;;;;;;;;;;;;;
b_agnon_desc;Agnon;;;;;;;;;;;;;
b_karpes;Karpes;;;;;;;;;;;;;
b_karpes_adj;Karpes;;;;;;;;;;;;;
b_karpes_desc;Karpes;;;;;;;;;;;;;
b_velria;Velria;;;;;;;;;;;;;
b_velria_adj;Velria;;;;;;;;;;;;;
b_velria_desc;Velria;;;;;;;;;;;;;
b_mesolni;Mesolni;;;;;;;;;;;;;
b_mesolni_adj;Mesolni;;;;;;;;;;;;;
b_mesolni_desc;Mesolni;;;;;;;;;;;;;
b_ippoi;Ippoi;;;;;;;;;;;;;
b_ippoi_adj;Ippoi;;;;;;;;;;;;;
b_ippoi_desc;Ippoi;;;;;;;;;;;;;
b_astra;Astra;;;;;;;;;;;;;
b_astra_adj;Astra;;;;;;;;;;;;;
b_astra_desc;Astra;;;;;;;;;;;;;
b_kousa;Kousa;;;;;;;;;;;;;
b_kousa_adj;Kousa;;;;;;;;;;;;;
b_kousa_desc;Kousa;;;;;;;;;;;;;
b_temnian;Temnian;;;;;;;;;;;;;
b_temnian_adj;Temnian;;;;;;;;;;;;;
b_temnian_desc;Temnian;;;;;;;;;;;;;
b_athos;Athos;;;;;;;;;;;;;
b_athos_adj;Athos;;;;;;;;;;;;;
b_athos_desc;Athos;;;;;;;;;;;;;
b_lefkon;Lefkon;;;;;;;;;;;;;
b_lefkon_adj;Lefkon;;;;;;;;;;;;;
b_lefkon_desc;Lefkon;;;;;;;;;;;;;
b_pasiliki;Pasiliki;;;;;;;;;;;;;
b_pasiliki_adj;Pasiliki;;;;;;;;;;;;;
b_pasiliki_desc;Pasiliki;;;;;;;;;;;;;
b_vraki;Vraki;;;;;;;;;;;;;
b_vraki_adj;Vraki;;;;;;;;;;;;;
b_vraki_desc;Vraki;;;;;;;;;;;;;
b_lagis;Lagis;;;;;;;;;;;;;
b_lagis_adj;Lagis;;;;;;;;;;;;;
b_lagis_desc;Lagis;;;;;;;;;;;;;
b_fotis;Fotis;;;;;;;;;;;;;
b_fotis_adj;Fotis;;;;;;;;;;;;;
b_fotis_desc;Fotis;;;;;;;;;;;;;
b_lefki;Lefki;;;;;;;;;;;;;
b_lefki_adj;Lefki;;;;;;;;;;;;;
b_lefki_desc;Lefki;;;;;;;;;;;;;
b_souli;Souli;;;;;;;;;;;;;
b_souli_adj;Souli;;;;;;;;;;;;;
b_souli_desc;Souli;;;;;;;;;;;;;
b_alaris;Alaris;;;;;;;;;;;;;
b_alaris_adj;Alaris;;;;;;;;;;;;;
b_alaris_desc;Alaris;;;;;;;;;;;;;
b_palatari;Palatari;;;;;;;;;;;;;
b_palatari_adj;Palatari;;;;;;;;;;;;;
b_palatari_desc;Palatari;;;;;;;;;;;;;
b_pylos;Pylos;;;;;;;;;;;;;
b_pylos_adj;Pylos;;;;;;;;;;;;;
b_pylos_desc;Pylos;;;;;;;;;;;;;
b_mavros;Mavros;;;;;;;;;;;;;
b_mavros_adj;Mavros;;;;;;;;;;;;;
b_mavros_desc;Mavros;;;;;;;;;;;;;
b_lamos;Lamos;;;;;;;;;;;;;
b_lamos_adj;Lamos;;;;;;;;;;;;;
b_lamos_desc;Lamos;;;;;;;;;;;;;
b_kydania;Kydania;;;;;;;;;;;;;
b_kydania_adj;Kydania;;;;;;;;;;;;;
b_kydania_desc;Kydania;;;;;;;;;;;;;
b_mannas;Mannas;;;;;;;;;;;;;
b_mannas_adj;Mannas;;;;;;;;;;;;;
b_mannas_desc;Mannas;;;;;;;;;;;;;
b_karika;Karika;;;;;;;;;;;;;
b_karika_adj;Karika;;;;;;;;;;;;;
b_karika_desc;Karika;;;;;;;;;;;;;
b_astraika;Astraika;;;;;;;;;;;;;
b_astraika_adj;Astraika;;;;;;;;;;;;;
b_astraika_desc;Astraika;;;;;;;;;;;;;
b_aspros;Aspros;;;;;;;;;;;;;
b_aspros_adj;Aspros;;;;;;;;;;;;;
b_aspros_desc;Aspros;;;;;;;;;;;;;
b_lakkos;Lakkos;;;;;;;;;;;;;
b_lakkos_adj;Lakkos;;;;;;;;;;;;;
b_lakkos_desc;Lakkos;;;;;;;;;;;;;
b_dolis;Dolis;;;;;;;;;;;;;
b_dolis_adj;Dolis;;;;;;;;;;;;;
b_dolis_desc;Dolis;;;;;;;;;;;;;
b_aerima;Aerima;;;;;;;;;;;;;
b_aerima_adj;Aerima;;;;;;;;;;;;;
b_aerima_desc;Aerima;;;;;;;;;;;;;
b_lamea;Lamea;;;;;;;;;;;;;
b_lamea_adj;Lamea;;;;;;;;;;;;;
b_lamea_desc;Lamea;;;;;;;;;;;;;
b_tsaka;Tsaka;;;;;;;;;;;;;
b_tsaka_adj;Tsaka;;;;;;;;;;;;;
b_tsaka_desc;Tsaka;;;;;;;;;;;;;
b_ioudra;Ioudra;;;;;;;;;;;;;
b_ioudra_adj;Ioudra;;;;;;;;;;;;;
b_ioudra_desc;Ioudra;;;;;;;;;;;;;
b_marnoi;Marnoi;;;;;;;;;;;;;
b_marnoi_adj;Marnoi;;;;;;;;;;;;;
b_marnoi_desc;Marnoi;;;;;;;;;;;;;
b_peris;Peris;;;;;;;;;;;;;
b_peris_adj;Peris;;;;;;;;;;;;;
b_peris_desc;Peris;;;;;;;;;;;;;
b_amaros;Amaros;;;;;;;;;;;;;
b_amaros_adj;Amaros;;;;;;;;;;;;;
b_amaros_desc;Amaros;;;;;;;;;;;;;
b_kapeio;Kapeio;;;;;;;;;;;;;
b_kapeio_adj;Kapeio;;;;;;;;;;;;;
b_kapeio_desc;Kapeio;;;;;;;;;;;;;
b_kinis;Kinis;;;;;;;;;;;;;
b_kinis_adj;Kinis;;;;;;;;;;;;;
b_kinis_desc;Kinis;;;;;;;;;;;;;
b_manes;Manes;;;;;;;;;;;;;
b_manes_adj;Manes;;;;;;;;;;;;;
b_manes_desc;Manes;;;;;;;;;;;;;
b_arkos;Arkos;;;;;;;;;;;;;
b_arkos_adj;Arkos;;;;;;;;;;;;;
b_arkos_desc;Arkos;;;;;;;;;;;;;
b_kella;Kella;;;;;;;;;;;;;
b_kella_adj;Kella;;;;;;;;;;;;;
b_kella_desc;Kella;;;;;;;;;;;;;
b_khian;Khian;;;;;;;;;;;;;
b_khian_adj;Khian;;;;;;;;;;;;;
b_khian_desc;Khian;;;;;;;;;;;;;
b_kardeti;Kardeti;;;;;;;;;;;;;
b_kardeti_adj;Kardeti;;;;;;;;;;;;;
b_kardeti_desc;Kardeti;;;;;;;;;;;;;
b_chkhoriti;Chkhoriti;;;;;;;;;;;;;
b_chkhoriti_adj;Chkhoriti;;;;;;;;;;;;;
b_chkhoriti_desc;Chkhoriti;;;;;;;;;;;;;
b_andzeti;Andzeti;;;;;;;;;;;;;
b_andzeti_adj;Andzeti;;;;;;;;;;;;;
b_andzeti_desc;Andzeti;;;;;;;;;;;;;
b_masti;Masti;;;;;;;;;;;;;
b_masti_adj;Masti;;;;;;;;;;;;;
b_masti_desc;Masti;;;;;;;;;;;;;
b_leptamos;Leptamos;;;;;;;;;;;;;
b_leptamos_adj;Leptamos;;;;;;;;;;;;;
b_leptamos_desc;Leptamos;;;;;;;;;;;;;
b_kylos;Kylos;;;;;;;;;;;;;
b_kylos_adj;Kylos;;;;;;;;;;;;;
b_kylos_desc;Kylos;;;;;;;;;;;;;
b_damali;Damali;;;;;;;;;;;;;
b_damali_adj;Damali;;;;;;;;;;;;;
b_damali_desc;Damali;;;;;;;;;;;;;
b_delis;Delis;;;;;;;;;;;;;
b_delis_adj;Delis;;;;;;;;;;;;;
b_delis_desc;Delis;;;;;;;;;;;;;
b_evria;Evria;;;;;;;;;;;;;
b_evria_adj;Evria;;;;;;;;;;;;;
b_evria_desc;Evria;;;;;;;;;;;;;
b_stavrli;Stavrli;;;;;;;;;;;;;
b_stavrli_adj;Stavrli;;;;;;;;;;;;;
b_stavrli_desc;Stavrli;;;;;;;;;;;;;
b_pithos;Pithos;;;;;;;;;;;;;
b_pithos_adj;Pithos;;;;;;;;;;;;;
b_pithos_desc;Pithos;;;;;;;;;;;;;
b_misri;Misri;;;;;;;;;;;;;
b_misri_adj;Misri;;;;;;;;;;;;;
b_misri_desc;Misri;;;;;;;;;;;;;
b_kathos;Kathos;;;;;;;;;;;;;
b_kathos_adj;Kathos;;;;;;;;;;;;;
b_kathos_desc;Kathos;;;;;;;;;;;;;
b_achoi;Achoi;;;;;;;;;;;;;
b_achoi_adj;Achoi;;;;;;;;;;;;;
b_achoi_desc;Achoi;;;;;;;;;;;;;
b_keraka;Keraka;;;;;;;;;;;;;
b_keraka_adj;Keraka;;;;;;;;;;;;;
b_keraka_desc;Keraka;;;;;;;;;;;;;
b_touri;Touri;;;;;;;;;;;;;
b_touri_adj;Touri;;;;;;;;;;;;;
b_touri_desc;Touri;;;;;;;;;;;;;
b_makes;Makes;;;;;;;;;;;;;
b_makes_adj;Makes;;;;;;;;;;;;;
b_makes_desc;Makes;;;;;;;;;;;;;
b_kremasta;Kremasta;;;;;;;;;;;;;
b_kremasta_adj;Kremasta;;;;;;;;;;;;;
b_kremasta_desc;Kremasta;;;;;;;;;;;;;
b_kamaros;Kamaros;;;;;;;;;;;;;
b_kamaros_adj;Kamaros;;;;;;;;;;;;;
b_kamaros_desc;Kamaros;;;;;;;;;;;;;
b_koukkos;Koukkos;;;;;;;;;;;;;
b_koukkos_adj;Koukkos;;;;;;;;;;;;;
b_koukkos_desc;Koukkos;;;;;;;;;;;;;
b_chrysi;Chrysi;;;;;;;;;;;;;
b_chrysi_adj;Chrysi;;;;;;;;;;;;;
b_chrysi_desc;Chrysi;;;;;;;;;;;;;
b_arnos;Arnos;;;;;;;;;;;;;
b_arnos_adj;Arnos;;;;;;;;;;;;;
b_arnos_desc;Arnos;;;;;;;;;;;;;
b_zigos;Zigos;;;;;;;;;;;;;
b_zigos_adj;Zigos;;;;;;;;;;;;;
b_zigos_desc;Zigos;;;;;;;;;;;;;
b_kalli;Kalli;;;;;;;;;;;;;
b_kalli_adj;Kalli;;;;;;;;;;;;;
b_kalli_desc;Kalli;;;;;;;;;;;;;
b_mentra;Mentra;;;;;;;;;;;;;
b_mentra_adj;Mentra;;;;;;;;;;;;;
b_mentra_desc;Mentra;;;;;;;;;;;;;
b_katana;Katana;;;;;;;;;;;;;
b_katana_adj;Katana;;;;;;;;;;;;;
b_katana_desc;Katana;;;;;;;;;;;;;
b_skana;Skana;;;;;;;;;;;;;
b_skana_adj;Skana;;;;;;;;;;;;;
b_skana_desc;Skana;;;;;;;;;;;;;
b_veria;Veria;;;;;;;;;;;;;
b_veria_adj;Veria;;;;;;;;;;;;;
b_veria_desc;Veria;;;;;;;;;;;;;
b_trolo;Trolo;;;;;;;;;;;;;
b_trolo_adj;Trolo;;;;;;;;;;;;;
b_trolo_desc;Trolo;;;;;;;;;;;;;
b_akhorgori;Akhorgori;;;;;;;;;;;;;
b_akhorgori_adj;Akhorgori;;;;;;;;;;;;;
b_akhorgori_desc;Akhorgori;;;;;;;;;;;;;
b_tskhentavi;Tskhentavi;;;;;;;;;;;;;
b_tskhentavi_adj;Tskhentavi;;;;;;;;;;;;;
b_tskhentavi_desc;Tskhentavi;;;;;;;;;;;;;
b_ghardavi;Ghardavi;;;;;;;;;;;;;
b_ghardavi_adj;Ghardavi;;;;;;;;;;;;;
b_ghardavi_desc;Ghardavi;;;;;;;;;;;;;
b_marneti;Marneti;;;;;;;;;;;;;
b_marneti_adj;Marneti;;;;;;;;;;;;;
b_marneti_desc;Marneti;;;;;;;;;;;;;
b_tsikhari;Tsikhari;;;;;;;;;;;;;
b_tsikhari_adj;Tsikhari;;;;;;;;;;;;;
b_tsikhari_desc;Tsikhari;;;;;;;;;;;;;
b_kintavi;Kintavi;;;;;;;;;;;;;
b_kintavi_adj;Kintavi;;;;;;;;;;;;;
b_kintavi_desc;Kintavi;;;;;;;;;;;;;
b_tsaleti;Tsaleti;;;;;;;;;;;;;
b_tsaleti_adj;Tsaleti;;;;;;;;;;;;;
b_tsaleti_desc;Tsaleti;;;;;;;;;;;;;
b_pidka;Pidka;;;;;;;;;;;;;
b_pidka_adj;Pidka;;;;;;;;;;;;;
b_pidka_desc;Pidka;;;;;;;;;;;;;
b_malova;Malova;;;;;;;;;;;;;
b_malova_adj;Malova;;;;;;;;;;;;;
b_malova_desc;Malova;;;;;;;;;;;;;
b_riatna;Riatna;;;;;;;;;;;;;
b_riatna_adj;Riatna;;;;;;;;;;;;;
b_riatna_desc;Riatna;;;;;;;;;;;;;
b_khelvani;Khelvani;;;;;;;;;;;;;
b_khelvani_adj;Khelvani;;;;;;;;;;;;;
b_khelvani_desc;Khelvani;;;;;;;;;;;;;
b_zegori;Zegori;;;;;;;;;;;;;
b_zegori_adj;Zegori;;;;;;;;;;;;;
b_zegori_desc;Zegori;;;;;;;;;;;;;
b_oshkori;Oshkori;;;;;;;;;;;;;
b_oshkori_adj;Oshkori;;;;;;;;;;;;;
b_oshkori_desc;Oshkori;;;;;;;;;;;;;
b_polyanky;Polyanky;;;;;;;;;;;;;
b_polyanky_adj;Polyanky;;;;;;;;;;;;;
b_polyanky_desc;Polyanky;;;;;;;;;;;;;
b_pashivka;Pashivka;;;;;;;;;;;;;
b_pashivka_adj;Pashivka;;;;;;;;;;;;;
b_pashivka_desc;Pashivka;;;;;;;;;;;;;
b_rudtsi;Rudtsi;;;;;;;;;;;;;
b_rudtsi_adj;Rudtsi;;;;;;;;;;;;;
b_rudtsi_desc;Rudtsi;;;;;;;;;;;;;
b_peche;Peche;;;;;;;;;;;;;
b_peche_adj;Peche;;;;;;;;;;;;;
b_peche_desc;Peche;;;;;;;;;;;;;
b_yatyn;Yatyn;;;;;;;;;;;;;
b_yatyn_adj;Yatyn;;;;;;;;;;;;;
b_yatyn_desc;Yatyn;;;;;;;;;;;;;
b_zaporyi;Zaporyi;;;;;;;;;;;;;
b_zaporyi_adj;Zaporyi;;;;;;;;;;;;;
b_zaporyi_desc;Zaporyi;;;;;;;;;;;;;
b_broskaly;Broskaly;;;;;;;;;;;;;
b_broskaly_adj;Broskaly;;;;;;;;;;;;;
b_broskaly_desc;Broskaly;;;;;;;;;;;;;
b_myhivtsi;Myhivtsi;;;;;;;;;;;;;
b_myhivtsi_adj;Myhivtsi;;;;;;;;;;;;;
b_myhivtsi_desc;Myhivtsi;;;;;;;;;;;;;
b_kozarove;Kozarove;;;;;;;;;;;;;
b_kozarove_adj;Kozarove;;;;;;;;;;;;;
b_kozarove_desc;Kozarove;;;;;;;;;;;;;
b_vyshivka;Vyshivka;;;;;;;;;;;;;
b_vyshivka_adj;Vyshivka;;;;;;;;;;;;;
b_vyshivka_desc;Vyshivka;;;;;;;;;;;;;
b_zachyne;Zachyne;;;;;;;;;;;;;
b_zachyne_adj;Zachyne;;;;;;;;;;;;;
b_zachyne_desc;Zachyne;;;;;;;;;;;;;
b_stanka;Stanka;;;;;;;;;;;;;
b_stanka_adj;Stanka;;;;;;;;;;;;;
b_stanka_desc;Stanka;;;;;;;;;;;;;
b_verivka;Verivka;;;;;;;;;;;;;
b_verivka_adj;Verivka;;;;;;;;;;;;;
b_verivka_desc;Verivka;;;;;;;;;;;;;
b_malivka;Malivka;;;;;;;;;;;;;
b_malivka_adj;Malivka;;;;;;;;;;;;;
b_malivka_desc;Malivka;;;;;;;;;;;;;
b_kreshky;Kreshky;;;;;;;;;;;;;
b_kreshky_adj;Kreshky;;;;;;;;;;;;;
b_kreshky_desc;Kreshky;;;;;;;;;;;;;
b_zharche;Zharche;;;;;;;;;;;;;
b_zharche_adj;Zharche;;;;;;;;;;;;;
b_zharche_desc;Zharche;;;;;;;;;;;;;
b_moshiv;Moshiv;;;;;;;;;;;;;
b_moshiv_adj;Moshiv;;;;;;;;;;;;;
b_moshiv_desc;Moshiv;;;;;;;;;;;;;
b_hrynka;Hrynka;;;;;;;;;;;;;
b_hrynka_adj;Hrynka;;;;;;;;;;;;;
b_hrynka_desc;Hrynka;;;;;;;;;;;;;
b_dvorove;Dvorove;;;;;;;;;;;;;
b_dvorove_adj;Dvorove;;;;;;;;;;;;;
b_dvorove_desc;Dvorove;;;;;;;;;;;;;
b_vyzivka;Vyzivka;;;;;;;;;;;;;
b_vyzivka_adj;Vyzivka;;;;;;;;;;;;;
b_vyzivka_desc;Vyzivka;;;;;;;;;;;;;
b_sosnytky;Sosnytky;;;;;;;;;;;;;
b_sosnytky_adj;Sosnytky;;;;;;;;;;;;;
b_sosnytky_desc;Sosnytky;;;;;;;;;;;;;
b_sonduin;Sonduin;;;;;;;;;;;;;
b_sonduin_adj;Sonduin;;;;;;;;;;;;;
b_sonduin_desc;Sonduin;;;;;;;;;;;;;
b_terbaan;Terbaan;;;;;;;;;;;;;
b_terbaan_adj;Terbaan;;;;;;;;;;;;;
b_terbaan_desc;Terbaan;;;;;;;;;;;;;
b_engadijk;Engadijk;;;;;;;;;;;;;
b_engadijk_adj;Engadijk;;;;;;;;;;;;;
b_engadijk_desc;Engadijk;;;;;;;;;;;;;
b_velderdam;Velderdam;;;;;;;;;;;;;
b_velderdam_adj;Velderdam;;;;;;;;;;;;;
b_velderdam_desc;Velderdam;;;;;;;;;;;;;
b_hoordijk;Hoordijk;;;;;;;;;;;;;
b_hoordijk_adj;Hoordijk;;;;;;;;;;;;;
b_hoordijk_desc;Hoordijk;;;;;;;;;;;;;
b_molent;Molent;;;;;;;;;;;;;
b_molent_adj;Molent;;;;;;;;;;;;;
b_molent_desc;Molent;;;;;;;;;;;;;
b_dennenbroek;Dennenbroek;;;;;;;;;;;;;
b_dennenbroek_adj;Dennenbroek;;;;;;;;;;;;;
b_dennenbroek_desc;Dennenbroek;;;;;;;;;;;;;
b_heiken;Heiken;;;;;;;;;;;;;
b_heiken_adj;Heiken;;;;;;;;;;;;;
b_heiken_desc;Heiken;;;;;;;;;;;;;
b_veerzicht;Veerzicht;;;;;;;;;;;;;
b_veerzicht_adj;Veerzicht;;;;;;;;;;;;;
b_veerzicht_desc;Veerzicht;;;;;;;;;;;;;
b_ildum;Ildum;;;;;;;;;;;;;
b_ildum_adj;Ildum;;;;;;;;;;;;;
b_ildum_desc;Ildum;;;;;;;;;;;;;
b_eerdum;Eerdum;;;;;;;;;;;;;
b_eerdum_adj;Eerdum;;;;;;;;;;;;;
b_eerdum_desc;Eerdum;;;;;;;;;;;;;
b_esrum;Esrum;;;;;;;;;;;;;
b_esrum_adj;Esrum;;;;;;;;;;;;;
b_esrum_desc;Esrum;;;;;;;;;;;;;
b_lardum;Lardum;;;;;;;;;;;;;
b_lardum_adj;Lardum;;;;;;;;;;;;;
b_lardum_desc;Lardum;;;;;;;;;;;;;
b_kirsum;Kirsum;;;;;;;;;;;;;
b_kirsum_adj;Kirsum;;;;;;;;;;;;;
b_kirsum_desc;Kirsum;;;;;;;;;;;;;
b_karum;Karum;;;;;;;;;;;;;
b_karum_adj;Karum;;;;;;;;;;;;;
b_karum_desc;Karum;;;;;;;;;;;;;
b_parum;Parum;;;;;;;;;;;;;
b_parum_adj;Parum;;;;;;;;;;;;;
b_parum_desc;Parum;;;;;;;;;;;;;
b_selum;Selum;;;;;;;;;;;;;
b_selum_adj;Selum;;;;;;;;;;;;;
b_selum_desc;Selum;;;;;;;;;;;;;
b_emgum;Emgum;;;;;;;;;;;;;
b_emgum_adj;Emgum;;;;;;;;;;;;;
b_emgum_desc;Emgum;;;;;;;;;;;;;
b_boslum;Boslum;;;;;;;;;;;;;
b_boslum_adj;Boslum;;;;;;;;;;;;;
b_boslum_desc;Boslum;;;;;;;;;;;;;
b_islum;Islum;;;;;;;;;;;;;
b_islum_adj;Islum;;;;;;;;;;;;;
b_islum_desc;Islum;;;;;;;;;;;;;
b_esselsum;Esselsum;;;;;;;;;;;;;
b_esselsum_adj;Esselsum;;;;;;;;;;;;;
b_esselsum_desc;Esselsum;;;;;;;;;;;;;
b_aldum;Aldum;;;;;;;;;;;;;
b_aldum_adj;Aldum;;;;;;;;;;;;;
b_aldum_desc;Aldum;;;;;;;;;;;;;
b_barkum;Barkum;;;;;;;;;;;;;
b_barkum_adj;Barkum;;;;;;;;;;;;;
b_barkum_desc;Barkum;;;;;;;;;;;;;
b_bovenbroek;Bovenbroek;;;;;;;;;;;;;
b_bovenbroek_adj;Bovenbroek;;;;;;;;;;;;;
b_bovenbroek_desc;Bovenbroek;;;;;;;;;;;;;
b_nieuwijk;Nieuwijk;;;;;;;;;;;;;
b_nieuwijk_adj;Nieuwijk;;;;;;;;;;;;;
b_nieuwijk_desc;Nieuwijk;;;;;;;;;;;;;
b_commer;Commer;;;;;;;;;;;;;
b_commer_adj;Commer;;;;;;;;;;;;;
b_commer_desc;Commer;;;;;;;;;;;;;
b_westen;Westen;;;;;;;;;;;;;
b_westen_adj;Westen;;;;;;;;;;;;;
b_westen_desc;Westen;;;;;;;;;;;;;
b_geult;Geult;;;;;;;;;;;;;
b_geult_adj;Geult;;;;;;;;;;;;;
b_geult_desc;Geult;;;;;;;;;;;;;
b_apeelo;Apeelo;;;;;;;;;;;;;
b_apeelo_adj;Apeelo;;;;;;;;;;;;;
b_apeelo_desc;Apeelo;;;;;;;;;;;;;
b_waterg;Waterg;;;;;;;;;;;;;
b_waterg_adj;Waterg;;;;;;;;;;;;;
b_waterg_desc;Waterg;;;;;;;;;;;;;
b_lieberg;Lieberg;;;;;;;;;;;;;
b_lieberg_adj;Lieberg;;;;;;;;;;;;;
b_lieberg_desc;Lieberg;;;;;;;;;;;;;
b_zonnedorp;Zonnedorp;;;;;;;;;;;;;
b_zonnedorp_adj;Zonnedorp;;;;;;;;;;;;;
b_zonnedorp_desc;Zonnedorp;;;;;;;;;;;;;
b_wilden;Wilden;;;;;;;;;;;;;
b_wilden_adj;Wilden;;;;;;;;;;;;;
b_wilden_desc;Wilden;;;;;;;;;;;;;
b_older;Older;;;;;;;;;;;;;
b_older_adj;Older;;;;;;;;;;;;;
b_older_desc;Older;;;;;;;;;;;;;
b_grothen;Grothen;;;;;;;;;;;;;
b_grothen_adj;Grothen;;;;;;;;;;;;;
b_grothen_desc;Grothen;;;;;;;;;;;;;
b_alnum;Alnum;;;;;;;;;;;;;
b_alnum_adj;Alnum;;;;;;;;;;;;;
b_alnum_desc;Alnum;;;;;;;;;;;;;
b_balum;Balum;;;;;;;;;;;;;
b_balum_adj;Balum;;;;;;;;;;;;;
b_balum_desc;Balum;;;;;;;;;;;;;
b_telgum;Telgum;;;;;;;;;;;;;
b_telgum_adj;Telgum;;;;;;;;;;;;;
b_telgum_desc;Telgum;;;;;;;;;;;;;
b_wandum;Wandum;;;;;;;;;;;;;
b_wandum_adj;Wandum;;;;;;;;;;;;;
b_wandum_desc;Wandum;;;;;;;;;;;;;
b_ledum;Ledum;;;;;;;;;;;;;
b_ledum_adj;Ledum;;;;;;;;;;;;;
b_ledum_desc;Ledum;;;;;;;;;;;;;
b_kilum;Kilum;;;;;;;;;;;;;
b_kilum_adj;Kilum;;;;;;;;;;;;;
b_kilum_desc;Kilum;;;;;;;;;;;;;
b_ferum;Ferum;;;;;;;;;;;;;
b_ferum_adj;Ferum;;;;;;;;;;;;;
b_ferum_desc;Ferum;;;;;;;;;;;;;
b_beijl;Beijl;;;;;;;;;;;;;
b_beijl_adj;Beijl;;;;;;;;;;;;;
b_beijl_desc;Beijl;;;;;;;;;;;;;
b_meerenhout;Meerenhout;;;;;;;;;;;;;
b_meerenhout_adj;Meerenhout;;;;;;;;;;;;;
b_meerenhout_desc;Meerenhout;;;;;;;;;;;;;
b_vaten;Vaten;;;;;;;;;;;;;
b_vaten_adj;Vaten;;;;;;;;;;;;;
b_vaten_desc;Vaten;;;;;;;;;;;;;
b_pluimwijk;Pluimwijk;;;;;;;;;;;;;
b_pluimwijk_adj;Pluimwijk;;;;;;;;;;;;;
b_pluimwijk_desc;Pluimwijk;;;;;;;;;;;;;
b_bilthe;Bilthe;;;;;;;;;;;;;
b_bilthe_adj;Bilthe;;;;;;;;;;;;;
b_bilthe_desc;Bilthe;;;;;;;;;;;;;
b_kappelwaard;Kappelwaard;;;;;;;;;;;;;
b_kappelwaard_adj;Kappelwaard;;;;;;;;;;;;;
b_kappelwaard_desc;Kappelwaard;;;;;;;;;;;;;
b_boveren;Boveren;;;;;;;;;;;;;
b_boveren_adj;Boveren;;;;;;;;;;;;;
b_boveren_desc;Boveren;;;;;;;;;;;;;
b_noorderkamp;Noorderkamp;;;;;;;;;;;;;
b_noorderkamp_adj;Noorderkamp;;;;;;;;;;;;;
b_noorderkamp_desc;Noorderkamp;;;;;;;;;;;;;
b_elerhuis;Elerhuis;;;;;;;;;;;;;
b_elerhuis_adj;Elerhuis;;;;;;;;;;;;;
b_elerhuis_desc;Elerhuis;;;;;;;;;;;;;
b_oldene;Oldene;;;;;;;;;;;;;
b_oldene_adj;Oldene;;;;;;;;;;;;;
b_oldene_desc;Oldene;;;;;;;;;;;;;
b_roedorp;Roedorp;;;;;;;;;;;;;
b_roedorp_adj;Roedorp;;;;;;;;;;;;;
b_roedorp_desc;Roedorp;;;;;;;;;;;;;
b_boert;Boert;;;;;;;;;;;;;
b_boert_adj;Boert;;;;;;;;;;;;;
b_boert_desc;Boert;;;;;;;;;;;;;
b_vruchen;Vruchen;;;;;;;;;;;;;
b_vruchen_adj;Vruchen;;;;;;;;;;;;;
b_vruchen_desc;Vruchen;;;;;;;;;;;;;
b_bommel;Bommel;;;;;;;;;;;;;
b_bommel_adj;Bommel;;;;;;;;;;;;;
b_bommel_desc;Bommel;;;;;;;;;;;;;
b_foxhoek;Foxhoek;;;;;;;;;;;;;
b_foxhoek_adj;Foxhoek;;;;;;;;;;;;;
b_foxhoek_desc;Foxhoek;;;;;;;;;;;;;
b_bokhoek;Bokhoek;;;;;;;;;;;;;
b_bokhoek_adj;Bokhoek;;;;;;;;;;;;;
b_bokhoek_desc;Bokhoek;;;;;;;;;;;;;
b_heebrug;Heebrug;;;;;;;;;;;;;
b_heebrug_adj;Heebrug;;;;;;;;;;;;;
b_heebrug_desc;Heebrug;;;;;;;;;;;;;
b_oostbeek;Oostbeek;;;;;;;;;;;;;
b_oostbeek_adj;Oostbeek;;;;;;;;;;;;;
b_oostbeek_desc;Oostbeek;;;;;;;;;;;;;
b_witte;Witte;;;;;;;;;;;;;
b_witte_adj;Witte;;;;;;;;;;;;;
b_witte_desc;Witte;;;;;;;;;;;;;
b_eemsel;Eemsel;;;;;;;;;;;;;
b_eemsel_adj;Eemsel;;;;;;;;;;;;;
b_eemsel_desc;Eemsel;;;;;;;;;;;;;
b_verburg;Verburg;;;;;;;;;;;;;
b_verburg_adj;Verburg;;;;;;;;;;;;;
b_verburg_desc;Verburg;;;;;;;;;;;;;
b_feind;Feind;;;;;;;;;;;;;
b_feind_adj;Feind;;;;;;;;;;;;;
b_feind_desc;Feind;;;;;;;;;;;;;
b_dijkzicht;Dijkzicht;;;;;;;;;;;;;
b_dijkzicht_adj;Dijkzicht;;;;;;;;;;;;;
b_dijkzicht_desc;Dijkzicht;;;;;;;;;;;;;
b_harbroek;Harbroek;;;;;;;;;;;;;
b_harbroek_adj;Harbroek;;;;;;;;;;;;;
b_harbroek_desc;Harbroek;;;;;;;;;;;;;
b_reusden;Reusden;;;;;;;;;;;;;
b_reusden_adj;Reusden;;;;;;;;;;;;;
b_reusden_desc;Reusden;;;;;;;;;;;;;
b_rozen;Rozen;;;;;;;;;;;;;
b_rozen_adj;Rozen;;;;;;;;;;;;;
b_rozen_desc;Rozen;;;;;;;;;;;;;
b_luttel;Luttel;;;;;;;;;;;;;
b_luttel_adj;Luttel;;;;;;;;;;;;;
b_luttel_desc;Luttel;;;;;;;;;;;;;
b_aduarden;Aduarden;;;;;;;;;;;;;
b_aduarden_adj;Aduarden;;;;;;;;;;;;;
b_aduarden_desc;Aduarden;;;;;;;;;;;;;
b_ellem;Ellem;;;;;;;;;;;;;
b_ellem_adj;Ellem;;;;;;;;;;;;;
b_ellem_desc;Ellem;;;;;;;;;;;;;
b_overburg;Overburg;;;;;;;;;;;;;
b_overburg_adj;Overburg;;;;;;;;;;;;;
b_overburg_desc;Overburg;;;;;;;;;;;;;
b_eextelo;Eextelo;;;;;;;;;;;;;
b_eextelo_adj;Eextelo;;;;;;;;;;;;;
b_eextelo_desc;Eextelo;;;;;;;;;;;;;
b_absdam;Absdam;;;;;;;;;;;;;
b_absdam_adj;Absdam;;;;;;;;;;;;;
b_absdam_desc;Absdam;;;;;;;;;;;;;
b_boerlo;Boerlo;;;;;;;;;;;;;
b_boerlo_adj;Boerlo;;;;;;;;;;;;;
b_boerlo_desc;Boerlo;;;;;;;;;;;;;
b_meerweg;Meerweg;;;;;;;;;;;;;
b_meerweg_adj;Meerweg;;;;;;;;;;;;;
b_meerweg_desc;Meerweg;;;;;;;;;;;;;
b_engweide;Engweide;;;;;;;;;;;;;
b_engweide_adj;Engweide;;;;;;;;;;;;;
b_engweide_desc;Engweide;;;;;;;;;;;;;
b_blauwwaard;Blauwwaard;;;;;;;;;;;;;
b_blauwwaard_adj;Blauwwaard;;;;;;;;;;;;;
b_blauwwaard_desc;Blauwwaard;;;;;;;;;;;;;
b_morgenveen;Morgenveen;;;;;;;;;;;;;
b_morgenveen_adj;Morgenveen;;;;;;;;;;;;;
b_morgenveen_desc;Morgenveen;;;;;;;;;;;;;
b_bussen;Bussen;;;;;;;;;;;;;
b_bussen_adj;Bussen;;;;;;;;;;;;;
b_bussen_desc;Bussen;;;;;;;;;;;;;
b_weddam;Weddam;;;;;;;;;;;;;
b_weddam_adj;Weddam;;;;;;;;;;;;;
b_weddam_desc;Weddam;;;;;;;;;;;;;
b_sluiswaard;Sluiswaard;;;;;;;;;;;;;
b_sluiswaard_adj;Sluiswaard;;;;;;;;;;;;;
b_sluiswaard_desc;Sluiswaard;;;;;;;;;;;;;
b_kwade;Kwade;;;;;;;;;;;;;
b_kwade_adj;Kwade;;;;;;;;;;;;;
b_kwade_desc;Kwade;;;;;;;;;;;;;
b_herbroek;Herbroek;;;;;;;;;;;;;
b_herbroek_adj;Herbroek;;;;;;;;;;;;;
b_herbroek_desc;Herbroek;;;;;;;;;;;;;
b_spand;Spand;;;;;;;;;;;;;
b_spand_adj;Spand;;;;;;;;;;;;;
b_spand_desc;Spand;;;;;;;;;;;;;
b_rietdam;Rietdam;;;;;;;;;;;;;
b_rietdam_adj;Rietdam;;;;;;;;;;;;;
b_rietdam_desc;Rietdam;;;;;;;;;;;;;
b_zangen;Zangen;;;;;;;;;;;;;
b_zangen_adj;Zangen;;;;;;;;;;;;;
b_zangen_desc;Zangen;;;;;;;;;;;;;
b_naarle;Naarle;;;;;;;;;;;;;
b_naarle_adj;Naarle;;;;;;;;;;;;;
b_naarle_desc;Naarle;;;;;;;;;;;;;
b_harsdam;Harsdam;;;;;;;;;;;;;
b_harsdam_adj;Harsdam;;;;;;;;;;;;;
b_harsdam_desc;Harsdam;;;;;;;;;;;;;
b_heestel;Heestel;;;;;;;;;;;;;
b_heestel_adj;Heestel;;;;;;;;;;;;;
b_heestel_desc;Heestel;;;;;;;;;;;;;
b_baarda;Baarda;;;;;;;;;;;;;
b_baarda_adj;Baarda;;;;;;;;;;;;;
b_baarda_desc;Baarda;;;;;;;;;;;;;
b_mitsdijk;Mitsdijk;;;;;;;;;;;;;
b_mitsdijk_adj;Mitsdijk;;;;;;;;;;;;;
b_mitsdijk_desc;Mitsdijk;;;;;;;;;;;;;
b_winderlo;Winderlo;;;;;;;;;;;;;
b_winderlo_adj;Winderlo;;;;;;;;;;;;;
b_winderlo_desc;Winderlo;;;;;;;;;;;;;
b_doorwijk;Doorwijk;;;;;;;;;;;;;
b_doorwijk_adj;Doorwijk;;;;;;;;;;;;;
b_doorwijk_desc;Doorwijk;;;;;;;;;;;;;
b_zedijk;Zedijk;;;;;;;;;;;;;
b_zedijk_adj;Zedijk;;;;;;;;;;;;;
b_zedijk_desc;Zedijk;;;;;;;;;;;;;
b_nijveen;Nijveen;;;;;;;;;;;;;
b_nijveen_adj;Nijveen;;;;;;;;;;;;;
b_nijveen_desc;Nijveen;;;;;;;;;;;;;
b_vosselt;Vosselt;;;;;;;;;;;;;
b_vosselt_adj;Vosselt;;;;;;;;;;;;;
b_vosselt_desc;Vosselt;;;;;;;;;;;;;
b_singel;Singel;;;;;;;;;;;;;
b_singel_adj;Singel;;;;;;;;;;;;;
b_singel_desc;Singel;;;;;;;;;;;;;
b_hootdorp;Hootdorp;;;;;;;;;;;;;
b_hootdorp_adj;Hootdorp;;;;;;;;;;;;;
b_hootdorp_desc;Hootdorp;;;;;;;;;;;;;
b_katen;Katen;;;;;;;;;;;;;
b_katen_adj;Katen;;;;;;;;;;;;;
b_katen_desc;Katen;;;;;;;;;;;;;
b_wapel;Wapel;;;;;;;;;;;;;
b_wapel_adj;Wapel;;;;;;;;;;;;;
b_wapel_desc;Wapel;;;;;;;;;;;;;
b_oldam;Oldam;;;;;;;;;;;;;
b_oldam_adj;Oldam;;;;;;;;;;;;;
b_oldam_desc;Oldam;;;;;;;;;;;;;
b_houth;Houth;;;;;;;;;;;;;
b_houth_adj;Houth;;;;;;;;;;;;;
b_houth_desc;Houth;;;;;;;;;;;;;
b_menthe;Menthe;;;;;;;;;;;;;
b_menthe_adj;Menthe;;;;;;;;;;;;;
b_menthe_desc;Menthe;;;;;;;;;;;;;
b_ovens;Ovens;;;;;;;;;;;;;
b_ovens_adj;Ovens;;;;;;;;;;;;;
b_ovens_desc;Ovens;;;;;;;;;;;;;
b_zandhorst;Zandhorst;;;;;;;;;;;;;
b_zandhorst_adj;Zandhorst;;;;;;;;;;;;;
b_zandhorst_desc;Zandhorst;;;;;;;;;;;;;
b_wisse;Wisse;;;;;;;;;;;;;
b_wisse_adj;Wisse;;;;;;;;;;;;;
b_wisse_desc;Wisse;;;;;;;;;;;;;
b_willega;Willega;;;;;;;;;;;;;
b_willega_adj;Willega;;;;;;;;;;;;;
b_willega_desc;Willega;;;;;;;;;;;;;
b_tullen;Tullen;;;;;;;;;;;;;
b_tullen_adj;Tullen;;;;;;;;;;;;;
b_tullen_desc;Tullen;;;;;;;;;;;;;
b_westermere;Westermere;;;;;;;;;;;;;
b_westermere_adj;Westermere;;;;;;;;;;;;;
b_westermere_desc;Westermere;;;;;;;;;;;;;
b_breek;Breek;;;;;;;;;;;;;
b_breek_adj;Breek;;;;;;;;;;;;;
b_breek_desc;Breek;;;;;;;;;;;;;
b_hoogerveld;Hoogerveld;;;;;;;;;;;;;
b_hoogerveld_adj;Hoogerveld;;;;;;;;;;;;;
b_hoogerveld_desc;Hoogerveld;;;;;;;;;;;;;
b_masteeg;Masteeg;;;;;;;;;;;;;
b_masteeg_adj;Masteeg;;;;;;;;;;;;;
b_masteeg_desc;Masteeg;;;;;;;;;;;;;
b_oudswal;Oudswal;;;;;;;;;;;;;
b_oudswal_adj;Oudswal;;;;;;;;;;;;;
b_oudswal_desc;Oudswal;;;;;;;;;;;;;
b_heven;Heven;;;;;;;;;;;;;
b_heven_adj;Heven;;;;;;;;;;;;;
b_heven_desc;Heven;;;;;;;;;;;;;
b_wolkenveen;Wolkenveen;;;;;;;;;;;;;
b_wolkenveen_adj;Wolkenveen;;;;;;;;;;;;;
b_wolkenveen_desc;Wolkenveen;;;;;;;;;;;;;
b_haerde;Haerde;;;;;;;;;;;;;
b_haerde_adj;Haerde;;;;;;;;;;;;;
b_haerde_desc;Haerde;;;;;;;;;;;;;
b_slingerbroek;Slingerbroek;;;;;;;;;;;;;
b_slingerbroek_adj;Slingerbroek;;;;;;;;;;;;;
b_slingerbroek_desc;Slingerbroek;;;;;;;;;;;;;
b_baarder;Baarder;;;;;;;;;;;;;
b_baarder_adj;Baarder;;;;;;;;;;;;;
b_baarder_desc;Baarder;;;;;;;;;;;;;
b_emmel;Emmel;;;;;;;;;;;;;
b_emmel_adj;Emmel;;;;;;;;;;;;;
b_emmel_desc;Emmel;;;;;;;;;;;;;
b_noorderslag;Noorderslag;;;;;;;;;;;;;
b_noorderslag_adj;Noorderslag;;;;;;;;;;;;;
b_noorderslag_desc;Noorderslag;;;;;;;;;;;;;
b_nijen;Nijen;;;;;;;;;;;;;
b_nijen_adj;Nijen;;;;;;;;;;;;;
b_nijen_desc;Nijen;;;;;;;;;;;;;
b_anjewijk;Anjewijk;;;;;;;;;;;;;
b_anjewijk_adj;Anjewijk;;;;;;;;;;;;;
b_anjewijk_desc;Anjewijk;;;;;;;;;;;;;
b_lucht;Lucht;;;;;;;;;;;;;
b_lucht_adj;Lucht;;;;;;;;;;;;;
b_lucht_desc;Lucht;;;;;;;;;;;;;
b_honde;Honde;;;;;;;;;;;;;
b_honde_adj;Honde;;;;;;;;;;;;;
b_honde_desc;Honde;;;;;;;;;;;;;
b_leert;Leert;;;;;;;;;;;;;
b_leert_adj;Leert;;;;;;;;;;;;;
b_leert_desc;Leert;;;;;;;;;;;;;
b_zeveen;Zeveen;;;;;;;;;;;;;
b_zeveen_adj;Zeveen;;;;;;;;;;;;;
b_zeveen_desc;Zeveen;;;;;;;;;;;;;
b_oldenwijk;Oldenwijk;;;;;;;;;;;;;
b_oldenwijk_adj;Oldenwijk;;;;;;;;;;;;;
b_oldenwijk_desc;Oldenwijk;;;;;;;;;;;;;
b_kerkhoek;Kerkhoek;;;;;;;;;;;;;
b_kerkhoek_adj;Kerkhoek;;;;;;;;;;;;;
b_kerkhoek_desc;Kerkhoek;;;;;;;;;;;;;
b_schild;Schild;;;;;;;;;;;;;
b_schild_adj;Schild;;;;;;;;;;;;;
b_schild_desc;Schild;;;;;;;;;;;;;
b_nacht;Nacht;;;;;;;;;;;;;
b_nacht_adj;Nacht;;;;;;;;;;;;;
b_nacht_desc;Nacht;;;;;;;;;;;;;
b_werdijk;Werdijk;;;;;;;;;;;;;
b_werdijk_adj;Werdijk;;;;;;;;;;;;;
b_werdijk_desc;Werdijk;;;;;;;;;;;;;
b_scharen;Scharen;;;;;;;;;;;;;
b_scharen_adj;Scharen;;;;;;;;;;;;;
b_scharen_desc;Scharen;;;;;;;;;;;;;
b_boven;Boven;;;;;;;;;;;;;
b_boven_adj;Boven;;;;;;;;;;;;;
b_boven_desc;Boven;;;;;;;;;;;;;
b_waard;Waard;;;;;;;;;;;;;
b_waard_adj;Waard;;;;;;;;;;;;;
b_waard_desc;Waard;;;;;;;;;;;;;
b_waven;Waven;;;;;;;;;;;;;
b_waven_adj;Waven;;;;;;;;;;;;;
b_waven_desc;Waven;;;;;;;;;;;;;
b_oostehem;Oostehem;;;;;;;;;;;;;
b_oostehem_adj;Oostehem;;;;;;;;;;;;;
b_oostehem_desc;Oostehem;;;;;;;;;;;;;
b_oosteeg;Oosteeg;;;;;;;;;;;;;
b_oosteeg_adj;Oosteeg;;;;;;;;;;;;;
b_oosteeg_desc;Oosteeg;;;;;;;;;;;;;
b_aalburen;Aalburen;;;;;;;;;;;;;
b_aalburen_adj;Aalburen;;;;;;;;;;;;;
b_aalburen_desc;Aalburen;;;;;;;;;;;;;
b_ossem;Ossem;;;;;;;;;;;;;
b_ossem_adj;Ossem;;;;;;;;;;;;;
b_ossem_desc;Ossem;;;;;;;;;;;;;
b_noorders;Noorders;;;;;;;;;;;;;
b_noorders_adj;Noorders;;;;;;;;;;;;;
b_noorders_desc;Noorders;;;;;;;;;;;;;
b_everssen;Everssen;;;;;;;;;;;;;
b_everssen_adj;Everssen;;;;;;;;;;;;;
b_everssen_desc;Everssen;;;;;;;;;;;;;
b_koepelwaard;Koepelwaard;;;;;;;;;;;;;
b_koepelwaard_adj;Koepelwaard;;;;;;;;;;;;;
b_koepelwaard_desc;Koepelwaard;;;;;;;;;;;;;
b_leenhout;Leenhout;;;;;;;;;;;;;
b_leenhout_adj;Leenhout;;;;;;;;;;;;;
b_leenhout_desc;Leenhout;;;;;;;;;;;;;
b_ommer;Ommer;;;;;;;;;;;;;
b_ommer_adj;Ommer;;;;;;;;;;;;;
b_ommer_desc;Ommer;;;;;;;;;;;;;
b_netten;Netten;;;;;;;;;;;;;
b_netten_adj;Netten;;;;;;;;;;;;;
b_netten_desc;Netten;;;;;;;;;;;;;
b_voorn;Voorn;;;;;;;;;;;;;
b_voorn_adj;Voorn;;;;;;;;;;;;;
b_voorn_desc;Voorn;;;;;;;;;;;;;
b_aalhoek;Aalhoek;;;;;;;;;;;;;
b_aalhoek_adj;Aalhoek;;;;;;;;;;;;;
b_aalhoek_desc;Aalhoek;;;;;;;;;;;;;
b_havenlo;Havenlo;;;;;;;;;;;;;
b_havenlo_adj;Havenlo;;;;;;;;;;;;;
b_havenlo_desc;Havenlo;;;;;;;;;;;;;
b_terlo;Terlo;;;;;;;;;;;;;
b_terlo_adj;Terlo;;;;;;;;;;;;;
b_terlo_desc;Terlo;;;;;;;;;;;;;
b_ruisberg;Ruisberg;;;;;;;;;;;;;
b_ruisberg_adj;Ruisberg;;;;;;;;;;;;;
b_ruisberg_desc;Ruisberg;;;;;;;;;;;;;
b_everle;Everle;;;;;;;;;;;;;
b_everle_adj;Everle;;;;;;;;;;;;;
b_everle_desc;Everle;;;;;;;;;;;;;
b_ruisveen;Ruisveen;;;;;;;;;;;;;
b_ruisveen_adj;Ruisveen;;;;;;;;;;;;;
b_ruisveen_desc;Ruisveen;;;;;;;;;;;;;
b_engen;Engen;;;;;;;;;;;;;
b_engen_adj;Engen;;;;;;;;;;;;;
b_engen_desc;Engen;;;;;;;;;;;;;
b_reigersloot;Reigersloot;;;;;;;;;;;;;
b_reigersloot_adj;Reigersloot;;;;;;;;;;;;;
b_reigersloot_desc;Reigersloot;;;;;;;;;;;;;
b_marsveen;Marsveen;;;;;;;;;;;;;
b_marsveen_adj;Marsveen;;;;;;;;;;;;;
b_marsveen_desc;Marsveen;;;;;;;;;;;;;
b_wepen;Wepen;;;;;;;;;;;;;
b_wepen_adj;Wepen;;;;;;;;;;;;;
b_wepen_desc;Wepen;;;;;;;;;;;;;
b_voorden;Voorden;;;;;;;;;;;;;
b_voorden_adj;Voorden;;;;;;;;;;;;;
b_voorden_desc;Voorden;;;;;;;;;;;;;
b_zuide;Zuide;;;;;;;;;;;;;
b_zuide_adj;Zuide;;;;;;;;;;;;;
b_zuide_desc;Zuide;;;;;;;;;;;;;
b_polderdam;Polderdam;;;;;;;;;;;;;
b_polderdam_adj;Polderdam;;;;;;;;;;;;;
b_polderdam_desc;Polderdam;;;;;;;;;;;;;
b_boshagen;Boshagen;;;;;;;;;;;;;
b_boshagen_adj;Boshagen;;;;;;;;;;;;;
b_boshagen_desc;Boshagen;;;;;;;;;;;;;
b_landdijk;Landdijk;;;;;;;;;;;;;
b_landdijk_adj;Landdijk;;;;;;;;;;;;;
b_landdijk_desc;Landdijk;;;;;;;;;;;;;
b_leusen;Leusen;;;;;;;;;;;;;
b_leusen_adj;Leusen;;;;;;;;;;;;;
b_leusen_desc;Leusen;;;;;;;;;;;;;
b_bronsmeer;Bronsmeer;;;;;;;;;;;;;
b_bronsmeer_adj;Bronsmeer;;;;;;;;;;;;;
b_bronsmeer_desc;Bronsmeer;;;;;;;;;;;;;
b_kampe;Kampe;;;;;;;;;;;;;
b_kampe_adj;Kampe;;;;;;;;;;;;;
b_kampe_desc;Kampe;;;;;;;;;;;;;
b_schot;Schot;;;;;;;;;;;;;
b_schot_adj;Schot;;;;;;;;;;;;;
b_schot_desc;Schot;;;;;;;;;;;;;
b_haaft;Haaft;;;;;;;;;;;;;
b_haaft_adj;Haaft;;;;;;;;;;;;;
b_haaft_desc;Haaft;;;;;;;;;;;;;
b_langedijkermeer;Langedijkermeer;;;;;;;;;;;;;
b_langedijkermeer_adj;Langedijkermeer;;;;;;;;;;;;;
b_langedijkermeer_desc;Langedijkermeer;;;;;;;;;;;;;
b_recht;Recht;;;;;;;;;;;;;
b_recht_adj;Recht;;;;;;;;;;;;;
b_recht_desc;Recht;;;;;;;;;;;;;
b_brummelwaard;Brummelwaard;;;;;;;;;;;;;
b_brummelwaard_adj;Brummelwaard;;;;;;;;;;;;;
b_brummelwaard_desc;Brummelwaard;;;;;;;;;;;;;
b_kieveld;Kieveld;;;;;;;;;;;;;
b_kieveld_adj;Kieveld;;;;;;;;;;;;;
b_kieveld_desc;Kieveld;;;;;;;;;;;;;
b_huize;Huize;;;;;;;;;;;;;
b_huize_adj;Huize;;;;;;;;;;;;;
b_huize_desc;Huize;;;;;;;;;;;;;
b_leethoek;Leethoek;;;;;;;;;;;;;
b_leethoek_adj;Leethoek;;;;;;;;;;;;;
b_leethoek_desc;Leethoek;;;;;;;;;;;;;
b_sling;Sling;;;;;;;;;;;;;
b_sling_adj;Sling;;;;;;;;;;;;;
b_sling_desc;Sling;;;;;;;;;;;;;
b_asdum;Asdum;;;;;;;;;;;;;
b_asdum_adj;Asdum;;;;;;;;;;;;;
b_asdum_desc;Asdum;;;;;;;;;;;;;
b_agnum;Agnum;;;;;;;;;;;;;
b_agnum_adj;Agnum;;;;;;;;;;;;;
b_agnum_desc;Agnum;;;;;;;;;;;;;
b_borlum;Borlum;;;;;;;;;;;;;
b_borlum_adj;Borlum;;;;;;;;;;;;;
b_borlum_desc;Borlum;;;;;;;;;;;;;
b_orlum;Orlum;;;;;;;;;;;;;
b_orlum_adj;Orlum;;;;;;;;;;;;;
b_orlum_desc;Orlum;;;;;;;;;;;;;
b_tilum;Tilum;;;;;;;;;;;;;
b_tilum_adj;Tilum;;;;;;;;;;;;;
b_tilum_desc;Tilum;;;;;;;;;;;;;
b_abtum;Abtum;;;;;;;;;;;;;
b_abtum_adj;Abtum;;;;;;;;;;;;;
b_abtum_desc;Abtum;;;;;;;;;;;;;
b_sudum;Sudum;;;;;;;;;;;;;
b_sudum_adj;Sudum;;;;;;;;;;;;;
b_sudum_desc;Sudum;;;;;;;;;;;;;
b_morum;Morum;;;;;;;;;;;;;
b_morum_adj;Morum;;;;;;;;;;;;;
b_morum_desc;Morum;;;;;;;;;;;;;
b_nordum;Nordum;;;;;;;;;;;;;
b_nordum_adj;Nordum;;;;;;;;;;;;;
b_nordum_desc;Nordum;;;;;;;;;;;;;
b_marum;Marum;;;;;;;;;;;;;
b_marum_adj;Marum;;;;;;;;;;;;;
b_marum_desc;Marum;;;;;;;;;;;;;
b_esgum;Esgum;;;;;;;;;;;;;
b_esgum_adj;Esgum;;;;;;;;;;;;;
b_esgum_desc;Esgum;;;;;;;;;;;;;
b_mardum;Mardum;;;;;;;;;;;;;
b_mardum_adj;Mardum;;;;;;;;;;;;;
b_mardum_desc;Mardum;;;;;;;;;;;;;
b_ashgum;Ashgum;;;;;;;;;;;;;
b_ashgum_adj;Ashgum;;;;;;;;;;;;;
b_ashgum_desc;Ashgum;;;;;;;;;;;;;
b_brokum;Brokum;;;;;;;;;;;;;
b_brokum_adj;Brokum;;;;;;;;;;;;;
b_brokum_desc;Brokum;;;;;;;;;;;;;
b_meldum;Meldum;;;;;;;;;;;;;
b_meldum_adj;Meldum;;;;;;;;;;;;;
b_meldum_desc;Meldum;;;;;;;;;;;;;
b_eltum;Eltum;;;;;;;;;;;;;
b_eltum_adj;Eltum;;;;;;;;;;;;;
b_eltum_desc;Eltum;;;;;;;;;;;;;
b_olgum;Olgum;;;;;;;;;;;;;
b_olgum_adj;Olgum;;;;;;;;;;;;;
b_olgum_desc;Olgum;;;;;;;;;;;;;
b_rokum;Rokum;;;;;;;;;;;;;
b_rokum_adj;Rokum;;;;;;;;;;;;;
b_rokum_desc;Rokum;;;;;;;;;;;;;
b_urdum;Urdum;;;;;;;;;;;;;
b_urdum_adj;Urdum;;;;;;;;;;;;;
b_urdum_desc;Urdum;;;;;;;;;;;;;
b_keldum;Keldum;;;;;;;;;;;;;
b_keldum_adj;Keldum;;;;;;;;;;;;;
b_keldum_desc;Keldum;;;;;;;;;;;;;
b_irnum;Irnum;;;;;;;;;;;;;
b_irnum_adj;Irnum;;;;;;;;;;;;;
b_irnum_desc;Irnum;;;;;;;;;;;;;
b_eshum;Eshum;;;;;;;;;;;;;
b_eshum_adj;Eshum;;;;;;;;;;;;;
b_eshum_desc;Eshum;;;;;;;;;;;;;
b_vegum;Vegum;;;;;;;;;;;;;
b_vegum_adj;Vegum;;;;;;;;;;;;;
b_vegum_desc;Vegum;;;;;;;;;;;;;
b_redum;Redum;;;;;;;;;;;;;
b_redum_adj;Redum;;;;;;;;;;;;;
b_redum_desc;Redum;;;;;;;;;;;;;
b_lindum;Lindum;;;;;;;;;;;;;
b_lindum_adj;Lindum;;;;;;;;;;;;;
b_lindum_desc;Lindum;;;;;;;;;;;;;
b_dorgum;Dorgum;;;;;;;;;;;;;
b_dorgum_adj;Dorgum;;;;;;;;;;;;;
b_dorgum_desc;Dorgum;;;;;;;;;;;;;
b_holgum;Holgum;;;;;;;;;;;;;
b_holgum_adj;Holgum;;;;;;;;;;;;;
b_holgum_desc;Holgum;;;;;;;;;;;;;
b_saldum;Saldum;;;;;;;;;;;;;
b_saldum_adj;Saldum;;;;;;;;;;;;;
b_saldum_desc;Saldum;;;;;;;;;;;;;
b_felgum;Felgum;;;;;;;;;;;;;
b_felgum_adj;Felgum;;;;;;;;;;;;;
b_felgum_desc;Felgum;;;;;;;;;;;;;
b_nardum;Nardum;;;;;;;;;;;;;
b_nardum_adj;Nardum;;;;;;;;;;;;;
b_nardum_desc;Nardum;;;;;;;;;;;;;
b_kerum;Kerum;;;;;;;;;;;;;
b_kerum_adj;Kerum;;;;;;;;;;;;;
b_kerum_desc;Kerum;;;;;;;;;;;;;
b_wulpstum;Wulpstum;;;;;;;;;;;;;
b_wulpstum_adj;Wulpstum;;;;;;;;;;;;;
b_wulpstum_desc;Wulpstum;;;;;;;;;;;;;
b_sigum;Sigum;;;;;;;;;;;;;
b_sigum_adj;Sigum;;;;;;;;;;;;;
b_sigum_desc;Sigum;;;;;;;;;;;;;
b_korum;Korum;;;;;;;;;;;;;
b_korum_adj;Korum;;;;;;;;;;;;;
b_korum_desc;Korum;;;;;;;;;;;;;
b_nalgum;Nalgum;;;;;;;;;;;;;
b_nalgum_adj;Nalgum;;;;;;;;;;;;;
b_nalgum_desc;Nalgum;;;;;;;;;;;;;
b_belum;Belum;;;;;;;;;;;;;
b_belum_adj;Belum;;;;;;;;;;;;;
b_belum_desc;Belum;;;;;;;;;;;;;
b_zardum;Zardum;;;;;;;;;;;;;
b_zardum_adj;Zardum;;;;;;;;;;;;;
b_zardum_desc;Zardum;;;;;;;;;;;;;
b_dorlum;Dorlum;;;;;;;;;;;;;
b_dorlum_adj;Dorlum;;;;;;;;;;;;;
b_dorlum_desc;Dorlum;;;;;;;;;;;;;
b_urgum;Urgum;;;;;;;;;;;;;
b_urgum_adj;Urgum;;;;;;;;;;;;;
b_urgum_desc;Urgum;;;;;;;;;;;;;
b_hordum;Hordum;;;;;;;;;;;;;
b_hordum_adj;Hordum;;;;;;;;;;;;;
b_hordum_desc;Hordum;;;;;;;;;;;;;
b_arnum;Arnum;;;;;;;;;;;;;
b_arnum_adj;Arnum;;;;;;;;;;;;;
b_arnum_desc;Arnum;;;;;;;;;;;;;
b_exloon;Exloon;;;;;;;;;;;;;
b_exloon_adj;Exloon;;;;;;;;;;;;;
b_exloon_desc;Exloon;;;;;;;;;;;;;
b_veldum;Veldum;;;;;;;;;;;;;
b_veldum_adj;Veldum;;;;;;;;;;;;;
b_veldum_desc;Veldum;;;;;;;;;;;;;
b_arlum;Arlum;;;;;;;;;;;;;
b_arlum_adj;Arlum;;;;;;;;;;;;;
b_arlum_desc;Arlum;;;;;;;;;;;;;
b_karamugu;Karamugu;;;;;;;;;;;;;
b_karamugu_adj;Karamugu;;;;;;;;;;;;;
b_karamugu_desc;Karamugu;;;;;;;;;;;;;
b_kumbanjala;Kumbanjala;;;;;;;;;;;;;
b_kumbanjala_adj;Kumbanjala;;;;;;;;;;;;;
b_kumbanjala_desc;Kumbanjala;;;;;;;;;;;;;
b_dugufara;Dugufara;;;;;;;;;;;;;
b_dugufara_adj;Dugufara;;;;;;;;;;;;;
b_dugufara_desc;Dugufara;;;;;;;;;;;;;
b_niamakoro;Niamakoro;;;;;;;;;;;;;
b_niamakoro_adj;Niamakoro;;;;;;;;;;;;;
b_niamakoro_desc;Niamakoro;;;;;;;;;;;;;
b_bolofara;Bolofara;;;;;;;;;;;;;
b_bolofara_adj;Bolofara;;;;;;;;;;;;;
b_bolofara_desc;Bolofara;;;;;;;;;;;;;
b_wulanfara;Wulanfara;;;;;;;;;;;;;
b_wulanfara_adj;Wulanfara;;;;;;;;;;;;;
b_wulanfara_desc;Wulanfara;;;;;;;;;;;;;
b_nafadugu;Nafadugu;;;;;;;;;;;;;
b_nafadugu_adj;Nafadugu;;;;;;;;;;;;;
b_nafadugu_desc;Nafadugu;;;;;;;;;;;;;
b_janjugu;Janjugu;;;;;;;;;;;;;
b_janjugu_adj;Janjugu;;;;;;;;;;;;;
b_janjugu_desc;Janjugu;;;;;;;;;;;;;
b_sabanfara;Sabanfara;;;;;;;;;;;;;
b_sabanfara_adj;Sabanfara;;;;;;;;;;;;;
b_sabanfara_desc;Sabanfara;;;;;;;;;;;;;
b_tembekoro;Tembekoro;;;;;;;;;;;;;
b_tembekoro_adj;Tembekoro;;;;;;;;;;;;;
b_tembekoro_desc;Tembekoro;;;;;;;;;;;;;
b_bolodugu;Bolodugu;;;;;;;;;;;;;
b_bolodugu_adj;Bolodugu;;;;;;;;;;;;;
b_bolodugu_desc;Bolodugu;;;;;;;;;;;;;
b_kumbanoro;Kumbanoro;;;;;;;;;;;;;
b_kumbanoro_adj;Kumbanoro;;;;;;;;;;;;;
b_kumbanoro_desc;Kumbanoro;;;;;;;;;;;;;
b_karansogo;Karansogo;;;;;;;;;;;;;
b_karansogo_adj;Karansogo;;;;;;;;;;;;;
b_karansogo_desc;Karansogo;;;;;;;;;;;;;
b_balanjala;Balanjala;;;;;;;;;;;;;
b_balanjala_adj;Balanjala;;;;;;;;;;;;;
b_balanjala_desc;Balanjala;;;;;;;;;;;;;
b_balafinka;Balafinka;;;;;;;;;;;;;
b_balafinka_adj;Balafinka;;;;;;;;;;;;;
b_balafinka_desc;Balafinka;;;;;;;;;;;;;
b_banankala;Banankala;;;;;;;;;;;;;
b_banankala_adj;Banankala;;;;;;;;;;;;;
b_banankala_desc;Banankala;;;;;;;;;;;;;
b_kafandugu;Kafandugu;;;;;;;;;;;;;
b_kafandugu_adj;Kafandugu;;;;;;;;;;;;;
b_kafandugu_desc;Kafandugu;;;;;;;;;;;;;
b_donanfala;Donanfala;;;;;;;;;;;;;
b_donanfala_adj;Donanfala;;;;;;;;;;;;;
b_donanfala_desc;Donanfala;;;;;;;;;;;;;
b_farasogo;Farasogo;;;;;;;;;;;;;
b_farasogo_adj;Farasogo;;;;;;;;;;;;;
b_farasogo_desc;Farasogo;;;;;;;;;;;;;
b_nafankoro;Nafankoro;;;;;;;;;;;;;
b_nafankoro_adj;Nafankoro;;;;;;;;;;;;;
b_nafankoro_desc;Nafankoro;;;;;;;;;;;;;
b_falankala;Falankala;;;;;;;;;;;;;
b_falankala_adj;Falankala;;;;;;;;;;;;;
b_falankala_desc;Falankala;;;;;;;;;;;;;
b_worosila;Worosila;;;;;;;;;;;;;
b_worosila_adj;Worosila;;;;;;;;;;;;;
b_worosila_desc;Worosila;;;;;;;;;;;;;
b_tembela;Tembela;;;;;;;;;;;;;
b_tembela_adj;Tembela;;;;;;;;;;;;;
b_tembela_desc;Tembela;;;;;;;;;;;;;
b_limna;Limna;;;;;;;;;;;;;
b_limna_adj;Limna;;;;;;;;;;;;;
b_limna_desc;Limna;;;;;;;;;;;;;
b_maravoni;Maravoni;;;;;;;;;;;;;
b_maravoni_adj;Maravoni;;;;;;;;;;;;;
b_maravoni_desc;Maravoni;;;;;;;;;;;;;
b_loukis;Loukis;;;;;;;;;;;;;
b_loukis_adj;Loukis;;;;;;;;;;;;;
b_loukis_desc;Loukis;;;;;;;;;;;;;
b_katso;Katso;;;;;;;;;;;;;
b_katso_adj;Katso;;;;;;;;;;;;;
b_katso_desc;Katso;;;;;;;;;;;;;
b_andro;Andro;;;;;;;;;;;;;
b_andro_adj;Andro;;;;;;;;;;;;;
b_andro_desc;Andro;;;;;;;;;;;;;
b_jinanfara;Jinanfara;;;;;;;;;;;;;
b_jinanfara_adj;Jinanfara;;;;;;;;;;;;;
b_jinanfara_desc;Jinanfara;;;;;;;;;;;;;
b_tanankala;Tanankala;;;;;;;;;;;;;
b_tanankala_adj;Tanankala;;;;;;;;;;;;;
b_tanankala_desc;Tanankala;;;;;;;;;;;;;
b_dunanfara;Dunanfara;;;;;;;;;;;;;
b_dunanfara_adj;Dunanfara;;;;;;;;;;;;;
b_dunanfara_desc;Dunanfara;;;;;;;;;;;;;
b_kelenfara;Kelenfara;;;;;;;;;;;;;
b_kelenfara_adj;Kelenfara;;;;;;;;;;;;;
b_kelenfara_desc;Kelenfara;;;;;;;;;;;;;
b_doukia;Doukia;;;;;;;;;;;;;
b_doukia_adj;Doukia;;;;;;;;;;;;;
b_doukia_desc;Doukia;;;;;;;;;;;;;
b_dhafni;Dhafni;;;;;;;;;;;;;
b_dhafni_adj;Dhafni;;;;;;;;;;;;;
b_dhafni_desc;Dhafni;;;;;;;;;;;;;
b_melonas;Melonas;;;;;;;;;;;;;
b_melonas_adj;Melonas;;;;;;;;;;;;;
b_melonas_desc;Melonas;;;;;;;;;;;;;
b_sylla;Sylla;;;;;;;;;;;;;
b_sylla_adj;Sylla;;;;;;;;;;;;;
b_sylla_desc;Sylla;;;;;;;;;;;;;
b_galaika;Galaika;;;;;;;;;;;;;
b_galaika_adj;Galaika;;;;;;;;;;;;;
b_galaika_desc;Galaika;;;;;;;;;;;;;
b_saltsa;Saltsa;;;;;;;;;;;;;
b_saltsa_adj;Saltsa;;;;;;;;;;;;;
b_saltsa_desc;Saltsa;;;;;;;;;;;;;
b_kyria;Kyria;;;;;;;;;;;;;
b_kyria_adj;Kyria;;;;;;;;;;;;;
b_kyria_desc;Kyria;;;;;;;;;;;;;
b_ammos;Ammos;;;;;;;;;;;;;
b_ammos_adj;Ammos;;;;;;;;;;;;;
b_ammos_desc;Ammos;;;;;;;;;;;;;
b_sirajugu;Sirajugu;;;;;;;;;;;;;
b_sirajugu_adj;Sirajugu;;;;;;;;;;;;;
b_sirajugu_desc;Sirajugu;;;;;;;;;;;;;
b_wulansogo;Wulansogo;;;;;;;;;;;;;
b_wulansogo_adj;Wulansogo;;;;;;;;;;;;;
b_wulansogo_desc;Wulansogo;;;;;;;;;;;;;
b_sabanjugu;Sabanjugu;;;;;;;;;;;;;
b_sabanjugu_adj;Sabanjugu;;;;;;;;;;;;;
b_sabanjugu_desc;Sabanjugu;;;;;;;;;;;;;
b_tjarak;Tjarak;;;;;;;;;;;;;
b_tjarak_adj;Tjarak;;;;;;;;;;;;;
b_tjarak_desc;Tjarak;;;;;;;;;;;;;
b_hekat;Hekat;;;;;;;;;;;;;
b_hekat_adj;Hekat;;;;;;;;;;;;;
b_hekat_desc;Hekat;;;;;;;;;;;;;
b_ashkara;Ashkara;;;;;;;;;;;;;
b_ashkara_adj;Ashkara;;;;;;;;;;;;;
b_ashkara_desc;Ashkara;;;;;;;;;;;;;
b_djanara;Djanara;;;;;;;;;;;;;
b_djanara_adj;Djanara;;;;;;;;;;;;;
b_djanara_desc;Djanara;;;;;;;;;;;;;
b_nebet;Nebet;;;;;;;;;;;;;
b_nebet_adj;Nebet;;;;;;;;;;;;;
b_nebet_desc;Nebet;;;;;;;;;;;;;
b_khasira;Khasira;;;;;;;;;;;;;
b_khasira_adj;Khasira;;;;;;;;;;;;;
b_khasira_desc;Khasira;;;;;;;;;;;;;
b_kheper;Kheper;;;;;;;;;;;;;
b_kheper_adj;Kheper;;;;;;;;;;;;;
b_kheper_desc;Kheper;;;;;;;;;;;;;
b_tefira;Tefira;;;;;;;;;;;;;
b_tefira_adj;Tefira;;;;;;;;;;;;;
b_tefira_desc;Tefira;;;;;;;;;;;;;
b_deneret;Deneret;;;;;;;;;;;;;
b_deneret_adj;Deneret;;;;;;;;;;;;;
b_deneret_desc;Deneret;;;;;;;;;;;;;
b_penut;Penut;;;;;;;;;;;;;
b_penut_adj;Penut;;;;;;;;;;;;;
b_penut_desc;Penut;;;;;;;;;;;;;
b_serket;Serket;;;;;;;;;;;;;
b_serket_adj;Serket;;;;;;;;;;;;;
b_serket_desc;Serket;;;;;;;;;;;;;
b_qesira;Qesira;;;;;;;;;;;;;
b_qesira_adj;Qesira;;;;;;;;;;;;;
b_qesira_desc;Qesira;;;;;;;;;;;;;
b_zimrathon;Zimrathon;;;;;;;;;;;;;
b_zimrathon_adj;Zimrathon;;;;;;;;;;;;;
b_zimrathon_desc;Zimrathon;;;;;;;;;;;;;
b_sidram;Sidram;;;;;;;;;;;;;
b_sidram_adj;Sidram;;;;;;;;;;;;;
b_sidram_desc;Sidram;;;;;;;;;;;;;
b_baleth;Baleth;;;;;;;;;;;;;
b_baleth_adj;Baleth;;;;;;;;;;;;;
b_baleth_desc;Baleth;;;;;;;;;;;;;
b_tyramon;Tyramon;;;;;;;;;;;;;
b_tyramon_adj;Tyramon;;;;;;;;;;;;;
b_tyramon_desc;Tyramon;;;;;;;;;;;;;
b_zakara;Zakara;;;;;;;;;;;;;
b_zakara_adj;Zakara;;;;;;;;;;;;;
b_zakara_desc;Zakara;;;;;;;;;;;;;
b_neferet;Neferet;;;;;;;;;;;;;
b_neferet_adj;Neferet;;;;;;;;;;;;;
b_neferet_desc;Neferet;;;;;;;;;;;;;
b_tashira;Tashira;;;;;;;;;;;;;
b_tashira_adj;Tashira;;;;;;;;;;;;;
b_tashira_desc;Tashira;;;;;;;;;;;;;
b_khenira;Khenira;;;;;;;;;;;;;
b_khenira_adj;Khenira;;;;;;;;;;;;;
b_khenira_desc;Khenira;;;;;;;;;;;;;
b_perka;Perka;;;;;;;;;;;;;
b_perka_adj;Perka;;;;;;;;;;;;;
b_perka_desc;Perka;;;;;;;;;;;;;
b_merya;Merya;;;;;;;;;;;;;
b_merya_adj;Merya;;;;;;;;;;;;;
b_merya_desc;Merya;;;;;;;;;;;;;
b_ankhet;Ankhet;;;;;;;;;;;;;
b_ankhet_adj;Ankhet;;;;;;;;;;;;;
b_ankhet_desc;Ankhet;;;;;;;;;;;;;
b_rakhira;Rakhira;;;;;;;;;;;;;
b_rakhira_adj;Rakhira;;;;;;;;;;;;;
b_rakhira_desc;Rakhira;;;;;;;;;;;;;
b_tjarset;Tjarset;;;;;;;;;;;;;
b_tjarset_adj;Tjarset;;;;;;;;;;;;;
b_tjarset_desc;Tjarset;;;;;;;;;;;;;
b_perwad;Perwad;;;;;;;;;;;;;
b_perwad_adj;Perwad;;;;;;;;;;;;;
b_perwad_desc;Perwad;;;;;;;;;;;;;
b_akhetu;Akhetu;;;;;;;;;;;;;
b_akhetu_adj;Akhetu;;;;;;;;;;;;;
b_akhetu_desc;Akhetu;;;;;;;;;;;;;
b_setara;Setara;;;;;;;;;;;;;
b_setara_adj;Setara;;;;;;;;;;;;;
b_setara_desc;Setara;;;;;;;;;;;;;
b_djeset;Djeset;;;;;;;;;;;;;
b_djeset_adj;Djeset;;;;;;;;;;;;;
b_djeset_desc;Djeset;;;;;;;;;;;;;
b_koptet;Koptet;;;;;;;;;;;;;
b_koptet_adj;Koptet;;;;;;;;;;;;;
b_koptet_desc;Koptet;;;;;;;;;;;;;
b_goudenwijk;Goudenwijk;;;;;;;;;;;;;
b_goudenwijk_adj;Goudenwijk;;;;;;;;;;;;;
b_goudenwijk_desc;Goudenwijk;;;;;;;;;;;;;
b_morgen;Morgen;;;;;;;;;;;;;
b_morgen_adj;Morgen;;;;;;;;;;;;;
b_morgen_desc;Morgen;;;;;;;;;;;;;
b_vleddert;Vleddert;;;;;;;;;;;;;
b_vleddert_adj;Vleddert;;;;;;;;;;;;;
b_vleddert_desc;Vleddert;;;;;;;;;;;;;
b_bijswijk;Bijswijk;;;;;;;;;;;;;
b_bijswijk_adj;Bijswijk;;;;;;;;;;;;;
b_bijswijk_desc;Bijswijk;;;;;;;;;;;;;
b_zuiden;Zuiden;;;;;;;;;;;;;
b_zuiden_adj;Zuiden;;;;;;;;;;;;;
b_zuiden_desc;Zuiden;;;;;;;;;;;;;
b_menut;Menut;;;;;;;;;;;;;
b_menut_adj;Menut;;;;;;;;;;;;;
b_menut_desc;Menut;;;;;;;;;;;;;
b_perune;Perune;;;;;;;;;;;;;
b_perune_adj;Perune;;;;;;;;;;;;;
b_perune_desc;Perune;;;;;;;;;;;;;
b_akhret;Akhret;;;;;;;;;;;;;
b_akhret_adj;Akhret;;;;;;;;;;;;;
b_akhret_desc;Akhret;;;;;;;;;;;;;
b_kafra;Kafra;;;;;;;;;;;;;
b_kafra_adj;Kafra;;;;;;;;;;;;;
b_kafra_desc;Kafra;;;;;;;;;;;;;
b_meraka;Meraka;;;;;;;;;;;;;
b_meraka_adj;Meraka;;;;;;;;;;;;;
b_meraka_desc;Meraka;;;;;;;;;;;;;
b_sekhem;Sekhem;;;;;;;;;;;;;
b_sekhem_adj;Sekhem;;;;;;;;;;;;;
b_sekhem_desc;Sekhem;;;;;;;;;;;;;
b_nekhara;Nekhara;;;;;;;;;;;;;
b_nekhara_adj;Nekhara;;;;;;;;;;;;;
b_nekhara_desc;Nekhara;;;;;;;;;;;;;
b_iunet;Iunet;;;;;;;;;;;;;
b_iunet_adj;Iunet;;;;;;;;;;;;;
b_iunet_desc;Iunet;;;;;;;;;;;;;
b_nekhet;Nekhet;;;;;;;;;;;;;
b_nekhet_adj;Nekhet;;;;;;;;;;;;;
b_nekhet_desc;Nekhet;;;;;;;;;;;;;
b_sabiru;Sabiru;;;;;;;;;;;;;
b_sabiru_adj;Sabiru;;;;;;;;;;;;;
b_sabiru_desc;Sabiru;;;;;;;;;;;;;
b_sahira;Sahira;;;;;;;;;;;;;
b_sahira_adj;Sahira;;;;;;;;;;;;;
b_sahira_desc;Sahira;;;;;;;;;;;;;
b_menaka;Menaka;;;;;;;;;;;;;
b_menaka_adj;Menaka;;;;;;;;;;;;;
b_menaka_desc;Menaka;;;;;;;;;;;;;
b_djahret;Djahret;;;;;;;;;;;;;
b_djahret_adj;Djahret;;;;;;;;;;;;;
b_djahret_desc;Djahret;;;;;;;;;;;;;
b_smalde;Smalde;;;;;;;;;;;;;
b_smalde_adj;Smalde;;;;;;;;;;;;;
b_smalde_desc;Smalde;;;;;;;;;;;;;
b_aanveen;Aanveen;;;;;;;;;;;;;
b_aanveen_adj;Aanveen;;;;;;;;;;;;;
b_aanveen_desc;Aanveen;;;;;;;;;;;;;
b_vlaard;Vlaard;;;;;;;;;;;;;
b_vlaard_adj;Vlaard;;;;;;;;;;;;;
b_vlaard_desc;Vlaard;;;;;;;;;;;;;
b_dierdijk;Dierdijk;;;;;;;;;;;;;
b_dierdijk_adj;Dierdijk;;;;;;;;;;;;;
b_dierdijk_desc;Dierdijk;;;;;;;;;;;;;
b_schop;Schop;;;;;;;;;;;;;
b_schop_adj;Schop;;;;;;;;;;;;;
b_schop_desc;Schop;;;;;;;;;;;;;
b_nieze;Nieze;;;;;;;;;;;;;
b_nieze_adj;Nieze;;;;;;;;;;;;;
b_nieze_desc;Nieze;;;;;;;;;;;;;
b_havenrode;Havenrode;;;;;;;;;;;;;
b_havenrode_adj;Havenrode;;;;;;;;;;;;;
b_havenrode_desc;Havenrode;;;;;;;;;;;;;
b_vlakkenveen;Vlakkenveen;;;;;;;;;;;;;
b_vlakkenveen_adj;Vlakkenveen;;;;;;;;;;;;;
b_vlakkenveen_desc;Vlakkenveen;;;;;;;;;;;;;
b_nefaret;Nefaret;;;;;;;;;;;;;
b_nefaret_adj;Nefaret;;;;;;;;;;;;;
b_nefaret_desc;Nefaret;;;;;;;;;;;;;
b_hetep;Hetep;;;;;;;;;;;;;
b_hetep_adj;Hetep;;;;;;;;;;;;;
b_hetep_desc;Hetep;;;;;;;;;;;;;
b_iruet;Iruet;;;;;;;;;;;;;
b_iruet_adj;Iruet;;;;;;;;;;;;;
b_iruet_desc;Iruet;;;;;;;;;;;;;
b_saherit;Saherit;;;;;;;;;;;;;
b_saherit_adj;Saherit;;;;;;;;;;;;;
b_saherit_desc;Saherit;;;;;;;;;;;;;
b_malorin;Malorin;;;;;;;;;;;;;
b_malorin_adj;Malorin;;;;;;;;;;;;;
b_malorin_desc;Malorin;;;;;;;;;;;;;
b_oressael;Oressael;;;;;;;;;;;;;
b_oressael_adj;Oressael;;;;;;;;;;;;;
b_oressael_desc;Oressael;;;;;;;;;;;;;
b_vessara;Vessara;;;;;;;;;;;;;
b_vessara_adj;Vessara;;;;;;;;;;;;;
b_vessara_desc;Vessara;;;;;;;;;;;;;
b_alorin;Alorin;;;;;;;;;;;;;
b_alorin_adj;Alorin;;;;;;;;;;;;;
b_alorin_desc;Alorin;;;;;;;;;;;;;
b_thessorin;Thessorin;;;;;;;;;;;;;
b_thessorin_adj;Thessorin;;;;;;;;;;;;;
b_thessorin_desc;Thessorin;;;;;;;;;;;;;
b_faressae;Faressae;;;;;;;;;;;;;
b_faressae_adj;Faressae;;;;;;;;;;;;;
b_faressae_desc;Faressae;;;;;;;;;;;;;
b_felorinel;Felorinel;;;;;;;;;;;;;
b_felorinel_adj;Felorinel;;;;;;;;;;;;;
b_felorinel_desc;Felorinel;;;;;;;;;;;;;
b_gravessa;Gravessa;;;;;;;;;;;;;
b_gravessa_adj;Gravessa;;;;;;;;;;;;;
b_gravessa_desc;Gravessa;;;;;;;;;;;;;
b_maravel;Maravel;;;;;;;;;;;;;
b_maravel_adj;Maravel;;;;;;;;;;;;;
b_maravel_desc;Maravel;;;;;;;;;;;;;
b_vesora;Vesora;;;;;;;;;;;;;
b_vesora_adj;Vesora;;;;;;;;;;;;;
b_vesora_desc;Vesora;;;;;;;;;;;;;
b_florinel;Florinel;;;;;;;;;;;;;
b_florinel_adj;Florinel;;;;;;;;;;;;;
b_florinel_desc;Florinel;;;;;;;;;;;;;
b_floressa;Floressa;;;;;;;;;;;;;
b_floressa_adj;Floressa;;;;;;;;;;;;;
b_floressa_desc;Floressa;;;;;;;;;;;;;
b_khenara;Khenara;;;;;;;;;;;;;
b_khenara_adj;Khenara;;;;;;;;;;;;;
b_khenara_desc;Khenara;;;;;;;;;;;;;
b_akhira;Akhira;;;;;;;;;;;;;
b_akhira_adj;Akhira;;;;;;;;;;;;;
b_akhira_desc;Akhira;;;;;;;;;;;;;
b_duat;Duat;;;;;;;;;;;;;
b_duat_adj;Duat;;;;;;;;;;;;;
b_duat_desc;Duat;;;;;;;;;;;;;
b_sakara;Sakara;;;;;;;;;;;;;
b_sakara_adj;Sakara;;;;;;;;;;;;;
b_sakara_desc;Sakara;;;;;;;;;;;;;
b_anira;Anira;;;;;;;;;;;;;
b_anira_adj;Anira;;;;;;;;;;;;;
b_anira_desc;Anira;;;;;;;;;;;;;
b_peret;Peret;;;;;;;;;;;;;
b_peret_adj;Peret;;;;;;;;;;;;;
b_peret_desc;Peret;;;;;;;;;;;;;
b_pahret;Pahret;;;;;;;;;;;;;
b_pahret_adj;Pahret;;;;;;;;;;;;;
b_pahret_desc;Pahret;;;;;;;;;;;;;
b_tareka;Tareka;;;;;;;;;;;;;
b_tareka_adj;Tareka;;;;;;;;;;;;;
b_tareka_desc;Tareka;;;;;;;;;;;;;
b_ankhur;Ankhur;;;;;;;;;;;;;
b_ankhur_adj;Ankhur;;;;;;;;;;;;;
b_ankhur_desc;Ankhur;;;;;;;;;;;;;
b_saberet;Saberet;;;;;;;;;;;;;
b_saberet_adj;Saberet;;;;;;;;;;;;;
b_saberet_desc;Saberet;;;;;;;;;;;;;
b_shenira;Shenira;;;;;;;;;;;;;
b_shenira_adj;Shenira;;;;;;;;;;;;;
b_shenira_desc;Shenira;;;;;;;;;;;;;
b_khesira;Khesira;;;;;;;;;;;;;
b_khesira_adj;Khesira;;;;;;;;;;;;;
b_khesira_desc;Khesira;;;;;;;;;;;;;
b_qedira;Qedira;;;;;;;;;;;;;
b_qedira_adj;Qedira;;;;;;;;;;;;;
b_qedira_desc;Qedira;;;;;;;;;;;;;
b_floravel;Floravel;;;;;;;;;;;;;
b_floravel_adj;Floravel;;;;;;;;;;;;;
b_floravel_desc;Floravel;;;;;;;;;;;;;
b_thalorinel;Thalorinel;;;;;;;;;;;;;
b_thalorinel_adj;Thalorinel;;;;;;;;;;;;;
b_thalorinel_desc;Thalorinel;;;;;;;;;;;;;
b_clarorin;Clarorin;;;;;;;;;;;;;
b_clarorin_adj;Clarorin;;;;;;;;;;;;;
b_clarorin_desc;Clarorin;;;;;;;;;;;;;
b_valessa;Valessa;;;;;;;;;;;;;
b_valessa_adj;Valessa;;;;;;;;;;;;;
b_valessa_desc;Valessa;;;;;;;;;;;;;
b_neressae;Neressae;;;;;;;;;;;;;
b_neressae_adj;Neressae;;;;;;;;;;;;;
b_neressae_desc;Neressae;;;;;;;;;;;;;
b_cororin;Cororin;;;;;;;;;;;;;
b_cororin_adj;Cororin;;;;;;;;;;;;;
b_cororin_desc;Cororin;;;;;;;;;;;;;
b_litorin;Litorin;;;;;;;;;;;;;
b_litorin_adj;Litorin;;;;;;;;;;;;;
b_litorin_desc;Litorin;;;;;;;;;;;;;
b_dorsel;Dorsel;;;;;;;;;;;;;
b_dorsel_adj;Dorsel;;;;;;;;;;;;;
b_dorsel_desc;Dorsel;;;;;;;;;;;;;
b_avelorin;Avelorin;;;;;;;;;;;;;
b_avelorin_adj;Avelorin;;;;;;;;;;;;;
b_avelorin_desc;Avelorin;;;;;;;;;;;;;
b_dororin;Dororin;;;;;;;;;;;;;
b_dororin_adj;Dororin;;;;;;;;;;;;;
b_dororin_desc;Dororin;;;;;;;;;;;;;
b_floran;Floran;;;;;;;;;;;;;
b_floran_adj;Floran;;;;;;;;;;;;;
b_floran_desc;Floran;;;;;;;;;;;;;
b_fontara;Fontara;;;;;;;;;;;;;
b_fontara_adj;Fontara;;;;;;;;;;;;;
b_fontara_desc;Fontara;;;;;;;;;;;;;
b_clarora;Clarora;;;;;;;;;;;;;
b_clarora_adj;Clarora;;;;;;;;;;;;;
b_clarora_desc;Clarora;;;;;;;;;;;;;
b_valorinel;Valorinel;;;;;;;;;;;;;
b_valorinel_adj;Valorinel;;;;;;;;;;;;;
b_valorinel_desc;Valorinel;;;;;;;;;;;;;
b_arenessa;Arenessa;;;;;;;;;;;;;
b_arenessa_adj;Arenessa;;;;;;;;;;;;;
b_arenessa_desc;Arenessa;;;;;;;;;;;;;
b_rivessae;Rivessae;;;;;;;;;;;;;
b_rivessae_adj;Rivessae;;;;;;;;;;;;;
b_rivessae_desc;Rivessae;;;;;;;;;;;;;
b_solavel;Solavel;;;;;;;;;;;;;
b_solavel_adj;Solavel;;;;;;;;;;;;;
b_solavel_desc;Solavel;;;;;;;;;;;;;
b_doralis;Doralis;;;;;;;;;;;;;
b_doralis_adj;Doralis;;;;;;;;;;;;;
b_doralis_desc;Doralis;;;;;;;;;;;;;
b_doressa;Doressa;;;;;;;;;;;;;
b_doressa_adj;Doressa;;;;;;;;;;;;;
b_doressa_desc;Doressa;;;;;;;;;;;;;
b_nerorin;Nerorin;;;;;;;;;;;;;
b_nerorin_adj;Nerorin;;;;;;;;;;;;;
b_nerorin_desc;Nerorin;;;;;;;;;;;;;
b_brisorin;Brisorin;;;;;;;;;;;;;
b_brisorin_adj;Brisorin;;;;;;;;;;;;;
b_brisorin_desc;Brisorin;;;;;;;;;;;;;
b_rivorin;Rivorin;;;;;;;;;;;;;
b_rivorin_adj;Rivorin;;;;;;;;;;;;;
b_rivorin_desc;Rivorin;;;;;;;;;;;;;
b_arenora;Arenora;;;;;;;;;;;;;
b_arenora_adj;Arenora;;;;;;;;;;;;;
b_arenora_desc;Arenora;;;;;;;;;;;;;
b_neferak;Neferak;;;;;;;;;;;;;
b_neferak_adj;Neferak;;;;;;;;;;;;;
b_neferak_desc;Neferak;;;;;;;;;;;;;
b_qebira;Qebira;;;;;;;;;;;;;
b_qebira_adj;Qebira;;;;;;;;;;;;;
b_qebira_desc;Qebira;;;;;;;;;;;;;
b_medut;Medut;;;;;;;;;;;;;
b_medut_adj;Medut;;;;;;;;;;;;;
b_medut_desc;Medut;;;;;;;;;;;;;
b_talorinys;Talorinys;;;;;;;;;;;;;
b_talorinys_adj;Talorinys;;;;;;;;;;;;;
b_talorinys_desc;Talorinys;;;;;;;;;;;;;
b_savara;Savara;;;;;;;;;;;;;
b_savara_adj;Savara;;;;;;;;;;;;;
b_savara_desc;Savara;;;;;;;;;;;;;
b_veselin;Veselin;;;;;;;;;;;;;
b_veselin_adj;Veselin;;;;;;;;;;;;;
b_veselin_desc;Veselin;;;;;;;;;;;;;
b_pelorinys;Pelorinys;;;;;;;;;;;;;
b_pelorinys_adj;Pelorinys;;;;;;;;;;;;;
b_pelorinys_desc;Pelorinys;;;;;;;;;;;;;
b_hammonet;Hammonet;;;;;;;;;;;;;
b_hammonet_adj;Hammonet;;;;;;;;;;;;;
b_hammonet_desc;Hammonet;;;;;;;;;;;;;
b_tarbisu;Tarbisu;;;;;;;;;;;;;
b_tarbisu_adj;Tarbisu;;;;;;;;;;;;;
b_tarbisu_desc;Tarbisu;;;;;;;;;;;;;
b_zamaru;Zamaru;;;;;;;;;;;;;
b_zamaru_adj;Zamaru;;;;;;;;;;;;;
b_zamaru_desc;Zamaru;;;;;;;;;;;;;
b_gadron;Gadron;;;;;;;;;;;;;
b_gadron_adj;Gadron;;;;;;;;;;;;;
b_gadron_desc;Gadron;;;;;;;;;;;;;
b_qartabel;Qartabel;;;;;;;;;;;;;
b_qartabel_adj;Qartabel;;;;;;;;;;;;;
b_qartabel_desc;Qartabel;;;;;;;;;;;;;
b_gebuurt;Gebuurt;;;;;;;;;;;;;
b_gebuurt_adj;Gebuurt;;;;;;;;;;;;;
b_gebuurt_desc;Gebuurt;;;;;;;;;;;;;
b_hoord;Hoord;;;;;;;;;;;;;
b_hoord_adj;Hoord;;;;;;;;;;;;;
b_hoord_desc;Hoord;;;;;;;;;;;;;
b_grachten;Grachten;;;;;;;;;;;;;
b_grachten_adj;Grachten;;;;;;;;;;;;;
b_grachten_desc;Grachten;;;;;;;;;;;;;
b_lutsdorp;Lutsdorp;;;;;;;;;;;;;
b_lutsdorp_adj;Lutsdorp;;;;;;;;;;;;;
b_lutsdorp_desc;Lutsdorp;;;;;;;;;;;;;
b_klifmeer;Klifmeer;;;;;;;;;;;;;
b_klifmeer_adj;Klifmeer;;;;;;;;;;;;;
b_klifmeer_desc;Klifmeer;;;;;;;;;;;;;
b_boberg;Boberg;;;;;;;;;;;;;
b_boberg_adj;Boberg;;;;;;;;;;;;;
b_boberg_desc;Boberg;;;;;;;;;;;;;
b_hulseind;Hulseind;;;;;;;;;;;;;
b_hulseind_adj;Hulseind;;;;;;;;;;;;;
b_hulseind_desc;Hulseind;;;;;;;;;;;;;
b_garnweg;Garnweg;;;;;;;;;;;;;
b_garnweg_adj;Garnweg;;;;;;;;;;;;;
b_garnweg_desc;Garnweg;;;;;;;;;;;;;
b_oosteen;Oosteen;;;;;;;;;;;;;
b_oosteen_adj;Oosteen;;;;;;;;;;;;;
b_oosteen_desc;Oosteen;;;;;;;;;;;;;
b_feindijk;Feindijk;;;;;;;;;;;;;
b_feindijk_adj;Feindijk;;;;;;;;;;;;;
b_feindijk_desc;Feindijk;;;;;;;;;;;;;
b_kievaar;Kievaar;;;;;;;;;;;;;
b_kievaar_adj;Kievaar;;;;;;;;;;;;;
b_kievaar_desc;Kievaar;;;;;;;;;;;;;
b_geessen;Geessen;;;;;;;;;;;;;
b_geessen_adj;Geessen;;;;;;;;;;;;;
b_geessen_desc;Geessen;;;;;;;;;;;;;
b_moerland;Moerland;;;;;;;;;;;;;
b_moerland_adj;Moerland;;;;;;;;;;;;;
b_moerland_desc;Moerland;;;;;;;;;;;;;
b_veneweg;Veneweg;;;;;;;;;;;;;
b_veneweg_adj;Veneweg;;;;;;;;;;;;;
b_veneweg_desc;Veneweg;;;;;;;;;;;;;
b_bunning;Bunning;;;;;;;;;;;;;
b_bunning_adj;Bunning;;;;;;;;;;;;;
b_bunning_desc;Bunning;;;;;;;;;;;;;
b_kreeze;Kreeze;;;;;;;;;;;;;
b_kreeze_adj;Kreeze;;;;;;;;;;;;;
b_kreeze_desc;Kreeze;;;;;;;;;;;;;
b_oosteren;Oosteren;;;;;;;;;;;;;
b_oosteren_adj;Oosteren;;;;;;;;;;;;;
b_oosteren_desc;Oosteren;;;;;;;;;;;;;
b_loozenveen;Loozenveen;;;;;;;;;;;;;
b_loozenveen_adj;Loozenveen;;;;;;;;;;;;;
b_loozenveen_desc;Loozenveen;;;;;;;;;;;;;
b_stadorp;Stadorp;;;;;;;;;;;;;
b_stadorp_adj;Stadorp;;;;;;;;;;;;;
b_stadorp_desc;Stadorp;;;;;;;;;;;;;
b_stormhaven;Stormhaven;;;;;;;;;;;;;
b_stormhaven_adj;Stormhaven;;;;;;;;;;;;;
b_stormhaven_desc;Stormhaven;;;;;;;;;;;;;
b_vleddijk;Vleddijk;;;;;;;;;;;;;
b_vleddijk_adj;Vleddijk;;;;;;;;;;;;;
b_vleddijk_desc;Vleddijk;;;;;;;;;;;;;
b_eerhave;Eerhave;;;;;;;;;;;;;
b_eerhave_adj;Eerhave;;;;;;;;;;;;;
b_eerhave_desc;Eerhave;;;;;;;;;;;;;
b_beunen;Beunen;;;;;;;;;;;;;
b_beunen_adj;Beunen;;;;;;;;;;;;;
b_beunen_desc;Beunen;;;;;;;;;;;;;
b_berkenwijk;Berkenwijk;;;;;;;;;;;;;
b_berkenwijk_adj;Berkenwijk;;;;;;;;;;;;;
b_berkenwijk_desc;Berkenwijk;;;;;;;;;;;;;
b_muide;Muide;;;;;;;;;;;;;
b_muide_adj;Muide;;;;;;;;;;;;;
b_muide_desc;Muide;;;;;;;;;;;;;
b_beveren;Beveren;;;;;;;;;;;;;
b_beveren_adj;Beveren;;;;;;;;;;;;;
b_beveren_desc;Beveren;;;;;;;;;;;;;
b_heilen;Heilen;;;;;;;;;;;;;
b_heilen_adj;Heilen;;;;;;;;;;;;;
b_heilen_desc;Heilen;;;;;;;;;;;;;
b_lisdorp;Lisdorp;;;;;;;;;;;;;
b_lisdorp_adj;Lisdorp;;;;;;;;;;;;;
b_lisdorp_desc;Lisdorp;;;;;;;;;;;;;
b_zilverbroek;Zilverbroek;;;;;;;;;;;;;
b_zilverbroek_adj;Zilverbroek;;;;;;;;;;;;;
b_zilverbroek_desc;Zilverbroek;;;;;;;;;;;;;
b_garren;Garren;;;;;;;;;;;;;
b_garren_adj;Garren;;;;;;;;;;;;;
b_garren_desc;Garren;;;;;;;;;;;;;
b_fokkert;Fokkert;;;;;;;;;;;;;
b_fokkert_adj;Fokkert;;;;;;;;;;;;;
b_fokkert_desc;Fokkert;;;;;;;;;;;;;
b_hijssel;Hijssel;;;;;;;;;;;;;
b_hijssel_adj;Hijssel;;;;;;;;;;;;;
b_hijssel_desc;Hijssel;;;;;;;;;;;;;
b_vleddam;Vleddam;;;;;;;;;;;;;
b_vleddam_adj;Vleddam;;;;;;;;;;;;;
b_vleddam_desc;Vleddam;;;;;;;;;;;;;
b_haven;Haven;;;;;;;;;;;;;
b_haven_adj;Haven;;;;;;;;;;;;;
b_haven_desc;Haven;;;;;;;;;;;;;
b_purmen;Purmen;;;;;;;;;;;;;
b_purmen_adj;Purmen;;;;;;;;;;;;;
b_purmen_desc;Purmen;;;;;;;;;;;;;
b_onlangen;Onlangen;;;;;;;;;;;;;
b_onlangen_adj;Onlangen;;;;;;;;;;;;;
b_onlangen_desc;Onlangen;;;;;;;;;;;;;
b_broeker;Broeker;;;;;;;;;;;;;
b_broeker_adj;Broeker;;;;;;;;;;;;;
b_broeker_desc;Broeker;;;;;;;;;;;;;
b_schilde;Schilde;;;;;;;;;;;;;
b_schilde_adj;Schilde;;;;;;;;;;;;;
b_schilde_desc;Schilde;;;;;;;;;;;;;
b_voorten;Voorten;;;;;;;;;;;;;
b_voorten_adj;Voorten;;;;;;;;;;;;;
b_voorten_desc;Voorten;;;;;;;;;;;;;
b_vierum;Vierum;;;;;;;;;;;;;
b_vierum_adj;Vierum;;;;;;;;;;;;;
b_vierum_desc;Vierum;;;;;;;;;;;;;
b_eschum;Eschum;;;;;;;;;;;;;
b_eschum_adj;Eschum;;;;;;;;;;;;;
b_eschum_desc;Eschum;;;;;;;;;;;;;
b_lampert;Lampert;;;;;;;;;;;;;
b_lampert_adj;Lampert;;;;;;;;;;;;;
b_lampert_desc;Lampert;;;;;;;;;;;;;
b_eeseind;Eeseind;;;;;;;;;;;;;
b_eeseind_adj;Eeseind;;;;;;;;;;;;;
b_eeseind_desc;Eeseind;;;;;;;;;;;;;
b_kolle;Kolle;;;;;;;;;;;;;
b_kolle_adj;Kolle;;;;;;;;;;;;;
b_kolle_desc;Kolle;;;;;;;;;;;;;
b_waten;Waten;;;;;;;;;;;;;
b_waten_adj;Waten;;;;;;;;;;;;;
b_waten_desc;Waten;;;;;;;;;;;;;
b_fenross;Fenross;;;;;;;;;;;;;
b_fenross_adj;Fenross;;;;;;;;;;;;;
b_fenross_desc;Fenross;;;;;;;;;;;;;
b_drumvale;Drumvale;;;;;;;;;;;;;
b_drumvale_adj;Drumvale;;;;;;;;;;;;;
b_drumvale_desc;Drumvale;;;;;;;;;;;;;
b_kilcliff;Kilcliff;;;;;;;;;;;;;
b_kilcliff_adj;Kilcliff;;;;;;;;;;;;;
b_kilcliff_desc;Kilcliff;;;;;;;;;;;;;
b_glenbarra;Glenbarra;;;;;;;;;;;;;
b_glenbarra_adj;Glenbarra;;;;;;;;;;;;;
b_glenbarra_desc;Glenbarra;;;;;;;;;;;;;
b_drumclay;Drumclay;;;;;;;;;;;;;
b_drumclay_adj;Drumclay;;;;;;;;;;;;;
b_drumclay_desc;Drumclay;;;;;;;;;;;;;
b_rathmore;Rathmore;;;;;;;;;;;;;
b_rathmore_adj;Rathmore;;;;;;;;;;;;;
b_rathmore_desc;Rathmore;;;;;;;;;;;;;
b_rathwick;Rathwick;;;;;;;;;;;;;
b_rathwick_adj;Rathwick;;;;;;;;;;;;;
b_rathwick_desc;Rathwick;;;;;;;;;;;;;
b_carrowick;Carrowick;;;;;;;;;;;;;
b_carrowick_adj;Carrowick;;;;;;;;;;;;;
b_carrowick_desc;Carrowick;;;;;;;;;;;;;
b_glenclay;Glenclay;;;;;;;;;;;;;
b_glenclay_adj;Glenclay;;;;;;;;;;;;;
b_glenclay_desc;Glenclay;;;;;;;;;;;;;
b_kilfern;Kilfern;;;;;;;;;;;;;
b_kilfern_adj;Kilfern;;;;;;;;;;;;;
b_kilfern_desc;Kilfern;;;;;;;;;;;;;
b_drumross;Drumross;;;;;;;;;;;;;
b_drumross_adj;Drumross;;;;;;;;;;;;;
b_drumross_desc;Drumross;;;;;;;;;;;;;
b_dunross;Dunross;;;;;;;;;;;;;
b_dunross_adj;Dunross;;;;;;;;;;;;;
b_dunross_desc;Dunross;;;;;;;;;;;;;
b_kilmorey;Kilmorey;;;;;;;;;;;;;
b_kilmorey_adj;Kilmorey;;;;;;;;;;;;;
b_kilmorey_desc;Kilmorey;;;;;;;;;;;;;
b_rathbane;Rathbane;;;;;;;;;;;;;
b_rathbane_adj;Rathbane;;;;;;;;;;;;;
b_rathbane_desc;Rathbane;;;;;;;;;;;;;
b_glenmere;Glenmere;;;;;;;;;;;;;
b_glenmere_adj;Glenmere;;;;;;;;;;;;;
b_glenmere_desc;Glenmere;;;;;;;;;;;;;
b_cloonard;Cloonard;;;;;;;;;;;;;
b_cloonard_adj;Cloonard;;;;;;;;;;;;;
b_cloonard_desc;Cloonard;;;;;;;;;;;;;
b_dunfern;Dunfern;;;;;;;;;;;;;
b_dunfern_adj;Dunfern;;;;;;;;;;;;;
b_dunfern_desc;Dunfern;;;;;;;;;;;;;
b_fenhaven;Fenhaven;;;;;;;;;;;;;
b_fenhaven_adj;Fenhaven;;;;;;;;;;;;;
b_fenhaven_desc;Fenhaven;;;;;;;;;;;;;
b_ballyfern;Ballyfern;;;;;;;;;;;;;
b_ballyfern_adj;Ballyfern;;;;;;;;;;;;;
b_ballyfern_desc;Ballyfern;;;;;;;;;;;;;
b_ardcliff;Ardcliff;;;;;;;;;;;;;
b_ardcliff_adj;Ardcliff;;;;;;;;;;;;;
b_ardcliff_desc;Ardcliff;;;;;;;;;;;;;
b_rathross;Rathross;;;;;;;;;;;;;
b_rathross_adj;Rathross;;;;;;;;;;;;;
b_rathross_desc;Rathross;;;;;;;;;;;;;
b_ballycross;Ballycross;;;;;;;;;;;;;
b_ballycross_adj;Ballycross;;;;;;;;;;;;;
b_ballycross_desc;Ballycross;;;;;;;;;;;;;
b_torclay;Torclay;;;;;;;;;;;;;
b_torclay_adj;Torclay;;;;;;;;;;;;;
b_torclay_desc;Torclay;;;;;;;;;;;;;
b_rathcliff;Rathcliff;;;;;;;;;;;;;
b_rathcliff_adj;Rathcliff;;;;;;;;;;;;;
b_rathcliff_desc;Rathcliff;;;;;;;;;;;;;
b_fenvara;Fenvara;;;;;;;;;;;;;
b_fenvara_adj;Fenvara;;;;;;;;;;;;;
b_fenvara_desc;Fenvara;;;;;;;;;;;;;
b_kilrath;Kilrath;;;;;;;;;;;;;
b_kilrath_adj;Kilrath;;;;;;;;;;;;;
b_kilrath_desc;Kilrath;;;;;;;;;;;;;
b_carrowvale;Carrowvale;;;;;;;;;;;;;
b_carrowvale_adj;Carrowvale;;;;;;;;;;;;;
b_carrowvale_desc;Carrowvale;;;;;;;;;;;;;
b_loughbane;Loughbane;;;;;;;;;;;;;
b_loughbane_adj;Loughbane;;;;;;;;;;;;;
b_loughbane_desc;Loughbane;;;;;;;;;;;;;
b_rathclay;Rathclay;;;;;;;;;;;;;
b_rathclay_adj;Rathclay;;;;;;;;;;;;;
b_rathclay_desc;Rathclay;;;;;;;;;;;;;
b_fenwick;Fenwick;;;;;;;;;;;;;
b_fenwick_adj;Fenwick;;;;;;;;;;;;;
b_fenwick_desc;Fenwick;;;;;;;;;;;;;
b_carrowbrae;Carrowbrae;;;;;;;;;;;;;
b_carrowbrae_adj;Carrowbrae;;;;;;;;;;;;;
b_carrowbrae_desc;Carrowbrae;;;;;;;;;;;;;
b_drumwick;Drumwick;;;;;;;;;;;;;
b_drumwick_adj;Drumwick;;;;;;;;;;;;;
b_drumwick_desc;Drumwick;;;;;;;;;;;;;
b_braydun;Braydun;;;;;;;;;;;;;
b_braydun_adj;Braydun;;;;;;;;;;;;;
b_braydun_desc;Braydun;;;;;;;;;;;;;
b_cloonross;Cloonross;;;;;;;;;;;;;
b_cloonross_adj;Cloonross;;;;;;;;;;;;;
b_cloonross_desc;Cloonross;;;;;;;;;;;;;
b_kilbane;Kilbane;;;;;;;;;;;;;
b_kilbane_adj;Kilbane;;;;;;;;;;;;;
b_kilbane_desc;Kilbane;;;;;;;;;;;;;
b_loughcliff;Loughcliff;;;;;;;;;;;;;
b_loughcliff_adj;Loughcliff;;;;;;;;;;;;;
b_loughcliff_desc;Loughcliff;;;;;;;;;;;;;
b_drumcree;Drumcree;;;;;;;;;;;;;
b_drumcree_adj;Drumcree;;;;;;;;;;;;;
b_drumcree_desc;Drumcree;;;;;;;;;;;;;
b_moycrest;Moycrest;;;;;;;;;;;;;
b_moycrest_adj;Moycrest;;;;;;;;;;;;;
b_moycrest_desc;Moycrest;;;;;;;;;;;;;
b_glenhaven;Glenhaven;;;;;;;;;;;;;
b_glenhaven_adj;Glenhaven;;;;;;;;;;;;;
b_glenhaven_desc;Glenhaven;;;;;;;;;;;;;
b_glenwick;Glenwick;;;;;;;;;;;;;
b_glenwick_adj;Glenwick;;;;;;;;;;;;;
b_glenwick_desc;Glenwick;;;;;;;;;;;;;
b_ardmoor;Ardmoor;;;;;;;;;;;;;
b_ardmoor_adj;Ardmoor;;;;;;;;;;;;;
b_ardmoor_desc;Ardmoor;;;;;;;;;;;;;
b_bracklin;Bracklin;;;;;;;;;;;;;
b_bracklin_adj;Bracklin;;;;;;;;;;;;;
b_bracklin_desc;Bracklin;;;;;;;;;;;;;
b_ballyhaven;Ballyhaven;;;;;;;;;;;;;
b_ballyhaven_adj;Ballyhaven;;;;;;;;;;;;;
b_ballyhaven_desc;Ballyhaven;;;;;;;;;;;;;
b_ardross;Ardross;;;;;;;;;;;;;
b_ardross_adj;Ardross;;;;;;;;;;;;;
b_ardross_desc;Ardross;;;;;;;;;;;;;
b_torvale;Torvale;;;;;;;;;;;;;
b_torvale_adj;Torvale;;;;;;;;;;;;;
b_torvale_desc;Torvale;;;;;;;;;;;;;
b_cloonvale;Cloonvale;;;;;;;;;;;;;
b_cloonvale_adj;Cloonvale;;;;;;;;;;;;;
b_cloonvale_desc;Cloonvale;;;;;;;;;;;;;
b_fenclay;Fenclay;;;;;;;;;;;;;
b_fenclay_adj;Fenclay;;;;;;;;;;;;;
b_fenclay_desc;Fenclay;;;;;;;;;;;;;
b_fenbane;Fenbane;;;;;;;;;;;;;
b_fenbane_adj;Fenbane;;;;;;;;;;;;;
b_fenbane_desc;Fenbane;;;;;;;;;;;;;
b_ballydun;Ballydun;;;;;;;;;;;;;
b_ballydun_adj;Ballydun;;;;;;;;;;;;;
b_ballydun_desc;Ballydun;;;;;;;;;;;;;
b_torwick;Torwick;;;;;;;;;;;;;
b_torwick_adj;Torwick;;;;;;;;;;;;;
b_torwick_desc;Torwick;;;;;;;;;;;;;
b_kilwick;Kilwick;;;;;;;;;;;;;
b_kilwick_adj;Kilwick;;;;;;;;;;;;;
b_kilwick_desc;Kilwick;;;;;;;;;;;;;
b_torfern;Torfern;;;;;;;;;;;;;
b_torfern_adj;Torfern;;;;;;;;;;;;;
b_torfern_desc;Torfern;;;;;;;;;;;;;
b_cloonhill;Cloonhill;;;;;;;;;;;;;
b_cloonhill_adj;Cloonhill;;;;;;;;;;;;;
b_cloonhill_desc;Cloonhill;;;;;;;;;;;;;
b_loughray;Loughray;;;;;;;;;;;;;
b_loughray_adj;Loughray;;;;;;;;;;;;;
b_loughray_desc;Loughray;;;;;;;;;;;;;
b_carrowmere;Carrowmere;;;;;;;;;;;;;
b_carrowmere_adj;Carrowmere;;;;;;;;;;;;;
b_carrowmere_desc;Carrowmere;;;;;;;;;;;;;
b_cloonmere;Cloonmere;;;;;;;;;;;;;
b_cloonmere_adj;Cloonmere;;;;;;;;;;;;;
b_cloonmere_desc;Cloonmere;;;;;;;;;;;;;
b_rathfern;Rathfern;;;;;;;;;;;;;
b_rathfern_adj;Rathfern;;;;;;;;;;;;;
b_rathfern_desc;Rathfern;;;;;;;;;;;;;
b_torbane;Torbane;;;;;;;;;;;;;
b_torbane_adj;Torbane;;;;;;;;;;;;;
b_torbane_desc;Torbane;;;;;;;;;;;;;
b_fenmoor;Fenmoor;;;;;;;;;;;;;
b_fenmoor_adj;Fenmoor;;;;;;;;;;;;;
b_fenmoor_desc;Fenmoor;;;;;;;;;;;;;
b_loughmere;Loughmere;;;;;;;;;;;;;
b_loughmere_adj;Loughmere;;;;;;;;;;;;;
b_loughmere_desc;Loughmere;;;;;;;;;;;;;
b_glenross;Glenross;;;;;;;;;;;;;
b_glenross_adj;Glenross;;;;;;;;;;;;;
b_glenross_desc;Glenross;;;;;;;;;;;;;
b_mareva;Mareva;;;;;;;;;;;;;
b_mareva_adj;Mareva;;;;;;;;;;;;;
b_mareva_desc;Mareva;;;;;;;;;;;;;
b_porthel;Porthel;;;;;;;;;;;;;
b_porthel_adj;Porthel;;;;;;;;;;;;;
b_porthel_desc;Porthel;;;;;;;;;;;;;
b_darselin;Darselin;;;;;;;;;;;;;
b_darselin_adj;Darselin;;;;;;;;;;;;;
b_darselin_desc;Darselin;;;;;;;;;;;;;
b_portalis;Portalis;;;;;;;;;;;;;
b_portalis_adj;Portalis;;;;;;;;;;;;;
b_portalis_desc;Portalis;;;;;;;;;;;;;
b_marisol;Marisol;;;;;;;;;;;;;
b_marisol_adj;Marisol;;;;;;;;;;;;;
b_marisol_desc;Marisol;;;;;;;;;;;;;
b_marenna;Marenna;;;;;;;;;;;;;
b_marenna_adj;Marenna;;;;;;;;;;;;;
b_marenna_desc;Marenna;;;;;;;;;;;;;
b_navessa;Navessa;;;;;;;;;;;;;
b_navessa_adj;Navessa;;;;;;;;;;;;;
b_navessa_desc;Navessa;;;;;;;;;;;;;
b_doralin;Doralin;;;;;;;;;;;;;
b_doralin_adj;Doralin;;;;;;;;;;;;;
b_doralin_desc;Doralin;;;;;;;;;;;;;
b_tidel;Tidel;;;;;;;;;;;;;
b_tidel_adj;Tidel;;;;;;;;;;;;;
b_tidel_desc;Tidel;;;;;;;;;;;;;
b_sevala;Sevala;;;;;;;;;;;;;
b_sevala_adj;Sevala;;;;;;;;;;;;;
b_sevala_desc;Sevala;;;;;;;;;;;;;
b_costren;Costren;;;;;;;;;;;;;
b_costren_adj;Costren;;;;;;;;;;;;;
b_costren_desc;Costren;;;;;;;;;;;;;
b_neraval;Neraval;;;;;;;;;;;;;
b_neraval_adj;Neraval;;;;;;;;;;;;;
b_neraval_desc;Neraval;;;;;;;;;;;;;
b_azorin;Azorin;;;;;;;;;;;;;
b_azorin_adj;Azorin;;;;;;;;;;;;;
b_azorin_desc;Azorin;;;;;;;;;;;;;
b_profenir;Profenir;;;;;;;;;;;;;
b_profenir_adj;Profenir;;;;;;;;;;;;;
b_profenir_desc;Profenir;;;;;;;;;;;;;
b_nerethil;Nerethil;;;;;;;;;;;;;
b_nerethil_adj;Nerethil;;;;;;;;;;;;;
b_nerethil_desc;Nerethil;;;;;;;;;;;;;
b_ravenor;Ravenor;;;;;;;;;;;;;
b_ravenor_adj;Ravenor;;;;;;;;;;;;;
b_ravenor_desc;Ravenor;;;;;;;;;;;;;
b_valceran;Valceran;;;;;;;;;;;;;
b_valceran_adj;Valceran;;;;;;;;;;;;;
b_valceran_desc;Valceran;;;;;;;;;;;;;
b_valmorra;Valmorra;;;;;;;;;;;;;
b_valmorra_adj;Valmorra;;;;;;;;;;;;;
b_valmorra_desc;Valmorra;;;;;;;;;;;;;
b_marvalis;Marvalis;;;;;;;;;;;;;
b_marvalis_adj;Marvalis;;;;;;;;;;;;;
b_marvalis_desc;Marvalis;;;;;;;;;;;;;
b_torfumar;Torfumar;;;;;;;;;;;;;
b_torfumar_adj;Torfumar;;;;;;;;;;;;;
b_torfumar_desc;Torfumar;;;;;;;;;;;;;
b_costerna;Costerna;;;;;;;;;;;;;
b_costerna_adj;Costerna;;;;;;;;;;;;;
b_costerna_desc;Costerna;;;;;;;;;;;;;
b_corissa;Corissa;;;;;;;;;;;;;
b_corissa_adj;Corissa;;;;;;;;;;;;;
b_corissa_desc;Corissa;;;;;;;;;;;;;
b_serandel;Serandel;;;;;;;;;;;;;
b_serandel_adj;Serandel;;;;;;;;;;;;;
b_serandel_desc;Serandel;;;;;;;;;;;;;
b_alessa;Alessa;;;;;;;;;;;;;
b_alessa_adj;Alessa;;;;;;;;;;;;;
b_alessa_desc;Alessa;;;;;;;;;;;;;
b_brisendal;Brisendal;;;;;;;;;;;;;
b_brisendal_adj;Brisendal;;;;;;;;;;;;;
b_brisendal_desc;Brisendal;;;;;;;;;;;;;
b_litoren;Litoren;;;;;;;;;;;;;
b_litoren_adj;Litoren;;;;;;;;;;;;;
b_litoren_desc;Litoren;;;;;;;;;;;;;
b_thalora;Thalora;;;;;;;;;;;;;
b_thalora_adj;Thalora;;;;;;;;;;;;;
b_thalora_desc;Thalora;;;;;;;;;;;;;
b_marenys;Marenys;;;;;;;;;;;;;
b_marenys_adj;Marenys;;;;;;;;;;;;;
b_marenys_desc;Marenys;;;;;;;;;;;;;
b_marinor;Marinor;;;;;;;;;;;;;
b_marinor_adj;Marinor;;;;;;;;;;;;;
b_marinor_desc;Marinor;;;;;;;;;;;;;
b_cornyssia;Cornyssia;;;;;;;;;;;;;
b_cornyssia_adj;Cornyssia;;;;;;;;;;;;;
b_cornyssia_desc;Cornyssia;;;;;;;;;;;;;
b_pelagor;Pelagor;;;;;;;;;;;;;
b_pelagor_adj;Pelagor;;;;;;;;;;;;;
b_pelagor_desc;Pelagor;;;;;;;;;;;;;
b_hondren;Hondren;;;;;;;;;;;;;
b_hondren_adj;Hondren;;;;;;;;;;;;;
b_hondren_desc;Hondren;;;;;;;;;;;;;
b_lunegra;Lunegra;;;;;;;;;;;;;
b_lunegra_adj;Lunegra;;;;;;;;;;;;;
b_lunegra_desc;Lunegra;;;;;;;;;;;;;
b_precipiel;Precipiel;;;;;;;;;;;;;
b_precipiel_adj;Precipiel;;;;;;;;;;;;;
b_precipiel_desc;Precipiel;;;;;;;;;;;;;
b_noxaria;Noxaria;;;;;;;;;;;;;
b_noxaria_adj;Noxaria;;;;;;;;;;;;;
b_noxaria_desc;Noxaria;;;;;;;;;;;;;
b_estara;Estara;;;;;;;;;;;;;
b_estara_adj;Estara;;;;;;;;;;;;;
b_estara_desc;Estara;;;;;;;;;;;;;
b_onderal;Onderal;;;;;;;;;;;;;
b_onderal_adj;Onderal;;;;;;;;;;;;;
b_onderal_desc;Onderal;;;;;;;;;;;;;
b_selvara;Selvara;;;;;;;;;;;;;
b_selvara_adj;Selvara;;;;;;;;;;;;;
b_selvara_desc;Selvara;;;;;;;;;;;;;
b_marevyn;Marevyn;;;;;;;;;;;;;
b_marevyn_adj;Marevyn;;;;;;;;;;;;;
b_marevyn_desc;Marevyn;;;;;;;;;;;;;
b_aqualiel;Aqualiel;;;;;;;;;;;;;
b_aqualiel_adj;Aqualiel;;;;;;;;;;;;;
b_aqualiel_desc;Aqualiel;;;;;;;;;;;;;
b_umbrona;Umbrona;;;;;;;;;;;;;
b_umbrona_adj;Umbrona;;;;;;;;;;;;;
b_umbrona_desc;Umbrona;;;;;;;;;;;;;
b_marefina;Marefina;;;;;;;;;;;;;
b_marefina_adj;Marefina;;;;;;;;;;;;;
b_marefina_desc;Marefina;;;;;;;;;;;;;
b_pedraval;Pedraval;;;;;;;;;;;;;
b_pedraval_adj;Pedraval;;;;;;;;;;;;;
b_pedraval_desc;Pedraval;;;;;;;;;;;;;
b_velaryel;Velaryel;;;;;;;;;;;;;
b_velaryel_adj;Velaryel;;;;;;;;;;;;;
b_velaryel_desc;Velaryel;;;;;;;;;;;;;
b_brisendel;Brisendel;;;;;;;;;;;;;
b_brisendel_adj;Brisendel;;;;;;;;;;;;;
b_brisendel_desc;Brisendel;;;;;;;;;;;;;
b_salendra;Salendra;;;;;;;;;;;;;
b_salendra_adj;Salendra;;;;;;;;;;;;;
b_salendra_desc;Salendra;;;;;;;;;;;;;
b_ocenel;Ocenel;;;;;;;;;;;;;
b_ocenel_adj;Ocenel;;;;;;;;;;;;;
b_ocenel_desc;Ocenel;;;;;;;;;;;;;
b_olmessa;Olmessa;;;;;;;;;;;;;
b_olmessa_adj;Olmessa;;;;;;;;;;;;;
b_olmessa_desc;Olmessa;;;;;;;;;;;;;
b_clarissa;Clarissa;;;;;;;;;;;;;
b_clarissa_adj;Clarissa;;;;;;;;;;;;;
b_clarissa_desc;Clarissa;;;;;;;;;;;;;
b_aurelion;Aurelion;;;;;;;;;;;;;
b_aurelion_adj;Aurelion;;;;;;;;;;;;;
b_aurelion_desc;Aurelion;;;;;;;;;;;;;
b_calora;Calora;;;;;;;;;;;;;
b_calora_adj;Calora;;;;;;;;;;;;;
b_calora_desc;Calora;;;;;;;;;;;;;
b_avelan;Avelan;;;;;;;;;;;;;
b_avelan_adj;Avelan;;;;;;;;;;;;;
b_avelan_desc;Avelan;;;;;;;;;;;;;
b_lymora;Lymora;;;;;;;;;;;;;
b_lymora_adj;Lymora;;;;;;;;;;;;;
b_lymora_desc;Lymora;;;;;;;;;;;;;
b_navessae;Navessae;;;;;;;;;;;;;
b_navessae_adj;Navessae;;;;;;;;;;;;;
b_navessae_desc;Navessae;;;;;;;;;;;;;
b_nerissae;Nerissae;;;;;;;;;;;;;
b_nerissae_adj;Nerissae;;;;;;;;;;;;;
b_nerissae_desc;Nerissae;;;;;;;;;;;;;
b_brisenel;Brisenel;;;;;;;;;;;;;
b_brisenel_adj;Brisenel;;;;;;;;;;;;;
b_brisenel_desc;Brisenel;;;;;;;;;;;;;
b_navalen;Navalen;;;;;;;;;;;;;
b_navalen_adj;Navalen;;;;;;;;;;;;;
b_navalen_desc;Navalen;;;;;;;;;;;;;
b_talmera;Talmera;;;;;;;;;;;;;
b_talmera_adj;Talmera;;;;;;;;;;;;;
b_talmera_desc;Talmera;;;;;;;;;;;;;
b_talarin;Talarin;;;;;;;;;;;;;
b_talarin_adj;Talarin;;;;;;;;;;;;;
b_talarin_desc;Talarin;;;;;;;;;;;;;
b_sunara;Sunara;;;;;;;;;;;;;
b_sunara_adj;Sunara;;;;;;;;;;;;;
b_sunara_desc;Sunara;;;;;;;;;;;;;
b_orsel;Orsel;;;;;;;;;;;;;
b_orsel_adj;Orsel;;;;;;;;;;;;;
b_orsel_desc;Orsel;;;;;;;;;;;;;
b_marisolyn;Marisolyn;;;;;;;;;;;;;
b_marisolyn_adj;Marisolyn;;;;;;;;;;;;;
b_marisolyn_desc;Marisolyn;;;;;;;;;;;;;
b_brisala;Brisala;;;;;;;;;;;;;
b_brisala_adj;Brisala;;;;;;;;;;;;;
b_brisala_desc;Brisala;;;;;;;;;;;;;
b_corava;Corava;;;;;;;;;;;;;
b_corava_adj;Corava;;;;;;;;;;;;;
b_corava_desc;Corava;;;;;;;;;;;;;
b_tideva;Tideva;;;;;;;;;;;;;
b_tideva_adj;Tideva;;;;;;;;;;;;;
b_tideva_desc;Tideva;;;;;;;;;;;;;
b_ismavel;Ismavel;;;;;;;;;;;;;
b_ismavel_adj;Ismavel;;;;;;;;;;;;;
b_ismavel_desc;Ismavel;;;;;;;;;;;;;
b_navara;Navara;;;;;;;;;;;;;
b_navara_adj;Navara;;;;;;;;;;;;;
b_navara_desc;Navara;;;;;;;;;;;;;
b_virel;Virel;;;;;;;;;;;;;
b_virel_adj;Virel;;;;;;;;;;;;;
b_virel_desc;Virel;;;;;;;;;;;;;
b_portara;Portara;;;;;;;;;;;;;
b_portara_adj;Portara;;;;;;;;;;;;;
b_portara_desc;Portara;;;;;;;;;;;;;
b_brisel;Brisel;;;;;;;;;;;;;
b_brisel_adj;Brisel;;;;;;;;;;;;;
b_brisel_desc;Brisel;;;;;;;;;;;;;
b_lusenys;Lusenys;;;;;;;;;;;;;
b_lusenys_adj;Lusenys;;;;;;;;;;;;;
b_lusenys_desc;Lusenys;;;;;;;;;;;;;
b_vesmelyn;Vesmelyn;;;;;;;;;;;;;
b_vesmelyn_adj;Vesmelyn;;;;;;;;;;;;;
b_vesmelyn_desc;Vesmelyn;;;;;;;;;;;;;
b_arenna;Arenna;;;;;;;;;;;;;
b_arenna_adj;Arenna;;;;;;;;;;;;;
b_arenna_desc;Arenna;;;;;;;;;;;;;
b_pelarys;Pelarys;;;;;;;;;;;;;
b_pelarys_adj;Pelarys;;;;;;;;;;;;;
b_pelarys_desc;Pelarys;;;;;;;;;;;;;
b_orvela;Orvela;;;;;;;;;;;;;
b_orvela_adj;Orvela;;;;;;;;;;;;;
b_orvela_desc;Orvela;;;;;;;;;;;;;
b_calorintha;Calorintha;;;;;;;;;;;;;
b_calorintha_adj;Calorintha;;;;;;;;;;;;;
b_calorintha_desc;Calorintha;;;;;;;;;;;;;
b_arelis;Arelis;;;;;;;;;;;;;
b_arelis_adj;Arelis;;;;;;;;;;;;;
b_arelis_desc;Arelis;;;;;;;;;;;;;
b_celeron;Celeron;;;;;;;;;;;;;
b_celeron_adj;Celeron;;;;;;;;;;;;;
b_celeron_desc;Celeron;;;;;;;;;;;;;
b_pelora;Pelora;;;;;;;;;;;;;
b_pelora_adj;Pelora;;;;;;;;;;;;;
b_pelora_desc;Pelora;;;;;;;;;;;;;
b_dorsavel;Dorsavel;;;;;;;;;;;;;
b_dorsavel_adj;Dorsavel;;;;;;;;;;;;;
b_dorsavel_desc;Dorsavel;;;;;;;;;;;;;
b_calysa;Calysa;;;;;;;;;;;;;
b_calysa_adj;Calysa;;;;;;;;;;;;;
b_calysa_desc;Calysa;;;;;;;;;;;;;
b_navarel;Navarel;;;;;;;;;;;;;
b_navarel_adj;Navarel;;;;;;;;;;;;;
b_navarel_desc;Navarel;;;;;;;;;;;;;
b_mirassa;Mirassa;;;;;;;;;;;;;
b_mirassa_adj;Mirassa;;;;;;;;;;;;;
b_mirassa_desc;Mirassa;;;;;;;;;;;;;
b_brisara;Brisara;;;;;;;;;;;;;
b_brisara_adj;Brisara;;;;;;;;;;;;;
b_brisara_desc;Brisara;;;;;;;;;;;;;
b_lymarel;Lymarel;;;;;;;;;;;;;
b_lymarel_adj;Lymarel;;;;;;;;;;;;;
b_lymarel_desc;Lymarel;;;;;;;;;;;;;
b_haloren;Haloren;;;;;;;;;;;;;
b_haloren_adj;Haloren;;;;;;;;;;;;;
b_haloren_desc;Haloren;;;;;;;;;;;;;
b_pelan;Pelan;;;;;;;;;;;;;
b_pelan_adj;Pelan;;;;;;;;;;;;;
b_pelan_desc;Pelan;;;;;;;;;;;;;
b_solmara;Solmara;;;;;;;;;;;;;
b_solmara_adj;Solmara;;;;;;;;;;;;;
b_solmara_desc;Solmara;;;;;;;;;;;;;
b_sevarin;Sevarin;;;;;;;;;;;;;
b_sevarin_adj;Sevarin;;;;;;;;;;;;;
b_sevarin_desc;Sevarin;;;;;;;;;;;;;
b_ondelyn;Ondelyn;;;;;;;;;;;;;
b_ondelyn_adj;Ondelyn;;;;;;;;;;;;;
b_ondelyn_desc;Ondelyn;;;;;;;;;;;;;
b_valmera;Valmera;;;;;;;;;;;;;
b_valmera_adj;Valmera;;;;;;;;;;;;;
b_valmera_desc;Valmera;;;;;;;;;;;;;
b_malund;Malund;;;;;;;;;;;;;
b_malund_adj;Malund;;;;;;;;;;;;;
b_malund_desc;Malund;;;;;;;;;;;;;
b_ballsa;Ballsa;;;;;;;;;;;;;
b_ballsa_adj;Ballsa;;;;;;;;;;;;;
b_ballsa_desc;Ballsa;;;;;;;;;;;;;
b_flatbo;Flatbo;;;;;;;;;;;;;
b_flatbo_adj;Flatbo;;;;;;;;;;;;;
b_flatbo_desc;Flatbo;;;;;;;;;;;;;
b_steboda;Steboda;;;;;;;;;;;;;
b_steboda_adj;Steboda;;;;;;;;;;;;;
b_steboda_desc;Steboda;;;;;;;;;;;;;
b_meldalan;Meldalan;;;;;;;;;;;;;
b_meldalan_adj;Meldalan;;;;;;;;;;;;;
b_meldalan_desc;Meldalan;;;;;;;;;;;;;
b_skult;Skult;;;;;;;;;;;;;
b_skult_adj;Skult;;;;;;;;;;;;;
b_skult_desc;Skult;;;;;;;;;;;;;
b_nibbhult;Nibbhult;;;;;;;;;;;;;
b_nibbhult_adj;Nibbhult;;;;;;;;;;;;;
b_nibbhult_desc;Nibbhult;;;;;;;;;;;;;
b_vggesta;Vggesta;;;;;;;;;;;;;
b_vggesta_adj;Vggesta;;;;;;;;;;;;;
b_vggesta_desc;Vggesta;;;;;;;;;;;;;
b_brossa;Brossa;;;;;;;;;;;;;
b_brossa_adj;Brossa;;;;;;;;;;;;;
b_brossa_desc;Brossa;;;;;;;;;;;;;
b_vidsbyn;Vidsbyn;;;;;;;;;;;;;
b_vidsbyn_adj;Vidsbyn;;;;;;;;;;;;;
b_vidsbyn_desc;Vidsbyn;;;;;;;;;;;;;
b_ansbo;Ansbo;;;;;;;;;;;;;
b_ansbo_adj;Ansbo;;;;;;;;;;;;;
b_ansbo_desc;Ansbo;;;;;;;;;;;;;
b_masbol;Masbol;;;;;;;;;;;;;
b_masbol_adj;Masbol;;;;;;;;;;;;;
b_masbol_desc;Masbol;;;;;;;;;;;;;
b_kavla;Kavla;;;;;;;;;;;;;
b_kavla_adj;Kavla;;;;;;;;;;;;;
b_kavla_desc;Kavla;;;;;;;;;;;;;
b_slstad;Slstad;;;;;;;;;;;;;
b_slstad_adj;Slstad;;;;;;;;;;;;;
b_slstad_desc;Slstad;;;;;;;;;;;;;
b_segarna;Segarna;;;;;;;;;;;;;
b_segarna_adj;Segarna;;;;;;;;;;;;;
b_segarna_desc;Segarna;;;;;;;;;;;;;
b_socka;Socka;;;;;;;;;;;;;
b_socka_adj;Socka;;;;;;;;;;;;;
b_socka_desc;Socka;;;;;;;;;;;;;
b_sderup;Sderup;;;;;;;;;;;;;
b_sderup_adj;Sderup;;;;;;;;;;;;;
b_sderup_desc;Sderup;;;;;;;;;;;;;
b_lered;Lered;;;;;;;;;;;;;
b_lered_adj;Lered;;;;;;;;;;;;;
b_lered_desc;Lered;;;;;;;;;;;;;
b_ralstad;Ralstad;;;;;;;;;;;;;
b_ralstad_adj;Ralstad;;;;;;;;;;;;;
b_ralstad_desc;Ralstad;;;;;;;;;;;;;
b_edvarna;Edvarna;;;;;;;;;;;;;
b_edvarna_adj;Edvarna;;;;;;;;;;;;;
b_edvarna_desc;Edvarna;;;;;;;;;;;;;
b_stllen;Stllen;;;;;;;;;;;;;
b_stllen_adj;Stllen;;;;;;;;;;;;;
b_stllen_desc;Stllen;;;;;;;;;;;;;
b_lngseryd;Lngseryd;;;;;;;;;;;;;
b_lngseryd_adj;Lngseryd;;;;;;;;;;;;;
b_lngseryd_desc;Lngseryd;;;;;;;;;;;;;
b_tullsbol;Tullsbol;;;;;;;;;;;;;
b_tullsbol_adj;Tullsbol;;;;;;;;;;;;;
b_tullsbol_desc;Tullsbol;;;;;;;;;;;;;
b_limstad;Limstad;;;;;;;;;;;;;
b_limstad_adj;Limstad;;;;;;;;;;;;;
b_limstad_desc;Limstad;;;;;;;;;;;;;
b_kappet;Kappet;;;;;;;;;;;;;
b_kappet_adj;Kappet;;;;;;;;;;;;;
b_kappet_desc;Kappet;;;;;;;;;;;;;
b_ekors;Ekors;;;;;;;;;;;;;
b_ekors_adj;Ekors;;;;;;;;;;;;;
b_ekors_desc;Ekors;;;;;;;;;;;;;
b_nedal;Nedal;;;;;;;;;;;;;
b_nedal_adj;Nedal;;;;;;;;;;;;;
b_nedal_desc;Nedal;;;;;;;;;;;;;
b_hlseby;Hlseby;;;;;;;;;;;;;
b_hlseby_adj;Hlseby;;;;;;;;;;;;;
b_hlseby_desc;Hlseby;;;;;;;;;;;;;
b_sirsen;Sirsen;;;;;;;;;;;;;
b_sirsen_adj;Sirsen;;;;;;;;;;;;;
b_sirsen_desc;Sirsen;;;;;;;;;;;;;
b_blbyn;Blbyn;;;;;;;;;;;;;
b_blbyn_adj;Blbyn;;;;;;;;;;;;;
b_blbyn_desc;Blbyn;;;;;;;;;;;;;
b_hynga;Hynga;;;;;;;;;;;;;
b_hynga_adj;Hynga;;;;;;;;;;;;;
b_hynga_desc;Hynga;;;;;;;;;;;;;
b_viggarum;Viggarum;;;;;;;;;;;;;
b_viggarum_adj;Viggarum;;;;;;;;;;;;;
b_viggarum_desc;Viggarum;;;;;;;;;;;;;
b_mullen;Mullen;;;;;;;;;;;;;
b_mullen_adj;Mullen;;;;;;;;;;;;;
b_mullen_desc;Mullen;;;;;;;;;;;;;
b_halvhult;Halvhult;;;;;;;;;;;;;
b_halvhult_adj;Halvhult;;;;;;;;;;;;;
b_halvhult_desc;Halvhult;;;;;;;;;;;;;
b_samla;Samla;;;;;;;;;;;;;
b_samla_adj;Samla;;;;;;;;;;;;;
b_samla_desc;Samla;;;;;;;;;;;;;
b_lillern;Lillern;;;;;;;;;;;;;
b_lillern_adj;Lillern;;;;;;;;;;;;;
b_lillern_desc;Lillern;;;;;;;;;;;;;
b_ulvnset;Ulvnset;;;;;;;;;;;;;
b_ulvnset_adj;Ulvnset;;;;;;;;;;;;;
b_ulvnset_desc;Ulvnset;;;;;;;;;;;;;
b_galma;Galma;;;;;;;;;;;;;
b_galma_adj;Galma;;;;;;;;;;;;;
b_galma_desc;Galma;;;;;;;;;;;;;
b_lajsbo;Lajsbo;;;;;;;;;;;;;
b_lajsbo_adj;Lajsbo;;;;;;;;;;;;;
b_lajsbo_desc;Lajsbo;;;;;;;;;;;;;
b_findern;Findern;;;;;;;;;;;;;
b_findern_adj;Findern;;;;;;;;;;;;;
b_findern_desc;Findern;;;;;;;;;;;;;
b_rulstorp;Rulstorp;;;;;;;;;;;;;
b_rulstorp_adj;Rulstorp;;;;;;;;;;;;;
b_rulstorp_desc;Rulstorp;;;;;;;;;;;;;
b_linthamn;Linthamn;;;;;;;;;;;;;
b_linthamn_adj;Linthamn;;;;;;;;;;;;;
b_linthamn_desc;Linthamn;;;;;;;;;;;;;
b_buskhed;Buskhed;;;;;;;;;;;;;
b_buskhed_adj;Buskhed;;;;;;;;;;;;;
b_buskhed_desc;Buskhed;;;;;;;;;;;;;
b_lmesund;Lmesund;;;;;;;;;;;;;
b_lmesund_adj;Lmesund;;;;;;;;;;;;;
b_lmesund_desc;Lmesund;;;;;;;;;;;;;
b_vitsen;Vitsen;;;;;;;;;;;;;
b_vitsen_adj;Vitsen;;;;;;;;;;;;;
b_vitsen_desc;Vitsen;;;;;;;;;;;;;
b_vsterd;Vsterd;;;;;;;;;;;;;
b_vsterd_adj;Vsterd;;;;;;;;;;;;;
b_vsterd_desc;Vsterd;;;;;;;;;;;;;
b_aspberga;Aspberga;;;;;;;;;;;;;
b_aspberga_adj;Aspberga;;;;;;;;;;;;;
b_aspberga_desc;Aspberga;;;;;;;;;;;;;
b_tyrvi;Tyrvi;;;;;;;;;;;;;
b_tyrvi_adj;Tyrvi;;;;;;;;;;;;;
b_tyrvi_desc;Tyrvi;;;;;;;;;;;;;
b_elltorp;Elltorp;;;;;;;;;;;;;
b_elltorp_adj;Elltorp;;;;;;;;;;;;;
b_elltorp_desc;Elltorp;;;;;;;;;;;;;
b_frmshult;Frmshult;;;;;;;;;;;;;
b_frmshult_adj;Frmshult;;;;;;;;;;;;;
b_frmshult_desc;Frmshult;;;;;;;;;;;;;
b_torby;Torby;;;;;;;;;;;;;
b_torby_adj;Torby;;;;;;;;;;;;;
b_torby_desc;Torby;;;;;;;;;;;;;
b_olofsta;Olofsta;;;;;;;;;;;;;
b_olofsta_adj;Olofsta;;;;;;;;;;;;;
b_olofsta_desc;Olofsta;;;;;;;;;;;;;
b_karberg;Karberg;;;;;;;;;;;;;
b_karberg_adj;Karberg;;;;;;;;;;;;;
b_karberg_desc;Karberg;;;;;;;;;;;;;
b_brorud;Brorud;;;;;;;;;;;;;
b_brorud_adj;Brorud;;;;;;;;;;;;;
b_brorud_desc;Brorud;;;;;;;;;;;;;
b_brackan;Brackan;;;;;;;;;;;;;
b_brackan_adj;Brackan;;;;;;;;;;;;;
b_brackan_desc;Brackan;;;;;;;;;;;;;
b_garna;Garna;;;;;;;;;;;;;
b_garna_adj;Garna;;;;;;;;;;;;;
b_garna_desc;Garna;;;;;;;;;;;;;
b_koktorp;Koktorp;;;;;;;;;;;;;
b_koktorp_adj;Koktorp;;;;;;;;;;;;;
b_koktorp_desc;Koktorp;;;;;;;;;;;;;
b_lngtorp;Lngtorp;;;;;;;;;;;;;
b_lngtorp_adj;Lngtorp;;;;;;;;;;;;;
b_lngtorp_desc;Lngtorp;;;;;;;;;;;;;
b_skarden;Skarden;;;;;;;;;;;;;
b_skarden_adj;Skarden;;;;;;;;;;;;;
b_skarden_desc;Skarden;;;;;;;;;;;;;
b_ormas;Ormas;;;;;;;;;;;;;
b_ormas_adj;Ormas;;;;;;;;;;;;;
b_ormas_desc;Ormas;;;;;;;;;;;;;
b_kolshult;Kolshult;;;;;;;;;;;;;
b_kolshult_adj;Kolshult;;;;;;;;;;;;;
b_kolshult_desc;Kolshult;;;;;;;;;;;;;
b_rseneby;Rseneby;;;;;;;;;;;;;
b_rseneby_adj;Rseneby;;;;;;;;;;;;;
b_rseneby_desc;Rseneby;;;;;;;;;;;;;
b_vishamn;Vishamn;;;;;;;;;;;;;
b_vishamn_adj;Vishamn;;;;;;;;;;;;;
b_vishamn_desc;Vishamn;;;;;;;;;;;;;
b_gundkra;Gundkra;;;;;;;;;;;;;
b_gundkra_adj;Gundkra;;;;;;;;;;;;;
b_gundkra_desc;Gundkra;;;;;;;;;;;;;
b_glberg;Glberg;;;;;;;;;;;;;
b_glberg_adj;Glberg;;;;;;;;;;;;;
b_glberg_desc;Glberg;;;;;;;;;;;;;
b_hjggby;Hjggby;;;;;;;;;;;;;
b_hjggby_adj;Hjggby;;;;;;;;;;;;;
b_hjggby_desc;Hjggby;;;;;;;;;;;;;
b_baggebol;Baggebol;;;;;;;;;;;;;
b_baggebol_adj;Baggebol;;;;;;;;;;;;;
b_baggebol_desc;Baggebol;;;;;;;;;;;;;
b_gisliden;Gisliden;;;;;;;;;;;;;
b_gisliden_adj;Gisliden;;;;;;;;;;;;;
b_gisliden_desc;Gisliden;;;;;;;;;;;;;
b_tumlen;Tumlen;;;;;;;;;;;;;
b_tumlen_adj;Tumlen;;;;;;;;;;;;;
b_tumlen_desc;Tumlen;;;;;;;;;;;;;
b_lngarebo;Lngarebo;;;;;;;;;;;;;
b_lngarebo_adj;Lngarebo;;;;;;;;;;;;;
b_lngarebo_desc;Lngarebo;;;;;;;;;;;;;
b_lunnesta;Lunnesta;;;;;;;;;;;;;
b_lunnesta_adj;Lunnesta;;;;;;;;;;;;;
b_lunnesta_desc;Lunnesta;;;;;;;;;;;;;
b_gimma;Gimma;;;;;;;;;;;;;
b_gimma_adj;Gimma;;;;;;;;;;;;;
b_gimma_desc;Gimma;;;;;;;;;;;;;
b_mllebol;Mllebol;;;;;;;;;;;;;
b_mllebol_adj;Mllebol;;;;;;;;;;;;;
b_mllebol_desc;Mllebol;;;;;;;;;;;;;
b_julbck;Julbck;;;;;;;;;;;;;
b_julbck_adj;Julbck;;;;;;;;;;;;;
b_julbck_desc;Julbck;;;;;;;;;;;;;
b_ngstarp;Ngstarp;;;;;;;;;;;;;
b_ngstarp_adj;Ngstarp;;;;;;;;;;;;;
b_ngstarp_desc;Ngstarp;;;;;;;;;;;;;
b_kunger;Kunger;;;;;;;;;;;;;
b_kunger_adj;Kunger;;;;;;;;;;;;;
b_kunger_desc;Kunger;;;;;;;;;;;;;
b_kolpen;Kolpen;;;;;;;;;;;;;
b_kolpen_adj;Kolpen;;;;;;;;;;;;;
b_kolpen_desc;Kolpen;;;;;;;;;;;;;
b_kvall;Kvall;;;;;;;;;;;;;
b_kvall_adj;Kvall;;;;;;;;;;;;;
b_kvall_desc;Kvall;;;;;;;;;;;;;
b_skilen;Skilen;;;;;;;;;;;;;
b_skilen_adj;Skilen;;;;;;;;;;;;;
b_skilen_desc;Skilen;;;;;;;;;;;;;
b_ginberg;Ginberg;;;;;;;;;;;;;
b_ginberg_adj;Ginberg;;;;;;;;;;;;;
b_ginberg_desc;Ginberg;;;;;;;;;;;;;
b_gransbo;Gransbo;;;;;;;;;;;;;
b_gransbo_adj;Gransbo;;;;;;;;;;;;;
b_gransbo_desc;Gransbo;;;;;;;;;;;;;
b_sklet;Sklet;;;;;;;;;;;;;
b_sklet_adj;Sklet;;;;;;;;;;;;;
b_sklet_desc;Sklet;;;;;;;;;;;;;
b_vassa;Vassa;;;;;;;;;;;;;
b_vassa_adj;Vassa;;;;;;;;;;;;;
b_vassa_desc;Vassa;;;;;;;;;;;;;
b_nyserud;Nyserud;;;;;;;;;;;;;
b_nyserud_adj;Nyserud;;;;;;;;;;;;;
b_nyserud_desc;Nyserud;;;;;;;;;;;;;
b_vinhult;Vinhult;;;;;;;;;;;;;
b_vinhult_adj;Vinhult;;;;;;;;;;;;;
b_vinhult_desc;Vinhult;;;;;;;;;;;;;
b_kubbets;Kubbets;;;;;;;;;;;;;
b_kubbets_adj;Kubbets;;;;;;;;;;;;;
b_kubbets_desc;Kubbets;;;;;;;;;;;;;
b_kullet;Kullet;;;;;;;;;;;;;
b_kullet_adj;Kullet;;;;;;;;;;;;;
b_kullet_desc;Kullet;;;;;;;;;;;;;
b_ulvviken;Ulvviken;;;;;;;;;;;;;
b_ulvviken_adj;Ulvviken;;;;;;;;;;;;;
b_ulvviken_desc;Ulvviken;;;;;;;;;;;;;
b_tosse;Tosse;;;;;;;;;;;;;
b_tosse_adj;Tosse;;;;;;;;;;;;;
b_tosse_desc;Tosse;;;;;;;;;;;;;
b_hllund;Hllund;;;;;;;;;;;;;
b_hllund_adj;Hllund;;;;;;;;;;;;;
b_hllund_desc;Hllund;;;;;;;;;;;;;
b_vreby;Vreby;;;;;;;;;;;;;
b_vreby_adj;Vreby;;;;;;;;;;;;;
b_vreby_desc;Vreby;;;;;;;;;;;;;
b_hackaryd;Hackaryd;;;;;;;;;;;;;
b_hackaryd_adj;Hackaryd;;;;;;;;;;;;;
b_hackaryd_desc;Hackaryd;;;;;;;;;;;;;
b_lnset;Lnset;;;;;;;;;;;;;
b_lnset_adj;Lnset;;;;;;;;;;;;;
b_lnset_desc;Lnset;;;;;;;;;;;;;
b_hillanda;Hillanda;;;;;;;;;;;;;
b_hillanda_adj;Hillanda;;;;;;;;;;;;;
b_hillanda_desc;Hillanda;;;;;;;;;;;;;
b_gille;Gille;;;;;;;;;;;;;
b_gille_adj;Gille;;;;;;;;;;;;;
b_gille_desc;Gille;;;;;;;;;;;;;
b_singelby;Singelby;;;;;;;;;;;;;
b_singelby_adj;Singelby;;;;;;;;;;;;;
b_singelby_desc;Singelby;;;;;;;;;;;;;
b_lingarna;Lingarna;;;;;;;;;;;;;
b_lingarna_adj;Lingarna;;;;;;;;;;;;;
b_lingarna_desc;Lingarna;;;;;;;;;;;;;
b_grandsj;Grandsj;;;;;;;;;;;;;
b_grandsj_adj;Grandsj;;;;;;;;;;;;;
b_grandsj_desc;Grandsj;;;;;;;;;;;;;
b_dammare;Dammare;;;;;;;;;;;;;
b_dammare_adj;Dammare;;;;;;;;;;;;;
b_dammare_desc;Dammare;;;;;;;;;;;;;
b_hedlen;Hedlen;;;;;;;;;;;;;
b_hedlen_adj;Hedlen;;;;;;;;;;;;;
b_hedlen_desc;Hedlen;;;;;;;;;;;;;
b_fjrden;Fjrden;;;;;;;;;;;;;
b_fjrden_adj;Fjrden;;;;;;;;;;;;;
b_fjrden_desc;Fjrden;;;;;;;;;;;;;
b_rsbke;Rsbke;;;;;;;;;;;;;
b_rsbke_adj;Rsbke;;;;;;;;;;;;;
b_rsbke_desc;Rsbke;;;;;;;;;;;;;
b_halltjrn;Halltjrn;;;;;;;;;;;;;
b_halltjrn_adj;Halltjrn;;;;;;;;;;;;;
b_halltjrn_desc;Halltjrn;;;;;;;;;;;;;
b_rapsberg;Rapsberg;;;;;;;;;;;;;
b_rapsberg_adj;Rapsberg;;;;;;;;;;;;;
b_rapsberg_desc;Rapsberg;;;;;;;;;;;;;
b_homns;Homns;;;;;;;;;;;;;
b_homns_adj;Homns;;;;;;;;;;;;;
b_homns_desc;Homns;;;;;;;;;;;;;
b_dalske;Dalske;;;;;;;;;;;;;
b_dalske_adj;Dalske;;;;;;;;;;;;;
b_dalske_desc;Dalske;;;;;;;;;;;;;
b_hknstorp;Hknstorp;;;;;;;;;;;;;
b_hknstorp_adj;Hknstorp;;;;;;;;;;;;;
b_hknstorp_desc;Hknstorp;;;;;;;;;;;;;
b_tigmo;Tigmo;;;;;;;;;;;;;
b_tigmo_adj;Tigmo;;;;;;;;;;;;;
b_tigmo_desc;Tigmo;;;;;;;;;;;;;
b_vallerud;Vallerud;;;;;;;;;;;;;
b_vallerud_adj;Vallerud;;;;;;;;;;;;;
b_vallerud_desc;Vallerud;;;;;;;;;;;;;
b_fiskoga;Fiskoga;;;;;;;;;;;;;
b_fiskoga_adj;Fiskoga;;;;;;;;;;;;;
b_fiskoga_desc;Fiskoga;;;;;;;;;;;;;
b_skringe;Skringe;;;;;;;;;;;;;
b_skringe_adj;Skringe;;;;;;;;;;;;;
b_skringe_desc;Skringe;;;;;;;;;;;;;
b_rister;Rister;;;;;;;;;;;;;
b_rister_adj;Rister;;;;;;;;;;;;;
b_rister_desc;Rister;;;;;;;;;;;;;
b_stjrn;Stjrn;;;;;;;;;;;;;
b_stjrn_adj;Stjrn;;;;;;;;;;;;;
b_stjrn_desc;Stjrn;;;;;;;;;;;;;
b_vistdal;Vistdal;;;;;;;;;;;;;
b_vistdal_adj;Vistdal;;;;;;;;;;;;;
b_vistdal_desc;Vistdal;;;;;;;;;;;;;
b_alsliden;Alsliden;;;;;;;;;;;;;
b_alsliden_adj;Alsliden;;;;;;;;;;;;;
b_alsliden_desc;Alsliden;;;;;;;;;;;;;
b_lmsryd;Lmsryd;;;;;;;;;;;;;
b_lmsryd_adj;Lmsryd;;;;;;;;;;;;;
b_lmsryd_desc;Lmsryd;;;;;;;;;;;;;
b_bullinge;Bullinge;;;;;;;;;;;;;
b_bullinge_adj;Bullinge;;;;;;;;;;;;;
b_bullinge_desc;Bullinge;;;;;;;;;;;;;
b_nordal;Nordal;;;;;;;;;;;;;
b_nordal_adj;Nordal;;;;;;;;;;;;;
b_nordal_desc;Nordal;;;;;;;;;;;;;
b_stvedal;Stvedal;;;;;;;;;;;;;
b_stvedal_adj;Stvedal;;;;;;;;;;;;;
b_stvedal_desc;Stvedal;;;;;;;;;;;;;
b_myrans;Myrans;;;;;;;;;;;;;
b_myrans_adj;Myrans;;;;;;;;;;;;;
b_myrans_desc;Myrans;;;;;;;;;;;;;
b_hovsbyn;Hovsbyn;;;;;;;;;;;;;
b_hovsbyn_adj;Hovsbyn;;;;;;;;;;;;;
b_hovsbyn_desc;Hovsbyn;;;;;;;;;;;;;
b_salvalle;Salvalle;;;;;;;;;;;;;
b_salvalle_adj;Salvalle;;;;;;;;;;;;;
b_salvalle_desc;Salvalle;;;;;;;;;;;;;
b_skeppet;Skeppet;;;;;;;;;;;;;
b_skeppet_adj;Skeppet;;;;;;;;;;;;;
b_skeppet_desc;Skeppet;;;;;;;;;;;;;
b_hgdarna;Hgdarna;;;;;;;;;;;;;
b_hgdarna_adj;Hgdarna;;;;;;;;;;;;;
b_hgdarna_desc;Hgdarna;;;;;;;;;;;;;
b_kolpe;Kolpe;;;;;;;;;;;;;
b_kolpe_adj;Kolpe;;;;;;;;;;;;;
b_kolpe_desc;Kolpe;;;;;;;;;;;;;
b_bster;Bster;;;;;;;;;;;;;
b_bster_adj;Bster;;;;;;;;;;;;;
b_bster_desc;Bster;;;;;;;;;;;;;
b_nygraby;Nygraby;;;;;;;;;;;;;
b_nygraby_adj;Nygraby;;;;;;;;;;;;;
b_nygraby_desc;Nygraby;;;;;;;;;;;;;
b_hrkeby;Hrkeby;;;;;;;;;;;;;
b_hrkeby_adj;Hrkeby;;;;;;;;;;;;;
b_hrkeby_desc;Hrkeby;;;;;;;;;;;;;
b_bulla;Bulla;;;;;;;;;;;;;
b_bulla_adj;Bulla;;;;;;;;;;;;;
b_bulla_desc;Bulla;;;;;;;;;;;;;
b_snatorp;Snatorp;;;;;;;;;;;;;
b_snatorp_adj;Snatorp;;;;;;;;;;;;;
b_snatorp_desc;Snatorp;;;;;;;;;;;;;
b_svarp;Svarp;;;;;;;;;;;;;
b_svarp_adj;Svarp;;;;;;;;;;;;;
b_svarp_desc;Svarp;;;;;;;;;;;;;
b_nungstad;Nungstad;;;;;;;;;;;;;
b_nungstad_adj;Nungstad;;;;;;;;;;;;;
b_nungstad_desc;Nungstad;;;;;;;;;;;;;
b_tjlen;Tjlen;;;;;;;;;;;;;
b_tjlen_adj;Tjlen;;;;;;;;;;;;;
b_tjlen_desc;Tjlen;;;;;;;;;;;;;
b_vattnet;Vattnet;;;;;;;;;;;;;
b_vattnet_adj;Vattnet;;;;;;;;;;;;;
b_vattnet_desc;Vattnet;;;;;;;;;;;;;
b_liselet;Liselet;;;;;;;;;;;;;
b_liselet_adj;Liselet;;;;;;;;;;;;;
b_liselet_desc;Liselet;;;;;;;;;;;;;
b_hjlma;Hjlma;;;;;;;;;;;;;
b_hjlma_adj;Hjlma;;;;;;;;;;;;;
b_hjlma_desc;Hjlma;;;;;;;;;;;;;
b_torbo;Torbo;;;;;;;;;;;;;
b_torbo_adj;Torbo;;;;;;;;;;;;;
b_torbo_desc;Torbo;;;;;;;;;;;;;
b_hlled;Hlled;;;;;;;;;;;;;
b_hlled_adj;Hlled;;;;;;;;;;;;;
b_hlled_desc;Hlled;;;;;;;;;;;;;
b_rlebo;Rlebo;;;;;;;;;;;;;
b_rlebo_adj;Rlebo;;;;;;;;;;;;;
b_rlebo_desc;Rlebo;;;;;;;;;;;;;
b_nilsta;Nilsta;;;;;;;;;;;;;
b_nilsta_adj;Nilsta;;;;;;;;;;;;;
b_nilsta_desc;Nilsta;;;;;;;;;;;;;
b_skaboda;Skaboda;;;;;;;;;;;;;
b_skaboda_adj;Skaboda;;;;;;;;;;;;;
b_skaboda_desc;Skaboda;;;;;;;;;;;;;
b_grnsen;Grnsen;;;;;;;;;;;;;
b_grnsen_adj;Grnsen;;;;;;;;;;;;;
b_grnsen_desc;Grnsen;;;;;;;;;;;;;
b_licken;Licken;;;;;;;;;;;;;
b_licken_adj;Licken;;;;;;;;;;;;;
b_licken_desc;Licken;;;;;;;;;;;;;
b_kiveden;Kiveden;;;;;;;;;;;;;
b_kiveden_adj;Kiveden;;;;;;;;;;;;;
b_kiveden_desc;Kiveden;;;;;;;;;;;;;
b_kastorp;Kastorp;;;;;;;;;;;;;
b_kastorp_adj;Kastorp;;;;;;;;;;;;;
b_kastorp_desc;Kastorp;;;;;;;;;;;;;
b_estanby;Estanby;;;;;;;;;;;;;
b_estanby_adj;Estanby;;;;;;;;;;;;;
b_estanby_desc;Estanby;;;;;;;;;;;;;
b_byhamn;Byhamn;;;;;;;;;;;;;
b_byhamn_adj;Byhamn;;;;;;;;;;;;;
b_byhamn_desc;Byhamn;;;;;;;;;;;;;
b_hissberg;Hissberg;;;;;;;;;;;;;
b_hissberg_adj;Hissberg;;;;;;;;;;;;;
b_hissberg_desc;Hissberg;;;;;;;;;;;;;
b_rentofta;Rentofta;;;;;;;;;;;;;
b_rentofta_adj;Rentofta;;;;;;;;;;;;;
b_rentofta_desc;Rentofta;;;;;;;;;;;;;
b_hagern;Hagern;;;;;;;;;;;;;
b_hagern_adj;Hagern;;;;;;;;;;;;;
b_hagern_desc;Hagern;;;;;;;;;;;;;
b_lundet;Lundet;;;;;;;;;;;;;
b_lundet_adj;Lundet;;;;;;;;;;;;;
b_lundet_desc;Lundet;;;;;;;;;;;;;
b_korns;Korns;;;;;;;;;;;;;
b_korns_adj;Korns;;;;;;;;;;;;;
b_korns_desc;Korns;;;;;;;;;;;;;
b_bjrnli;Bjrnli;;;;;;;;;;;;;
b_bjrnli_adj;Bjrnli;;;;;;;;;;;;;
b_bjrnli_desc;Bjrnli;;;;;;;;;;;;;
b_brnngrd;Brnngrd;;;;;;;;;;;;;
b_brnngrd_adj;Brnngrd;;;;;;;;;;;;;
b_brnngrd_desc;Brnngrd;;;;;;;;;;;;;
b_olofsbyn;Olofsbyn;;;;;;;;;;;;;
b_olofsbyn_adj;Olofsbyn;;;;;;;;;;;;;
b_olofsbyn_desc;Olofsbyn;;;;;;;;;;;;;
b_lngstran;Lngstran;;;;;;;;;;;;;
b_lngstran_adj;Lngstran;;;;;;;;;;;;;
b_lngstran_desc;Lngstran;;;;;;;;;;;;;
b_brohand;Brohand;;;;;;;;;;;;;
b_brohand_adj;Brohand;;;;;;;;;;;;;
b_brohand_desc;Brohand;;;;;;;;;;;;;
b_vlsarp;Vlsarp;;;;;;;;;;;;;
b_vlsarp_adj;Vlsarp;;;;;;;;;;;;;
b_vlsarp_desc;Vlsarp;;;;;;;;;;;;;
b_buskard;Buskard;;;;;;;;;;;;;
b_buskard_adj;Buskard;;;;;;;;;;;;;
b_buskard_desc;Buskard;;;;;;;;;;;;;
b_grabygd;Grabygd;;;;;;;;;;;;;
b_grabygd_adj;Grabygd;;;;;;;;;;;;;
b_grabygd_desc;Grabygd;;;;;;;;;;;;;
b_kvestad;Kvestad;;;;;;;;;;;;;
b_kvestad_adj;Kvestad;;;;;;;;;;;;;
b_kvestad_desc;Kvestad;;;;;;;;;;;;;
b_arktorp;Arktorp;;;;;;;;;;;;;
b_arktorp_adj;Arktorp;;;;;;;;;;;;;
b_arktorp_desc;Arktorp;;;;;;;;;;;;;
b_gveryd;Gveryd;;;;;;;;;;;;;
b_gveryd_adj;Gveryd;;;;;;;;;;;;;
b_gveryd_desc;Gveryd;;;;;;;;;;;;;
b_kratorp;Kratorp;;;;;;;;;;;;;
b_kratorp_adj;Kratorp;;;;;;;;;;;;;
b_kratorp_desc;Kratorp;;;;;;;;;;;;;
b_galtan;Galtan;;;;;;;;;;;;;
b_galtan_adj;Galtan;;;;;;;;;;;;;
b_galtan_desc;Galtan;;;;;;;;;;;;;
b_skyttan;Skyttan;;;;;;;;;;;;;
b_skyttan_adj;Skyttan;;;;;;;;;;;;;
b_skyttan_desc;Skyttan;;;;;;;;;;;;;
b_karyd;Karyd;;;;;;;;;;;;;
b_karyd_adj;Karyd;;;;;;;;;;;;;
b_karyd_desc;Karyd;;;;;;;;;;;;;
b_iskaby;Iskaby;;;;;;;;;;;;;
b_iskaby_adj;Iskaby;;;;;;;;;;;;;
b_iskaby_desc;Iskaby;;;;;;;;;;;;;
b_gunnan;Gunnan;;;;;;;;;;;;;
b_gunnan_adj;Gunnan;;;;;;;;;;;;;
b_gunnan_desc;Gunnan;;;;;;;;;;;;;
b_finnhaga;Finnhaga;;;;;;;;;;;;;
b_finnhaga_adj;Finnhaga;;;;;;;;;;;;;
b_finnhaga_desc;Finnhaga;;;;;;;;;;;;;
b_sticken;Sticken;;;;;;;;;;;;;
b_sticken_adj;Sticken;;;;;;;;;;;;;
b_sticken_desc;Sticken;;;;;;;;;;;;;
b_gottnet;Gottnet;;;;;;;;;;;;;
b_gottnet_adj;Gottnet;;;;;;;;;;;;;
b_gottnet_desc;Gottnet;;;;;;;;;;;;;
b_ommark;Ommark;;;;;;;;;;;;;
b_ommark_adj;Ommark;;;;;;;;;;;;;
b_ommark_desc;Ommark;;;;;;;;;;;;;
b_prsterup;Prsterup;;;;;;;;;;;;;
b_prsterup_adj;Prsterup;;;;;;;;;;;;;
b_prsterup_desc;Prsterup;;;;;;;;;;;;;
b_sigda;Sigda;;;;;;;;;;;;;
b_sigda_adj;Sigda;;;;;;;;;;;;;
b_sigda_desc;Sigda;;;;;;;;;;;;;
b_masgrden;Masgrden;;;;;;;;;;;;;
b_masgrden_adj;Masgrden;;;;;;;;;;;;;
b_masgrden_desc;Masgrden;;;;;;;;;;;;;
b_ptenarp;Ptenarp;;;;;;;;;;;;;
b_ptenarp_adj;Ptenarp;;;;;;;;;;;;;
b_ptenarp_desc;Ptenarp;;;;;;;;;;;;;
b_ruatorp;Ruatorp;;;;;;;;;;;;;
b_ruatorp_adj;Ruatorp;;;;;;;;;;;;;
b_ruatorp_desc;Ruatorp;;;;;;;;;;;;;
b_djurfors;Djurfors;;;;;;;;;;;;;
b_djurfors_adj;Djurfors;;;;;;;;;;;;;
b_djurfors_desc;Djurfors;;;;;;;;;;;;;
b_totten;Totten;;;;;;;;;;;;;
b_totten_adj;Totten;;;;;;;;;;;;;
b_totten_desc;Totten;;;;;;;;;;;;;
b_sigge;Sigge;;;;;;;;;;;;;
b_sigge_adj;Sigge;;;;;;;;;;;;;
b_sigge_desc;Sigge;;;;;;;;;;;;;
b_gretorp;Gretorp;;;;;;;;;;;;;
b_gretorp_adj;Gretorp;;;;;;;;;;;;;
b_gretorp_desc;Gretorp;;;;;;;;;;;;;
b_frsum;Frsum;;;;;;;;;;;;;
b_frsum_adj;Frsum;;;;;;;;;;;;;
b_frsum_desc;Frsum;;;;;;;;;;;;;
b_adelebo;Adelebo;;;;;;;;;;;;;
b_adelebo_adj;Adelebo;;;;;;;;;;;;;
b_adelebo_desc;Adelebo;;;;;;;;;;;;;
b_rektarp;Rektarp;;;;;;;;;;;;;
b_rektarp_adj;Rektarp;;;;;;;;;;;;;
b_rektarp_desc;Rektarp;;;;;;;;;;;;;
b_tacksmo;Tacksmo;;;;;;;;;;;;;
b_tacksmo_adj;Tacksmo;;;;;;;;;;;;;
b_tacksmo_desc;Tacksmo;;;;;;;;;;;;;
b_vedet;Vedet;;;;;;;;;;;;;
b_vedet_adj;Vedet;;;;;;;;;;;;;
b_vedet_desc;Vedet;;;;;;;;;;;;;
b_lnstorp;Lnstorp;;;;;;;;;;;;;
b_lnstorp_adj;Lnstorp;;;;;;;;;;;;;
b_lnstorp_desc;Lnstorp;;;;;;;;;;;;;
b_vissja;Vissja;;;;;;;;;;;;;
b_vissja_adj;Vissja;;;;;;;;;;;;;
b_vissja_desc;Vissja;;;;;;;;;;;;;
b_friddal;Friddal;;;;;;;;;;;;;
b_friddal_adj;Friddal;;;;;;;;;;;;;
b_friddal_desc;Friddal;;;;;;;;;;;;;
b_fagerd;Fagerd;;;;;;;;;;;;;
b_fagerd_adj;Fagerd;;;;;;;;;;;;;
b_fagerd_desc;Fagerd;;;;;;;;;;;;;
b_yxnerd;Yxnerd;;;;;;;;;;;;;
b_yxnerd_adj;Yxnerd;;;;;;;;;;;;;
b_yxnerd_desc;Yxnerd;;;;;;;;;;;;;
b_rasjryd;Rasjryd;;;;;;;;;;;;;
b_rasjryd_adj;Rasjryd;;;;;;;;;;;;;
b_rasjryd_desc;Rasjryd;;;;;;;;;;;;;
b_bredarbo;Bredarbo;;;;;;;;;;;;;
b_bredarbo_adj;Bredarbo;;;;;;;;;;;;;
b_bredarbo_desc;Bredarbo;;;;;;;;;;;;;
b_tevik;Tevik;;;;;;;;;;;;;
b_tevik_adj;Tevik;;;;;;;;;;;;;
b_tevik_desc;Tevik;;;;;;;;;;;;;
b_frabyn;Frabyn;;;;;;;;;;;;;
b_frabyn_adj;Frabyn;;;;;;;;;;;;;
b_frabyn_desc;Frabyn;;;;;;;;;;;;;
b_dagsta;Dagsta;;;;;;;;;;;;;
b_dagsta_adj;Dagsta;;;;;;;;;;;;;
b_dagsta_desc;Dagsta;;;;;;;;;;;;;
b_lmmark;Lmmark;;;;;;;;;;;;;
b_lmmark_adj;Lmmark;;;;;;;;;;;;;
b_lmmark_desc;Lmmark;;;;;;;;;;;;;
b_humlegrd;Humlegrd;;;;;;;;;;;;;
b_humlegrd_adj;Humlegrd;;;;;;;;;;;;;
b_humlegrd_desc;Humlegrd;;;;;;;;;;;;;
b_kappara;Kappara;;;;;;;;;;;;;
b_kappara_adj;Kappara;;;;;;;;;;;;;
b_kappara_desc;Kappara;;;;;;;;;;;;;
b_genhult;Genhult;;;;;;;;;;;;;
b_genhult_adj;Genhult;;;;;;;;;;;;;
b_genhult_desc;Genhult;;;;;;;;;;;;;
b_allebo;Allebo;;;;;;;;;;;;;
b_allebo_adj;Allebo;;;;;;;;;;;;;
b_allebo_desc;Allebo;;;;;;;;;;;;;
b_skllanda;Skllanda;;;;;;;;;;;;;
b_skllanda_adj;Skllanda;;;;;;;;;;;;;
b_skllanda_desc;Skllanda;;;;;;;;;;;;;
b_rnnered;Rnnered;;;;;;;;;;;;;
b_rnnered_adj;Rnnered;;;;;;;;;;;;;
b_rnnered_desc;Rnnered;;;;;;;;;;;;;
b_glsta;Glsta;;;;;;;;;;;;;
b_glsta_adj;Glsta;;;;;;;;;;;;;
b_glsta_desc;Glsta;;;;;;;;;;;;;
b_ljunge;Ljunge;;;;;;;;;;;;;
b_ljunge_adj;Ljunge;;;;;;;;;;;;;
b_ljunge_desc;Ljunge;;;;;;;;;;;;;
b_sunderbo;Sunderbo;;;;;;;;;;;;;
b_sunderbo_adj;Sunderbo;;;;;;;;;;;;;
b_sunderbo_desc;Sunderbo;;;;;;;;;;;;;
b_ansby;Ansby;;;;;;;;;;;;;
b_ansby_adj;Ansby;;;;;;;;;;;;;
b_ansby_desc;Ansby;;;;;;;;;;;;;
b_folkebo;Folkebo;;;;;;;;;;;;;
b_folkebo_adj;Folkebo;;;;;;;;;;;;;
b_folkebo_desc;Folkebo;;;;;;;;;;;;;
b_fgelsbo;Fgelsbo;;;;;;;;;;;;;
b_fgelsbo_adj;Fgelsbo;;;;;;;;;;;;;
b_fgelsbo_desc;Fgelsbo;;;;;;;;;;;;;
b_svalle;Svalle;;;;;;;;;;;;;
b_svalle_adj;Svalle;;;;;;;;;;;;;
b_svalle_desc;Svalle;;;;;;;;;;;;;
b_stnge;Stnge;;;;;;;;;;;;;
b_stnge_adj;Stnge;;;;;;;;;;;;;
b_stnge_desc;Stnge;;;;;;;;;;;;;
b_fagelsta;Fagelsta;;;;;;;;;;;;;
b_fagelsta_adj;Fagelsta;;;;;;;;;;;;;
b_fagelsta_desc;Fagelsta;;;;;;;;;;;;;
b_byggebyn;Byggebyn;;;;;;;;;;;;;
b_byggebyn_adj;Byggebyn;;;;;;;;;;;;;
b_byggebyn_desc;Byggebyn;;;;;;;;;;;;;
b_hinstad;Hinstad;;;;;;;;;;;;;
b_hinstad_adj;Hinstad;;;;;;;;;;;;;
b_hinstad_desc;Hinstad;;;;;;;;;;;;;
b_kungen;Kungen;;;;;;;;;;;;;
b_kungen_adj;Kungen;;;;;;;;;;;;;
b_kungen_desc;Kungen;;;;;;;;;;;;;
b_stevik;Stevik;;;;;;;;;;;;;
b_stevik_adj;Stevik;;;;;;;;;;;;;
b_stevik_desc;Stevik;;;;;;;;;;;;;
b_dockna;Dockna;;;;;;;;;;;;;
b_dockna_adj;Dockna;;;;;;;;;;;;;
b_dockna_desc;Dockna;;;;;;;;;;;;;
b_godhytta;Godhytta;;;;;;;;;;;;;
b_godhytta_adj;Godhytta;;;;;;;;;;;;;
b_godhytta_desc;Godhytta;;;;;;;;;;;;;
b_almaby;Almaby;;;;;;;;;;;;;
b_almaby_adj;Almaby;;;;;;;;;;;;;
b_almaby_desc;Almaby;;;;;;;;;;;;;
b_nogryd;Nogryd;;;;;;;;;;;;;
b_nogryd_adj;Nogryd;;;;;;;;;;;;;
b_nogryd_desc;Nogryd;;;;;;;;;;;;;
b_hstby;Hstby;;;;;;;;;;;;;
b_hstby_adj;Hstby;;;;;;;;;;;;;
b_hstby_desc;Hstby;;;;;;;;;;;;;
b_segerum;Segerum;;;;;;;;;;;;;
b_segerum_adj;Segerum;;;;;;;;;;;;;
b_segerum_desc;Segerum;;;;;;;;;;;;;
b_solbyn;Solbyn;;;;;;;;;;;;;
b_solbyn_adj;Solbyn;;;;;;;;;;;;;
b_solbyn_desc;Solbyn;;;;;;;;;;;;;
b_fagelby;Fagelby;;;;;;;;;;;;;
b_fagelby_adj;Fagelby;;;;;;;;;;;;;
b_fagelby_desc;Fagelby;;;;;;;;;;;;;
b_lvster;Lvster;;;;;;;;;;;;;
b_lvster_adj;Lvster;;;;;;;;;;;;;
b_lvster_desc;Lvster;;;;;;;;;;;;;
b_sunnerud;Sunnerud;;;;;;;;;;;;;
b_sunnerud_adj;Sunnerud;;;;;;;;;;;;;
b_sunnerud_desc;Sunnerud;;;;;;;;;;;;;
b_svalebo;Svalebo;;;;;;;;;;;;;
b_svalebo_adj;Svalebo;;;;;;;;;;;;;
b_svalebo_desc;Svalebo;;;;;;;;;;;;;
b_sofieda;Sofieda;;;;;;;;;;;;;
b_sofieda_adj;Sofieda;;;;;;;;;;;;;
b_sofieda_desc;Sofieda;;;;;;;;;;;;;
b_ramsa;Ramsa;;;;;;;;;;;;;
b_ramsa_adj;Ramsa;;;;;;;;;;;;;
b_ramsa_desc;Ramsa;;;;;;;;;;;;;
b_lngsryd;Lngsryd;;;;;;;;;;;;;
b_lngsryd_adj;Lngsryd;;;;;;;;;;;;;
b_lngsryd_desc;Lngsryd;;;;;;;;;;;;;
b_gruvberg;Gruvberg;;;;;;;;;;;;;
b_gruvberg_adj;Gruvberg;;;;;;;;;;;;;
b_gruvberg_desc;Gruvberg;;;;;;;;;;;;;
b_hrden;Hrden;;;;;;;;;;;;;
b_hrden_adj;Hrden;;;;;;;;;;;;;
b_hrden_desc;Hrden;;;;;;;;;;;;;
b_ottebo;Ottebo;;;;;;;;;;;;;
b_ottebo_adj;Ottebo;;;;;;;;;;;;;
b_ottebo_desc;Ottebo;;;;;;;;;;;;;
b_delund;Delund;;;;;;;;;;;;;
b_delund_adj;Delund;;;;;;;;;;;;;
b_delund_desc;Delund;;;;;;;;;;;;;
b_gruna;Gruna;;;;;;;;;;;;;
b_gruna_adj;Gruna;;;;;;;;;;;;;
b_gruna_desc;Gruna;;;;;;;;;;;;;
b_bakvarna;Bakvarna;;;;;;;;;;;;;
b_bakvarna_adj;Bakvarna;;;;;;;;;;;;;
b_bakvarna_desc;Bakvarna;;;;;;;;;;;;;
b_nsdalen;Nsdalen;;;;;;;;;;;;;
b_nsdalen_adj;Nsdalen;;;;;;;;;;;;;
b_nsdalen_desc;Nsdalen;;;;;;;;;;;;;
b_skatorp;Skatorp;;;;;;;;;;;;;
b_skatorp_adj;Skatorp;;;;;;;;;;;;;
b_skatorp_desc;Skatorp;;;;;;;;;;;;;
b_ebbelbo;Ebbelbo;;;;;;;;;;;;;
b_ebbelbo_adj;Ebbelbo;;;;;;;;;;;;;
b_ebbelbo_desc;Ebbelbo;;;;;;;;;;;;;
b_smgrd;Smgrd;;;;;;;;;;;;;
b_smgrd_adj;Smgrd;;;;;;;;;;;;;
b_smgrd_desc;Smgrd;;;;;;;;;;;;;
b_trovik;Trovik;;;;;;;;;;;;;
b_trovik_adj;Trovik;;;;;;;;;;;;;
b_trovik_desc;Trovik;;;;;;;;;;;;;
b_lagby;Lagby;;;;;;;;;;;;;
b_lagby_adj;Lagby;;;;;;;;;;;;;
b_lagby_desc;Lagby;;;;;;;;;;;;;
b_talbrunn;Talbrunn;;;;;;;;;;;;;
b_talbrunn_adj;Talbrunn;;;;;;;;;;;;;
b_talbrunn_desc;Talbrunn;;;;;;;;;;;;;
b_mooswil;Mooswil;;;;;;;;;;;;;
b_mooswil_adj;Mooswil;;;;;;;;;;;;;
b_mooswil_desc;Mooswil;;;;;;;;;;;;;
b_vorderried;Vorderried;;;;;;;;;;;;;
b_vorderried_adj;Vorderried;;;;;;;;;;;;;
b_vorderried_desc;Vorderried;;;;;;;;;;;;;
b_weissenegg;Weissenegg;;;;;;;;;;;;;
b_weissenegg_adj;Weissenegg;;;;;;;;;;;;;
b_weissenegg_desc;Weissenegg;;;;;;;;;;;;;
b_blattenau;Blattenau;;;;;;;;;;;;;
b_blattenau_adj;Blattenau;;;;;;;;;;;;;
b_blattenau_desc;Blattenau;;;;;;;;;;;;;
b_riedacker;Riedacker;;;;;;;;;;;;;
b_riedacker_adj;Riedacker;;;;;;;;;;;;;
b_riedacker_desc;Riedacker;;;;;;;;;;;;;
b_dornwil;Dornwil;;;;;;;;;;;;;
b_dornwil_adj;Dornwil;;;;;;;;;;;;;
b_dornwil_desc;Dornwil;;;;;;;;;;;;;
b_wiesenegg;Wiesenegg;;;;;;;;;;;;;
b_wiesenegg_adj;Wiesenegg;;;;;;;;;;;;;
b_wiesenegg_desc;Wiesenegg;;;;;;;;;;;;;
b_mettlen;Mettlen;;;;;;;;;;;;;
b_mettlen_adj;Mettlen;;;;;;;;;;;;;
b_mettlen_desc;Mettlen;;;;;;;;;;;;;
b_morgenhalde;Morgenhalde;;;;;;;;;;;;;
b_morgenhalde_adj;Morgenhalde;;;;;;;;;;;;;
b_morgenhalde_desc;Morgenhalde;;;;;;;;;;;;;
b_schmidau;Schmidau;;;;;;;;;;;;;
b_schmidau_adj;Schmidau;;;;;;;;;;;;;
b_schmidau_desc;Schmidau;;;;;;;;;;;;;
b_steingass;Steingass;;;;;;;;;;;;;
b_steingass_adj;Steingass;;;;;;;;;;;;;
b_steingass_desc;Steingass;;;;;;;;;;;;;
b_freihalde;Freihalde;;;;;;;;;;;;;
b_freihalde_adj;Freihalde;;;;;;;;;;;;;
b_freihalde_desc;Freihalde;;;;;;;;;;;;;
b_erlenmoos;Erlenmoos;;;;;;;;;;;;;
b_erlenmoos_adj;Erlenmoos;;;;;;;;;;;;;
b_erlenmoos_desc;Erlenmoos;;;;;;;;;;;;;
b_oberriet;Oberriet;;;;;;;;;;;;;
b_oberriet_adj;Oberriet;;;;;;;;;;;;;
b_oberriet_desc;Oberriet;;;;;;;;;;;;;
b_gloggenau;Gloggenau;;;;;;;;;;;;;
b_gloggenau_adj;Gloggenau;;;;;;;;;;;;;
b_gloggenau_desc;Gloggenau;;;;;;;;;;;;;
b_auenried;Auenried;;;;;;;;;;;;;
b_auenried_adj;Auenried;;;;;;;;;;;;;
b_auenried_desc;Auenried;;;;;;;;;;;;;
b_zollerhof;Zollerhof;;;;;;;;;;;;;
b_zollerhof_adj;Zollerhof;;;;;;;;;;;;;
b_zollerhof_desc;Zollerhof;;;;;;;;;;;;;
b_dorfried;Dorfried;;;;;;;;;;;;;
b_dorfried_adj;Dorfried;;;;;;;;;;;;;
b_dorfried_desc;Dorfried;;;;;;;;;;;;;
b_zurlinden;Zurlinden;;;;;;;;;;;;;
b_zurlinden_adj;Zurlinden;;;;;;;;;;;;;
b_zurlinden_desc;Zurlinden;;;;;;;;;;;;;
b_fluhhalde;Fluhhalde;;;;;;;;;;;;;
b_fluhhalde_adj;Fluhhalde;;;;;;;;;;;;;
b_fluhhalde_desc;Fluhhalde;;;;;;;;;;;;;
b_aeschgrund;Aeschgrund;;;;;;;;;;;;;
b_aeschgrund_adj;Aeschgrund;;;;;;;;;;;;;
b_aeschgrund_desc;Aeschgrund;;;;;;;;;;;;;
b_langenegg;Langenegg;;;;;;;;;;;;;
b_langenegg_adj;Langenegg;;;;;;;;;;;;;
b_langenegg_desc;Langenegg;;;;;;;;;;;;;
b_untertal;Untertal;;;;;;;;;;;;;
b_untertal_adj;Untertal;;;;;;;;;;;;;
b_untertal_desc;Untertal;;;;;;;;;;;;;
b_rankwil;Rankwil;;;;;;;;;;;;;
b_rankwil_adj;Rankwil;;;;;;;;;;;;;
b_rankwil_desc;Rankwil;;;;;;;;;;;;;
b_zinnenberg;Zinnenberg;;;;;;;;;;;;;
b_zinnenberg_adj;Zinnenberg;;;;;;;;;;;;;
b_zinnenberg_desc;Zinnenberg;;;;;;;;;;;;;
b_sattelried;Sattelried;;;;;;;;;;;;;
b_sattelried_adj;Sattelried;;;;;;;;;;;;;
b_sattelried_desc;Sattelried;;;;;;;;;;;;;
b_quellhof;Quellhof;;;;;;;;;;;;;
b_quellhof_adj;Quellhof;;;;;;;;;;;;;
b_quellhof_desc;Quellhof;;;;;;;;;;;;;
b_trachselried;Trachselried;;;;;;;;;;;;;
b_trachselried_adj;Trachselried;;;;;;;;;;;;;
b_trachselried_desc;Trachselried;;;;;;;;;;;;;
b_wendelhof;Wendelhof;;;;;;;;;;;;;
b_wendelhof_adj;Wendelhof;;;;;;;;;;;;;
b_wendelhof_desc;Wendelhof;;;;;;;;;;;;;
b_pfaffenried;Pfaffenried;;;;;;;;;;;;;
b_pfaffenried_adj;Pfaffenried;;;;;;;;;;;;;
b_pfaffenried_desc;Pfaffenried;;;;;;;;;;;;;
b_wolfgrub;Wolfgrub;;;;;;;;;;;;;
b_wolfgrub_adj;Wolfgrub;;;;;;;;;;;;;
b_wolfgrub_desc;Wolfgrub;;;;;;;;;;;;;
b_haange;Haange;;;;;;;;;;;;;
b_haange_adj;Haange;;;;;;;;;;;;;
b_haange_desc;Haange;;;;;;;;;;;;;
b_hosinge;Hosinge;;;;;;;;;;;;;
b_hosinge_adj;Hosinge;;;;;;;;;;;;;
b_hosinge_desc;Hosinge;;;;;;;;;;;;;
b_itzingig;Itzingig;;;;;;;;;;;;;
b_itzingig_adj;Itzingig;;;;;;;;;;;;;
b_itzingig_desc;Itzingig;;;;;;;;;;;;;
b_colbech;Colbech;;;;;;;;;;;;;
b_colbech_adj;Colbech;;;;;;;;;;;;;
b_colbech_desc;Colbech;;;;;;;;;;;;;
b_hunshaff;Hunshaff;;;;;;;;;;;;;
b_hunshaff_adj;Hunshaff;;;;;;;;;;;;;
b_hunshaff_desc;Hunshaff;;;;;;;;;;;;;
b_hougel;Hougel;;;;;;;;;;;;;
b_hougel_adj;Hougel;;;;;;;;;;;;;
b_hougel_desc;Hougel;;;;;;;;;;;;;
b_tarch;Tarch;;;;;;;;;;;;;
b_tarch_adj;Tarch;;;;;;;;;;;;;
b_tarch_desc;Tarch;;;;;;;;;;;;;
b_lamelz;Lamelz;;;;;;;;;;;;;
b_lamelz_adj;Lamelz;;;;;;;;;;;;;
b_lamelz_desc;Lamelz;;;;;;;;;;;;;
b_rameld;Rameld;;;;;;;;;;;;;
b_rameld_adj;Rameld;;;;;;;;;;;;;
b_rameld_desc;Rameld;;;;;;;;;;;;;
b_obenborn;Obenborn;;;;;;;;;;;;;
b_obenborn_adj;Obenborn;;;;;;;;;;;;;
b_obenborn_desc;Obenborn;;;;;;;;;;;;;
b_mierg;Mierg;;;;;;;;;;;;;
b_mierg_adj;Mierg;;;;;;;;;;;;;
b_mierg_desc;Mierg;;;;;;;;;;;;;
b_noumill;Noumill;;;;;;;;;;;;;
b_noumill_adj;Noumill;;;;;;;;;;;;;
b_noumill_desc;Noumill;;;;;;;;;;;;;
b_finge;Finge;;;;;;;;;;;;;
b_finge_adj;Finge;;;;;;;;;;;;;
b_finge_desc;Finge;;;;;;;;;;;;;
b_houborn;Houborn;;;;;;;;;;;;;
b_houborn_adj;Houborn;;;;;;;;;;;;;
b_houborn_desc;Houborn;;;;;;;;;;;;;
b_grever;Grever;;;;;;;;;;;;;
b_grever_adj;Grever;;;;;;;;;;;;;
b_grever_desc;Grever;;;;;;;;;;;;;
b_teone;Teone;;;;;;;;;;;;;
b_teone_adj;Teone;;;;;;;;;;;;;
b_teone_desc;Teone;;;;;;;;;;;;;
b_cocelli;Cocelli;;;;;;;;;;;;;
b_cocelli_adj;Cocelli;;;;;;;;;;;;;
b_cocelli_desc;Cocelli;;;;;;;;;;;;;
b_chiello;Chiello;;;;;;;;;;;;;
b_chiello_adj;Chiello;;;;;;;;;;;;;
b_chiello_desc;Chiello;;;;;;;;;;;;;
b_brunenta;Brunenta;;;;;;;;;;;;;
b_brunenta_adj;Brunenta;;;;;;;;;;;;;
b_brunenta_desc;Brunenta;;;;;;;;;;;;;
b_gourras;Gourras;;;;;;;;;;;;;
b_gourras_adj;Gourras;;;;;;;;;;;;;
b_gourras_desc;Gourras;;;;;;;;;;;;;
b_belins;Belins;;;;;;;;;;;;;
b_belins_adj;Belins;;;;;;;;;;;;;
b_belins_desc;Belins;;;;;;;;;;;;;
b_fermet;Fermet;;;;;;;;;;;;;
b_fermet_adj;Fermet;;;;;;;;;;;;;
b_fermet_desc;Fermet;;;;;;;;;;;;;
b_thion;Thion;;;;;;;;;;;;;
b_thion_adj;Thion;;;;;;;;;;;;;
b_thion_desc;Thion;;;;;;;;;;;;;
b_ayzat;Ayzat;;;;;;;;;;;;;
b_ayzat_adj;Ayzat;;;;;;;;;;;;;
b_ayzat_desc;Ayzat;;;;;;;;;;;;;
b_vanglet;Vanglet;;;;;;;;;;;;;
b_vanglet_adj;Vanglet;;;;;;;;;;;;;
b_vanglet_desc;Vanglet;;;;;;;;;;;;;
b_triano;Triano;;;;;;;;;;;;;
b_triano_adj;Triano;;;;;;;;;;;;;
b_triano_desc;Triano;;;;;;;;;;;;;
b_colvati;Colvati;;;;;;;;;;;;;
b_colvati_adj;Colvati;;;;;;;;;;;;;
b_colvati_desc;Colvati;;;;;;;;;;;;;
b_chiarda;Chiarda;;;;;;;;;;;;;
b_chiarda_adj;Chiarda;;;;;;;;;;;;;
b_chiarda_desc;Chiarda;;;;;;;;;;;;;
b_morella;Morella;;;;;;;;;;;;;
b_morella_adj;Morella;;;;;;;;;;;;;
b_morella_desc;Morella;;;;;;;;;;;;;
b_quion;Quion;;;;;;;;;;;;;
b_quion_adj;Quion;;;;;;;;;;;;;
b_quion_desc;Quion;;;;;;;;;;;;;
b_chalet;Chalet;;;;;;;;;;;;;
b_chalet_adj;Chalet;;;;;;;;;;;;;
b_chalet_desc;Chalet;;;;;;;;;;;;;
b_foures;Foures;;;;;;;;;;;;;
b_foures_adj;Foures;;;;;;;;;;;;;
b_foures_desc;Foures;;;;;;;;;;;;;
b_vrolac;Vrolac;;;;;;;;;;;;;
b_vrolac_adj;Vrolac;;;;;;;;;;;;;
b_vrolac_desc;Vrolac;;;;;;;;;;;;;
b_piovara;Piovara;;;;;;;;;;;;;
b_piovara_adj;Piovara;;;;;;;;;;;;;
b_piovara_desc;Piovara;;;;;;;;;;;;;
b_battina;Battina;;;;;;;;;;;;;
b_battina_adj;Battina;;;;;;;;;;;;;
b_battina_desc;Battina;;;;;;;;;;;;;
b_rigarino;Rigarino;;;;;;;;;;;;;
b_rigarino_adj;Rigarino;;;;;;;;;;;;;
b_rigarino_desc;Rigarino;;;;;;;;;;;;;
b_lullen;Lullen;;;;;;;;;;;;;
b_lullen_adj;Lullen;;;;;;;;;;;;;
b_lullen_desc;Lullen;;;;;;;;;;;;;
b_lresmhle;Lresmhle;;;;;;;;;;;;;
b_lresmhle_adj;Lresmhle;;;;;;;;;;;;;
b_lresmhle_desc;Lresmhle;;;;;;;;;;;;;
b_gaschle;Gaschle;;;;;;;;;;;;;
b_gaschle_adj;Gaschle;;;;;;;;;;;;;
b_gaschle_desc;Gaschle;;;;;;;;;;;;;
b_eispelt;Eispelt;;;;;;;;;;;;;
b_eispelt_adj;Eispelt;;;;;;;;;;;;;
b_eispelt_desc;Eispelt;;;;;;;;;;;;;
b_krkels;Krkels;;;;;;;;;;;;;
b_krkels_adj;Krkels;;;;;;;;;;;;;
b_krkels_desc;Krkels;;;;;;;;;;;;;
b_houlle;Houlle;;;;;;;;;;;;;
b_houlle_adj;Houlle;;;;;;;;;;;;;
b_houlle_desc;Houlle;;;;;;;;;;;;;
b_merlange;Merlange;;;;;;;;;;;;;
b_merlange_adj;Merlange;;;;;;;;;;;;;
b_merlange_desc;Merlange;;;;;;;;;;;;;
b_bettig;Bettig;;;;;;;;;;;;;
b_bettig_adj;Bettig;;;;;;;;;;;;;
b_bettig_desc;Bettig;;;;;;;;;;;;;
b_neihof;Neihof;;;;;;;;;;;;;
b_neihof_adj;Neihof;;;;;;;;;;;;;
b_neihof_desc;Neihof;;;;;;;;;;;;;
b_hirzen;Hirzen;;;;;;;;;;;;;
b_hirzen_adj;Hirzen;;;;;;;;;;;;;
b_hirzen_desc;Hirzen;;;;;;;;;;;;;
b_rippelt;Rippelt;;;;;;;;;;;;;
b_rippelt_adj;Rippelt;;;;;;;;;;;;;
b_rippelt_desc;Rippelt;;;;;;;;;;;;;
b_schholz;Schholz;;;;;;;;;;;;;
b_schholz_adj;Schholz;;;;;;;;;;;;;
b_schholz_desc;Schholz;;;;;;;;;;;;;
b_franven;Franven;;;;;;;;;;;;;
b_franven_adj;Franven;;;;;;;;;;;;;
b_franven_desc;Franven;;;;;;;;;;;;;
b_untange;Untange;;;;;;;;;;;;;
b_untange_adj;Untange;;;;;;;;;;;;;
b_untange_desc;Untange;;;;;;;;;;;;;
b_schwach;Schwach;;;;;;;;;;;;;
b_schwach_adj;Schwach;;;;;;;;;;;;;
b_schwach_desc;Schwach;;;;;;;;;;;;;
b_centhal;Centhal;;;;;;;;;;;;;
b_centhal_adj;Centhal;;;;;;;;;;;;;
b_centhal_desc;Centhal;;;;;;;;;;;;;
b_seithum;Seithum;;;;;;;;;;;;;
b_seithum_adj;Seithum;;;;;;;;;;;;;
b_seithum_desc;Seithum;;;;;;;;;;;;;
b_roedang;Roedang;;;;;;;;;;;;;
b_roedang_adj;Roedang;;;;;;;;;;;;;
b_roedang_desc;Roedang;;;;;;;;;;;;;
b_rodesch;Rodesch;;;;;;;;;;;;;
b_rodesch_adj;Rodesch;;;;;;;;;;;;;
b_rodesch_desc;Rodesch;;;;;;;;;;;;;
b_bzebier;Bzebier;;;;;;;;;;;;;
b_bzebier_adj;Bzebier;;;;;;;;;;;;;
b_bzebier_desc;Bzebier;;;;;;;;;;;;;
b_heesbach;Heesbach;;;;;;;;;;;;;
b_heesbach_adj;Heesbach;;;;;;;;;;;;;
b_heesbach_desc;Heesbach;;;;;;;;;;;;;
b_enshau;Enshau;;;;;;;;;;;;;
b_enshau_adj;Enshau;;;;;;;;;;;;;
b_enshau_desc;Enshau;;;;;;;;;;;;;
b_clemerl;Clemerl;;;;;;;;;;;;;
b_clemerl_adj;Clemerl;;;;;;;;;;;;;
b_clemerl_desc;Clemerl;;;;;;;;;;;;;
b_braker;Braker;;;;;;;;;;;;;
b_braker_adj;Braker;;;;;;;;;;;;;
b_braker_desc;Braker;;;;;;;;;;;;;
b_neunhaff;Neunhaff;;;;;;;;;;;;;
b_neunhaff_adj;Neunhaff;;;;;;;;;;;;;
b_neunhaff_desc;Neunhaff;;;;;;;;;;;;;
b_moescht;Moescht;;;;;;;;;;;;;
b_moescht_adj;Moescht;;;;;;;;;;;;;
b_moescht_desc;Moescht;;;;;;;;;;;;;
b_ermuehle;Ermuehle;;;;;;;;;;;;;
b_ermuehle_adj;Ermuehle;;;;;;;;;;;;;
b_ermuehle_desc;Ermuehle;;;;;;;;;;;;;
b_clerbich;Clerbich;;;;;;;;;;;;;
b_clerbich_adj;Clerbich;;;;;;;;;;;;;
b_clerbich_desc;Clerbich;;;;;;;;;;;;;
b_lckels;Lckels;;;;;;;;;;;;;
b_lckels_adj;Lckels;;;;;;;;;;;;;
b_lckels_desc;Lckels;;;;;;;;;;;;;
b_oenert;Oenert;;;;;;;;;;;;;
b_oenert_adj;Oenert;;;;;;;;;;;;;
b_oenert_desc;Oenert;;;;;;;;;;;;;
b_wempert;Wempert;;;;;;;;;;;;;
b_wempert_adj;Wempert;;;;;;;;;;;;;
b_wempert_desc;Wempert;;;;;;;;;;;;;
b_linge;Linge;;;;;;;;;;;;;
b_linge_adj;Linge;;;;;;;;;;;;;
b_linge_desc;Linge;;;;;;;;;;;;;
b_hullinge;Hullinge;;;;;;;;;;;;;
b_hullinge_adj;Hullinge;;;;;;;;;;;;;
b_hullinge_desc;Hullinge;;;;;;;;;;;;;
b_boudel;Boudel;;;;;;;;;;;;;
b_boudel_adj;Boudel;;;;;;;;;;;;;
b_boudel_desc;Boudel;;;;;;;;;;;;;
b_delange;Delange;;;;;;;;;;;;;
b_delange_adj;Delange;;;;;;;;;;;;;
b_delange_desc;Delange;;;;;;;;;;;;;
b_biwell;Biwell;;;;;;;;;;;;;
b_biwell_adj;Biwell;;;;;;;;;;;;;
b_biwell_desc;Biwell;;;;;;;;;;;;;
b_krindhof;Krindhof;;;;;;;;;;;;;
b_krindhof_adj;Krindhof;;;;;;;;;;;;;
b_krindhof_desc;Krindhof;;;;;;;;;;;;;
b_hausel;Hausel;;;;;;;;;;;;;
b_hausel_adj;Hausel;;;;;;;;;;;;;
b_hausel_desc;Hausel;;;;;;;;;;;;;
b_bridhaff;Bridhaff;;;;;;;;;;;;;
b_bridhaff_adj;Bridhaff;;;;;;;;;;;;;
b_bridhaff_desc;Bridhaff;;;;;;;;;;;;;
b_troossen;Troossen;;;;;;;;;;;;;
b_troossen_adj;Troossen;;;;;;;;;;;;;
b_troossen_desc;Troossen;;;;;;;;;;;;;
b_nommheck;Nommheck;;;;;;;;;;;;;
b_nommheck_adj;Nommheck;;;;;;;;;;;;;
b_nommheck_desc;Nommheck;;;;;;;;;;;;;
b_laange;Laange;;;;;;;;;;;;;
b_laange_adj;Laange;;;;;;;;;;;;;
b_laange_desc;Laange;;;;;;;;;;;;;
b_ernach;Ernach;;;;;;;;;;;;;
b_ernach_adj;Ernach;;;;;;;;;;;;;
b_ernach_desc;Ernach;;;;;;;;;;;;;
b_wandel;Wandel;;;;;;;;;;;;;
b_wandel_adj;Wandel;;;;;;;;;;;;;
b_wandel_desc;Wandel;;;;;;;;;;;;;
b_hollig;Hollig;;;;;;;;;;;;;
b_hollig_adj;Hollig;;;;;;;;;;;;;
b_hollig_desc;Hollig;;;;;;;;;;;;;
b_niedern;Niedern;;;;;;;;;;;;;
b_niedern_adj;Niedern;;;;;;;;;;;;;
b_niedern_desc;Niedern;;;;;;;;;;;;;
b_gralien;Gralien;;;;;;;;;;;;;
b_gralien_adj;Gralien;;;;;;;;;;;;;
b_gralien_desc;Gralien;;;;;;;;;;;;;
b_vicheid;Vicheid;;;;;;;;;;;;;
b_vicheid_adj;Vicheid;;;;;;;;;;;;;
b_vicheid_desc;Vicheid;;;;;;;;;;;;;
b_koercorn;Koercorn;;;;;;;;;;;;;
b_koercorn_adj;Koercorn;;;;;;;;;;;;;
b_koercorn_desc;Koercorn;;;;;;;;;;;;;
b_goeschle;Goeschle;;;;;;;;;;;;;
b_goeschle_adj;Goeschle;;;;;;;;;;;;;
b_goeschle_desc;Goeschle;;;;;;;;;;;;;
b_daund;Daund;;;;;;;;;;;;;
b_daund_adj;Daund;;;;;;;;;;;;;
b_daund_desc;Daund;;;;;;;;;;;;;
b_openach;Openach;;;;;;;;;;;;;
b_openach_adj;Openach;;;;;;;;;;;;;
b_openach_desc;Openach;;;;;;;;;;;;;
b_housen;Housen;;;;;;;;;;;;;
b_housen_adj;Housen;;;;;;;;;;;;;
b_housen_desc;Housen;;;;;;;;;;;;;
b_goedt;Goedt;;;;;;;;;;;;;
b_goedt_adj;Goedt;;;;;;;;;;;;;
b_goedt_desc;Goedt;;;;;;;;;;;;;
b_leving;Leving;;;;;;;;;;;;;
b_leving_adj;Leving;;;;;;;;;;;;;
b_leving_desc;Leving;;;;;;;;;;;;;
b_edmore;Edmore;;;;;;;;;;;;;
b_edmore_adj;Edmore;;;;;;;;;;;;;
b_edmore_desc;Edmore;;;;;;;;;;;;;
b_foxend;Foxend;;;;;;;;;;;;;
b_foxend_adj;Foxend;;;;;;;;;;;;;
b_foxend_desc;Foxend;;;;;;;;;;;;;
b_windhaff;Windhaff;;;;;;;;;;;;;
b_windhaff_adj;Windhaff;;;;;;;;;;;;;
b_windhaff_desc;Windhaff;;;;;;;;;;;;;
b_imeschel;Imeschel;;;;;;;;;;;;;
b_imeschel_adj;Imeschel;;;;;;;;;;;;;
b_imeschel_desc;Imeschel;;;;;;;;;;;;;
b_behleine;Behleine;;;;;;;;;;;;;
b_behleine_adj;Behleine;;;;;;;;;;;;;
b_behleine_desc;Behleine;;;;;;;;;;;;;
b_huppich;Huppich;;;;;;;;;;;;;
b_huppich_adj;Huppich;;;;;;;;;;;;;
b_huppich_desc;Huppich;;;;;;;;;;;;;
b_univen;Univen;;;;;;;;;;;;;
b_univen_adj;Univen;;;;;;;;;;;;;
b_univen_desc;Univen;;;;;;;;;;;;;
b_fronn;Fronn;;;;;;;;;;;;;
b_fronn_adj;Fronn;;;;;;;;;;;;;
b_fronn_desc;Fronn;;;;;;;;;;;;;
b_heren;Heren;;;;;;;;;;;;;
b_heren_adj;Heren;;;;;;;;;;;;;
b_heren_desc;Heren;;;;;;;;;;;;;
b_ptanden;Ptanden;;;;;;;;;;;;;
b_ptanden_adj;Ptanden;;;;;;;;;;;;;
b_ptanden_desc;Ptanden;;;;;;;;;;;;;
b_koula;Koula;;;;;;;;;;;;;
b_koula_adj;Koula;;;;;;;;;;;;;
b_koula_desc;Koula;;;;;;;;;;;;;
b_metros;Metros;;;;;;;;;;;;;
b_metros_adj;Metros;;;;;;;;;;;;;
b_metros_desc;Metros;;;;;;;;;;;;;
b_anemori;Anemori;;;;;;;;;;;;;
b_anemori_adj;Anemori;;;;;;;;;;;;;
b_anemori_desc;Anemori;;;;;;;;;;;;;
b_biller;Biller;;;;;;;;;;;;;
b_biller_adj;Biller;;;;;;;;;;;;;
b_biller_desc;Biller;;;;;;;;;;;;;
b_kaassel;Kaassel;;;;;;;;;;;;;
b_kaassel_adj;Kaassel;;;;;;;;;;;;;
b_kaassel_desc;Kaassel;;;;;;;;;;;;;
b_bouch;Bouch;;;;;;;;;;;;;
b_bouch_adj;Bouch;;;;;;;;;;;;;
b_bouch_desc;Bouch;;;;;;;;;;;;;
b_belle;Belle;;;;;;;;;;;;;
b_belle_adj;Belle;;;;;;;;;;;;;
b_belle_desc;Belle;;;;;;;;;;;;;
b_loren;Loren;;;;;;;;;;;;;
b_loren_adj;Loren;;;;;;;;;;;;;
b_loren_desc;Loren;;;;;;;;;;;;;
b_cange;Cange;;;;;;;;;;;;;
b_cange_adj;Cange;;;;;;;;;;;;;
b_cange_desc;Cange;;;;;;;;;;;;;
b_kinsfelt;Kinsfelt;;;;;;;;;;;;;
b_kinsfelt_adj;Kinsfelt;;;;;;;;;;;;;
b_kinsfelt_desc;Kinsfelt;;;;;;;;;;;;;
b_agrion;Agrion;;;;;;;;;;;;;
b_agrion_adj;Agrion;;;;;;;;;;;;;
b_agrion_desc;Agrion;;;;;;;;;;;;;
b_lebes;Lebes;;;;;;;;;;;;;
b_lebes_adj;Lebes;;;;;;;;;;;;;
b_lebes_desc;Lebes;;;;;;;;;;;;;
b_marat;Marat;;;;;;;;;;;;;
b_marat_adj;Marat;;;;;;;;;;;;;
b_marat_desc;Marat;;;;;;;;;;;;;
b_kalou;Kalou;;;;;;;;;;;;;
b_kalou_adj;Kalou;;;;;;;;;;;;;
b_kalou_desc;Kalou;;;;;;;;;;;;;
b_kalaipoi;Kalaipoi;;;;;;;;;;;;;
b_kalaipoi_adj;Kalaipoi;;;;;;;;;;;;;
b_kalaipoi_desc;Kalaipoi;;;;;;;;;;;;;
b_krmidi;Krmidi;;;;;;;;;;;;;
b_krmidi_adj;Krmidi;;;;;;;;;;;;;
b_krmidi_desc;Krmidi;;;;;;;;;;;;;
b_milos;Milos;;;;;;;;;;;;;
b_milos_adj;Milos;;;;;;;;;;;;;
b_milos_desc;Milos;;;;;;;;;;;;;
b_falea;Falea;;;;;;;;;;;;;
b_falea_adj;Falea;;;;;;;;;;;;;
b_falea_desc;Falea;;;;;;;;;;;;;
b_deltz;Deltz;;;;;;;;;;;;;
b_deltz_adj;Deltz;;;;;;;;;;;;;
b_deltz_desc;Deltz;;;;;;;;;;;;;
b_marnich;Marnich;;;;;;;;;;;;;
b_marnich_adj;Marnich;;;;;;;;;;;;;
b_marnich_desc;Marnich;;;;;;;;;;;;;
b_koennes;Koennes;;;;;;;;;;;;;
b_koennes_adj;Koennes;;;;;;;;;;;;;
b_koennes_desc;Koennes;;;;;;;;;;;;;
b_findhof;Findhof;;;;;;;;;;;;;
b_findhof_adj;Findhof;;;;;;;;;;;;;
b_findhof_desc;Findhof;;;;;;;;;;;;;
b_finden;Finden;;;;;;;;;;;;;
b_finden_adj;Finden;;;;;;;;;;;;;
b_finden_desc;Finden;;;;;;;;;;;;;
b_obershof;Obershof;;;;;;;;;;;;;
b_obershof_adj;Obershof;;;;;;;;;;;;;
b_obershof_desc;Obershof;;;;;;;;;;;;;
b_weicht;Weicht;;;;;;;;;;;;;
b_weicht_adj;Weicht;;;;;;;;;;;;;
b_weicht_desc;Weicht;;;;;;;;;;;;;
b_beyrents;Beyrents;;;;;;;;;;;;;
b_beyrents_adj;Beyrents;;;;;;;;;;;;;
b_beyrents_desc;Beyrents;;;;;;;;;;;;;
b_allen;Allen;;;;;;;;;;;;;
b_allen_adj;Allen;;;;;;;;;;;;;
b_allen_desc;Allen;;;;;;;;;;;;;
b_watschle;Watschle;;;;;;;;;;;;;
b_watschle_adj;Watschle;;;;;;;;;;;;;
b_watschle_desc;Watschle;;;;;;;;;;;;;
b_meringe;Meringe;;;;;;;;;;;;;
b_meringe_adj;Meringe;;;;;;;;;;;;;
b_meringe_desc;Meringe;;;;;;;;;;;;;
b_eissen;Eissen;;;;;;;;;;;;;
b_eissen_adj;Eissen;;;;;;;;;;;;;
b_eissen_desc;Eissen;;;;;;;;;;;;;
b_bonnes;Bonnes;;;;;;;;;;;;;
b_bonnes_adj;Bonnes;;;;;;;;;;;;;
b_bonnes_desc;Bonnes;;;;;;;;;;;;;
b_fents;Fents;;;;;;;;;;;;;
b_fents_adj;Fents;;;;;;;;;;;;;
b_fents_desc;Fents;;;;;;;;;;;;;
b_lingen;Lingen;;;;;;;;;;;;;
b_lingen_adj;Lingen;;;;;;;;;;;;;
b_lingen_desc;Lingen;;;;;;;;;;;;;
b_muhle;Muhle;;;;;;;;;;;;;
b_muhle_adj;Muhle;;;;;;;;;;;;;
b_muhle_desc;Muhle;;;;;;;;;;;;;
b_oetsch;Oetsch;;;;;;;;;;;;;
b_oetsch_adj;Oetsch;;;;;;;;;;;;;
b_oetsch_desc;Oetsch;;;;;;;;;;;;;
b_hardt;Hardt;;;;;;;;;;;;;
b_hardt_adj;Hardt;;;;;;;;;;;;;
b_hardt_desc;Hardt;;;;;;;;;;;;;
b_opendorf;Opendorf;;;;;;;;;;;;;
b_opendorf_adj;Opendorf;;;;;;;;;;;;;
b_opendorf_desc;Opendorf;;;;;;;;;;;;;
b_ehler;Ehler;;;;;;;;;;;;;
b_ehler_adj;Ehler;;;;;;;;;;;;;
b_ehler_desc;Ehler;;;;;;;;;;;;;
b_leven;Leven;;;;;;;;;;;;;
b_leven_adj;Leven;;;;;;;;;;;;;
b_leven_desc;Leven;;;;;;;;;;;;;
b_weller;Weller;;;;;;;;;;;;;
b_weller_adj;Weller;;;;;;;;;;;;;
b_weller_desc;Weller;;;;;;;;;;;;;
b_betten;Betten;;;;;;;;;;;;;
b_betten_adj;Betten;;;;;;;;;;;;;
b_betten_desc;Betten;;;;;;;;;;;;;
b_koennen;Koennen;;;;;;;;;;;;;
b_koennen_adj;Koennen;;;;;;;;;;;;;
b_koennen_desc;Koennen;;;;;;;;;;;;;
b_welange;Welange;;;;;;;;;;;;;
b_welange_adj;Welange;;;;;;;;;;;;;
b_welange_desc;Welange;;;;;;;;;;;;;
b_marbaach;Marbaach;;;;;;;;;;;;;
b_marbaach_adj;Marbaach;;;;;;;;;;;;;
b_marbaach_desc;Marbaach;;;;;;;;;;;;;
b_helborn;Helborn;;;;;;;;;;;;;
b_helborn_adj;Helborn;;;;;;;;;;;;;
b_helborn_desc;Helborn;;;;;;;;;;;;;
b_doenfelt;Doenfelt;;;;;;;;;;;;;
b_doenfelt_adj;Doenfelt;;;;;;;;;;;;;
b_doenfelt_desc;Doenfelt;;;;;;;;;;;;;
b_woulange;Woulange;;;;;;;;;;;;;
b_woulange_adj;Woulange;;;;;;;;;;;;;
b_woulange_desc;Woulange;;;;;;;;;;;;;
b_rambous;Rambous;;;;;;;;;;;;;
b_rambous_adj;Rambous;;;;;;;;;;;;;
b_rambous_desc;Rambous;;;;;;;;;;;;;
b_goedgen;Goedgen;;;;;;;;;;;;;
b_goedgen_adj;Goedgen;;;;;;;;;;;;;
b_goedgen_desc;Goedgen;;;;;;;;;;;;;
b_eschle;Eschle;;;;;;;;;;;;;
b_eschle_adj;Eschle;;;;;;;;;;;;;
b_eschle_desc;Eschle;;;;;;;;;;;;;
b_ermill;Ermill;;;;;;;;;;;;;
b_ermill_adj;Ermill;;;;;;;;;;;;;
b_ermill_desc;Ermill;;;;;;;;;;;;;
b_copleton;Copleton;;;;;;;;;;;;;
b_copleton_adj;Copleton;;;;;;;;;;;;;
b_copleton_desc;Copleton;;;;;;;;;;;;;
b_chareham;Chareham;;;;;;;;;;;;;
b_chareham_adj;Chareham;;;;;;;;;;;;;
b_chareham_desc;Chareham;;;;;;;;;;;;;
b_greynton;Greynton;;;;;;;;;;;;;
b_greynton_adj;Greynton;;;;;;;;;;;;;
b_greynton_desc;Greynton;;;;;;;;;;;;;
b_howerby;Howerby;;;;;;;;;;;;;
b_howerby_adj;Howerby;;;;;;;;;;;;;
b_howerby_desc;Howerby;;;;;;;;;;;;;
b_hartin;Hartin;;;;;;;;;;;;;
b_hartin_adj;Hartin;;;;;;;;;;;;;
b_hartin_desc;Hartin;;;;;;;;;;;;;
b_killoch;Killoch;;;;;;;;;;;;;
b_killoch_adj;Killoch;;;;;;;;;;;;;
b_killoch_desc;Killoch;;;;;;;;;;;;;
b_bells;Bells;;;;;;;;;;;;;
b_bells_adj;Bells;;;;;;;;;;;;;
b_bells_desc;Bells;;;;;;;;;;;;;
b_chington;Chington;;;;;;;;;;;;;
b_chington_adj;Chington;;;;;;;;;;;;;
b_chington_desc;Chington;;;;;;;;;;;;;
b_trell;Trell;;;;;;;;;;;;;
b_trell_adj;Trell;;;;;;;;;;;;;
b_trell_desc;Trell;;;;;;;;;;;;;
b_airon;Airon;;;;;;;;;;;;;
b_airon_adj;Airon;;;;;;;;;;;;;
b_airon_desc;Airon;;;;;;;;;;;;;
b_amwood;Amwood;;;;;;;;;;;;;
b_amwood_adj;Amwood;;;;;;;;;;;;;
b_amwood_desc;Amwood;;;;;;;;;;;;;
b_garvill;Garvill;;;;;;;;;;;;;
b_garvill_adj;Garvill;;;;;;;;;;;;;
b_garvill_desc;Garvill;;;;;;;;;;;;;
b_wadley;Wadley;;;;;;;;;;;;;
b_wadley_adj;Wadley;;;;;;;;;;;;;
b_wadley_desc;Wadley;;;;;;;;;;;;;
b_barshaw;Barshaw;;;;;;;;;;;;;
b_barshaw_adj;Barshaw;;;;;;;;;;;;;
b_barshaw_desc;Barshaw;;;;;;;;;;;;;
b_brunhill;Brunhill;;;;;;;;;;;;;
b_brunhill_adj;Brunhill;;;;;;;;;;;;;
b_brunhill_desc;Brunhill;;;;;;;;;;;;;
b_ashmoore;Ashmoore;;;;;;;;;;;;;
b_ashmoore_adj;Ashmoore;;;;;;;;;;;;;
b_ashmoore_desc;Ashmoore;;;;;;;;;;;;;
b_carley;Carley;;;;;;;;;;;;;
b_carley_adj;Carley;;;;;;;;;;;;;
b_carley_desc;Carley;;;;;;;;;;;;;
b_crimbley;Crimbley;;;;;;;;;;;;;
b_crimbley_adj;Crimbley;;;;;;;;;;;;;
b_crimbley_desc;Crimbley;;;;;;;;;;;;;
b_balder;Balder;;;;;;;;;;;;;
b_balder_adj;Balder;;;;;;;;;;;;;
b_balder_desc;Balder;;;;;;;;;;;;;
b_loxtone;Loxtone;;;;;;;;;;;;;
b_loxtone_adj;Loxtone;;;;;;;;;;;;;
b_loxtone_desc;Loxtone;;;;;;;;;;;;;
b_keitz;Keitz;;;;;;;;;;;;;
b_keitz_adj;Keitz;;;;;;;;;;;;;
b_keitz_desc;Keitz;;;;;;;;;;;;;
b_oberweg;Oberweg;;;;;;;;;;;;;
b_oberweg_adj;Oberweg;;;;;;;;;;;;;
b_oberweg_desc;Oberweg;;;;;;;;;;;;;
b_oberger;Oberger;;;;;;;;;;;;;
b_oberger_adj;Oberger;;;;;;;;;;;;;
b_oberger_desc;Oberger;;;;;;;;;;;;;
b_brnstal;Brnstal;;;;;;;;;;;;;
b_brnstal_adj;Brnstal;;;;;;;;;;;;;
b_brnstal_desc;Brnstal;;;;;;;;;;;;;
b_hinzenau;Hinzenau;;;;;;;;;;;;;
b_hinzenau_adj;Hinzenau;;;;;;;;;;;;;
b_hinzenau_desc;Hinzenau;;;;;;;;;;;;;
b_caldon;Caldon;;;;;;;;;;;;;
b_caldon_adj;Caldon;;;;;;;;;;;;;
b_caldon_desc;Caldon;;;;;;;;;;;;;
b_kirbury;Kirbury;;;;;;;;;;;;;
b_kirbury_adj;Kirbury;;;;;;;;;;;;;
b_kirbury_desc;Kirbury;;;;;;;;;;;;;
b_gasdale;Gasdale;;;;;;;;;;;;;
b_gasdale_adj;Gasdale;;;;;;;;;;;;;
b_gasdale_desc;Gasdale;;;;;;;;;;;;;
b_botcote;Botcote;;;;;;;;;;;;;
b_botcote_adj;Botcote;;;;;;;;;;;;;
b_botcote_desc;Botcote;;;;;;;;;;;;;
b_nutton;Nutton;;;;;;;;;;;;;
b_nutton_adj;Nutton;;;;;;;;;;;;;
b_nutton_desc;Nutton;;;;;;;;;;;;;
b_cabridge;Cabridge;;;;;;;;;;;;;
b_cabridge_adj;Cabridge;;;;;;;;;;;;;
b_cabridge_desc;Cabridge;;;;;;;;;;;;;
b_balme;Balme;;;;;;;;;;;;;
b_balme_adj;Balme;;;;;;;;;;;;;
b_balme_desc;Balme;;;;;;;;;;;;;
b_treet;Treet;;;;;;;;;;;;;
b_treet_adj;Treet;;;;;;;;;;;;;
b_treet_desc;Treet;;;;;;;;;;;;;
b_townham;Townham;;;;;;;;;;;;;
b_townham_adj;Townham;;;;;;;;;;;;;
b_townham_desc;Townham;;;;;;;;;;;;;
b_tiley;Tiley;;;;;;;;;;;;;
b_tiley_adj;Tiley;;;;;;;;;;;;;
b_tiley_desc;Tiley;;;;;;;;;;;;;
b_barburg;Barburg;;;;;;;;;;;;;
b_barburg_adj;Barburg;;;;;;;;;;;;;
b_barburg_desc;Barburg;;;;;;;;;;;;;
b_wallich;Wallich;;;;;;;;;;;;;
b_wallich_adj;Wallich;;;;;;;;;;;;;
b_wallich_desc;Wallich;;;;;;;;;;;;;
b_hurstone;Hurstone;;;;;;;;;;;;;
b_hurstone_adj;Hurstone;;;;;;;;;;;;;
b_hurstone_desc;Hurstone;;;;;;;;;;;;;
b_harebank;Harebank;;;;;;;;;;;;;
b_harebank_adj;Harebank;;;;;;;;;;;;;
b_harebank_desc;Harebank;;;;;;;;;;;;;
b_claton;Claton;;;;;;;;;;;;;
b_claton_adj;Claton;;;;;;;;;;;;;
b_claton_desc;Claton;;;;;;;;;;;;;
b_ancote;Ancote;;;;;;;;;;;;;
b_ancote_adj;Ancote;;;;;;;;;;;;;
b_ancote_desc;Ancote;;;;;;;;;;;;;
b_pring;Pring;;;;;;;;;;;;;
b_pring_adj;Pring;;;;;;;;;;;;;
b_pring_desc;Pring;;;;;;;;;;;;;
b_steadal;Steadal;;;;;;;;;;;;;
b_steadal_adj;Steadal;;;;;;;;;;;;;
b_steadal_desc;Steadal;;;;;;;;;;;;;
b_galderby;Galderby;;;;;;;;;;;;;
b_galderby_adj;Galderby;;;;;;;;;;;;;
b_galderby_desc;Galderby;;;;;;;;;;;;;
b_heyston;Heyston;;;;;;;;;;;;;
b_heyston_adj;Heyston;;;;;;;;;;;;;
b_heyston_desc;Heyston;;;;;;;;;;;;;
b_scote;Scote;;;;;;;;;;;;;
b_scote_adj;Scote;;;;;;;;;;;;;
b_scote_desc;Scote;;;;;;;;;;;;;
b_cherwood;Cherwood;;;;;;;;;;;;;
b_cherwood_adj;Cherwood;;;;;;;;;;;;;
b_cherwood_desc;Cherwood;;;;;;;;;;;;;
b_treglin;Treglin;;;;;;;;;;;;;
b_treglin_adj;Treglin;;;;;;;;;;;;;
b_treglin_desc;Treglin;;;;;;;;;;;;;
b_soula;Soula;;;;;;;;;;;;;
b_soula_adj;Soula;;;;;;;;;;;;;
b_soula_desc;Soula;;;;;;;;;;;;;
b_outhdale;Outhdale;;;;;;;;;;;;;
b_outhdale_adj;Outhdale;;;;;;;;;;;;;
b_outhdale_desc;Outhdale;;;;;;;;;;;;;
b_dunby;Dunby;;;;;;;;;;;;;
b_dunby_adj;Dunby;;;;;;;;;;;;;
b_dunby_desc;Dunby;;;;;;;;;;;;;
b_parksey;Parksey;;;;;;;;;;;;;
b_parksey_adj;Parksey;;;;;;;;;;;;;
b_parksey_desc;Parksey;;;;;;;;;;;;;
b_brick;Brick;;;;;;;;;;;;;
b_brick_adj;Brick;;;;;;;;;;;;;
b_brick_desc;Brick;;;;;;;;;;;;;
b_stick;Stick;;;;;;;;;;;;;
b_stick_adj;Stick;;;;;;;;;;;;;
b_stick_desc;Stick;;;;;;;;;;;;;
b_burnter;Burnter;;;;;;;;;;;;;
b_burnter_adj;Burnter;;;;;;;;;;;;;
b_burnter_desc;Burnter;;;;;;;;;;;;;
b_lardon;Lardon;;;;;;;;;;;;;
b_lardon_adj;Lardon;;;;;;;;;;;;;
b_lardon_desc;Lardon;;;;;;;;;;;;;
b_bally;Bally;;;;;;;;;;;;;
b_bally_adj;Bally;;;;;;;;;;;;;
b_bally_desc;Bally;;;;;;;;;;;;;
b_lands;Lands;;;;;;;;;;;;;
b_lands_adj;Lands;;;;;;;;;;;;;
b_lands_desc;Lands;;;;;;;;;;;;;
b_harroyd;Harroyd;;;;;;;;;;;;;
b_harroyd_adj;Harroyd;;;;;;;;;;;;;
b_harroyd_desc;Harroyd;;;;;;;;;;;;;
b_crummer;Crummer;;;;;;;;;;;;;
b_crummer_adj;Crummer;;;;;;;;;;;;;
b_crummer_desc;Crummer;;;;;;;;;;;;;
b_miert;Miert;;;;;;;;;;;;;
b_miert_adj;Miert;;;;;;;;;;;;;
b_miert_desc;Miert;;;;;;;;;;;;;
b_schuur;Schuur;;;;;;;;;;;;;
b_schuur_adj;Schuur;;;;;;;;;;;;;
b_schuur_desc;Schuur;;;;;;;;;;;;;
b_noard;Noard;;;;;;;;;;;;;
b_noard_adj;Noard;;;;;;;;;;;;;
b_noard_desc;Noard;;;;;;;;;;;;;
b_oosbeek;Oosbeek;;;;;;;;;;;;;
b_oosbeek_adj;Oosbeek;;;;;;;;;;;;;
b_oosbeek_desc;Oosbeek;;;;;;;;;;;;;
b_bightone;Bightone;;;;;;;;;;;;;
b_bightone_adj;Bightone;;;;;;;;;;;;;
b_bightone_desc;Bightone;;;;;;;;;;;;;
b_henhall;Henhall;;;;;;;;;;;;;
b_henhall_adj;Henhall;;;;;;;;;;;;;
b_henhall_desc;Henhall;;;;;;;;;;;;;
b_crain;Crain;;;;;;;;;;;;;
b_crain_adj;Crain;;;;;;;;;;;;;
b_crain_desc;Crain;;;;;;;;;;;;;
b_hassbury;Hassbury;;;;;;;;;;;;;
b_hassbury_adj;Hassbury;;;;;;;;;;;;;
b_hassbury_desc;Hassbury;;;;;;;;;;;;;
b_coxshorn;Coxshorn;;;;;;;;;;;;;
b_coxshorn_adj;Coxshorn;;;;;;;;;;;;;
b_coxshorn_desc;Coxshorn;;;;;;;;;;;;;
b_surford;Surford;;;;;;;;;;;;;
b_surford_adj;Surford;;;;;;;;;;;;;
b_surford_desc;Surford;;;;;;;;;;;;;
b_oldtwick;Oldtwick;;;;;;;;;;;;;
b_oldtwick_adj;Oldtwick;;;;;;;;;;;;;
b_oldtwick_desc;Oldtwick;;;;;;;;;;;;;
b_rumby;Rumby;;;;;;;;;;;;;
b_rumby_adj;Rumby;;;;;;;;;;;;;
b_rumby_desc;Rumby;;;;;;;;;;;;;
b_warkham;Warkham;;;;;;;;;;;;;
b_warkham_adj;Warkham;;;;;;;;;;;;;
b_warkham_desc;Warkham;;;;;;;;;;;;;
b_stage;Stage;;;;;;;;;;;;;
b_stage_adj;Stage;;;;;;;;;;;;;
b_stage_desc;Stage;;;;;;;;;;;;;
b_girley;Girley;;;;;;;;;;;;;
b_girley_adj;Girley;;;;;;;;;;;;;
b_girley_desc;Girley;;;;;;;;;;;;;
b_penhouse;Penhouse;;;;;;;;;;;;;
b_penhouse_adj;Penhouse;;;;;;;;;;;;;
b_penhouse_desc;Penhouse;;;;;;;;;;;;;
b_fleden;Fleden;;;;;;;;;;;;;
b_fleden_adj;Fleden;;;;;;;;;;;;;
b_fleden_desc;Fleden;;;;;;;;;;;;;
b_ireckley;Ireckley;;;;;;;;;;;;;
b_ireckley_adj;Ireckley;;;;;;;;;;;;;
b_ireckley_desc;Ireckley;;;;;;;;;;;;;
b_hasford;Hasford;;;;;;;;;;;;;
b_hasford_adj;Hasford;;;;;;;;;;;;;
b_hasford_desc;Hasford;;;;;;;;;;;;;
b_cowpark;Cowpark;;;;;;;;;;;;;
b_cowpark_adj;Cowpark;;;;;;;;;;;;;
b_cowpark_desc;Cowpark;;;;;;;;;;;;;
b_doven;Doven;;;;;;;;;;;;;
b_doven_adj;Doven;;;;;;;;;;;;;
b_doven_desc;Doven;;;;;;;;;;;;;
b_hillhope;Hillhope;;;;;;;;;;;;;
b_hillhope_adj;Hillhope;;;;;;;;;;;;;
b_hillhope_desc;Hillhope;;;;;;;;;;;;;
b_ibsey;Ibsey;;;;;;;;;;;;;
b_ibsey_adj;Ibsey;;;;;;;;;;;;;
b_ibsey_desc;Ibsey;;;;;;;;;;;;;
b_ledge;Ledge;;;;;;;;;;;;;
b_ledge_adj;Ledge;;;;;;;;;;;;;
b_ledge_desc;Ledge;;;;;;;;;;;;;
b_comberry;Comberry;;;;;;;;;;;;;
b_comberry_adj;Comberry;;;;;;;;;;;;;
b_comberry_desc;Comberry;;;;;;;;;;;;;
b_gorth;Gorth;;;;;;;;;;;;;
b_gorth_adj;Gorth;;;;;;;;;;;;;
b_gorth_desc;Gorth;;;;;;;;;;;;;
b_wadstown;Wadstown;;;;;;;;;;;;;
b_wadstown_adj;Wadstown;;;;;;;;;;;;;
b_wadstown_desc;Wadstown;;;;;;;;;;;;;
b_ington;Ington;;;;;;;;;;;;;
b_ington_adj;Ington;;;;;;;;;;;;;
b_ington_desc;Ington;;;;;;;;;;;;;
b_chill;Chill;;;;;;;;;;;;;
b_chill_adj;Chill;;;;;;;;;;;;;
b_chill_desc;Chill;;;;;;;;;;;;;
b_affirton;Affirton;;;;;;;;;;;;;
b_affirton_adj;Affirton;;;;;;;;;;;;;
b_affirton_desc;Affirton;;;;;;;;;;;;;
b_knodhill;Knodhill;;;;;;;;;;;;;
b_knodhill_adj;Knodhill;;;;;;;;;;;;;
b_knodhill_desc;Knodhill;;;;;;;;;;;;;
b_trush;Trush;;;;;;;;;;;;;
b_trush_adj;Trush;;;;;;;;;;;;;
b_trush_desc;Trush;;;;;;;;;;;;;
b_pentbury;Pentbury;;;;;;;;;;;;;
b_pentbury_adj;Pentbury;;;;;;;;;;;;;
b_pentbury_desc;Pentbury;;;;;;;;;;;;;
b_winghay;Winghay;;;;;;;;;;;;;
b_winghay_adj;Winghay;;;;;;;;;;;;;
b_winghay_desc;Winghay;;;;;;;;;;;;;
b_codmark;Codmark;;;;;;;;;;;;;
b_codmark_adj;Codmark;;;;;;;;;;;;;
b_codmark_desc;Codmark;;;;;;;;;;;;;
b_dington;Dington;;;;;;;;;;;;;
b_dington_adj;Dington;;;;;;;;;;;;;
b_dington_desc;Dington;;;;;;;;;;;;;
b_gravon;Gravon;;;;;;;;;;;;;
b_gravon_adj;Gravon;;;;;;;;;;;;;
b_gravon_desc;Gravon;;;;;;;;;;;;;
b_hurston;Hurston;;;;;;;;;;;;;
b_hurston_adj;Hurston;;;;;;;;;;;;;
b_hurston_desc;Hurston;;;;;;;;;;;;;
b_felby;Felby;;;;;;;;;;;;;
b_felby_adj;Felby;;;;;;;;;;;;;
b_felby_desc;Felby;;;;;;;;;;;;;
b_shalloch;Shalloch;;;;;;;;;;;;;
b_shalloch_adj;Shalloch;;;;;;;;;;;;;
b_shalloch_desc;Shalloch;;;;;;;;;;;;;
b_waitford;Waitford;;;;;;;;;;;;;
b_waitford_adj;Waitford;;;;;;;;;;;;;
b_waitford_desc;Waitford;;;;;;;;;;;;;
b_footry;Footry;;;;;;;;;;;;;
b_footry_adj;Footry;;;;;;;;;;;;;
b_footry_desc;Footry;;;;;;;;;;;;;
b_garmby;Garmby;;;;;;;;;;;;;
b_garmby_adj;Garmby;;;;;;;;;;;;;
b_garmby_desc;Garmby;;;;;;;;;;;;;
b_sappley;Sappley;;;;;;;;;;;;;
b_sappley_adj;Sappley;;;;;;;;;;;;;
b_sappley_desc;Sappley;;;;;;;;;;;;;
b_etchcott;Etchcott;;;;;;;;;;;;;
b_etchcott_adj;Etchcott;;;;;;;;;;;;;
b_etchcott_desc;Etchcott;;;;;;;;;;;;;
b_igham;Igham;;;;;;;;;;;;;
b_igham_adj;Igham;;;;;;;;;;;;;
b_igham_desc;Igham;;;;;;;;;;;;;
b_devon;Devon;;;;;;;;;;;;;
b_devon_adj;Devon;;;;;;;;;;;;;
b_devon_desc;Devon;;;;;;;;;;;;;
b_ellywood;Ellywood;;;;;;;;;;;;;
b_ellywood_adj;Ellywood;;;;;;;;;;;;;
b_ellywood_desc;Ellywood;;;;;;;;;;;;;
b_thurley;Thurley;;;;;;;;;;;;;
b_thurley_adj;Thurley;;;;;;;;;;;;;
b_thurley_desc;Thurley;;;;;;;;;;;;;
b_osborry;Osborry;;;;;;;;;;;;;
b_osborry_adj;Osborry;;;;;;;;;;;;;
b_osborry_desc;Osborry;;;;;;;;;;;;;
b_mapes;Mapes;;;;;;;;;;;;;
b_mapes_adj;Mapes;;;;;;;;;;;;;
b_mapes_desc;Mapes;;;;;;;;;;;;;
b_chick;Chick;;;;;;;;;;;;;
b_chick_adj;Chick;;;;;;;;;;;;;
b_chick_desc;Chick;;;;;;;;;;;;;
b_spington;Spington;;;;;;;;;;;;;
b_spington_adj;Spington;;;;;;;;;;;;;
b_spington_desc;Spington;;;;;;;;;;;;;
b_maperley;Maperley;;;;;;;;;;;;;
b_maperley_adj;Maperley;;;;;;;;;;;;;
b_maperley_desc;Maperley;;;;;;;;;;;;;
b_rodby;Rodby;;;;;;;;;;;;;
b_rodby_adj;Rodby;;;;;;;;;;;;;
b_rodby_desc;Rodby;;;;;;;;;;;;;
b_matcombe;Matcombe;;;;;;;;;;;;;
b_matcombe_adj;Matcombe;;;;;;;;;;;;;
b_matcombe_desc;Matcombe;;;;;;;;;;;;;
b_rodbury;Rodbury;;;;;;;;;;;;;
b_rodbury_adj;Rodbury;;;;;;;;;;;;;
b_rodbury_desc;Rodbury;;;;;;;;;;;;;
b_beaton;Beaton;;;;;;;;;;;;;
b_beaton_adj;Beaton;;;;;;;;;;;;;
b_beaton_desc;Beaton;;;;;;;;;;;;;
b_rammoor;Rammoor;;;;;;;;;;;;;
b_rammoor_adj;Rammoor;;;;;;;;;;;;;
b_rammoor_desc;Rammoor;;;;;;;;;;;;;
b_lapton;Lapton;;;;;;;;;;;;;
b_lapton_adj;Lapton;;;;;;;;;;;;;
b_lapton_desc;Lapton;;;;;;;;;;;;;
b_kiltown;Kiltown;;;;;;;;;;;;;
b_kiltown_adj;Kiltown;;;;;;;;;;;;;
b_kiltown_desc;Kiltown;;;;;;;;;;;;;
b_launden;Launden;;;;;;;;;;;;;
b_launden_adj;Launden;;;;;;;;;;;;;
b_launden_desc;Launden;;;;;;;;;;;;;
b_dodden;Dodden;;;;;;;;;;;;;
b_dodden_adj;Dodden;;;;;;;;;;;;;
b_dodden_desc;Dodden;;;;;;;;;;;;;
b_pittley;Pittley;;;;;;;;;;;;;
b_pittley_adj;Pittley;;;;;;;;;;;;;
b_pittley_desc;Pittley;;;;;;;;;;;;;
b_fromham;Fromham;;;;;;;;;;;;;
b_fromham_adj;Fromham;;;;;;;;;;;;;
b_fromham_desc;Fromham;;;;;;;;;;;;;
b_attendon;Attendon;;;;;;;;;;;;;
b_attendon_adj;Attendon;;;;;;;;;;;;;
b_attendon_desc;Attendon;;;;;;;;;;;;;
b_poncombe;Poncombe;;;;;;;;;;;;;
b_poncombe_adj;Poncombe;;;;;;;;;;;;;
b_poncombe_desc;Poncombe;;;;;;;;;;;;;
b_skington;Skington;;;;;;;;;;;;;
b_skington_adj;Skington;;;;;;;;;;;;;
b_skington_desc;Skington;;;;;;;;;;;;;
b_oxley;Oxley;;;;;;;;;;;;;
b_oxley_adj;Oxley;;;;;;;;;;;;;
b_oxley_desc;Oxley;;;;;;;;;;;;;
b_churston;Churston;;;;;;;;;;;;;
b_churston_adj;Churston;;;;;;;;;;;;;
b_churston_desc;Churston;;;;;;;;;;;;;
b_willy;Willy;;;;;;;;;;;;;
b_willy_adj;Willy;;;;;;;;;;;;;
b_willy_desc;Willy;;;;;;;;;;;;;
b_perfield;Perfield;;;;;;;;;;;;;
b_perfield_adj;Perfield;;;;;;;;;;;;;
b_perfield_desc;Perfield;;;;;;;;;;;;;
b_monthel;Monthel;;;;;;;;;;;;;
b_monthel_adj;Monthel;;;;;;;;;;;;;
b_monthel_desc;Monthel;;;;;;;;;;;;;
b_cormain;Cormain;;;;;;;;;;;;;
b_cormain_adj;Cormain;;;;;;;;;;;;;
b_cormain_desc;Cormain;;;;;;;;;;;;;
b_laignes;Laignes;;;;;;;;;;;;;
b_laignes_adj;Laignes;;;;;;;;;;;;;
b_laignes_desc;Laignes;;;;;;;;;;;;;
b_cirey;Cirey;;;;;;;;;;;;;
b_cirey_adj;Cirey;;;;;;;;;;;;;
b_cirey_desc;Cirey;;;;;;;;;;;;;
b_arconce;Arconce;;;;;;;;;;;;;
b_arconce_adj;Arconce;;;;;;;;;;;;;
b_arconce_desc;Arconce;;;;;;;;;;;;;
b_moloy;Moloy;;;;;;;;;;;;;
b_moloy_adj;Moloy;;;;;;;;;;;;;
b_moloy_desc;Moloy;;;;;;;;;;;;;
b_torcy;Torcy;;;;;;;;;;;;;
b_torcy_adj;Torcy;;;;;;;;;;;;;
b_torcy_desc;Torcy;;;;;;;;;;;;;
b_curtil;Curtil;;;;;;;;;;;;;
b_curtil_adj;Curtil;;;;;;;;;;;;;
b_curtil_desc;Curtil;;;;;;;;;;;;;
b_beurney;Beurney;;;;;;;;;;;;;
b_beurney_adj;Beurney;;;;;;;;;;;;;
b_beurney_desc;Beurney;;;;;;;;;;;;;
b_chissey;Chissey;;;;;;;;;;;;;
b_chissey_adj;Chissey;;;;;;;;;;;;;
b_chissey_desc;Chissey;;;;;;;;;;;;;
b_clamey;Clamey;;;;;;;;;;;;;
b_clamey_adj;Clamey;;;;;;;;;;;;;
b_clamey_desc;Clamey;;;;;;;;;;;;;
b_chazay;Chazay;;;;;;;;;;;;;
b_chazay_adj;Chazay;;;;;;;;;;;;;
b_chazay_desc;Chazay;;;;;;;;;;;;;
b_vesvre;Vesvre;;;;;;;;;;;;;
b_vesvre_adj;Vesvre;;;;;;;;;;;;;
b_vesvre_desc;Vesvre;;;;;;;;;;;;;
b_cussy;Cussy;;;;;;;;;;;;;
b_cussy_adj;Cussy;;;;;;;;;;;;;
b_cussy_desc;Cussy;;;;;;;;;;;;;
b_perrigny;Perrigny;;;;;;;;;;;;;
b_perrigny_adj;Perrigny;;;;;;;;;;;;;
b_perrigny_desc;Perrigny;;;;;;;;;;;;;
b_chenault;Chenault;;;;;;;;;;;;;
b_chenault_adj;Chenault;;;;;;;;;;;;;
b_chenault_desc;Chenault;;;;;;;;;;;;;
b_saisy;Saisy;;;;;;;;;;;;;
b_saisy_adj;Saisy;;;;;;;;;;;;;
b_saisy_desc;Saisy;;;;;;;;;;;;;
b_massingy;Massingy;;;;;;;;;;;;;
b_massingy_adj;Massingy;;;;;;;;;;;;;
b_massingy_desc;Massingy;;;;;;;;;;;;;
b_meursel;Meursel;;;;;;;;;;;;;
b_meursel_adj;Meursel;;;;;;;;;;;;;
b_meursel_desc;Meursel;;;;;;;;;;;;;
b_charency;Charency;;;;;;;;;;;;;
b_charency_adj;Charency;;;;;;;;;;;;;
b_charency_desc;Charency;;;;;;;;;;;;;
b_varennes;Varennes;;;;;;;;;;;;;
b_varennes_adj;Varennes;;;;;;;;;;;;;
b_varennes_desc;Varennes;;;;;;;;;;;;;
b_flacey;Flacey;;;;;;;;;;;;;
b_flacey_adj;Flacey;;;;;;;;;;;;;
b_flacey_desc;Flacey;;;;;;;;;;;;;
b_epoisses;Epoisses;;;;;;;;;;;;;
b_epoisses_adj;Epoisses;;;;;;;;;;;;;
b_epoisses_desc;Epoisses;;;;;;;;;;;;;
b_rullyon;Rullyon;;;;;;;;;;;;;
b_rullyon_adj;Rullyon;;;;;;;;;;;;;
b_rullyon_desc;Rullyon;;;;;;;;;;;;;
b_breteny;Breteny;;;;;;;;;;;;;
b_breteny_adj;Breteny;;;;;;;;;;;;;
b_breteny_desc;Breteny;;;;;;;;;;;;;
b_montper;Montper;;;;;;;;;;;;;
b_montper_adj;Montper;;;;;;;;;;;;;
b_montper_desc;Montper;;;;;;;;;;;;;
b_lormes;Lormes;;;;;;;;;;;;;
b_lormes_adj;Lormes;;;;;;;;;;;;;
b_lormes_desc;Lormes;;;;;;;;;;;;;
b_sermoy;Sermoy;;;;;;;;;;;;;
b_sermoy_adj;Sermoy;;;;;;;;;;;;;
b_sermoy_desc;Sermoy;;;;;;;;;;;;;
b_dracey;Dracey;;;;;;;;;;;;;
b_dracey_adj;Dracey;;;;;;;;;;;;;
b_dracey_desc;Dracey;;;;;;;;;;;;;
b_talanty;Talanty;;;;;;;;;;;;;
b_talanty_adj;Talanty;;;;;;;;;;;;;
b_talanty_desc;Talanty;;;;;;;;;;;;;
b_trevaux;Trevaux;;;;;;;;;;;;;
b_trevaux_adj;Trevaux;;;;;;;;;;;;;
b_trevaux_desc;Trevaux;;;;;;;;;;;;;
b_vandenay;Vandenay;;;;;;;;;;;;;
b_vandenay_adj;Vandenay;;;;;;;;;;;;;
b_vandenay_desc;Vandenay;;;;;;;;;;;;;
b_foxhorne;Foxhorne;;;;;;;;;;;;;
b_foxhorne_adj;Foxhorne;;;;;;;;;;;;;
b_foxhorne_desc;Foxhorne;;;;;;;;;;;;;
b_spridge;Spridge;;;;;;;;;;;;;
b_spridge_adj;Spridge;;;;;;;;;;;;;
b_spridge_desc;Spridge;;;;;;;;;;;;;
b_speeby;Speeby;;;;;;;;;;;;;
b_speeby_adj;Speeby;;;;;;;;;;;;;
b_speeby_desc;Speeby;;;;;;;;;;;;;
b_venston;Venston;;;;;;;;;;;;;
b_venston_adj;Venston;;;;;;;;;;;;;
b_venston_desc;Venston;;;;;;;;;;;;;
b_kingcote;Kingcote;;;;;;;;;;;;;
b_kingcote_adj;Kingcote;;;;;;;;;;;;;
b_kingcote_desc;Kingcote;;;;;;;;;;;;;
b_newdon;Newdon;;;;;;;;;;;;;
b_newdon_adj;Newdon;;;;;;;;;;;;;
b_newdon_desc;Newdon;;;;;;;;;;;;;
b_bebster;Bebster;;;;;;;;;;;;;
b_bebster_adj;Bebster;;;;;;;;;;;;;
b_bebster_desc;Bebster;;;;;;;;;;;;;
b_lough;Lough;;;;;;;;;;;;;
b_lough_adj;Lough;;;;;;;;;;;;;
b_lough_desc;Lough;;;;;;;;;;;;;
b_lindwick;Lindwick;;;;;;;;;;;;;
b_lindwick_adj;Lindwick;;;;;;;;;;;;;
b_lindwick_desc;Lindwick;;;;;;;;;;;;;
b_bellish;Bellish;;;;;;;;;;;;;
b_bellish_adj;Bellish;;;;;;;;;;;;;
b_bellish_desc;Bellish;;;;;;;;;;;;;
b_evill;Evill;;;;;;;;;;;;;
b_evill_adj;Evill;;;;;;;;;;;;;
b_evill_desc;Evill;;;;;;;;;;;;;
b_wyvill;Wyvill;;;;;;;;;;;;;
b_wyvill_adj;Wyvill;;;;;;;;;;;;;
b_wyvill_desc;Wyvill;;;;;;;;;;;;;
b_graich;Graich;;;;;;;;;;;;;
b_graich_adj;Graich;;;;;;;;;;;;;
b_graich_desc;Graich;;;;;;;;;;;;;
b_faest;Faest;;;;;;;;;;;;;
b_faest_adj;Faest;;;;;;;;;;;;;
b_faest_desc;Faest;;;;;;;;;;;;;
b_abbin;Abbin;;;;;;;;;;;;;
b_abbin_adj;Abbin;;;;;;;;;;;;;
b_abbin_desc;Abbin;;;;;;;;;;;;;
b_burntone;Burntone;;;;;;;;;;;;;
b_burntone_adj;Burntone;;;;;;;;;;;;;
b_burntone_desc;Burntone;;;;;;;;;;;;;
b_fontou;Fontou;;;;;;;;;;;;;
b_fontou_adj;Fontou;;;;;;;;;;;;;
b_fontou_desc;Fontou;;;;;;;;;;;;;
b_moslon;Moslon;;;;;;;;;;;;;
b_moslon_adj;Moslon;;;;;;;;;;;;;
b_moslon_desc;Moslon;;;;;;;;;;;;;
b_villa;Villa;;;;;;;;;;;;;
b_villa_adj;Villa;;;;;;;;;;;;;
b_villa_desc;Villa;;;;;;;;;;;;;
b_chault;Chault;;;;;;;;;;;;;
b_chault_adj;Chault;;;;;;;;;;;;;
b_chault_desc;Chault;;;;;;;;;;;;;
b_gleston;Gleston;;;;;;;;;;;;;
b_gleston_adj;Gleston;;;;;;;;;;;;;
b_gleston_desc;Gleston;;;;;;;;;;;;;
b_pemby;Pemby;;;;;;;;;;;;;
b_pemby_adj;Pemby;;;;;;;;;;;;;
b_pemby_desc;Pemby;;;;;;;;;;;;;
b_redwell;Redwell;;;;;;;;;;;;;
b_redwell_adj;Redwell;;;;;;;;;;;;;
b_redwell_desc;Redwell;;;;;;;;;;;;;
b_hills;Hills;;;;;;;;;;;;;
b_hills_adj;Hills;;;;;;;;;;;;;
b_hills_desc;Hills;;;;;;;;;;;;;
b_hinfield;Hinfield;;;;;;;;;;;;;
b_hinfield_adj;Hinfield;;;;;;;;;;;;;
b_hinfield_desc;Hinfield;;;;;;;;;;;;;
b_blotter;Blotter;;;;;;;;;;;;;
b_blotter_adj;Blotter;;;;;;;;;;;;;
b_blotter_desc;Blotter;;;;;;;;;;;;;
b_bolson;Bolson;;;;;;;;;;;;;
b_bolson_adj;Bolson;;;;;;;;;;;;;
b_bolson_desc;Bolson;;;;;;;;;;;;;
b_nethorpe;Nethorpe;;;;;;;;;;;;;
b_nethorpe_adj;Nethorpe;;;;;;;;;;;;;
b_nethorpe_desc;Nethorpe;;;;;;;;;;;;;
b_soutby;Soutby;;;;;;;;;;;;;
b_soutby_adj;Soutby;;;;;;;;;;;;;
b_soutby_desc;Soutby;;;;;;;;;;;;;
b_wisham;Wisham;;;;;;;;;;;;;
b_wisham_adj;Wisham;;;;;;;;;;;;;
b_wisham_desc;Wisham;;;;;;;;;;;;;
b_piltone;Piltone;;;;;;;;;;;;;
b_piltone_adj;Piltone;;;;;;;;;;;;;
b_piltone_desc;Piltone;;;;;;;;;;;;;
b_nisham;Nisham;;;;;;;;;;;;;
b_nisham_adj;Nisham;;;;;;;;;;;;;
b_nisham_desc;Nisham;;;;;;;;;;;;;
b_sholme;Sholme;;;;;;;;;;;;;
b_sholme_adj;Sholme;;;;;;;;;;;;;
b_sholme_desc;Sholme;;;;;;;;;;;;;
b_okedown;Okedown;;;;;;;;;;;;;
b_okedown_adj;Okedown;;;;;;;;;;;;;
b_okedown_desc;Okedown;;;;;;;;;;;;;
b_centon;Centon;;;;;;;;;;;;;
b_centon_adj;Centon;;;;;;;;;;;;;
b_centon_desc;Centon;;;;;;;;;;;;;
b_auldhead;Auldhead;;;;;;;;;;;;;
b_auldhead_adj;Auldhead;;;;;;;;;;;;;
b_auldhead_desc;Auldhead;;;;;;;;;;;;;
b_farford;Farford;;;;;;;;;;;;;
b_farford_adj;Farford;;;;;;;;;;;;;
b_farford_desc;Farford;;;;;;;;;;;;;
b_scarnton;Scarnton;;;;;;;;;;;;;
b_scarnton_adj;Scarnton;;;;;;;;;;;;;
b_scarnton_desc;Scarnton;;;;;;;;;;;;;
b_cutton;Cutton;;;;;;;;;;;;;
b_cutton_adj;Cutton;;;;;;;;;;;;;
b_cutton_desc;Cutton;;;;;;;;;;;;;
b_blacklan;Blacklan;;;;;;;;;;;;;
b_blacklan_adj;Blacklan;;;;;;;;;;;;;
b_blacklan_desc;Blacklan;;;;;;;;;;;;;
b_lingham;Lingham;;;;;;;;;;;;;
b_lingham_adj;Lingham;;;;;;;;;;;;;
b_lingham_desc;Lingham;;;;;;;;;;;;;
b_osmoore;Osmoore;;;;;;;;;;;;;
b_osmoore_adj;Osmoore;;;;;;;;;;;;;
b_osmoore_desc;Osmoore;;;;;;;;;;;;;
b_wetworth;Wetworth;;;;;;;;;;;;;
b_wetworth_adj;Wetworth;;;;;;;;;;;;;
b_wetworth_desc;Wetworth;;;;;;;;;;;;;
b_turst;Turst;;;;;;;;;;;;;
b_turst_adj;Turst;;;;;;;;;;;;;
b_turst_desc;Turst;;;;;;;;;;;;;
b_keevel;Keevel;;;;;;;;;;;;;
b_keevel_adj;Keevel;;;;;;;;;;;;;
b_keevel_desc;Keevel;;;;;;;;;;;;;
b_corne;Corne;;;;;;;;;;;;;
b_corne_adj;Corne;;;;;;;;;;;;;
b_corne_desc;Corne;;;;;;;;;;;;;
b_boothan;Boothan;;;;;;;;;;;;;
b_boothan_adj;Boothan;;;;;;;;;;;;;
b_boothan_desc;Boothan;;;;;;;;;;;;;
b_anside;Anside;;;;;;;;;;;;;
b_anside_adj;Anside;;;;;;;;;;;;;
b_anside_desc;Anside;;;;;;;;;;;;;
b_laytone;Laytone;;;;;;;;;;;;;
b_laytone_adj;Laytone;;;;;;;;;;;;;
b_laytone_desc;Laytone;;;;;;;;;;;;;
b_amhill;Amhill;;;;;;;;;;;;;
b_amhill_adj;Amhill;;;;;;;;;;;;;
b_amhill_desc;Amhill;;;;;;;;;;;;;
b_chapell;Chapell;;;;;;;;;;;;;
b_chapell_adj;Chapell;;;;;;;;;;;;;
b_chapell_desc;Chapell;;;;;;;;;;;;;
b_leethorn;Leethorn;;;;;;;;;;;;;
b_leethorn_adj;Leethorn;;;;;;;;;;;;;
b_leethorn_desc;Leethorn;;;;;;;;;;;;;
b_hilsford;Hilsford;;;;;;;;;;;;;
b_hilsford_adj;Hilsford;;;;;;;;;;;;;
b_hilsford_desc;Hilsford;;;;;;;;;;;;;
b_inchbury;Inchbury;;;;;;;;;;;;;
b_inchbury_adj;Inchbury;;;;;;;;;;;;;
b_inchbury_desc;Inchbury;;;;;;;;;;;;;
b_sterby;Sterby;;;;;;;;;;;;;
b_sterby_adj;Sterby;;;;;;;;;;;;;
b_sterby_desc;Sterby;;;;;;;;;;;;;
b_kipton;Kipton;;;;;;;;;;;;;
b_kipton_adj;Kipton;;;;;;;;;;;;;
b_kipton_desc;Kipton;;;;;;;;;;;;;
b_barsdale;Barsdale;;;;;;;;;;;;;
b_barsdale_adj;Barsdale;;;;;;;;;;;;;
b_barsdale_desc;Barsdale;;;;;;;;;;;;;
b_smille;Smille;;;;;;;;;;;;;
b_smille_adj;Smille;;;;;;;;;;;;;
b_smille_desc;Smille;;;;;;;;;;;;;
b_nether;Nether;;;;;;;;;;;;;
b_nether_adj;Nether;;;;;;;;;;;;;
b_nether_desc;Nether;;;;;;;;;;;;;
b_poynes;Poynes;;;;;;;;;;;;;
b_poynes_adj;Poynes;;;;;;;;;;;;;
b_poynes_desc;Poynes;;;;;;;;;;;;;
b_gleagh;Gleagh;;;;;;;;;;;;;
b_gleagh_adj;Gleagh;;;;;;;;;;;;;
b_gleagh_desc;Gleagh;;;;;;;;;;;;;
b_fleck;Fleck;;;;;;;;;;;;;
b_fleck_adj;Fleck;;;;;;;;;;;;;
b_fleck_desc;Fleck;;;;;;;;;;;;;
b_knockett;Knockett;;;;;;;;;;;;;
b_knockett_adj;Knockett;;;;;;;;;;;;;
b_knockett_desc;Knockett;;;;;;;;;;;;;
b_houses;Houses;;;;;;;;;;;;;
b_houses_adj;Houses;;;;;;;;;;;;;
b_houses_desc;Houses;;;;;;;;;;;;;
b_iverlea;Iverlea;;;;;;;;;;;;;
b_iverlea_adj;Iverlea;;;;;;;;;;;;;
b_iverlea_desc;Iverlea;;;;;;;;;;;;;
b_highton;Highton;;;;;;;;;;;;;
b_highton_adj;Highton;;;;;;;;;;;;;
b_highton_desc;Highton;;;;;;;;;;;;;
b_grewich;Grewich;;;;;;;;;;;;;
b_grewich_adj;Grewich;;;;;;;;;;;;;
b_grewich_desc;Grewich;;;;;;;;;;;;;
b_scombe;Scombe;;;;;;;;;;;;;
b_scombe_adj;Scombe;;;;;;;;;;;;;
b_scombe_desc;Scombe;;;;;;;;;;;;;
b_shorpe;Shorpe;;;;;;;;;;;;;
b_shorpe_adj;Shorpe;;;;;;;;;;;;;
b_shorpe_desc;Shorpe;;;;;;;;;;;;;
b_rawford;Rawford;;;;;;;;;;;;;
b_rawford_adj;Rawford;;;;;;;;;;;;;
b_rawford_desc;Rawford;;;;;;;;;;;;;
b_whiter;Whiter;;;;;;;;;;;;;
b_whiter_adj;Whiter;;;;;;;;;;;;;
b_whiter_desc;Whiter;;;;;;;;;;;;;
b_croftone;Croftone;;;;;;;;;;;;;
b_croftone_adj;Croftone;;;;;;;;;;;;;
b_croftone_desc;Croftone;;;;;;;;;;;;;
b_cwmdale;Cwmdale;;;;;;;;;;;;;
b_cwmdale_adj;Cwmdale;;;;;;;;;;;;;
b_cwmdale_desc;Cwmdale;;;;;;;;;;;;;
b_cransley;Cransley;;;;;;;;;;;;;
b_cransley_adj;Cransley;;;;;;;;;;;;;
b_cransley_desc;Cransley;;;;;;;;;;;;;
b_quern;Quern;;;;;;;;;;;;;
b_quern_adj;Quern;;;;;;;;;;;;;
b_quern_desc;Quern;;;;;;;;;;;;;
b_walewich;Walewich;;;;;;;;;;;;;
b_walewich_adj;Walewich;;;;;;;;;;;;;
b_walewich_desc;Walewich;;;;;;;;;;;;;
b_kinforth;Kinforth;;;;;;;;;;;;;
b_kinforth_adj;Kinforth;;;;;;;;;;;;;
b_kinforth_desc;Kinforth;;;;;;;;;;;;;
b_barnope;Barnope;;;;;;;;;;;;;
b_barnope_adj;Barnope;;;;;;;;;;;;;
b_barnope_desc;Barnope;;;;;;;;;;;;;
b_quedge;Quedge;;;;;;;;;;;;;
b_quedge_adj;Quedge;;;;;;;;;;;;;
b_quedge_desc;Quedge;;;;;;;;;;;;;
b_mains;Mains;;;;;;;;;;;;;
b_mains_adj;Mains;;;;;;;;;;;;;
b_mains_desc;Mains;;;;;;;;;;;;;
b_heddeley;Heddeley;;;;;;;;;;;;;
b_heddeley_adj;Heddeley;;;;;;;;;;;;;
b_heddeley_desc;Heddeley;;;;;;;;;;;;;
b_brise;Brise;;;;;;;;;;;;;
b_brise_adj;Brise;;;;;;;;;;;;;
b_brise_desc;Brise;;;;;;;;;;;;;
b_glenhoe;Glenhoe;;;;;;;;;;;;;
b_glenhoe_adj;Glenhoe;;;;;;;;;;;;;
b_glenhoe_desc;Glenhoe;;;;;;;;;;;;;
b_eworth;Eworth;;;;;;;;;;;;;
b_eworth_adj;Eworth;;;;;;;;;;;;;
b_eworth_desc;Eworth;;;;;;;;;;;;;
b_putts;Putts;;;;;;;;;;;;;
b_putts_adj;Putts;;;;;;;;;;;;;
b_putts_desc;Putts;;;;;;;;;;;;;
b_waldon;Waldon;;;;;;;;;;;;;
b_waldon_adj;Waldon;;;;;;;;;;;;;
b_waldon_desc;Waldon;;;;;;;;;;;;;
b_ringtone;Ringtone;;;;;;;;;;;;;
b_ringtone_adj;Ringtone;;;;;;;;;;;;;
b_ringtone_desc;Ringtone;;;;;;;;;;;;;
b_cambourn;Cambourn;;;;;;;;;;;;;
b_cambourn_adj;Cambourn;;;;;;;;;;;;;
b_cambourn_desc;Cambourn;;;;;;;;;;;;;
b_stale;Stale;;;;;;;;;;;;;
b_stale_adj;Stale;;;;;;;;;;;;;
b_stale_desc;Stale;;;;;;;;;;;;;
b_whitead;Whitead;;;;;;;;;;;;;
b_whitead_adj;Whitead;;;;;;;;;;;;;
b_whitead_desc;Whitead;;;;;;;;;;;;;
b_blingham;Blingham;;;;;;;;;;;;;
b_blingham_adj;Blingham;;;;;;;;;;;;;
b_blingham_desc;Blingham;;;;;;;;;;;;;
b_beece;Beece;;;;;;;;;;;;;
b_beece_adj;Beece;;;;;;;;;;;;;
b_beece_desc;Beece;;;;;;;;;;;;;
b_yeaven;Yeaven;;;;;;;;;;;;;
b_yeaven_adj;Yeaven;;;;;;;;;;;;;
b_yeaven_desc;Yeaven;;;;;;;;;;;;;
b_colen;Colen;;;;;;;;;;;;;
b_colen_adj;Colen;;;;;;;;;;;;;
b_colen_desc;Colen;;;;;;;;;;;;;
b_kilcombe;Kilcombe;;;;;;;;;;;;;
b_kilcombe_adj;Kilcombe;;;;;;;;;;;;;
b_kilcombe_desc;Kilcombe;;;;;;;;;;;;;
b_clayhead;Clayhead;;;;;;;;;;;;;
b_clayhead_adj;Clayhead;;;;;;;;;;;;;
b_clayhead_desc;Clayhead;;;;;;;;;;;;;
b_wighston;Wighston;;;;;;;;;;;;;
b_wighston_adj;Wighston;;;;;;;;;;;;;
b_wighston_desc;Wighston;;;;;;;;;;;;;
b_rington;Rington;;;;;;;;;;;;;
b_rington_adj;Rington;;;;;;;;;;;;;
b_rington_desc;Rington;;;;;;;;;;;;;
b_blacott;Blacott;;;;;;;;;;;;;
b_blacott_adj;Blacott;;;;;;;;;;;;;
b_blacott_desc;Blacott;;;;;;;;;;;;;
b_milord;Milord;;;;;;;;;;;;;
b_milord_adj;Milord;;;;;;;;;;;;;
b_milord_desc;Milord;;;;;;;;;;;;;
b_stonby;Stonby;;;;;;;;;;;;;
b_stonby_adj;Stonby;;;;;;;;;;;;;
b_stonby_desc;Stonby;;;;;;;;;;;;;
b_goate;Goate;;;;;;;;;;;;;
b_goate_adj;Goate;;;;;;;;;;;;;
b_goate_desc;Goate;;;;;;;;;;;;;
b_nington;Nington;;;;;;;;;;;;;
b_nington_adj;Nington;;;;;;;;;;;;;
b_nington_desc;Nington;;;;;;;;;;;;;
b_goody;Goody;;;;;;;;;;;;;
b_goody_adj;Goody;;;;;;;;;;;;;
b_goody_desc;Goody;;;;;;;;;;;;;
b_swale;Swale;;;;;;;;;;;;;
b_swale_adj;Swale;;;;;;;;;;;;;
b_swale_desc;Swale;;;;;;;;;;;;;
b_penchill;Penchill;;;;;;;;;;;;;
b_penchill_adj;Penchill;;;;;;;;;;;;;
b_penchill_desc;Penchill;;;;;;;;;;;;;
b_sickhill;Sickhill;;;;;;;;;;;;;
b_sickhill_adj;Sickhill;;;;;;;;;;;;;
b_sickhill_desc;Sickhill;;;;;;;;;;;;;
b_libers;Libers;;;;;;;;;;;;;
b_libers_adj;Libers;;;;;;;;;;;;;
b_libers_desc;Libers;;;;;;;;;;;;;
b_maroux;Maroux;;;;;;;;;;;;;
b_maroux_adj;Maroux;;;;;;;;;;;;;
b_maroux_desc;Maroux;;;;;;;;;;;;;
b_pinou;Pinou;;;;;;;;;;;;;
b_pinou_adj;Pinou;;;;;;;;;;;;;
b_pinou_desc;Pinou;;;;;;;;;;;;;
b_guilires;Guilires;;;;;;;;;;;;;
b_guilires_adj;Guilires;;;;;;;;;;;;;
b_guilires_desc;Guilires;;;;;;;;;;;;;
b_newsey;Newsey;;;;;;;;;;;;;
b_newsey_adj;Newsey;;;;;;;;;;;;;
b_newsey_desc;Newsey;;;;;;;;;;;;;
b_chettery;Chettery;;;;;;;;;;;;;
b_chettery_adj;Chettery;;;;;;;;;;;;;
b_chettery_desc;Chettery;;;;;;;;;;;;;
b_grestown;Grestown;;;;;;;;;;;;;
b_grestown_adj;Grestown;;;;;;;;;;;;;
b_grestown_desc;Grestown;;;;;;;;;;;;;
b_walmoss;Walmoss;;;;;;;;;;;;;
b_walmoss_adj;Walmoss;;;;;;;;;;;;;
b_walmoss_desc;Walmoss;;;;;;;;;;;;;
b_carry;Carry;;;;;;;;;;;;;
b_carry_adj;Carry;;;;;;;;;;;;;
b_carry_desc;Carry;;;;;;;;;;;;;
b_setts;Setts;;;;;;;;;;;;;
b_setts_adj;Setts;;;;;;;;;;;;;
b_setts_desc;Setts;;;;;;;;;;;;;
b_bundon;Bundon;;;;;;;;;;;;;
b_bundon_adj;Bundon;;;;;;;;;;;;;
b_bundon_desc;Bundon;;;;;;;;;;;;;
b_pogmore;Pogmore;;;;;;;;;;;;;
b_pogmore_adj;Pogmore;;;;;;;;;;;;;
b_pogmore_desc;Pogmore;;;;;;;;;;;;;
b_edgates;Edgates;;;;;;;;;;;;;
b_edgates_adj;Edgates;;;;;;;;;;;;;
b_edgates_desc;Edgates;;;;;;;;;;;;;
b_kinford;Kinford;;;;;;;;;;;;;
b_kinford_adj;Kinford;;;;;;;;;;;;;
b_kinford_desc;Kinford;;;;;;;;;;;;;
b_darkbury;Darkbury;;;;;;;;;;;;;
b_darkbury_adj;Darkbury;;;;;;;;;;;;;
b_darkbury_desc;Darkbury;;;;;;;;;;;;;
b_grave;Grave;;;;;;;;;;;;;
b_grave_adj;Grave;;;;;;;;;;;;;
b_grave_desc;Grave;;;;;;;;;;;;;
b_dundrone;Dundrone;;;;;;;;;;;;;
b_dundrone_adj;Dundrone;;;;;;;;;;;;;
b_dundrone_desc;Dundrone;;;;;;;;;;;;;
b_fourt;Fourt;;;;;;;;;;;;;
b_fourt_adj;Fourt;;;;;;;;;;;;;
b_fourt_desc;Fourt;;;;;;;;;;;;;
b_trons;Trons;;;;;;;;;;;;;
b_trons_adj;Trons;;;;;;;;;;;;;
b_trons_desc;Trons;;;;;;;;;;;;;
b_baulque;Baulque;;;;;;;;;;;;;
b_baulque_adj;Baulque;;;;;;;;;;;;;
b_baulque_desc;Baulque;;;;;;;;;;;;;
b_cerandon;Cerandon;;;;;;;;;;;;;
b_cerandon_adj;Cerandon;;;;;;;;;;;;;
b_cerandon_desc;Cerandon;;;;;;;;;;;;;
b_arbuzat;Arbuzat;;;;;;;;;;;;;
b_arbuzat_adj;Arbuzat;;;;;;;;;;;;;
b_arbuzat_desc;Arbuzat;;;;;;;;;;;;;
b_capiraud;Capiraud;;;;;;;;;;;;;
b_capiraud_adj;Capiraud;;;;;;;;;;;;;
b_capiraud_desc;Capiraud;;;;;;;;;;;;;
b_jumire;Jumire;;;;;;;;;;;;;
b_jumire_adj;Jumire;;;;;;;;;;;;;
b_jumire_desc;Jumire;;;;;;;;;;;;;
b_harde;Harde;;;;;;;;;;;;;
b_harde_adj;Harde;;;;;;;;;;;;;
b_harde_desc;Harde;;;;;;;;;;;;;
b_kinnock;Kinnock;;;;;;;;;;;;;
b_kinnock_adj;Kinnock;;;;;;;;;;;;;
b_kinnock_desc;Kinnock;;;;;;;;;;;;;
b_oldwick;Oldwick;;;;;;;;;;;;;
b_oldwick_adj;Oldwick;;;;;;;;;;;;;
b_oldwick_desc;Oldwick;;;;;;;;;;;;;
b_wally;Wally;;;;;;;;;;;;;
b_wally_adj;Wally;;;;;;;;;;;;;
b_wally_desc;Wally;;;;;;;;;;;;;
b_spreside;Spreside;;;;;;;;;;;;;
b_spreside_adj;Spreside;;;;;;;;;;;;;
b_spreside_desc;Spreside;;;;;;;;;;;;;
b_rafield;Rafield;;;;;;;;;;;;;
b_rafield_adj;Rafield;;;;;;;;;;;;;
b_rafield_desc;Rafield;;;;;;;;;;;;;
b_sterdale;Sterdale;;;;;;;;;;;;;
b_sterdale_adj;Sterdale;;;;;;;;;;;;;
b_sterdale_desc;Sterdale;;;;;;;;;;;;;
b_mulbourn;Mulbourn;;;;;;;;;;;;;
b_mulbourn_adj;Mulbourn;;;;;;;;;;;;;
b_mulbourn_desc;Mulbourn;;;;;;;;;;;;;
b_tulling;Tulling;;;;;;;;;;;;;
b_tulling_adj;Tulling;;;;;;;;;;;;;
b_tulling_desc;Tulling;;;;;;;;;;;;;
b_robie;Robie;;;;;;;;;;;;;
b_robie_adj;Robie;;;;;;;;;;;;;
b_robie_desc;Robie;;;;;;;;;;;;;
b_trewell;Trewell;;;;;;;;;;;;;
b_trewell_adj;Trewell;;;;;;;;;;;;;
b_trewell_desc;Trewell;;;;;;;;;;;;;
b_batscall;Batscall;;;;;;;;;;;;;
b_batscall_adj;Batscall;;;;;;;;;;;;;
b_batscall_desc;Batscall;;;;;;;;;;;;;
b_woodhoe;Woodhoe;;;;;;;;;;;;;
b_woodhoe_adj;Woodhoe;;;;;;;;;;;;;
b_woodhoe_desc;Woodhoe;;;;;;;;;;;;;
b_wittlett;Wittlett;;;;;;;;;;;;;
b_wittlett_adj;Wittlett;;;;;;;;;;;;;
b_wittlett_desc;Wittlett;;;;;;;;;;;;;
b_owshouse;Owshouse;;;;;;;;;;;;;
b_owshouse_adj;Owshouse;;;;;;;;;;;;;
b_owshouse_desc;Owshouse;;;;;;;;;;;;;
b_chead;Chead;;;;;;;;;;;;;
b_chead_adj;Chead;;;;;;;;;;;;;
b_chead_desc;Chead;;;;;;;;;;;;;
b_pennock;Pennock;;;;;;;;;;;;;
b_pennock_adj;Pennock;;;;;;;;;;;;;
b_pennock_desc;Pennock;;;;;;;;;;;;;
b_hornhall;Hornhall;;;;;;;;;;;;;
b_hornhall_adj;Hornhall;;;;;;;;;;;;;
b_hornhall_desc;Hornhall;;;;;;;;;;;;;
b_ravdryl;Ravdryl;;;;;;;;;;;;;
b_ravdryl_adj;Ravdryl;;;;;;;;;;;;;
b_ravdryl_desc;Ravdryl;;;;;;;;;;;;;
b_morthdryl;Morthdryl;;;;;;;;;;;;;
b_morthdryl_adj;Morthdryl;;;;;;;;;;;;;
b_morthdryl_desc;Morthdryl;;;;;;;;;;;;;
b_dinahc;Dinahc;;;;;;;;;;;;;
b_dinahc_adj;Dinahc;;;;;;;;;;;;;
b_dinahc_desc;Dinahc;;;;;;;;;;;;;
b_crennarr;Crennarr;;;;;;;;;;;;;
b_crennarr_adj;Crennarr;;;;;;;;;;;;;
b_crennarr_desc;Crennarr;;;;;;;;;;;;;
b_colnor;Colnor;;;;;;;;;;;;;
b_colnor_adj;Colnor;;;;;;;;;;;;;
b_colnor_desc;Colnor;;;;;;;;;;;;;
b_relnor;Relnor;;;;;;;;;;;;;
b_relnor_adj;Relnor;;;;;;;;;;;;;
b_relnor_desc;Relnor;;;;;;;;;;;;;
b_duurt;Duurt;;;;;;;;;;;;;
b_duurt_adj;Duurt;;;;;;;;;;;;;
b_duurt_desc;Duurt;;;;;;;;;;;;;
b_dennerlo;Dennerlo;;;;;;;;;;;;;
b_dennerlo_adj;Dennerlo;;;;;;;;;;;;;
b_dennerlo_desc;Dennerlo;;;;;;;;;;;;;
b_aalre;Aalre;;;;;;;;;;;;;
b_aalre_adj;Aalre;;;;;;;;;;;;;
b_aalre_desc;Aalre;;;;;;;;;;;;;
b_middeweg;Middeweg;;;;;;;;;;;;;
b_middeweg_adj;Middeweg;;;;;;;;;;;;;
b_middeweg_desc;Middeweg;;;;;;;;;;;;;
b_waterstede;Waterstede;;;;;;;;;;;;;
b_waterstede_adj;Waterstede;;;;;;;;;;;;;
b_waterstede_desc;Waterstede;;;;;;;;;;;;;
b_laard;Laard;;;;;;;;;;;;;
b_laard_adj;Laard;;;;;;;;;;;;;
b_laard_desc;Laard;;;;;;;;;;;;;
b_naldarr;Naldarr;;;;;;;;;;;;;
b_naldarr_adj;Naldarr;;;;;;;;;;;;;
b_naldarr_desc;Naldarr;;;;;;;;;;;;;
b_krossnor;Krossnor;;;;;;;;;;;;;
b_krossnor_adj;Krossnor;;;;;;;;;;;;;
b_krossnor_desc;Krossnor;;;;;;;;;;;;;
b_vressdryl;Vressdryl;;;;;;;;;;;;;
b_vressdryl_adj;Vressdryl;;;;;;;;;;;;;
b_vressdryl_desc;Vressdryl;;;;;;;;;;;;;
b_zrendryl;Zrendryl;;;;;;;;;;;;;
b_zrendryl_adj;Zrendryl;;;;;;;;;;;;;
b_zrendryl_desc;Zrendryl;;;;;;;;;;;;;
b_vassnor;Vassnor;;;;;;;;;;;;;
b_vassnor_adj;Vassnor;;;;;;;;;;;;;
b_vassnor_desc;Vassnor;;;;;;;;;;;;;
b_methdryl;Methdryl;;;;;;;;;;;;;
b_methdryl_adj;Methdryl;;;;;;;;;;;;;
b_methdryl_desc;Methdryl;;;;;;;;;;;;;
b_velonn;Velonn;;;;;;;;;;;;;
b_velonn_adj;Velonn;;;;;;;;;;;;;
b_velonn_desc;Velonn;;;;;;;;;;;;;
b_zeldryl;Zeldryl;;;;;;;;;;;;;
b_zeldryl_adj;Zeldryl;;;;;;;;;;;;;
b_zeldryl_desc;Zeldryl;;;;;;;;;;;;;
b_zarnor;Zarnor;;;;;;;;;;;;;
b_zarnor_adj;Zarnor;;;;;;;;;;;;;
b_zarnor_desc;Zarnor;;;;;;;;;;;;;
b_kethokh;Kethokh;;;;;;;;;;;;;
b_kethokh_adj;Kethokh;;;;;;;;;;;;;
b_kethokh_desc;Kethokh;;;;;;;;;;;;;
b_kivarr;Kivarr;;;;;;;;;;;;;
b_kivarr_adj;Kivarr;;;;;;;;;;;;;
b_kivarr_desc;Kivarr;;;;;;;;;;;;;
b_nornor;Nornor;;;;;;;;;;;;;
b_nornor_adj;Nornor;;;;;;;;;;;;;
b_nornor_desc;Nornor;;;;;;;;;;;;;
b_westegen;Westegen;;;;;;;;;;;;;
b_westegen_adj;Westegen;;;;;;;;;;;;;
b_westegen_desc;Westegen;;;;;;;;;;;;;
b_albroek;Albroek;;;;;;;;;;;;;
b_albroek_adj;Albroek;;;;;;;;;;;;;
b_albroek_desc;Albroek;;;;;;;;;;;;;
b_zuidvel;Zuidvel;;;;;;;;;;;;;
b_zuidvel_adj;Zuidvel;;;;;;;;;;;;;
b_zuidvel_desc;Zuidvel;;;;;;;;;;;;;
b_breden;Breden;;;;;;;;;;;;;
b_breden_adj;Breden;;;;;;;;;;;;;
b_breden_desc;Breden;;;;;;;;;;;;;
b_loostein;Loostein;;;;;;;;;;;;;
b_loostein_adj;Loostein;;;;;;;;;;;;;
b_loostein_desc;Loostein;;;;;;;;;;;;;
b_kalonn;Kalonn;;;;;;;;;;;;;
b_kalonn_adj;Kalonn;;;;;;;;;;;;;
b_kalonn_desc;Kalonn;;;;;;;;;;;;;
b_rilokh;Rilokh;;;;;;;;;;;;;
b_rilokh_adj;Rilokh;;;;;;;;;;;;;
b_rilokh_desc;Rilokh;;;;;;;;;;;;;
b_vezarr;Vezarr;;;;;;;;;;;;;
b_vezarr_adj;Vezarr;;;;;;;;;;;;;
b_vezarr_desc;Vezarr;;;;;;;;;;;;;
b_rilonn;Rilonn;;;;;;;;;;;;;
b_rilonn_adj;Rilonn;;;;;;;;;;;;;
b_rilonn_desc;Rilonn;;;;;;;;;;;;;
b_kelnor;Kelnor;;;;;;;;;;;;;
b_kelnor_adj;Kelnor;;;;;;;;;;;;;
b_kelnor_desc;Kelnor;;;;;;;;;;;;;
b_zokonn;Zokonn;;;;;;;;;;;;;
b_zokonn_adj;Zokonn;;;;;;;;;;;;;
b_zokonn_desc;Zokonn;;;;;;;;;;;;;
b_kahnor;Kahnor;;;;;;;;;;;;;
b_kahnor_adj;Kahnor;;;;;;;;;;;;;
b_kahnor_desc;Kahnor;;;;;;;;;;;;;
b_cravahc;Cravahc;;;;;;;;;;;;;
b_cravahc_adj;Cravahc;;;;;;;;;;;;;
b_cravahc_desc;Cravahc;;;;;;;;;;;;;
b_mivonn;Mivonn;;;;;;;;;;;;;
b_mivonn_adj;Mivonn;;;;;;;;;;;;;
b_mivonn_desc;Mivonn;;;;;;;;;;;;;
b_krozahc;Krozahc;;;;;;;;;;;;;
b_krozahc_adj;Krozahc;;;;;;;;;;;;;
b_krozahc_desc;Krozahc;;;;;;;;;;;;;
b_navarr;Navarr;;;;;;;;;;;;;
b_navarr_adj;Navarr;;;;;;;;;;;;;
b_navarr_desc;Navarr;;;;;;;;;;;;;
b_moronn;Moronn;;;;;;;;;;;;;
b_moronn_adj;Moronn;;;;;;;;;;;;;
b_moronn_desc;Moronn;;;;;;;;;;;;;
b_velahc;Velahc;;;;;;;;;;;;;
b_velahc_adj;Velahc;;;;;;;;;;;;;
b_velahc_desc;Velahc;;;;;;;;;;;;;
b_narnor;Narnor;;;;;;;;;;;;;
b_narnor_adj;Narnor;;;;;;;;;;;;;
b_narnor_desc;Narnor;;;;;;;;;;;;;
b_mornokh;Mornokh;;;;;;;;;;;;;
b_mornokh_adj;Mornokh;;;;;;;;;;;;;
b_mornokh_desc;Mornokh;;;;;;;;;;;;;
b_zokahc;Zokahc;;;;;;;;;;;;;
b_zokahc_adj;Zokahc;;;;;;;;;;;;;
b_zokahc_desc;Zokahc;;;;;;;;;;;;;
b_krondryl;Krondryl;;;;;;;;;;;;;
b_krondryl_adj;Krondryl;;;;;;;;;;;;;
b_krondryl_desc;Krondryl;;;;;;;;;;;;;
b_zethahc;Zethahc;;;;;;;;;;;;;
b_zethahc_adj;Zethahc;;;;;;;;;;;;;
b_zethahc_desc;Zethahc;;;;;;;;;;;;;
b_varnokh;Varnokh;;;;;;;;;;;;;
b_varnokh_adj;Varnokh;;;;;;;;;;;;;
b_varnokh_desc;Varnokh;;;;;;;;;;;;;
b_calzonn;Calzonn;;;;;;;;;;;;;
b_calzonn_adj;Calzonn;;;;;;;;;;;;;
b_calzonn_desc;Calzonn;;;;;;;;;;;;;
b_varnor;Varnor;;;;;;;;;;;;;
b_varnor_adj;Varnor;;;;;;;;;;;;;
b_varnor_desc;Varnor;;;;;;;;;;;;;
b_menzarr;Menzarr;;;;;;;;;;;;;
b_menzarr_adj;Menzarr;;;;;;;;;;;;;
b_menzarr_desc;Menzarr;;;;;;;;;;;;;
b_nivahc;Nivahc;;;;;;;;;;;;;
b_nivahc_adj;Nivahc;;;;;;;;;;;;;
b_nivahc_desc;Nivahc;;;;;;;;;;;;;
b_rannokh;Rannokh;;;;;;;;;;;;;
b_rannokh_adj;Rannokh;;;;;;;;;;;;;
b_rannokh_desc;Rannokh;;;;;;;;;;;;;
b_rassonn;Rassonn;;;;;;;;;;;;;
b_rassonn_adj;Rassonn;;;;;;;;;;;;;
b_rassonn_desc;Rassonn;;;;;;;;;;;;;
b_navokh;Navokh;;;;;;;;;;;;;
b_navokh_adj;Navokh;;;;;;;;;;;;;
b_navokh_desc;Navokh;;;;;;;;;;;;;
b_morarr;Morarr;;;;;;;;;;;;;
b_morarr_adj;Morarr;;;;;;;;;;;;;
b_morarr_desc;Morarr;;;;;;;;;;;;;
b_torvayor;Torvayor;;;;;;;;;;;;;
b_torvayor_adj;Torvayor;;;;;;;;;;;;;
b_torvayor_desc;Torvayor;;;;;;;;;;;;;
b_brumatenor;Brumatenor;;;;;;;;;;;;;
b_brumatenor_adj;Brumatenor;;;;;;;;;;;;;
b_brumatenor_desc;Brumatenor;;;;;;;;;;;;;
b_torvalen;Torvalen;;;;;;;;;;;;;
b_torvalen_adj;Torvalen;;;;;;;;;;;;;
b_torvalen_desc;Torvalen;;;;;;;;;;;;;
b_valnebrin;Valnebrin;;;;;;;;;;;;;
b_valnebrin_adj;Valnebrin;;;;;;;;;;;;;
b_valnebrin_desc;Valnebrin;;;;;;;;;;;;;
b_bornes;Bornes;;;;;;;;;;;;;
b_bornes_adj;Bornes;;;;;;;;;;;;;
b_bornes_desc;Bornes;;;;;;;;;;;;;
b_tilles;Tilles;;;;;;;;;;;;;
b_tilles_adj;Tilles;;;;;;;;;;;;;
b_tilles_desc;Tilles;;;;;;;;;;;;;
b_lanaget;Lanaget;;;;;;;;;;;;;
b_lanaget_adj;Lanaget;;;;;;;;;;;;;
b_lanaget_desc;Lanaget;;;;;;;;;;;;;
b_sazes;Sazes;;;;;;;;;;;;;
b_sazes_adj;Sazes;;;;;;;;;;;;;
b_sazes_desc;Sazes;;;;;;;;;;;;;
b_lumicel;Lumicel;;;;;;;;;;;;;
b_lumicel_adj;Lumicel;;;;;;;;;;;;;
b_lumicel_desc;Lumicel;;;;;;;;;;;;;
b_valbrumarisell;Valbrumarisell;;;;;;;;;;;;;
b_valbrumarisell_adj;Valbrumarisell;;;;;;;;;;;;;
b_valbrumarisell_desc;Valbrumarisell;;;;;;;;;;;;;
b_torenel;Torenel;;;;;;;;;;;;;
b_torenel_adj;Torenel;;;;;;;;;;;;;
b_torenel_desc;Torenel;;;;;;;;;;;;;
b_marcellor;Marcellor;;;;;;;;;;;;;
b_marcellor_adj;Marcellor;;;;;;;;;;;;;
b_marcellor_desc;Marcellor;;;;;;;;;;;;;
b_marisel;Marisel;;;;;;;;;;;;;
b_marisel_adj;Marisel;;;;;;;;;;;;;
b_marisel_desc;Marisel;;;;;;;;;;;;;
b_beltenara;Beltenara;;;;;;;;;;;;;
b_beltenara_adj;Beltenara;;;;;;;;;;;;;
b_beltenara_desc;Beltenara;;;;;;;;;;;;;
b_marcenel;Marcenel;;;;;;;;;;;;;
b_marcenel_adj;Marcenel;;;;;;;;;;;;;
b_marcenel_desc;Marcenel;;;;;;;;;;;;;
b_valbrumel;Valbrumel;;;;;;;;;;;;;
b_valbrumel_adj;Valbrumel;;;;;;;;;;;;;
b_valbrumel_desc;Valbrumel;;;;;;;;;;;;;
b_valbrumis;Valbrumis;;;;;;;;;;;;;
b_valbrumis_adj;Valbrumis;;;;;;;;;;;;;
b_valbrumis_desc;Valbrumis;;;;;;;;;;;;;
b_brumaris;Brumaris;;;;;;;;;;;;;
b_brumaris_adj;Brumaris;;;;;;;;;;;;;
b_brumaris_desc;Brumaris;;;;;;;;;;;;;
b_coramiel;Coramiel;;;;;;;;;;;;;
b_coramiel_adj;Coramiel;;;;;;;;;;;;;
b_coramiel_desc;Coramiel;;;;;;;;;;;;;
b_calbrumar;Calbrumar;;;;;;;;;;;;;
b_calbrumar_adj;Calbrumar;;;;;;;;;;;;;
b_calbrumar_desc;Calbrumar;;;;;;;;;;;;;
b_tornebror;Tornebror;;;;;;;;;;;;;
b_tornebror_adj;Tornebror;;;;;;;;;;;;;
b_tornebror_desc;Tornebror;;;;;;;;;;;;;
b_brumarisell;Brumarisell;;;;;;;;;;;;;
b_brumarisell_adj;Brumarisell;;;;;;;;;;;;;
b_brumarisell_desc;Brumarisell;;;;;;;;;;;;;
b_coranoris;Coranoris;;;;;;;;;;;;;
b_coranoris_adj;Coranoris;;;;;;;;;;;;;
b_coranoris_desc;Coranoris;;;;;;;;;;;;;
b_valfumaris;Valfumaris;;;;;;;;;;;;;
b_valfumaris_adj;Valfumaris;;;;;;;;;;;;;
b_valfumaris_desc;Valfumaris;;;;;;;;;;;;;
b_fumaroris;Fumaroris;;;;;;;;;;;;;
b_fumaroris_adj;Fumaroris;;;;;;;;;;;;;
b_fumaroris_desc;Fumaroris;;;;;;;;;;;;;
b_belmoris;Belmoris;;;;;;;;;;;;;
b_belmoris_adj;Belmoris;;;;;;;;;;;;;
b_belmoris_desc;Belmoris;;;;;;;;;;;;;
b_valfumar;Valfumar;;;;;;;;;;;;;
b_valfumar_adj;Valfumar;;;;;;;;;;;;;
b_valfumar_desc;Valfumar;;;;;;;;;;;;;
b_torimaris;Torimaris;;;;;;;;;;;;;
b_torimaris_adj;Torimaris;;;;;;;;;;;;;
b_torimaris_desc;Torimaris;;;;;;;;;;;;;
b_brumisel;Brumisel;;;;;;;;;;;;;
b_brumisel_adj;Brumisel;;;;;;;;;;;;;
b_brumisel_desc;Brumisel;;;;;;;;;;;;;
b_nebralenara;Nebralenara;;;;;;;;;;;;;
b_nebralenara_adj;Nebralenara;;;;;;;;;;;;;
b_nebralenara_desc;Nebralenara;;;;;;;;;;;;;
b_bravalen;Bravalen;;;;;;;;;;;;;
b_bravalen_adj;Bravalen;;;;;;;;;;;;;
b_bravalen_desc;Bravalen;;;;;;;;;;;;;
b_nebralenor;Nebralenor;;;;;;;;;;;;;
b_nebralenor_adj;Nebralenor;;;;;;;;;;;;;
b_nebralenor_desc;Nebralenor;;;;;;;;;;;;;
b_marcoris;Marcoris;;;;;;;;;;;;;
b_marcoris_adj;Marcoris;;;;;;;;;;;;;
b_marcoris_desc;Marcoris;;;;;;;;;;;;;
b_beltenor;Beltenor;;;;;;;;;;;;;
b_beltenor_adj;Beltenor;;;;;;;;;;;;;
b_beltenor_desc;Beltenor;;;;;;;;;;;;;
b_valtenor;Valtenor;;;;;;;;;;;;;
b_valtenor_adj;Valtenor;;;;;;;;;;;;;
b_valtenor_desc;Valtenor;;;;;;;;;;;;;
b_torenara;Torenara;;;;;;;;;;;;;
b_torenara_adj;Torenara;;;;;;;;;;;;;
b_torenara_desc;Torenara;;;;;;;;;;;;;
b_nebralen;Nebralen;;;;;;;;;;;;;
b_nebralen_adj;Nebralen;;;;;;;;;;;;;
b_nebralen_desc;Nebralen;;;;;;;;;;;;;
b_brumacel;Brumacel;;;;;;;;;;;;;
b_brumacel_adj;Brumacel;;;;;;;;;;;;;
b_brumacel_desc;Brumacel;;;;;;;;;;;;;
b_leonara;Leonara;;;;;;;;;;;;;
b_leonara_adj;Leonara;;;;;;;;;;;;;
b_leonara_desc;Leonara;;;;;;;;;;;;;
b_torenor;Torenor;;;;;;;;;;;;;
b_torenor_adj;Torenor;;;;;;;;;;;;;
b_torenor_desc;Torenor;;;;;;;;;;;;;
b_marcenis;Marcenis;;;;;;;;;;;;;
b_marcenis_adj;Marcenis;;;;;;;;;;;;;
b_marcenis_desc;Marcenis;;;;;;;;;;;;;
b_valenara;Valenara;;;;;;;;;;;;;
b_valenara_adj;Valenara;;;;;;;;;;;;;
b_valenara_desc;Valenara;;;;;;;;;;;;;
b_belmaris;Belmaris;;;;;;;;;;;;;
b_belmaris_adj;Belmaris;;;;;;;;;;;;;
b_belmaris_desc;Belmaris;;;;;;;;;;;;;
b_valmorisell;Valmorisell;;;;;;;;;;;;;
b_valmorisell_adj;Valmorisell;;;;;;;;;;;;;
b_valmorisell_desc;Valmorisell;;;;;;;;;;;;;
b_nebralis;Nebralis;;;;;;;;;;;;;
b_nebralis_adj;Nebralis;;;;;;;;;;;;;
b_nebralis_desc;Nebralis;;;;;;;;;;;;;
b_altanoris;Altanoris;;;;;;;;;;;;;
b_altanoris_adj;Altanoris;;;;;;;;;;;;;
b_altanoris_desc;Altanoris;;;;;;;;;;;;;
b_calnebris;Calnebris;;;;;;;;;;;;;
b_calnebris_adj;Calnebris;;;;;;;;;;;;;
b_calnebris_desc;Calnebris;;;;;;;;;;;;;
b_marcaniel;Marcaniel;;;;;;;;;;;;;
b_marcaniel_adj;Marcaniel;;;;;;;;;;;;;
b_marcaniel_desc;Marcaniel;;;;;;;;;;;;;
b_marisella;Marisella;;;;;;;;;;;;;
b_marisella_adj;Marisella;;;;;;;;;;;;;
b_marisella_desc;Marisella;;;;;;;;;;;;;
b_nebrisen;Nebrisen;;;;;;;;;;;;;
b_nebrisen_adj;Nebrisen;;;;;;;;;;;;;
b_nebrisen_desc;Nebrisen;;;;;;;;;;;;;
b_torvayel;Torvayel;;;;;;;;;;;;;
b_torvayel_adj;Torvayel;;;;;;;;;;;;;
b_torvayel_desc;Torvayel;;;;;;;;;;;;;
b_valcanar;Valcanar;;;;;;;;;;;;;
b_valcanar_adj;Valcanar;;;;;;;;;;;;;
b_valcanar_desc;Valcanar;;;;;;;;;;;;;
b_torvalis;Torvalis;;;;;;;;;;;;;
b_torvalis_adj;Torvalis;;;;;;;;;;;;;
b_torvalis_desc;Torvalis;;;;;;;;;;;;;
b_tormaris;Tormaris;;;;;;;;;;;;;
b_tormaris_adj;Tormaris;;;;;;;;;;;;;
b_tormaris_desc;Tormaris;;;;;;;;;;;;;
b_fumaris;Fumaris;;;;;;;;;;;;;
b_fumaris_adj;Fumaris;;;;;;;;;;;;;
b_fumaris_desc;Fumaris;;;;;;;;;;;;;
b_reville;Reville;;;;;;;;;;;;;
b_reville_adj;Reville;;;;;;;;;;;;;
b_reville_desc;Reville;;;;;;;;;;;;;
b_escoff;Escoff;;;;;;;;;;;;;
b_escoff_adj;Escoff;;;;;;;;;;;;;
b_escoff_desc;Escoff;;;;;;;;;;;;;
b_railhac;Railhac;;;;;;;;;;;;;
b_railhac_adj;Railhac;;;;;;;;;;;;;
b_railhac_desc;Railhac;;;;;;;;;;;;;
b_lautes;Lautes;;;;;;;;;;;;;
b_lautes_adj;Lautes;;;;;;;;;;;;;
b_lautes_desc;Lautes;;;;;;;;;;;;;
b_altinor;Altinor;;;;;;;;;;;;;
b_altinor_adj;Altinor;;;;;;;;;;;;;
b_altinor_desc;Altinor;;;;;;;;;;;;;
b_valtenisell;Valtenisell;;;;;;;;;;;;;
b_valtenisell_adj;Valtenisell;;;;;;;;;;;;;
b_valtenisell_desc;Valtenisell;;;;;;;;;;;;;
b_corvalara;Corvalara;;;;;;;;;;;;;
b_corvalara_adj;Corvalara;;;;;;;;;;;;;
b_corvalara_desc;Corvalara;;;;;;;;;;;;;
b_torisell;Torisell;;;;;;;;;;;;;
b_torisell_adj;Torisell;;;;;;;;;;;;;
b_torisell_desc;Torisell;;;;;;;;;;;;;
b_nebrisara;Nebrisara;;;;;;;;;;;;;
b_nebrisara_adj;Nebrisara;;;;;;;;;;;;;
b_nebrisara_desc;Nebrisara;;;;;;;;;;;;;
b_selcoran;Selcoran;;;;;;;;;;;;;
b_selcoran_adj;Selcoran;;;;;;;;;;;;;
b_selcoran_desc;Selcoran;;;;;;;;;;;;;
b_escres;Escres;;;;;;;;;;;;;
b_escres_adj;Escres;;;;;;;;;;;;;
b_escres_desc;Escres;;;;;;;;;;;;;
b_pache;Pache;;;;;;;;;;;;;
b_pache_adj;Pache;;;;;;;;;;;;;
b_pache_desc;Pache;;;;;;;;;;;;;
b_ragnat;Ragnat;;;;;;;;;;;;;
b_ragnat_adj;Ragnat;;;;;;;;;;;;;
b_ragnat_desc;Ragnat;;;;;;;;;;;;;
b_nebrisor;Nebrisor;;;;;;;;;;;;;
b_nebrisor_adj;Nebrisor;;;;;;;;;;;;;
b_nebrisor_desc;Nebrisor;;;;;;;;;;;;;
b_almariel;Almariel;;;;;;;;;;;;;
b_almariel_adj;Almariel;;;;;;;;;;;;;
b_almariel_desc;Almariel;;;;;;;;;;;;;
b_seltenisell;Seltenisell;;;;;;;;;;;;;
b_seltenisell_adj;Seltenisell;;;;;;;;;;;;;
b_seltenisell_desc;Seltenisell;;;;;;;;;;;;;
b_belcella;Belcella;;;;;;;;;;;;;
b_belcella_adj;Belcella;;;;;;;;;;;;;
b_belcella_desc;Belcella;;;;;;;;;;;;;
b_belcoran;Belcoran;;;;;;;;;;;;;
b_belcoran_adj;Belcoran;;;;;;;;;;;;;
b_belcoran_desc;Belcoran;;;;;;;;;;;;;
b_valcanor;Valcanor;;;;;;;;;;;;;
b_valcanor_adj;Valcanor;;;;;;;;;;;;;
b_valcanor_desc;Valcanor;;;;;;;;;;;;;
b_altavel;Altavel;;;;;;;;;;;;;
b_altavel_adj;Altavel;;;;;;;;;;;;;
b_altavel_desc;Altavel;;;;;;;;;;;;;
b_alticenar;Alticenar;;;;;;;;;;;;;
b_alticenar_adj;Alticenar;;;;;;;;;;;;;
b_alticenar_desc;Alticenar;;;;;;;;;;;;;
b_torvella;Torvella;;;;;;;;;;;;;
b_torvella_adj;Torvella;;;;;;;;;;;;;
b_torvella_desc;Torvella;;;;;;;;;;;;;
b_valcenor;Valcenor;;;;;;;;;;;;;
b_valcenor_adj;Valcenor;;;;;;;;;;;;;
b_valcenor_desc;Valcenor;;;;;;;;;;;;;
b_valmarenor;Valmarenor;;;;;;;;;;;;;
b_valmarenor_adj;Valmarenor;;;;;;;;;;;;;
b_valmarenor_desc;Valmarenor;;;;;;;;;;;;;
b_fumavel;Fumavel;;;;;;;;;;;;;
b_fumavel_adj;Fumavel;;;;;;;;;;;;;
b_fumavel_desc;Fumavel;;;;;;;;;;;;;
b_selmarisel;Selmarisel;;;;;;;;;;;;;
b_selmarisel_adj;Selmarisel;;;;;;;;;;;;;
b_selmarisel_desc;Selmarisel;;;;;;;;;;;;;
b_torcanara;Torcanara;;;;;;;;;;;;;
b_torcanara_adj;Torcanara;;;;;;;;;;;;;
b_torcanara_desc;Torcanara;;;;;;;;;;;;;
b_alticelis;Alticelis;;;;;;;;;;;;;
b_alticelis_adj;Alticelis;;;;;;;;;;;;;
b_alticelis_desc;Alticelis;;;;;;;;;;;;;
b_corcella;Corcella;;;;;;;;;;;;;
b_corcella_adj;Corcella;;;;;;;;;;;;;
b_corcella_desc;Corcella;;;;;;;;;;;;;
b_altoren;Altoren;;;;;;;;;;;;;
b_altoren_adj;Altoren;;;;;;;;;;;;;
b_altoren_desc;Altoren;;;;;;;;;;;;;
b_fumarcel;Fumarcel;;;;;;;;;;;;;
b_fumarcel_adj;Fumarcel;;;;;;;;;;;;;
b_fumarcel_desc;Fumarcel;;;;;;;;;;;;;
b_altimora;Altimora;;;;;;;;;;;;;
b_altimora_adj;Altimora;;;;;;;;;;;;;
b_altimora_desc;Altimora;;;;;;;;;;;;;
b_fumariel;Fumariel;;;;;;;;;;;;;
b_fumariel_adj;Fumariel;;;;;;;;;;;;;
b_fumariel_desc;Fumariel;;;;;;;;;;;;;
b_mariselar;Mariselar;;;;;;;;;;;;;
b_mariselar_adj;Mariselar;;;;;;;;;;;;;
b_mariselar_desc;Mariselar;;;;;;;;;;;;;
b_alticela;Alticela;;;;;;;;;;;;;
b_alticela_adj;Alticela;;;;;;;;;;;;;
b_alticela_desc;Alticela;;;;;;;;;;;;;
b_mariselor;Mariselor;;;;;;;;;;;;;
b_mariselor_adj;Mariselor;;;;;;;;;;;;;
b_mariselor_desc;Mariselor;;;;;;;;;;;;;
b_torbrumel;Torbrumel;;;;;;;;;;;;;
b_torbrumel_adj;Torbrumel;;;;;;;;;;;;;
b_torbrumel_desc;Torbrumel;;;;;;;;;;;;;
b_estot;Estot;;;;;;;;;;;;;
b_estot_adj;Estot;;;;;;;;;;;;;
b_estot_desc;Estot;;;;;;;;;;;;;
b_sautes;Sautes;;;;;;;;;;;;;
b_sautes_adj;Sautes;;;;;;;;;;;;;
b_sautes_desc;Sautes;;;;;;;;;;;;;
b_suard;Suard;;;;;;;;;;;;;
b_suard_adj;Suard;;;;;;;;;;;;;
b_suard_desc;Suard;;;;;;;;;;;;;
b_corisel;Corisel;;;;;;;;;;;;;
b_corisel_adj;Corisel;;;;;;;;;;;;;
b_corisel_desc;Corisel;;;;;;;;;;;;;
b_selcanara;Selcanara;;;;;;;;;;;;;
b_selcanara_adj;Selcanara;;;;;;;;;;;;;
b_selcanara_desc;Selcanara;;;;;;;;;;;;;
b_mariscan;Mariscan;;;;;;;;;;;;;
b_mariscan_adj;Mariscan;;;;;;;;;;;;;
b_mariscan_desc;Mariscan;;;;;;;;;;;;;
b_calmaris;Calmaris;;;;;;;;;;;;;
b_calmaris_adj;Calmaris;;;;;;;;;;;;;
b_calmaris_desc;Calmaris;;;;;;;;;;;;;
b_valtenis;Valtenis;;;;;;;;;;;;;
b_valtenis_adj;Valtenis;;;;;;;;;;;;;
b_valtenis_desc;Valtenis;;;;;;;;;;;;;
b_lumaris;Lumaris;;;;;;;;;;;;;
b_lumaris_adj;Lumaris;;;;;;;;;;;;;
b_lumaris_desc;Lumaris;;;;;;;;;;;;;
b_torvalara;Torvalara;;;;;;;;;;;;;
b_torvalara_adj;Torvalara;;;;;;;;;;;;;
b_torvalara_desc;Torvalara;;;;;;;;;;;;;
b_torcalis;Torcalis;;;;;;;;;;;;;
b_torcalis_adj;Torcalis;;;;;;;;;;;;;
b_torcalis_desc;Torcalis;;;;;;;;;;;;;
b_valtenel;Valtenel;;;;;;;;;;;;;
b_valtenel_adj;Valtenel;;;;;;;;;;;;;
b_valtenel_desc;Valtenel;;;;;;;;;;;;;
b_brumanor;Brumanor;;;;;;;;;;;;;
b_brumanor_adj;Brumanor;;;;;;;;;;;;;
b_brumanor_desc;Brumanor;;;;;;;;;;;;;
b_calbrumis;Calbrumis;;;;;;;;;;;;;
b_calbrumis_adj;Calbrumis;;;;;;;;;;;;;
b_calbrumis_desc;Calbrumis;;;;;;;;;;;;;
b_marenara;Marenara;;;;;;;;;;;;;
b_marenara_adj;Marenara;;;;;;;;;;;;;
b_marenara_desc;Marenara;;;;;;;;;;;;;
b_fumaravel;Fumaravel;;;;;;;;;;;;;
b_fumaravel_adj;Fumaravel;;;;;;;;;;;;;
b_fumaravel_desc;Fumaravel;;;;;;;;;;;;;
b_altisenor;Altisenor;;;;;;;;;;;;;
b_altisenor_adj;Altisenor;;;;;;;;;;;;;
b_altisenor_desc;Altisenor;;;;;;;;;;;;;
b_alticella;Alticella;;;;;;;;;;;;;
b_alticella_adj;Alticella;;;;;;;;;;;;;
b_alticella_desc;Alticella;;;;;;;;;;;;;
b_altorenel;Altorenel;;;;;;;;;;;;;
b_altorenel_adj;Altorenel;;;;;;;;;;;;;
b_altorenel_desc;Altorenel;;;;;;;;;;;;;
b_altiselin;Altiselin;;;;;;;;;;;;;
b_altiselin_adj;Altiselin;;;;;;;;;;;;;
b_altiselin_desc;Altiselin;;;;;;;;;;;;;
b_marcanor;Marcanor;;;;;;;;;;;;;
b_marcanor_adj;Marcanor;;;;;;;;;;;;;
b_marcanor_desc;Marcanor;;;;;;;;;;;;;
b_tornebrin;Tornebrin;;;;;;;;;;;;;
b_tornebrin_adj;Tornebrin;;;;;;;;;;;;;
b_tornebrin_desc;Tornebrin;;;;;;;;;;;;;
b_valcoran;Valcoran;;;;;;;;;;;;;
b_valcoran_adj;Valcoran;;;;;;;;;;;;;
b_valcoran_desc;Valcoran;;;;;;;;;;;;;
b_marisoran;Marisoran;;;;;;;;;;;;;
b_marisoran_adj;Marisoran;;;;;;;;;;;;;
b_marisoran_desc;Marisoran;;;;;;;;;;;;;
b_mariselin;Mariselin;;;;;;;;;;;;;
b_mariselin_adj;Mariselin;;;;;;;;;;;;;
b_mariselin_desc;Mariselin;;;;;;;;;;;;;
b_altisell;Altisell;;;;;;;;;;;;;
b_altisell_adj;Altisell;;;;;;;;;;;;;
b_altisell_desc;Altisell;;;;;;;;;;;;;
b_altanora;Altanora;;;;;;;;;;;;;
b_altanora_adj;Altanora;;;;;;;;;;;;;
b_altanora_desc;Altanora;;;;;;;;;;;;;
b_coraniel;Coraniel;;;;;;;;;;;;;
b_coraniel_adj;Coraniel;;;;;;;;;;;;;
b_coraniel_desc;Coraniel;;;;;;;;;;;;;
b_torcella;Torcella;;;;;;;;;;;;;
b_torcella_adj;Torcella;;;;;;;;;;;;;
b_torcella_desc;Torcella;;;;;;;;;;;;;
b_altiselor;Altiselor;;;;;;;;;;;;;
b_altiselor_adj;Altiselor;;;;;;;;;;;;;
b_altiselor_desc;Altiselor;;;;;;;;;;;;;
b_selmarara;Selmarara;;;;;;;;;;;;;
b_selmarara_adj;Selmarara;;;;;;;;;;;;;
b_selmarara_desc;Selmarara;;;;;;;;;;;;;
b_calbruma;Calbruma;;;;;;;;;;;;;
b_calbruma_adj;Calbruma;;;;;;;;;;;;;
b_calbruma_desc;Calbruma;;;;;;;;;;;;;
b_torcalenor;Torcalenor;;;;;;;;;;;;;
b_torcalenor_adj;Torcalenor;;;;;;;;;;;;;
b_torcalenor_desc;Torcalenor;;;;;;;;;;;;;
b_alticor;Alticor;;;;;;;;;;;;;
b_alticor_adj;Alticor;;;;;;;;;;;;;
b_alticor_desc;Alticor;;;;;;;;;;;;;
b_fumarena;Fumarena;;;;;;;;;;;;;
b_fumarena_adj;Fumarena;;;;;;;;;;;;;
b_fumarena_desc;Fumarena;;;;;;;;;;;;;
b_torcanor;Torcanor;;;;;;;;;;;;;
b_torcanor_adj;Torcanor;;;;;;;;;;;;;
b_torcanor_desc;Torcanor;;;;;;;;;;;;;
b_torcalen;Torcalen;;;;;;;;;;;;;
b_torcalen_adj;Torcalen;;;;;;;;;;;;;
b_torcalen_desc;Torcalen;;;;;;;;;;;;;
b_valcoren;Valcoren;;;;;;;;;;;;;
b_valcoren_adj;Valcoren;;;;;;;;;;;;;
b_valcoren_desc;Valcoren;;;;;;;;;;;;;
b_selvalis;Selvalis;;;;;;;;;;;;;
b_selvalis_adj;Selvalis;;;;;;;;;;;;;
b_selvalis_desc;Selvalis;;;;;;;;;;;;;
b_selvalenor;Selvalenor;;;;;;;;;;;;;
b_selvalenor_adj;Selvalenor;;;;;;;;;;;;;
b_selvalenor_desc;Selvalenor;;;;;;;;;;;;;
b_fumaren;Fumaren;;;;;;;;;;;;;
b_fumaren_adj;Fumaren;;;;;;;;;;;;;
b_fumaren_desc;Fumaren;;;;;;;;;;;;;
b_brumavel;Brumavel;;;;;;;;;;;;;
b_brumavel_adj;Brumavel;;;;;;;;;;;;;
b_brumavel_desc;Brumavel;;;;;;;;;;;;;
b_mariselis;Mariselis;;;;;;;;;;;;;
b_mariselis_adj;Mariselis;;;;;;;;;;;;;
b_mariselis_desc;Mariselis;;;;;;;;;;;;;
b_valcanis;Valcanis;;;;;;;;;;;;;
b_valcanis_adj;Valcanis;;;;;;;;;;;;;
b_valcanis_desc;Valcanis;;;;;;;;;;;;;
b_marvella;Marvella;;;;;;;;;;;;;
b_marvella_adj;Marvella;;;;;;;;;;;;;
b_marvella_desc;Marvella;;;;;;;;;;;;;
b_seltenis;Seltenis;;;;;;;;;;;;;
b_seltenis_adj;Seltenis;;;;;;;;;;;;;
b_seltenis_desc;Seltenis;;;;;;;;;;;;;
b_valseris;Valseris;;;;;;;;;;;;;
b_valseris_adj;Valseris;;;;;;;;;;;;;
b_valseris_desc;Valseris;;;;;;;;;;;;;
b_altisel;Altisel;;;;;;;;;;;;;
b_altisel_adj;Altisel;;;;;;;;;;;;;
b_altisel_desc;Altisel;;;;;;;;;;;;;
b_torisora;Torisora;;;;;;;;;;;;;
b_torisora_adj;Torisora;;;;;;;;;;;;;
b_torisora_desc;Torisora;;;;;;;;;;;;;
b_celsanor;Celsanor;;;;;;;;;;;;;
b_celsanor_adj;Celsanor;;;;;;;;;;;;;
b_celsanor_desc;Celsanor;;;;;;;;;;;;;
b_draconel;Draconel;;;;;;;;;;;;;
b_draconel_adj;Draconel;;;;;;;;;;;;;
b_draconel_desc;Draconel;;;;;;;;;;;;;
b_valcinar;Valcinar;;;;;;;;;;;;;
b_valcinar_adj;Valcinar;;;;;;;;;;;;;
b_valcinar_desc;Valcinar;;;;;;;;;;;;;
b_valmorisel;Valmorisel;;;;;;;;;;;;;
b_valmorisel_adj;Valmorisel;;;;;;;;;;;;;
b_valmorisel_desc;Valmorisel;;;;;;;;;;;;;
b_nebrisell;Nebrisell;;;;;;;;;;;;;
b_nebrisell_adj;Nebrisell;;;;;;;;;;;;;
b_nebrisell_desc;Nebrisell;;;;;;;;;;;;;
b_torfumarisell;Torfumarisell;;;;;;;;;;;;;
b_torfumarisell_adj;Torfumarisell;;;;;;;;;;;;;
b_torfumarisell_desc;Torfumarisell;;;;;;;;;;;;;
b_alticenor;Alticenor;;;;;;;;;;;;;
b_alticenor_adj;Alticenor;;;;;;;;;;;;;
b_alticenor_desc;Alticenor;;;;;;;;;;;;;
b_lumoran;Lumoran;;;;;;;;;;;;;
b_lumoran_adj;Lumoran;;;;;;;;;;;;;
b_lumoran_desc;Lumoran;;;;;;;;;;;;;
b_valcella;Valcella;;;;;;;;;;;;;
b_valcella_adj;Valcella;;;;;;;;;;;;;
b_valcella_desc;Valcella;;;;;;;;;;;;;
b_corvalenor;Corvalenor;;;;;;;;;;;;;
b_corvalenor_adj;Corvalenor;;;;;;;;;;;;;
b_corvalenor_desc;Corvalenor;;;;;;;;;;;;;
b_corvalisell;Corvalisell;;;;;;;;;;;;;
b_corvalisell_adj;Corvalisell;;;;;;;;;;;;;
b_corvalisell_desc;Corvalisell;;;;;;;;;;;;;
b_torvalenor;Torvalenor;;;;;;;;;;;;;
b_torvalenor_adj;Torvalenor;;;;;;;;;;;;;
b_torvalenor_desc;Torvalenor;;;;;;;;;;;;;
b_valcoris;Valcoris;;;;;;;;;;;;;
b_valcoris_adj;Valcoris;;;;;;;;;;;;;
b_valcoris_desc;Valcoris;;;;;;;;;;;;;
b_valisora;Valisora;;;;;;;;;;;;;
b_valisora_adj;Valisora;;;;;;;;;;;;;
b_valisora_desc;Valisora;;;;;;;;;;;;;
b_brumaniel;Brumaniel;;;;;;;;;;;;;
b_brumaniel_adj;Brumaniel;;;;;;;;;;;;;
b_brumaniel_desc;Brumaniel;;;;;;;;;;;;;
b_caliginor;Caliginor;;;;;;;;;;;;;
b_caliginor_adj;Caliginor;;;;;;;;;;;;;
b_caliginor_desc;Caliginor;;;;;;;;;;;;;
b_valfumor;Valfumor;;;;;;;;;;;;;
b_valfumor_adj;Valfumor;;;;;;;;;;;;;
b_valfumor_desc;Valfumor;;;;;;;;;;;;;
b_marvalen;Marvalen;;;;;;;;;;;;;
b_marvalen_adj;Marvalen;;;;;;;;;;;;;
b_marvalen_desc;Marvalen;;;;;;;;;;;;;
b_corvalen;Corvalen;;;;;;;;;;;;;
b_corvalen_adj;Corvalen;;;;;;;;;;;;;
b_corvalen_desc;Corvalen;;;;;;;;;;;;;
b_henloo;Henloo;;;;;;;;;;;;;
b_henloo_adj;Henloo;;;;;;;;;;;;;
b_henloo_desc;Henloo;;;;;;;;;;;;;
b_nieuwemond;Nieuwemond;;;;;;;;;;;;;
b_nieuwemond_adj;Nieuwemond;;;;;;;;;;;;;
b_nieuwemond_desc;Nieuwemond;;;;;;;;;;;;;
b_badhuis;Badhuis;;;;;;;;;;;;;
b_badhuis_adj;Badhuis;;;;;;;;;;;;;
b_badhuis_desc;Badhuis;;;;;;;;;;;;;
b_feramoris;Feramoris;;;;;;;;;;;;;
b_feramoris_adj;Feramoris;;;;;;;;;;;;;
b_feramoris_desc;Feramoris;;;;;;;;;;;;;
b_nebrador;Nebrador;;;;;;;;;;;;;
b_nebrador_adj;Nebrador;;;;;;;;;;;;;
b_nebrador_desc;Nebrador;;;;;;;;;;;;;
b_altimaren;Altimaren;;;;;;;;;;;;;
b_altimaren_adj;Altimaren;;;;;;;;;;;;;
b_altimaren_desc;Altimaren;;;;;;;;;;;;;
b_torcelor;Torcelor;;;;;;;;;;;;;
b_torcelor_adj;Torcelor;;;;;;;;;;;;;
b_torcelor_desc;Torcelor;;;;;;;;;;;;;
b_cardenor;Cardenor;;;;;;;;;;;;;
b_cardenor_adj;Cardenor;;;;;;;;;;;;;
b_cardenor_desc;Cardenor;;;;;;;;;;;;;
b_torfumel;Torfumel;;;;;;;;;;;;;
b_torfumel_adj;Torfumel;;;;;;;;;;;;;
b_torfumel_desc;Torfumel;;;;;;;;;;;;;
b_torvalenara;Torvalenara;;;;;;;;;;;;;
b_torvalenara_adj;Torvalenara;;;;;;;;;;;;;
b_torvalenara_desc;Torvalenara;;;;;;;;;;;;;
b_valcenara;Valcenara;;;;;;;;;;;;;
b_valcenara_adj;Valcenara;;;;;;;;;;;;;
b_valcenara_desc;Valcenara;;;;;;;;;;;;;
b_valisell;Valisell;;;;;;;;;;;;;
b_valisell_adj;Valisell;;;;;;;;;;;;;
b_valisell_desc;Valisell;;;;;;;;;;;;;
b_altaniel;Altaniel;;;;;;;;;;;;;
b_altaniel_adj;Altaniel;;;;;;;;;;;;;
b_altaniel_desc;Altaniel;;;;;;;;;;;;;
b_torvalenis;Torvalenis;;;;;;;;;;;;;
b_torvalenis_adj;Torvalenis;;;;;;;;;;;;;
b_torvalenis_desc;Torvalenis;;;;;;;;;;;;;
b_altamar;Altamar;;;;;;;;;;;;;
b_altamar_adj;Altamar;;;;;;;;;;;;;
b_altamar_desc;Altamar;;;;;;;;;;;;;
b_nebramar;Nebramar;;;;;;;;;;;;;
b_nebramar_adj;Nebramar;;;;;;;;;;;;;
b_nebramar_desc;Nebramar;;;;;;;;;;;;;
b_torenoris;Torenoris;;;;;;;;;;;;;
b_torenoris_adj;Torenoris;;;;;;;;;;;;;
b_torenoris_desc;Torenoris;;;;;;;;;;;;;
b_nebrisel;Nebrisel;;;;;;;;;;;;;
b_nebrisel_adj;Nebrisel;;;;;;;;;;;;;
b_nebrisel_desc;Nebrisel;;;;;;;;;;;;;
b_calimar;Calimar;;;;;;;;;;;;;
b_calimar_adj;Calimar;;;;;;;;;;;;;
b_calimar_desc;Calimar;;;;;;;;;;;;;
b_torcalor;Torcalor;;;;;;;;;;;;;
b_torcalor_adj;Torcalor;;;;;;;;;;;;;
b_torcalor_desc;Torcalor;;;;;;;;;;;;;
b_tormelion;Tormelion;;;;;;;;;;;;;
b_tormelion_adj;Tormelion;;;;;;;;;;;;;
b_tormelion_desc;Tormelion;;;;;;;;;;;;;
b_alticoris;Alticoris;;;;;;;;;;;;;
b_alticoris_adj;Alticoris;;;;;;;;;;;;;
b_alticoris_desc;Alticoris;;;;;;;;;;;;;
b_fumarisel;Fumarisel;;;;;;;;;;;;;
b_fumarisel_adj;Fumarisel;;;;;;;;;;;;;
b_fumarisel_desc;Fumarisel;;;;;;;;;;;;;
b_torvalisell;Torvalisell;;;;;;;;;;;;;
b_torvalisell_adj;Torvalisell;;;;;;;;;;;;;
b_torvalisell_desc;Torvalisell;;;;;;;;;;;;;
b_altanara;Altanara;;;;;;;;;;;;;
b_altanara_adj;Altanara;;;;;;;;;;;;;
b_altanara_desc;Altanara;;;;;;;;;;;;;
b_seltenor;Seltenor;;;;;;;;;;;;;
b_seltenor_adj;Seltenor;;;;;;;;;;;;;
b_seltenor_desc;Seltenor;;;;;;;;;;;;;
b_belisell;Belisell;;;;;;;;;;;;;
b_belisell_adj;Belisell;;;;;;;;;;;;;
b_belisell_desc;Belisell;;;;;;;;;;;;;
b_alticoran;Alticoran;;;;;;;;;;;;;
b_alticoran_adj;Alticoran;;;;;;;;;;;;;
b_alticoran_desc;Alticoran;;;;;;;;;;;;;
b_torvalar;Torvalar;;;;;;;;;;;;;
b_torvalar_adj;Torvalar;;;;;;;;;;;;;
b_torvalar_desc;Torvalar;;;;;;;;;;;;;
b_selcella;Selcella;;;;;;;;;;;;;
b_selcella_adj;Selcella;;;;;;;;;;;;;
b_selcella_desc;Selcella;;;;;;;;;;;;;
b_selcanisell;Selcanisell;;;;;;;;;;;;;
b_selcanisell_adj;Selcanisell;;;;;;;;;;;;;
b_selcanisell_desc;Selcanisell;;;;;;;;;;;;;
b_valcenis;Valcenis;;;;;;;;;;;;;
b_valcenis_adj;Valcenis;;;;;;;;;;;;;
b_valcenis_desc;Valcenis;;;;;;;;;;;;;
b_marenor;Marenor;;;;;;;;;;;;;
b_marenor_adj;Marenor;;;;;;;;;;;;;
b_marenor_desc;Marenor;;;;;;;;;;;;;
b_marcenor;Marcenor;;;;;;;;;;;;;
b_marcenor_adj;Marcenor;;;;;;;;;;;;;
b_marcenor_desc;Marcenor;;;;;;;;;;;;;
b_selvalisell;Selvalisell;;;;;;;;;;;;;
b_selvalisell_adj;Selvalisell;;;;;;;;;;;;;
b_selvalisell_desc;Selvalisell;;;;;;;;;;;;;
b_valceris;Valceris;;;;;;;;;;;;;
b_valceris_adj;Valceris;;;;;;;;;;;;;
b_valceris_desc;Valceris;;;;;;;;;;;;;
b_valnebris;Valnebris;;;;;;;;;;;;;
b_valnebris_adj;Valnebris;;;;;;;;;;;;;
b_valnebris_desc;Valnebris;;;;;;;;;;;;;
b_torimoris;Torimoris;;;;;;;;;;;;;
b_torimoris_adj;Torimoris;;;;;;;;;;;;;
b_torimoris_desc;Torimoris;;;;;;;;;;;;;
b_valbrumaris;Valbrumaris;;;;;;;;;;;;;
b_valbrumaris_adj;Valbrumaris;;;;;;;;;;;;;
b_valbrumaris_desc;Valbrumaris;;;;;;;;;;;;;
b_coramoris;Coramoris;;;;;;;;;;;;;
b_coramoris_adj;Coramoris;;;;;;;;;;;;;
b_coramoris_desc;Coramoris;;;;;;;;;;;;;
b_selmoris;Selmoris;;;;;;;;;;;;;
b_selmoris_adj;Selmoris;;;;;;;;;;;;;
b_selmoris_desc;Selmoris;;;;;;;;;;;;;
b_fumarcan;Fumarcan;;;;;;;;;;;;;
b_fumarcan_adj;Fumarcan;;;;;;;;;;;;;
b_fumarcan_desc;Fumarcan;;;;;;;;;;;;;
b_selcanor;Selcanor;;;;;;;;;;;;;
b_selcanor_adj;Selcanor;;;;;;;;;;;;;
b_selcanor_desc;Selcanor;;;;;;;;;;;;;
b_belvalen;Belvalen;;;;;;;;;;;;;
b_belvalen_adj;Belvalen;;;;;;;;;;;;;
b_belvalen_desc;Belvalen;;;;;;;;;;;;;
b_calnebror;Calnebror;;;;;;;;;;;;;
b_calnebror_adj;Calnebror;;;;;;;;;;;;;
b_calnebror_desc;Calnebror;;;;;;;;;;;;;
b_celsimar;Celsimar;;;;;;;;;;;;;
b_celsimar_adj;Celsimar;;;;;;;;;;;;;
b_celsimar_desc;Celsimar;;;;;;;;;;;;;
b_valbrumor;Valbrumor;;;;;;;;;;;;;
b_valbrumor_adj;Valbrumor;;;;;;;;;;;;;
b_valbrumor_desc;Valbrumor;;;;;;;;;;;;;
b_torfuman;Torfuman;;;;;;;;;;;;;
b_torfuman_adj;Torfuman;;;;;;;;;;;;;
b_torfuman_desc;Torfuman;;;;;;;;;;;;;
b_tornebris;Tornebris;;;;;;;;;;;;;
b_tornebris_adj;Tornebris;;;;;;;;;;;;;
b_tornebris_desc;Tornebris;;;;;;;;;;;;;
b_marenoris;Marenoris;;;;;;;;;;;;;
b_marenoris_adj;Marenoris;;;;;;;;;;;;;
b_marenoris_desc;Marenoris;;;;;;;;;;;;;
b_valmaren;Valmaren;;;;;;;;;;;;;
b_valmaren_adj;Valmaren;;;;;;;;;;;;;
b_valmaren_desc;Valmaren;;;;;;;;;;;;;
b_calbrumen;Calbrumen;;;;;;;;;;;;;
b_calbrumen_adj;Calbrumen;;;;;;;;;;;;;
b_calbrumen_desc;Calbrumen;;;;;;;;;;;;;
b_altimoris;Altimoris;;;;;;;;;;;;;
b_altimoris_adj;Altimoris;;;;;;;;;;;;;
b_altimoris_desc;Altimoris;;;;;;;;;;;;;
b_valcorisel;Valcorisel;;;;;;;;;;;;;
b_valcorisel_adj;Valcorisel;;;;;;;;;;;;;
b_valcorisel_desc;Valcorisel;;;;;;;;;;;;;
b_ferraia;Ferraia;;;;;;;;;;;;;
b_ferraia_adj;Ferraia;;;;;;;;;;;;;
b_ferraia_desc;Ferraia;;;;;;;;;;;;;
b_silvo;Silvo;;;;;;;;;;;;;
b_silvo_adj;Silvo;;;;;;;;;;;;;
b_silvo_desc;Silvo;;;;;;;;;;;;;
b_poeiro;Poeiro;;;;;;;;;;;;;
b_poeiro_adj;Poeiro;;;;;;;;;;;;;
b_poeiro_desc;Poeiro;;;;;;;;;;;;;
b_vinha;Vinha;;;;;;;;;;;;;
b_vinha_adj;Vinha;;;;;;;;;;;;;
b_vinha_desc;Vinha;;;;;;;;;;;;;
b_montariz;Montariz;;;;;;;;;;;;;
b_montariz_adj;Montariz;;;;;;;;;;;;;
b_montariz_desc;Montariz;;;;;;;;;;;;;
b_linhosa;Linhosa;;;;;;;;;;;;;
b_linhosa_adj;Linhosa;;;;;;;;;;;;;
b_linhosa_desc;Linhosa;;;;;;;;;;;;;
b_facheiro;Facheiro;;;;;;;;;;;;;
b_facheiro_adj;Facheiro;;;;;;;;;;;;;
b_facheiro_desc;Facheiro;;;;;;;;;;;;;
b_lagosa;Lagosa;;;;;;;;;;;;;
b_lagosa_adj;Lagosa;;;;;;;;;;;;;
b_lagosa_desc;Lagosa;;;;;;;;;;;;;
b_milheira;Milheira;;;;;;;;;;;;;
b_milheira_adj;Milheira;;;;;;;;;;;;;
b_milheira_desc;Milheira;;;;;;;;;;;;;
b_pontas;Pontas;;;;;;;;;;;;;
b_pontas_adj;Pontas;;;;;;;;;;;;;
b_pontas_desc;Pontas;;;;;;;;;;;;;
b_pradeira;Pradeira;;;;;;;;;;;;;
b_pradeira_adj;Pradeira;;;;;;;;;;;;;
b_pradeira_desc;Pradeira;;;;;;;;;;;;;
b_peres;Peres;;;;;;;;;;;;;
b_peres_adj;Peres;;;;;;;;;;;;;
b_peres_desc;Peres;;;;;;;;;;;;;
b_coutas;Coutas;;;;;;;;;;;;;
b_coutas_adj;Coutas;;;;;;;;;;;;;
b_coutas_desc;Coutas;;;;;;;;;;;;;
b_lacho;Lacho;;;;;;;;;;;;;
b_lacho_adj;Lacho;;;;;;;;;;;;;
b_lacho_desc;Lacho;;;;;;;;;;;;;
b_carral;Carral;;;;;;;;;;;;;
b_carral_adj;Carral;;;;;;;;;;;;;
b_carral_desc;Carral;;;;;;;;;;;;;
b_carneira;Carneira;;;;;;;;;;;;;
b_carneira_adj;Carneira;;;;;;;;;;;;;
b_carneira_desc;Carneira;;;;;;;;;;;;;
b_freixal;Freixal;;;;;;;;;;;;;
b_freixal_adj;Freixal;;;;;;;;;;;;;
b_freixal_desc;Freixal;;;;;;;;;;;;;
b_campanha;Campanha;;;;;;;;;;;;;
b_campanha_adj;Campanha;;;;;;;;;;;;;
b_campanha_desc;Campanha;;;;;;;;;;;;;
b_encada;Encada;;;;;;;;;;;;;
b_encada_adj;Encada;;;;;;;;;;;;;
b_encada_desc;Encada;;;;;;;;;;;;;
b_pedriz;Pedriz;;;;;;;;;;;;;
b_pedriz_adj;Pedriz;;;;;;;;;;;;;
b_pedriz_desc;Pedriz;;;;;;;;;;;;;
b_gavide;Gavide;;;;;;;;;;;;;
b_gavide_adj;Gavide;;;;;;;;;;;;;
b_gavide_desc;Gavide;;;;;;;;;;;;;
b_vermosa;Vermosa;;;;;;;;;;;;;
b_vermosa_adj;Vermosa;;;;;;;;;;;;;
b_vermosa_desc;Vermosa;;;;;;;;;;;;;
b_gonda;Gonda;;;;;;;;;;;;;
b_gonda_adj;Gonda;;;;;;;;;;;;;
b_gonda_desc;Gonda;;;;;;;;;;;;;
b_barrobo;Barrobo;;;;;;;;;;;;;
b_barrobo_adj;Barrobo;;;;;;;;;;;;;
b_barrobo_desc;Barrobo;;;;;;;;;;;;;
b_figos;Figos;;;;;;;;;;;;;
b_figos_adj;Figos;;;;;;;;;;;;;
b_figos_desc;Figos;;;;;;;;;;;;;
b_botilla;Botilla;;;;;;;;;;;;;
b_botilla_adj;Botilla;;;;;;;;;;;;;
b_botilla_desc;Botilla;;;;;;;;;;;;;
b_ainete;Ainete;;;;;;;;;;;;;
b_ainete_adj;Ainete;;;;;;;;;;;;;
b_ainete_desc;Ainete;;;;;;;;;;;;;
b_fontana;Fontana;;;;;;;;;;;;;
b_fontana_adj;Fontana;;;;;;;;;;;;;
b_fontana_desc;Fontana;;;;;;;;;;;;;
b_estana;Estana;;;;;;;;;;;;;
b_estana_adj;Estana;;;;;;;;;;;;;
b_estana_desc;Estana;;;;;;;;;;;;;
b_chillar;Chillar;;;;;;;;;;;;;
b_chillar_adj;Chillar;;;;;;;;;;;;;
b_chillar_desc;Chillar;;;;;;;;;;;;;
b_portomil;Portomil;;;;;;;;;;;;;
b_portomil_adj;Portomil;;;;;;;;;;;;;
b_portomil_desc;Portomil;;;;;;;;;;;;;
b_aldeazo;Aldeazo;;;;;;;;;;;;;
b_aldeazo_adj;Aldeazo;;;;;;;;;;;;;
b_aldeazo_desc;Aldeazo;;;;;;;;;;;;;
b_ardona;Ardona;;;;;;;;;;;;;
b_ardona_adj;Ardona;;;;;;;;;;;;;
b_ardona_desc;Ardona;;;;;;;;;;;;;
b_borleta;Borleta;;;;;;;;;;;;;
b_borleta_adj;Borleta;;;;;;;;;;;;;
b_borleta_desc;Borleta;;;;;;;;;;;;;
b_canheda;Canheda;;;;;;;;;;;;;
b_canheda_adj;Canheda;;;;;;;;;;;;;
b_canheda_desc;Canheda;;;;;;;;;;;;;
b_terrinha;Terrinha;;;;;;;;;;;;;
b_terrinha_adj;Terrinha;;;;;;;;;;;;;
b_terrinha_desc;Terrinha;;;;;;;;;;;;;
b_nadal;Nadal;;;;;;;;;;;;;
b_nadal_adj;Nadal;;;;;;;;;;;;;
b_nadal_desc;Nadal;;;;;;;;;;;;;
b_cervo;Cervo;;;;;;;;;;;;;
b_cervo_adj;Cervo;;;;;;;;;;;;;
b_cervo_desc;Cervo;;;;;;;;;;;;;
b_massa;Massa;;;;;;;;;;;;;
b_massa_adj;Massa;;;;;;;;;;;;;
b_massa_desc;Massa;;;;;;;;;;;;;
b_valda;Valda;;;;;;;;;;;;;
b_valda_adj;Valda;;;;;;;;;;;;;
b_valda_desc;Valda;;;;;;;;;;;;;
b_tabarro;Tabarro;;;;;;;;;;;;;
b_tabarro_adj;Tabarro;;;;;;;;;;;;;
b_tabarro_desc;Tabarro;;;;;;;;;;;;;
b_calhudos;Calhudos;;;;;;;;;;;;;
b_calhudos_adj;Calhudos;;;;;;;;;;;;;
b_calhudos_desc;Calhudos;;;;;;;;;;;;;
b_palhada;Palhada;;;;;;;;;;;;;
b_palhada_adj;Palhada;;;;;;;;;;;;;
b_palhada_desc;Palhada;;;;;;;;;;;;;
b_valhada;Valhada;;;;;;;;;;;;;
b_valhada_adj;Valhada;;;;;;;;;;;;;
b_valhada_desc;Valhada;;;;;;;;;;;;;
b_sandes;Sandes;;;;;;;;;;;;;
b_sandes_adj;Sandes;;;;;;;;;;;;;
b_sandes_desc;Sandes;;;;;;;;;;;;;
b_posseira;Posseira;;;;;;;;;;;;;
b_posseira_adj;Posseira;;;;;;;;;;;;;
b_posseira_desc;Posseira;;;;;;;;;;;;;
b_moureira;Moureira;;;;;;;;;;;;;
b_moureira_adj;Moureira;;;;;;;;;;;;;
b_moureira_desc;Moureira;;;;;;;;;;;;;
b_cotinhos;Cotinhos;;;;;;;;;;;;;
b_cotinhos_adj;Cotinhos;;;;;;;;;;;;;
b_cotinhos_desc;Cotinhos;;;;;;;;;;;;;
b_porcas;Porcas;;;;;;;;;;;;;
b_porcas_adj;Porcas;;;;;;;;;;;;;
b_porcas_desc;Porcas;;;;;;;;;;;;;
b_barrinha;Barrinha;;;;;;;;;;;;;
b_barrinha_adj;Barrinha;;;;;;;;;;;;;
b_barrinha_desc;Barrinha;;;;;;;;;;;;;
b_ermido;Ermido;;;;;;;;;;;;;
b_ermido_adj;Ermido;;;;;;;;;;;;;
b_ermido_desc;Ermido;;;;;;;;;;;;;
b_cerejos;Cerejos;;;;;;;;;;;;;
b_cerejos_adj;Cerejos;;;;;;;;;;;;;
b_cerejos_desc;Cerejos;;;;;;;;;;;;;
b_covel;Covel;;;;;;;;;;;;;
b_covel_adj;Covel;;;;;;;;;;;;;
b_covel_desc;Covel;;;;;;;;;;;;;
b_couro;Couro;;;;;;;;;;;;;
b_couro_adj;Couro;;;;;;;;;;;;;
b_couro_desc;Couro;;;;;;;;;;;;;
b_polvo;Polvo;;;;;;;;;;;;;
b_polvo_adj;Polvo;;;;;;;;;;;;;
b_polvo_desc;Polvo;;;;;;;;;;;;;
b_sarreira;Sarreira;;;;;;;;;;;;;
b_sarreira_adj;Sarreira;;;;;;;;;;;;;
b_sarreira_desc;Sarreira;;;;;;;;;;;;;
b_pedrulho;Pedrulho;;;;;;;;;;;;;
b_pedrulho_adj;Pedrulho;;;;;;;;;;;;;
b_pedrulho_desc;Pedrulho;;;;;;;;;;;;;
b_patama;Patama;;;;;;;;;;;;;
b_patama_adj;Patama;;;;;;;;;;;;;
b_patama_desc;Patama;;;;;;;;;;;;;
b_balla;Balla;;;;;;;;;;;;;
b_balla_adj;Balla;;;;;;;;;;;;;
b_balla_desc;Balla;;;;;;;;;;;;;
b_villos;Villos;;;;;;;;;;;;;
b_villos_adj;Villos;;;;;;;;;;;;;
b_villos_desc;Villos;;;;;;;;;;;;;
b_conte;Conte;;;;;;;;;;;;;
b_conte_adj;Conte;;;;;;;;;;;;;
b_conte_desc;Conte;;;;;;;;;;;;;
b_vilanes;Vilanes;;;;;;;;;;;;;
b_vilanes_adj;Vilanes;;;;;;;;;;;;;
b_vilanes_desc;Vilanes;;;;;;;;;;;;;
b_amadre;Amadre;;;;;;;;;;;;;
b_amadre_adj;Amadre;;;;;;;;;;;;;
b_amadre_desc;Amadre;;;;;;;;;;;;;
b_valmojas;Valmojas;;;;;;;;;;;;;
b_valmojas_adj;Valmojas;;;;;;;;;;;;;
b_valmojas_desc;Valmojas;;;;;;;;;;;;;
b_castia;Castia;;;;;;;;;;;;;
b_castia_adj;Castia;;;;;;;;;;;;;
b_castia_desc;Castia;;;;;;;;;;;;;
b_monal;Monal;;;;;;;;;;;;;
b_monal_adj;Monal;;;;;;;;;;;;;
b_monal_desc;Monal;;;;;;;;;;;;;
b_galeira;Galeira;;;;;;;;;;;;;
b_galeira_adj;Galeira;;;;;;;;;;;;;
b_galeira_desc;Galeira;;;;;;;;;;;;;
b_moutos;Moutos;;;;;;;;;;;;;
b_moutos_adj;Moutos;;;;;;;;;;;;;
b_moutos_desc;Moutos;;;;;;;;;;;;;
b_amoreiro;Amoreiro;;;;;;;;;;;;;
b_amoreiro_adj;Amoreiro;;;;;;;;;;;;;
b_amoreiro_desc;Amoreiro;;;;;;;;;;;;;
b_ninhos;Ninhos;;;;;;;;;;;;;
b_ninhos_adj;Ninhos;;;;;;;;;;;;;
b_ninhos_desc;Ninhos;;;;;;;;;;;;;
b_lordelas;Lordelas;;;;;;;;;;;;;
b_lordelas_adj;Lordelas;;;;;;;;;;;;;
b_lordelas_desc;Lordelas;;;;;;;;;;;;;
b_ulmeiras;Ulmeiras;;;;;;;;;;;;;
b_ulmeiras_adj;Ulmeiras;;;;;;;;;;;;;
b_ulmeiras_desc;Ulmeiras;;;;;;;;;;;;;
b_carroca;Carroca;;;;;;;;;;;;;
b_carroca_adj;Carroca;;;;;;;;;;;;;
b_carroca_desc;Carroca;;;;;;;;;;;;;
b_monteiro;Monteiro;;;;;;;;;;;;;
b_monteiro_adj;Monteiro;;;;;;;;;;;;;
b_monteiro_desc;Monteiro;;;;;;;;;;;;;
b_corvedal;Corvedal;;;;;;;;;;;;;
b_corvedal_adj;Corvedal;;;;;;;;;;;;;
b_corvedal_desc;Corvedal;;;;;;;;;;;;;
b_outeira;Outeira;;;;;;;;;;;;;
b_outeira_adj;Outeira;;;;;;;;;;;;;
b_outeira_desc;Outeira;;;;;;;;;;;;;
b_bentela;Bentela;;;;;;;;;;;;;
b_bentela_adj;Bentela;;;;;;;;;;;;;
b_bentela_desc;Bentela;;;;;;;;;;;;;
b_passada;Passada;;;;;;;;;;;;;
b_passada_adj;Passada;;;;;;;;;;;;;
b_passada_desc;Passada;;;;;;;;;;;;;
b_lameias;Lameias;;;;;;;;;;;;;
b_lameias_adj;Lameias;;;;;;;;;;;;;
b_lameias_desc;Lameias;;;;;;;;;;;;;
b_bouca;Bouca;;;;;;;;;;;;;
b_bouca_adj;Bouca;;;;;;;;;;;;;
b_bouca_desc;Bouca;;;;;;;;;;;;;
b_linhal;Linhal;;;;;;;;;;;;;
b_linhal_adj;Linhal;;;;;;;;;;;;;
b_linhal_desc;Linhal;;;;;;;;;;;;;
b_praso;Praso;;;;;;;;;;;;;
b_praso_adj;Praso;;;;;;;;;;;;;
b_praso_desc;Praso;;;;;;;;;;;;;
b_lavete;Lavete;;;;;;;;;;;;;
b_lavete_adj;Lavete;;;;;;;;;;;;;
b_lavete_desc;Lavete;;;;;;;;;;;;;
b_bucia;Bucia;;;;;;;;;;;;;
b_bucia_adj;Bucia;;;;;;;;;;;;;
b_bucia_desc;Bucia;;;;;;;;;;;;;
b_crasta;Crasta;;;;;;;;;;;;;
b_crasta_adj;Crasta;;;;;;;;;;;;;
b_crasta_desc;Crasta;;;;;;;;;;;;;
b_leira;Leira;;;;;;;;;;;;;
b_leira_adj;Leira;;;;;;;;;;;;;
b_leira_desc;Leira;;;;;;;;;;;;;
b_feita;Feita;;;;;;;;;;;;;
b_feita_adj;Feita;;;;;;;;;;;;;
b_feita_desc;Feita;;;;;;;;;;;;;
b_barroios;Barroios;;;;;;;;;;;;;
b_barroios_adj;Barroios;;;;;;;;;;;;;
b_barroios_desc;Barroios;;;;;;;;;;;;;
b_almarina;Almarina;;;;;;;;;;;;;
b_almarina_adj;Almarina;;;;;;;;;;;;;
b_almarina_desc;Almarina;;;;;;;;;;;;;
b_mouro;Mouro;;;;;;;;;;;;;
b_mouro_adj;Mouro;;;;;;;;;;;;;
b_mouro_desc;Mouro;;;;;;;;;;;;;
b_zapar;Zapar;;;;;;;;;;;;;
b_zapar_adj;Zapar;;;;;;;;;;;;;
b_zapar_desc;Zapar;;;;;;;;;;;;;
b_sardia;Sardia;;;;;;;;;;;;;
b_sardia_adj;Sardia;;;;;;;;;;;;;
b_sardia_desc;Sardia;;;;;;;;;;;;;
b_adrade;Adrade;;;;;;;;;;;;;
b_adrade_adj;Adrade;;;;;;;;;;;;;
b_adrade_desc;Adrade;;;;;;;;;;;;;
b_murce;Murce;;;;;;;;;;;;;
b_murce_adj;Murce;;;;;;;;;;;;;
b_murce_desc;Murce;;;;;;;;;;;;;
b_movel;Movel;;;;;;;;;;;;;
b_movel_adj;Movel;;;;;;;;;;;;;
b_movel_desc;Movel;;;;;;;;;;;;;
b_casalto;Casalto;;;;;;;;;;;;;
b_casalto_adj;Casalto;;;;;;;;;;;;;
b_casalto_desc;Casalto;;;;;;;;;;;;;
b_cabre;Cabre;;;;;;;;;;;;;
b_cabre_adj;Cabre;;;;;;;;;;;;;
b_cabre_desc;Cabre;;;;;;;;;;;;;
b_valde;Valde;;;;;;;;;;;;;
b_valde_adj;Valde;;;;;;;;;;;;;
b_valde_desc;Valde;;;;;;;;;;;;;
b_corno;Corno;;;;;;;;;;;;;
b_corno_adj;Corno;;;;;;;;;;;;;
b_corno_desc;Corno;;;;;;;;;;;;;
b_auros;Auros;;;;;;;;;;;;;
b_auros_adj;Auros;;;;;;;;;;;;;
b_auros_desc;Auros;;;;;;;;;;;;;
b_meixo;Meixo;;;;;;;;;;;;;
b_meixo_adj;Meixo;;;;;;;;;;;;;
b_meixo_desc;Meixo;;;;;;;;;;;;;
b_cardel;Cardel;;;;;;;;;;;;;
b_cardel_adj;Cardel;;;;;;;;;;;;;
b_cardel_desc;Cardel;;;;;;;;;;;;;
b_paneras;Paneras;;;;;;;;;;;;;
b_paneras_adj;Paneras;;;;;;;;;;;;;
b_paneras_desc;Paneras;;;;;;;;;;;;;
b_herbio;Herbio;;;;;;;;;;;;;
b_herbio_adj;Herbio;;;;;;;;;;;;;
b_herbio_desc;Herbio;;;;;;;;;;;;;
b_mando;Mando;;;;;;;;;;;;;
b_mando_adj;Mando;;;;;;;;;;;;;
b_mando_desc;Mando;;;;;;;;;;;;;
b_cacha;Cacha;;;;;;;;;;;;;
b_cacha_adj;Cacha;;;;;;;;;;;;;
b_cacha_desc;Cacha;;;;;;;;;;;;;
b_sanza;Sanza;;;;;;;;;;;;;
b_sanza_adj;Sanza;;;;;;;;;;;;;
b_sanza_desc;Sanza;;;;;;;;;;;;;
b_papues;Papues;;;;;;;;;;;;;
b_papues_adj;Papues;;;;;;;;;;;;;
b_papues_desc;Papues;;;;;;;;;;;;;
b_verdizes;Verdizes;;;;;;;;;;;;;
b_verdizes_adj;Verdizes;;;;;;;;;;;;;
b_verdizes_desc;Verdizes;;;;;;;;;;;;;
b_fogueiro;Fogueiro;;;;;;;;;;;;;
b_fogueiro_adj;Fogueiro;;;;;;;;;;;;;
b_fogueiro_desc;Fogueiro;;;;;;;;;;;;;
b_fradela;Fradela;;;;;;;;;;;;;
b_fradela_adj;Fradela;;;;;;;;;;;;;
b_fradela_desc;Fradela;;;;;;;;;;;;;
b_pedreses;Pedreses;;;;;;;;;;;;;
b_pedreses_adj;Pedreses;;;;;;;;;;;;;
b_pedreses_desc;Pedreses;;;;;;;;;;;;;
b_pombo;Pombo;;;;;;;;;;;;;
b_pombo_adj;Pombo;;;;;;;;;;;;;
b_pombo_desc;Pombo;;;;;;;;;;;;;
b_brumelo;Brumelo;;;;;;;;;;;;;
b_brumelo_adj;Brumelo;;;;;;;;;;;;;
b_brumelo_desc;Brumelo;;;;;;;;;;;;;
b_pinhas;Pinhas;;;;;;;;;;;;;
b_pinhas_adj;Pinhas;;;;;;;;;;;;;
b_pinhas_desc;Pinhas;;;;;;;;;;;;;
b_arras;Arras;;;;;;;;;;;;;
b_arras_adj;Arras;;;;;;;;;;;;;
b_arras_desc;Arras;;;;;;;;;;;;;
b_burim;Burim;;;;;;;;;;;;;
b_burim_adj;Burim;;;;;;;;;;;;;
b_burim_desc;Burim;;;;;;;;;;;;;
b_pontel;Pontel;;;;;;;;;;;;;
b_pontel_adj;Pontel;;;;;;;;;;;;;
b_pontel_desc;Pontel;;;;;;;;;;;;;
b_cachos;Cachos;;;;;;;;;;;;;
b_cachos_adj;Cachos;;;;;;;;;;;;;
b_cachos_desc;Cachos;;;;;;;;;;;;;
b_grelo;Grelo;;;;;;;;;;;;;
b_grelo_adj;Grelo;;;;;;;;;;;;;
b_grelo_desc;Grelo;;;;;;;;;;;;;
b_tourinho;Tourinho;;;;;;;;;;;;;
b_tourinho_adj;Tourinho;;;;;;;;;;;;;
b_tourinho_desc;Tourinho;;;;;;;;;;;;;
b_palha;Palha;;;;;;;;;;;;;
b_palha_adj;Palha;;;;;;;;;;;;;
b_palha_desc;Palha;;;;;;;;;;;;;
b_cheiro;Cheiro;;;;;;;;;;;;;
b_cheiro_adj;Cheiro;;;;;;;;;;;;;
b_cheiro_desc;Cheiro;;;;;;;;;;;;;
b_milla;Milla;;;;;;;;;;;;;
b_milla_adj;Milla;;;;;;;;;;;;;
b_milla_desc;Milla;;;;;;;;;;;;;
b_castana;Castana;;;;;;;;;;;;;
b_castana_adj;Castana;;;;;;;;;;;;;
b_castana_desc;Castana;;;;;;;;;;;;;
b_panar;Panar;;;;;;;;;;;;;
b_panar_adj;Panar;;;;;;;;;;;;;
b_panar_desc;Panar;;;;;;;;;;;;;
b_aramuela;Aramuela;;;;;;;;;;;;;
b_aramuela_adj;Aramuela;;;;;;;;;;;;;
b_aramuela_desc;Aramuela;;;;;;;;;;;;;
b_porronas;Porronas;;;;;;;;;;;;;
b_porronas_adj;Porronas;;;;;;;;;;;;;
b_porronas_desc;Porronas;;;;;;;;;;;;;
b_enteja;Enteja;;;;;;;;;;;;;
b_enteja_adj;Enteja;;;;;;;;;;;;;
b_enteja_desc;Enteja;;;;;;;;;;;;;
b_artigos;Artigos;;;;;;;;;;;;;
b_artigos_adj;Artigos;;;;;;;;;;;;;
b_artigos_desc;Artigos;;;;;;;;;;;;;
b_mostar;Mostar;;;;;;;;;;;;;
b_mostar_adj;Mostar;;;;;;;;;;;;;
b_mostar_desc;Mostar;;;;;;;;;;;;;
b_fares;Fares;;;;;;;;;;;;;
b_fares_adj;Fares;;;;;;;;;;;;;
b_fares_desc;Fares;;;;;;;;;;;;;
b_escovelo;Escovelo;;;;;;;;;;;;;
b_escovelo_adj;Escovelo;;;;;;;;;;;;;
b_escovelo_desc;Escovelo;;;;;;;;;;;;;
b_maganhas;Maganhas;;;;;;;;;;;;;
b_maganhas_adj;Maganhas;;;;;;;;;;;;;
b_maganhas_desc;Maganhas;;;;;;;;;;;;;
b_agude;Agude;;;;;;;;;;;;;
b_agude_adj;Agude;;;;;;;;;;;;;
b_agude_desc;Agude;;;;;;;;;;;;;
b_santinha;Santinha;;;;;;;;;;;;;
b_santinha_adj;Santinha;;;;;;;;;;;;;
b_santinha_desc;Santinha;;;;;;;;;;;;;
b_bonais;Bonais;;;;;;;;;;;;;
b_bonais_adj;Bonais;;;;;;;;;;;;;
b_bonais_desc;Bonais;;;;;;;;;;;;;
b_landa;Landa;;;;;;;;;;;;;
b_landa_adj;Landa;;;;;;;;;;;;;
b_landa_desc;Landa;;;;;;;;;;;;;
b_meira;Meira;;;;;;;;;;;;;
b_meira_adj;Meira;;;;;;;;;;;;;
b_meira_desc;Meira;;;;;;;;;;;;;
b_drashim;Drashim;;;;;;;;;;;;;
b_drashim_adj;Drashim;;;;;;;;;;;;;
b_drashim_desc;Drashim;;;;;;;;;;;;;
b_sanarik;Sanarik;;;;;;;;;;;;;
b_sanarik_adj;Sanarik;;;;;;;;;;;;;
b_sanarik_desc;Sanarik;;;;;;;;;;;;;
b_morinel;Morinel;;;;;;;;;;;;;
b_morinel_adj;Morinel;;;;;;;;;;;;;
b_morinel_desc;Morinel;;;;;;;;;;;;;
b_beskar;Beskar;;;;;;;;;;;;;
b_beskar_adj;Beskar;;;;;;;;;;;;;
b_beskar_desc;Beskar;;;;;;;;;;;;;
b_dagorin;Dagorin;;;;;;;;;;;;;
b_dagorin_adj;Dagorin;;;;;;;;;;;;;
b_dagorin_desc;Dagorin;;;;;;;;;;;;;
b_zanik;Zanik;;;;;;;;;;;;;
b_zanik_adj;Zanik;;;;;;;;;;;;;
b_zanik_desc;Zanik;;;;;;;;;;;;;
b_luaneth;Luaneth;;;;;;;;;;;;;
b_luaneth_adj;Luaneth;;;;;;;;;;;;;
b_luaneth_desc;Luaneth;;;;;;;;;;;;;
b_hortan;Hortan;;;;;;;;;;;;;
b_hortan_adj;Hortan;;;;;;;;;;;;;
b_hortan_desc;Hortan;;;;;;;;;;;;;
b_borash;Borash;;;;;;;;;;;;;
b_borash_adj;Borash;;;;;;;;;;;;;
b_borash_desc;Borash;;;;;;;;;;;;;
b_arkëron;Arkëron;;;;;;;;;;;;;
b_arkëron_adj;Arkëron;;;;;;;;;;;;;
b_arkëron_desc;Arkëron;;;;;;;;;;;;;
b_dardok;Dardok;;;;;;;;;;;;;
b_dardok_adj;Dardok;;;;;;;;;;;;;
b_dardok_desc;Dardok;;;;;;;;;;;;;
b_kelorin;Kelorin;;;;;;;;;;;;;
b_kelorin_adj;Kelorin;;;;;;;;;;;;;
b_kelorin_desc;Kelorin;;;;;;;;;;;;;
b_bledanar;Bledanar;;;;;;;;;;;;;
b_bledanar_adj;Bledanar;;;;;;;;;;;;;
b_bledanar_desc;Bledanar;;;;;;;;;;;;;
b_dritonar;Dritonar;;;;;;;;;;;;;
b_dritonar_adj;Dritonar;;;;;;;;;;;;;
b_dritonar_desc;Dritonar;;;;;;;;;;;;;
b_lirath;Lirath;;;;;;;;;;;;;
b_lirath_adj;Lirath;;;;;;;;;;;;;
b_lirath_desc;Lirath;;;;;;;;;;;;;
b_ralorin;Ralorin;;;;;;;;;;;;;
b_ralorin_adj;Ralorin;;;;;;;;;;;;;
b_ralorin_desc;Ralorin;;;;;;;;;;;;;
b_eshkar;Eshkar;;;;;;;;;;;;;
b_eshkar_adj;Eshkar;;;;;;;;;;;;;
b_eshkar_desc;Eshkar;;;;;;;;;;;;;
b_manukar;Manukar;;;;;;;;;;;;;
b_manukar_adj;Manukar;;;;;;;;;;;;;
b_manukar_desc;Manukar;;;;;;;;;;;;;
b_ilresh;Ilresh;;;;;;;;;;;;;
b_ilresh_adj;Ilresh;;;;;;;;;;;;;
b_ilresh_desc;Ilresh;;;;;;;;;;;;;
b_rronimar;Rronimar;;;;;;;;;;;;;
b_rronimar_adj;Rronimar;;;;;;;;;;;;;
b_rronimar_desc;Rronimar;;;;;;;;;;;;;
b_vjolar;Vjolar;;;;;;;;;;;;;
b_vjolar_adj;Vjolar;;;;;;;;;;;;;
b_vjolar_desc;Vjolar;;;;;;;;;;;;;
b_arkhësa;Arkhësa;;;;;;;;;;;;;
b_arkhësa_adj;Arkhësa;;;;;;;;;;;;;
b_arkhësa_desc;Arkhësa;;;;;;;;;;;;;
b_halorin;Halorin;;;;;;;;;;;;;
b_halorin_adj;Halorin;;;;;;;;;;;;;
b_halorin_desc;Halorin;;;;;;;;;;;;;
b_hadarim;Hadarim;;;;;;;;;;;;;
b_hadarim_adj;Hadarim;;;;;;;;;;;;;
b_hadarim_desc;Hadarim;;;;;;;;;;;;;
b_koradin;Koradin;;;;;;;;;;;;;
b_koradin_adj;Koradin;;;;;;;;;;;;;
b_koradin_desc;Koradin;;;;;;;;;;;;;
b_illirath;Illirath;;;;;;;;;;;;;
b_illirath_adj;Illirath;;;;;;;;;;;;;
b_illirath_desc;Illirath;;;;;;;;;;;;;
b_rimmor;Rimmor;;;;;;;;;;;;;
b_rimmor_adj;Rimmor;;;;;;;;;;;;;
b_rimmor_desc;Rimmor;;;;;;;;;;;;;
b_gentar;Gentar;;;;;;;;;;;;;
b_gentar_adj;Gentar;;;;;;;;;;;;;
b_gentar_desc;Gentar;;;;;;;;;;;;;
b_garvok;Garvok;;;;;;;;;;;;;
b_garvok_adj;Garvok;;;;;;;;;;;;;
b_garvok_desc;Garvok;;;;;;;;;;;;;
b_illorin;Illorin;;;;;;;;;;;;;
b_illorin_adj;Illorin;;;;;;;;;;;;;
b_illorin_desc;Illorin;;;;;;;;;;;;;
b_odranik;Odranik;;;;;;;;;;;;;
b_odranik_adj;Odranik;;;;;;;;;;;;;
b_odranik_desc;Odranik;;;;;;;;;;;;;
b_palreth;Palreth;;;;;;;;;;;;;
b_palreth_adj;Palreth;;;;;;;;;;;;;
b_palreth_desc;Palreth;;;;;;;;;;;;;
b_narsen;Narsen;;;;;;;;;;;;;
b_narsen_adj;Narsen;;;;;;;;;;;;;
b_narsen_desc;Narsen;;;;;;;;;;;;;
b_flyren;Flyren;;;;;;;;;;;;;
b_flyren_adj;Flyren;;;;;;;;;;;;;
b_flyren_desc;Flyren;;;;;;;;;;;;;
b_azureth;Azureth;;;;;;;;;;;;;
b_azureth_adj;Azureth;;;;;;;;;;;;;
b_azureth_desc;Azureth;;;;;;;;;;;;;
b_dakorin;Dakorin;;;;;;;;;;;;;
b_dakorin_adj;Dakorin;;;;;;;;;;;;;
b_dakorin_desc;Dakorin;;;;;;;;;;;;;
b_tekron;Tekron;;;;;;;;;;;;;
b_tekron_adj;Tekron;;;;;;;;;;;;;
b_tekron_desc;Tekron;;;;;;;;;;;;;
b_felmar;Felmar;;;;;;;;;;;;;
b_felmar_adj;Felmar;;;;;;;;;;;;;
b_felmar_desc;Felmar;;;;;;;;;;;;;
b_flaronnes;Flaronnes;;;;;;;;;;;;;
b_flaronnes_adj;Flaronnes;;;;;;;;;;;;;
b_flaronnes_desc;Flaronnes;;;;;;;;;;;;;
b_vullash;Vullash;;;;;;;;;;;;;
b_vullash_adj;Vullash;;;;;;;;;;;;;
b_vullash_desc;Vullash;;;;;;;;;;;;;
b_medu;Medu;;;;;;;;;;;;;
b_medu_adj;Medu;;;;;;;;;;;;;
b_medu_desc;Medu;;;;;;;;;;;;;
b_qerut;Qerut;;;;;;;;;;;;;
b_qerut_adj;Qerut;;;;;;;;;;;;;
b_qerut_desc;Qerut;;;;;;;;;;;;;
b_gebara;Gebara;;;;;;;;;;;;;
b_gebara_adj;Gebara;;;;;;;;;;;;;
b_gebara_desc;Gebara;;;;;;;;;;;;;
b_hutara;Hutara;;;;;;;;;;;;;
b_hutara_adj;Hutara;;;;;;;;;;;;;
b_hutara_desc;Hutara;;;;;;;;;;;;;
b_amurratu;Amurratu;;;;;;;;;;;;;
b_amurratu_adj;Amurratu;;;;;;;;;;;;;
b_amurratu_desc;Amurratu;;;;;;;;;;;;;
b_abdon;Abdon;;;;;;;;;;;;;
b_abdon_adj;Abdon;;;;;;;;;;;;;
b_abdon_desc;Abdon;;;;;;;;;;;;;
b_damqara;Damqara;;;;;;;;;;;;;
b_damqara_adj;Damqara;;;;;;;;;;;;;
b_damqara_desc;Damqara;;;;;;;;;;;;;
b_usharon;Usharon;;;;;;;;;;;;;
b_usharon_adj;Usharon;;;;;;;;;;;;;
b_usharon_desc;Usharon;;;;;;;;;;;;;
b_hesira;Hesira;;;;;;;;;;;;;
b_hesira_adj;Hesira;;;;;;;;;;;;;
b_hesira_desc;Hesira;;;;;;;;;;;;;
b_amkara;Amkara;;;;;;;;;;;;;
b_amkara_adj;Amkara;;;;;;;;;;;;;
b_amkara_desc;Amkara;;;;;;;;;;;;;
b_zefira;Zefira;;;;;;;;;;;;;
b_zefira_adj;Zefira;;;;;;;;;;;;;
b_zefira_desc;Zefira;;;;;;;;;;;;;
b_hasefa;Hasefa;;;;;;;;;;;;;
b_hasefa_adj;Hasefa;;;;;;;;;;;;;
b_hasefa_desc;Hasefa;;;;;;;;;;;;;
b_zambara;Zambara;;;;;;;;;;;;;
b_zambara_adj;Zambara;;;;;;;;;;;;;
b_zambara_desc;Zambara;;;;;;;;;;;;;
b_iskoren;Iskoren;;;;;;;;;;;;;
b_iskoren_adj;Iskoren;;;;;;;;;;;;;
b_iskoren_desc;Iskoren;;;;;;;;;;;;;
b_luleth;Luleth;;;;;;;;;;;;;
b_luleth_adj;Luleth;;;;;;;;;;;;;
b_luleth_desc;Luleth;;;;;;;;;;;;;
b_varash;Varash;;;;;;;;;;;;;
b_varash_adj;Varash;;;;;;;;;;;;;
b_varash_desc;Varash;;;;;;;;;;;;;
b_aulikar;Aulikar;;;;;;;;;;;;;
b_aulikar_adj;Aulikar;;;;;;;;;;;;;
b_aulikar_desc;Aulikar;;;;;;;;;;;;;
b_savelor;Savelor;;;;;;;;;;;;;
b_savelor_adj;Savelor;;;;;;;;;;;;;
b_savelor_desc;Savelor;;;;;;;;;;;;;
b_freska;Freska;;;;;;;;;;;;;
b_freska_adj;Freska;;;;;;;;;;;;;
b_freska_desc;Freska;;;;;;;;;;;;;
b_nisarik;Nisarik;;;;;;;;;;;;;
b_nisarik_adj;Nisarik;;;;;;;;;;;;;
b_nisarik_desc;Nisarik;;;;;;;;;;;;;
b_doranik;Doranik;;;;;;;;;;;;;
b_doranik_adj;Doranik;;;;;;;;;;;;;
b_doranik_desc;Doranik;;;;;;;;;;;;;
b_munreth;Munreth;;;;;;;;;;;;;
b_munreth_adj;Munreth;;;;;;;;;;;;;
b_munreth_desc;Munreth;;;;;;;;;;;;;
b_jetteral;Jetteral;;;;;;;;;;;;;
b_jetteral_adj;Jetteral;;;;;;;;;;;;;
b_jetteral_desc;Jetteral;;;;;;;;;;;;;
b_valdaron;Valdaron;;;;;;;;;;;;;
b_valdaron_adj;Valdaron;;;;;;;;;;;;;
b_valdaron_desc;Valdaron;;;;;;;;;;;;;
b_malressa;Malressa;;;;;;;;;;;;;
b_malressa_adj;Malressa;;;;;;;;;;;;;
b_malressa_desc;Malressa;;;;;;;;;;;;;
b_nairun;Nairun;;;;;;;;;;;;;
b_nairun_adj;Nairun;;;;;;;;;;;;;
b_nairun_desc;Nairun;;;;;;;;;;;;;
b_calafara;Calafara;;;;;;;;;;;;;
b_calafara_adj;Calafara;;;;;;;;;;;;;
b_calafara_desc;Calafara;;;;;;;;;;;;;
b_brucara;Brucara;;;;;;;;;;;;;
b_brucara_adj;Brucara;;;;;;;;;;;;;
b_brucara_desc;Brucara;;;;;;;;;;;;;
b_monrevia;Monrevia;;;;;;;;;;;;;
b_monrevia_adj;Monrevia;;;;;;;;;;;;;
b_monrevia_desc;Monrevia;;;;;;;;;;;;;
b_isnello;Isnello;;;;;;;;;;;;;
b_isnello_adj;Isnello;;;;;;;;;;;;;
b_isnello_desc;Isnello;;;;;;;;;;;;;
b_rusanova;Rusanova;;;;;;;;;;;;;
b_rusanova_adj;Rusanova;;;;;;;;;;;;;
b_rusanova_desc;Rusanova;;;;;;;;;;;;;
b_montesca;Montesca;;;;;;;;;;;;;
b_montesca_adj;Montesca;;;;;;;;;;;;;
b_montesca_desc;Montesca;;;;;;;;;;;;;
b_paternia;Paternia;;;;;;;;;;;;;
b_paternia_adj;Paternia;;;;;;;;;;;;;
b_paternia_desc;Paternia;;;;;;;;;;;;;
b_cantera;Cantera;;;;;;;;;;;;;
b_cantera_adj;Cantera;;;;;;;;;;;;;
b_cantera_desc;Cantera;;;;;;;;;;;;;
b_castellia;Castellia;;;;;;;;;;;;;
b_castellia_adj;Castellia;;;;;;;;;;;;;
b_castellia_desc;Castellia;;;;;;;;;;;;;
b_caltessa;Caltessa;;;;;;;;;;;;;
b_caltessa_adj;Caltessa;;;;;;;;;;;;;
b_caltessa_desc;Caltessa;;;;;;;;;;;;;
b_trapania;Trapania;;;;;;;;;;;;;
b_trapania_adj;Trapania;;;;;;;;;;;;;
b_trapania_desc;Trapania;;;;;;;;;;;;;
b_ennara;Ennara;;;;;;;;;;;;;
b_ennara_adj;Ennara;;;;;;;;;;;;;
b_ennara_desc;Ennara;;;;;;;;;;;;;
b_santura;Santura;;;;;;;;;;;;;
b_santura_adj;Santura;;;;;;;;;;;;;
b_santura_desc;Santura;;;;;;;;;;;;;
b_nicosa;Nicosa;;;;;;;;;;;;;
b_nicosa_adj;Nicosa;;;;;;;;;;;;;
b_nicosa_desc;Nicosa;;;;;;;;;;;;;
b_rosamara;Rosamara;;;;;;;;;;;;;
b_rosamara_adj;Rosamara;;;;;;;;;;;;;
b_rosamara_desc;Rosamara;;;;;;;;;;;;;
b_modara;Modara;;;;;;;;;;;;;
b_modara_adj;Modara;;;;;;;;;;;;;
b_modara_desc;Modara;;;;;;;;;;;;;
b_lentara;Lentara;;;;;;;;;;;;;
b_lentara_adj;Lentara;;;;;;;;;;;;;
b_lentara_desc;Lentara;;;;;;;;;;;;;
b_lunessa;Lunessa;;;;;;;;;;;;;
b_lunessa_adj;Lunessa;;;;;;;;;;;;;
b_lunessa_desc;Lunessa;;;;;;;;;;;;;
b_salicara;Salicara;;;;;;;;;;;;;
b_salicara_adj;Salicara;;;;;;;;;;;;;
b_salicara_desc;Salicara;;;;;;;;;;;;;
b_milastra;Milastra;;;;;;;;;;;;;
b_milastra_adj;Milastra;;;;;;;;;;;;;
b_milastra_desc;Milastra;;;;;;;;;;;;;
b_fella;Fella;;;;;;;;;;;;;
b_fella_adj;Fella;;;;;;;;;;;;;
b_fella_desc;Fella;;;;;;;;;;;;;
b_strella;Strella;;;;;;;;;;;;;
b_strella_adj;Strella;;;;;;;;;;;;;
b_strella_desc;Strella;;;;;;;;;;;;;
b_riguzzo;Riguzzo;;;;;;;;;;;;;
b_riguzzo_adj;Riguzzo;;;;;;;;;;;;;
b_riguzzo_desc;Riguzzo;;;;;;;;;;;;;
b_ravallo;Ravallo;;;;;;;;;;;;;
b_ravallo_adj;Ravallo;;;;;;;;;;;;;
b_ravallo_desc;Ravallo;;;;;;;;;;;;;
b_poria;Poria;;;;;;;;;;;;;
b_poria_adj;Poria;;;;;;;;;;;;;
b_poria_desc;Poria;;;;;;;;;;;;;
b_giardina;Giardina;;;;;;;;;;;;;
b_giardina_adj;Giardina;;;;;;;;;;;;;
b_giardina_desc;Giardina;;;;;;;;;;;;;
b_palmenta;Palmenta;;;;;;;;;;;;;
b_palmenta_adj;Palmenta;;;;;;;;;;;;;
b_palmenta_desc;Palmenta;;;;;;;;;;;;;
b_tonnara;Tonnara;;;;;;;;;;;;;
b_tonnara_adj;Tonnara;;;;;;;;;;;;;
b_tonnara_desc;Tonnara;;;;;;;;;;;;;
b_belmira;Belmira;;;;;;;;;;;;;
b_belmira_adj;Belmira;;;;;;;;;;;;;
b_belmira_desc;Belmira;;;;;;;;;;;;;
b_roccetta;Roccetta;;;;;;;;;;;;;
b_roccetta_adj;Roccetta;;;;;;;;;;;;;
b_roccetta_desc;Roccetta;;;;;;;;;;;;;
b_partenna;Partenna;;;;;;;;;;;;;
b_partenna_adj;Partenna;;;;;;;;;;;;;
b_partenna_desc;Partenna;;;;;;;;;;;;;
b_metto;Metto;;;;;;;;;;;;;
b_metto_adj;Metto;;;;;;;;;;;;;
b_metto_desc;Metto;;;;;;;;;;;;;
b_navione;Navione;;;;;;;;;;;;;
b_navione_adj;Navione;;;;;;;;;;;;;
b_navione_desc;Navione;;;;;;;;;;;;;
b_sorzago;Sorzago;;;;;;;;;;;;;
b_sorzago_adj;Sorzago;;;;;;;;;;;;;
b_sorzago_desc;Sorzago;;;;;;;;;;;;;
b_felica;Felica;;;;;;;;;;;;;
b_felica_adj;Felica;;;;;;;;;;;;;
b_felica_desc;Felica;;;;;;;;;;;;;
b_ventora;Ventora;;;;;;;;;;;;;
b_ventora_adj;Ventora;;;;;;;;;;;;;
b_ventora_desc;Ventora;;;;;;;;;;;;;
b_novella;Novella;;;;;;;;;;;;;
b_novella_adj;Novella;;;;;;;;;;;;;
b_novella_desc;Novella;;;;;;;;;;;;;
b_marinella;Marinella;;;;;;;;;;;;;
b_marinella_adj;Marinella;;;;;;;;;;;;;
b_marinella_desc;Marinella;;;;;;;;;;;;;
b_granessa;Granessa;;;;;;;;;;;;;
b_granessa_adj;Granessa;;;;;;;;;;;;;
b_granessa_desc;Granessa;;;;;;;;;;;;;
b_petralia;Petralia;;;;;;;;;;;;;
b_petralia_adj;Petralia;;;;;;;;;;;;;
b_petralia_desc;Petralia;;;;;;;;;;;;;
b_serrone;Serrone;;;;;;;;;;;;;
b_serrone_adj;Serrone;;;;;;;;;;;;;
b_serrone_desc;Serrone;;;;;;;;;;;;;
b_sarmento;Sarmento;;;;;;;;;;;;;
b_sarmento_adj;Sarmento;;;;;;;;;;;;;
b_sarmento_desc;Sarmento;;;;;;;;;;;;;
b_scillaro;Scillaro;;;;;;;;;;;;;
b_scillaro_adj;Scillaro;;;;;;;;;;;;;
b_scillaro_desc;Scillaro;;;;;;;;;;;;;
b_malvito;Malvito;;;;;;;;;;;;;
b_malvito_adj;Malvito;;;;;;;;;;;;;
b_malvito_desc;Malvito;;;;;;;;;;;;;
b_bellaria;Bellaria;;;;;;;;;;;;;
b_bellaria_adj;Bellaria;;;;;;;;;;;;;
b_bellaria_desc;Bellaria;;;;;;;;;;;;;
b_mellena;Mellena;;;;;;;;;;;;;
b_mellena_adj;Mellena;;;;;;;;;;;;;
b_mellena_desc;Mellena;;;;;;;;;;;;;
b_travalli;Travalli;;;;;;;;;;;;;
b_travalli_adj;Travalli;;;;;;;;;;;;;
b_travalli_desc;Travalli;;;;;;;;;;;;;
b_ghino;Ghino;;;;;;;;;;;;;
b_ghino_adj;Ghino;;;;;;;;;;;;;
b_ghino_desc;Ghino;;;;;;;;;;;;;
b_licci;Licci;;;;;;;;;;;;;
b_licci_adj;Licci;;;;;;;;;;;;;
b_licci_desc;Licci;;;;;;;;;;;;;
b_cefalora;Cefalora;;;;;;;;;;;;;
b_cefalora_adj;Cefalora;;;;;;;;;;;;;
b_cefalora_desc;Cefalora;;;;;;;;;;;;;
b_selinara;Selinara;;;;;;;;;;;;;
b_selinara_adj;Selinara;;;;;;;;;;;;;
b_selinara_desc;Selinara;;;;;;;;;;;;;
b_caronia;Caronia;;;;;;;;;;;;;
b_caronia_adj;Caronia;;;;;;;;;;;;;
b_caronia_desc;Caronia;;;;;;;;;;;;;
b_valtoro;Valtoro;;;;;;;;;;;;;
b_valtoro_adj;Valtoro;;;;;;;;;;;;;
b_valtoro_desc;Valtoro;;;;;;;;;;;;;
b_reoli;Reoli;;;;;;;;;;;;;
b_reoli_adj;Reoli;;;;;;;;;;;;;
b_reoli_desc;Reoli;;;;;;;;;;;;;
b_lombo;Lombo;;;;;;;;;;;;;
b_lombo_adj;Lombo;;;;;;;;;;;;;
b_lombo_desc;Lombo;;;;;;;;;;;;;
b_buglia;Buglia;;;;;;;;;;;;;
b_buglia_adj;Buglia;;;;;;;;;;;;;
b_buglia_desc;Buglia;;;;;;;;;;;;;
b_omeda;Omeda;;;;;;;;;;;;;
b_omeda_adj;Omeda;;;;;;;;;;;;;
b_omeda_desc;Omeda;;;;;;;;;;;;;
b_pescio;Pescio;;;;;;;;;;;;;
b_pescio_adj;Pescio;;;;;;;;;;;;;
b_pescio_desc;Pescio;;;;;;;;;;;;;
b_calavon;Calavon;;;;;;;;;;;;;
b_calavon_adj;Calavon;;;;;;;;;;;;;
b_calavon_desc;Calavon;;;;;;;;;;;;;
b_trizzano;Trizzano;;;;;;;;;;;;;
b_trizzano_adj;Trizzano;;;;;;;;;;;;;
b_trizzano_desc;Trizzano;;;;;;;;;;;;;
b_guzzo;Guzzo;;;;;;;;;;;;;
b_guzzo_adj;Guzzo;;;;;;;;;;;;;
b_guzzo_desc;Guzzo;;;;;;;;;;;;;
b_perolo;Perolo;;;;;;;;;;;;;
b_perolo_adj;Perolo;;;;;;;;;;;;;
b_perolo_desc;Perolo;;;;;;;;;;;;;
b_belli;Belli;;;;;;;;;;;;;
b_belli_adj;Belli;;;;;;;;;;;;;
b_belli_desc;Belli;;;;;;;;;;;;;
b_abatello;Abatello;;;;;;;;;;;;;
b_abatello_adj;Abatello;;;;;;;;;;;;;
b_abatello_desc;Abatello;;;;;;;;;;;;;
b_pisciano;Pisciano;;;;;;;;;;;;;
b_pisciano_adj;Pisciano;;;;;;;;;;;;;
b_pisciano_desc;Pisciano;;;;;;;;;;;;;
b_campona;Campona;;;;;;;;;;;;;
b_campona_adj;Campona;;;;;;;;;;;;;
b_campona_desc;Campona;;;;;;;;;;;;;
b_padretti;Padretti;;;;;;;;;;;;;
b_padretti_adj;Padretti;;;;;;;;;;;;;
b_padretti_desc;Padretti;;;;;;;;;;;;;
b_pieta;Pieta;;;;;;;;;;;;;
b_pieta_adj;Pieta;;;;;;;;;;;;;
b_pieta_desc;Pieta;;;;;;;;;;;;;
b_servello;Servello;;;;;;;;;;;;;
b_servello_adj;Servello;;;;;;;;;;;;;
b_servello_desc;Servello;;;;;;;;;;;;;
b_sivigno;Sivigno;;;;;;;;;;;;;
b_sivigno_adj;Sivigno;;;;;;;;;;;;;
b_sivigno_desc;Sivigno;;;;;;;;;;;;;
b_cardo;Cardo;;;;;;;;;;;;;
b_cardo_adj;Cardo;;;;;;;;;;;;;
b_cardo_desc;Cardo;;;;;;;;;;;;;
b_sinello;Sinello;;;;;;;;;;;;;
b_sinello_adj;Sinello;;;;;;;;;;;;;
b_sinello_desc;Sinello;;;;;;;;;;;;;
b_scoro;Scoro;;;;;;;;;;;;;
b_scoro_adj;Scoro;;;;;;;;;;;;;
b_scoro_desc;Scoro;;;;;;;;;;;;;
b_povilla;Povilla;;;;;;;;;;;;;
b_povilla_adj;Povilla;;;;;;;;;;;;;
b_povilla_desc;Povilla;;;;;;;;;;;;;
b_carni;Carni;;;;;;;;;;;;;
b_carni_adj;Carni;;;;;;;;;;;;;
b_carni_desc;Carni;;;;;;;;;;;;;
b_poglio;Poglio;;;;;;;;;;;;;
b_poglio_adj;Poglio;;;;;;;;;;;;;
b_poglio_desc;Poglio;;;;;;;;;;;;;
b_scale;Scale;;;;;;;;;;;;;
b_scale_adj;Scale;;;;;;;;;;;;;
b_scale_desc;Scale;;;;;;;;;;;;;
b_fenio;Fenio;;;;;;;;;;;;;
b_fenio_adj;Fenio;;;;;;;;;;;;;
b_fenio_desc;Fenio;;;;;;;;;;;;;
b_ucciano;Ucciano;;;;;;;;;;;;;
b_ucciano_adj;Ucciano;;;;;;;;;;;;;
b_ucciano_desc;Ucciano;;;;;;;;;;;;;
b_bogno;Bogno;;;;;;;;;;;;;
b_bogno_adj;Bogno;;;;;;;;;;;;;
b_bogno_desc;Bogno;;;;;;;;;;;;;
b_pratare;Pratare;;;;;;;;;;;;;
b_pratare_adj;Pratare;;;;;;;;;;;;;
b_pratare_desc;Pratare;;;;;;;;;;;;;
b_dogarini;Dogarini;;;;;;;;;;;;;
b_dogarini_adj;Dogarini;;;;;;;;;;;;;
b_dogarini_desc;Dogarini;;;;;;;;;;;;;
b_succo;Succo;;;;;;;;;;;;;
b_succo_adj;Succo;;;;;;;;;;;;;
b_succo_desc;Succo;;;;;;;;;;;;;
b_scarelli;Scarelli;;;;;;;;;;;;;
b_scarelli_adj;Scarelli;;;;;;;;;;;;;
b_scarelli_desc;Scarelli;;;;;;;;;;;;;
b_tanzo;Tanzo;;;;;;;;;;;;;
b_tanzo_adj;Tanzo;;;;;;;;;;;;;
b_tanzo_desc;Tanzo;;;;;;;;;;;;;
b_fondino;Fondino;;;;;;;;;;;;;
b_fondino_adj;Fondino;;;;;;;;;;;;;
b_fondino_desc;Fondino;;;;;;;;;;;;;
b_mollina;Mollina;;;;;;;;;;;;;
b_mollina_adj;Mollina;;;;;;;;;;;;;
b_mollina_desc;Mollina;;;;;;;;;;;;;
b_calba;Calba;;;;;;;;;;;;;
b_calba_adj;Calba;;;;;;;;;;;;;
b_calba_desc;Calba;;;;;;;;;;;;;
b_luicco;Luicco;;;;;;;;;;;;;
b_luicco_adj;Luicco;;;;;;;;;;;;;
b_luicco_desc;Luicco;;;;;;;;;;;;;
b_malitto;Malitto;;;;;;;;;;;;;
b_malitto_adj;Malitto;;;;;;;;;;;;;
b_malitto_desc;Malitto;;;;;;;;;;;;;
b_orseta;Orseta;;;;;;;;;;;;;
b_orseta_adj;Orseta;;;;;;;;;;;;;
b_orseta_desc;Orseta;;;;;;;;;;;;;
b_cassena;Cassena;;;;;;;;;;;;;
b_cassena_adj;Cassena;;;;;;;;;;;;;
b_cassena_desc;Cassena;;;;;;;;;;;;;
b_fiumatto;Fiumatto;;;;;;;;;;;;;
b_fiumatto_adj;Fiumatto;;;;;;;;;;;;;
b_fiumatto_desc;Fiumatto;;;;;;;;;;;;;
b_ognolo;Ognolo;;;;;;;;;;;;;
b_ognolo_adj;Ognolo;;;;;;;;;;;;;
b_ognolo_desc;Ognolo;;;;;;;;;;;;;
b_madeo;Madeo;;;;;;;;;;;;;
b_madeo_adj;Madeo;;;;;;;;;;;;;
b_madeo_desc;Madeo;;;;;;;;;;;;;
b_crovina;Crovina;;;;;;;;;;;;;
b_crovina_adj;Crovina;;;;;;;;;;;;;
b_crovina_desc;Crovina;;;;;;;;;;;;;
b_fussone;Fussone;;;;;;;;;;;;;
b_fussone_adj;Fussone;;;;;;;;;;;;;
b_fussone_desc;Fussone;;;;;;;;;;;;;
b_nonesio;Nonesio;;;;;;;;;;;;;
b_nonesio_adj;Nonesio;;;;;;;;;;;;;
b_nonesio_desc;Nonesio;;;;;;;;;;;;;
b_monda;Monda;;;;;;;;;;;;;
b_monda_adj;Monda;;;;;;;;;;;;;
b_monda_desc;Monda;;;;;;;;;;;;;
b_dassena;Dassena;;;;;;;;;;;;;
b_dassena_adj;Dassena;;;;;;;;;;;;;
b_dassena_desc;Dassena;;;;;;;;;;;;;
b_mandina;Mandina;;;;;;;;;;;;;
b_mandina_adj;Mandina;;;;;;;;;;;;;
b_mandina_desc;Mandina;;;;;;;;;;;;;
b_miglio;Miglio;;;;;;;;;;;;;
b_miglio_adj;Miglio;;;;;;;;;;;;;
b_miglio_desc;Miglio;;;;;;;;;;;;;
b_miracco;Miracco;;;;;;;;;;;;;
b_miracco_adj;Miracco;;;;;;;;;;;;;
b_miracco_desc;Miracco;;;;;;;;;;;;;
b_buscino;Buscino;;;;;;;;;;;;;
b_buscino_adj;Buscino;;;;;;;;;;;;;
b_buscino_desc;Buscino;;;;;;;;;;;;;
b_randola;Randola;;;;;;;;;;;;;
b_randola_adj;Randola;;;;;;;;;;;;;
b_randola_desc;Randola;;;;;;;;;;;;;
b_malosano;Malosano;;;;;;;;;;;;;
b_malosano_adj;Malosano;;;;;;;;;;;;;
b_malosano_desc;Malosano;;;;;;;;;;;;;
b_baste;Baste;;;;;;;;;;;;;
b_baste_adj;Baste;;;;;;;;;;;;;
b_baste_desc;Baste;;;;;;;;;;;;;
b_penno;Penno;;;;;;;;;;;;;
b_penno_adj;Penno;;;;;;;;;;;;;
b_penno_desc;Penno;;;;;;;;;;;;;
b_corile;Corile;;;;;;;;;;;;;
b_corile_adj;Corile;;;;;;;;;;;;;
b_corile_desc;Corile;;;;;;;;;;;;;
b_recorio;Recorio;;;;;;;;;;;;;
b_recorio_adj;Recorio;;;;;;;;;;;;;
b_recorio_desc;Recorio;;;;;;;;;;;;;
b_venella;Venella;;;;;;;;;;;;;
b_venella_adj;Venella;;;;;;;;;;;;;
b_venella_desc;Venella;;;;;;;;;;;;;
b_camponte;Camponte;;;;;;;;;;;;;
b_camponte_adj;Camponte;;;;;;;;;;;;;
b_camponte_desc;Camponte;;;;;;;;;;;;;
b_coneto;Coneto;;;;;;;;;;;;;
b_coneto_adj;Coneto;;;;;;;;;;;;;
b_coneto_desc;Coneto;;;;;;;;;;;;;
b_ronza;Ronza;;;;;;;;;;;;;
b_ronza_adj;Ronza;;;;;;;;;;;;;
b_ronza_desc;Ronza;;;;;;;;;;;;;
b_vernola;Vernola;;;;;;;;;;;;;
b_vernola_adj;Vernola;;;;;;;;;;;;;
b_vernola_desc;Vernola;;;;;;;;;;;;;
b_pedrolo;Pedrolo;;;;;;;;;;;;;
b_pedrolo_adj;Pedrolo;;;;;;;;;;;;;
b_pedrolo_desc;Pedrolo;;;;;;;;;;;;;
b_chiesini;Chiesini;;;;;;;;;;;;;
b_chiesini_adj;Chiesini;;;;;;;;;;;;;
b_chiesini_desc;Chiesini;;;;;;;;;;;;;
b_pratini;Pratini;;;;;;;;;;;;;
b_pratini_adj;Pratini;;;;;;;;;;;;;
b_pratini_desc;Pratini;;;;;;;;;;;;;
b_casilla;Casilla;;;;;;;;;;;;;
b_casilla_adj;Casilla;;;;;;;;;;;;;
b_casilla_desc;Casilla;;;;;;;;;;;;;
b_velli;Velli;;;;;;;;;;;;;
b_velli_adj;Velli;;;;;;;;;;;;;
b_velli_desc;Velli;;;;;;;;;;;;;
b_lazzo;Lazzo;;;;;;;;;;;;;
b_lazzo_adj;Lazzo;;;;;;;;;;;;;
b_lazzo_desc;Lazzo;;;;;;;;;;;;;
b_campassa;Campassa;;;;;;;;;;;;;
b_campassa_adj;Campassa;;;;;;;;;;;;;
b_campassa_desc;Campassa;;;;;;;;;;;;;
b_silvigo;Silvigo;;;;;;;;;;;;;
b_silvigo_adj;Silvigo;;;;;;;;;;;;;
b_silvigo_desc;Silvigo;;;;;;;;;;;;;
b_alletto;Alletto;;;;;;;;;;;;;
b_alletto_adj;Alletto;;;;;;;;;;;;;
b_alletto_desc;Alletto;;;;;;;;;;;;;
b_fraci;Fraci;;;;;;;;;;;;;
b_fraci_adj;Fraci;;;;;;;;;;;;;
b_fraci_desc;Fraci;;;;;;;;;;;;;
b_cantrone;Cantrone;;;;;;;;;;;;;
b_cantrone_adj;Cantrone;;;;;;;;;;;;;
b_cantrone_desc;Cantrone;;;;;;;;;;;;;
b_valigna;Valigna;;;;;;;;;;;;;
b_valigna_adj;Valigna;;;;;;;;;;;;;
b_valigna_desc;Valigna;;;;;;;;;;;;;
b_pavigna;Pavigna;;;;;;;;;;;;;
b_pavigna_adj;Pavigna;;;;;;;;;;;;;
b_pavigna_desc;Pavigna;;;;;;;;;;;;;
b_galle;Galle;;;;;;;;;;;;;
b_galle_adj;Galle;;;;;;;;;;;;;
b_galle_desc;Galle;;;;;;;;;;;;;
b_alberno;Alberno;;;;;;;;;;;;;
b_alberno_adj;Alberno;;;;;;;;;;;;;
b_alberno_desc;Alberno;;;;;;;;;;;;;
b_comma;Comma;;;;;;;;;;;;;
b_comma_adj;Comma;;;;;;;;;;;;;
b_comma_desc;Comma;;;;;;;;;;;;;
b_diacce;Diacce;;;;;;;;;;;;;
b_diacce_adj;Diacce;;;;;;;;;;;;;
b_diacce_desc;Diacce;;;;;;;;;;;;;
b_buzze;Buzze;;;;;;;;;;;;;
b_buzze_adj;Buzze;;;;;;;;;;;;;
b_buzze_desc;Buzze;;;;;;;;;;;;;
b_stillo;Stillo;;;;;;;;;;;;;
b_stillo_adj;Stillo;;;;;;;;;;;;;
b_stillo_desc;Stillo;;;;;;;;;;;;;
b_podera;Podera;;;;;;;;;;;;;
b_podera_adj;Podera;;;;;;;;;;;;;
b_podera_desc;Podera;;;;;;;;;;;;;
b_arcera;Arcera;;;;;;;;;;;;;
b_arcera_adj;Arcera;;;;;;;;;;;;;
b_arcera_desc;Arcera;;;;;;;;;;;;;
b_sezzo;Sezzo;;;;;;;;;;;;;
b_sezzo_adj;Sezzo;;;;;;;;;;;;;
b_sezzo_desc;Sezzo;;;;;;;;;;;;;
b_volte;Volte;;;;;;;;;;;;;
b_volte_adj;Volte;;;;;;;;;;;;;
b_volte_desc;Volte;;;;;;;;;;;;;
b_baldano;Baldano;;;;;;;;;;;;;
b_baldano_adj;Baldano;;;;;;;;;;;;;
b_baldano_desc;Baldano;;;;;;;;;;;;;
b_zuccia;Zuccia;;;;;;;;;;;;;
b_zuccia_adj;Zuccia;;;;;;;;;;;;;
b_zuccia_desc;Zuccia;;;;;;;;;;;;;
b_michette;Michette;;;;;;;;;;;;;
b_michette_adj;Michette;;;;;;;;;;;;;
b_michette_desc;Michette;;;;;;;;;;;;;
b_cavarola;Cavarola;;;;;;;;;;;;;
b_cavarola_adj;Cavarola;;;;;;;;;;;;;
b_cavarola_desc;Cavarola;;;;;;;;;;;;;
b_coleva;Coleva;;;;;;;;;;;;;
b_coleva_adj;Coleva;;;;;;;;;;;;;
b_coleva_desc;Coleva;;;;;;;;;;;;;
b_salte;Salte;;;;;;;;;;;;;
b_salte_adj;Salte;;;;;;;;;;;;;
b_salte_desc;Salte;;;;;;;;;;;;;
b_rappano;Rappano;;;;;;;;;;;;;
b_rappano_adj;Rappano;;;;;;;;;;;;;
b_rappano_desc;Rappano;;;;;;;;;;;;;
b_panaria;Panaria;;;;;;;;;;;;;
b_panaria_adj;Panaria;;;;;;;;;;;;;
b_panaria_desc;Panaria;;;;;;;;;;;;;
b_sorda;Sorda;;;;;;;;;;;;;
b_sorda_adj;Sorda;;;;;;;;;;;;;
b_sorda_desc;Sorda;;;;;;;;;;;;;
b_cofano;Cofano;;;;;;;;;;;;;
b_cofano_adj;Cofano;;;;;;;;;;;;;
b_cofano_desc;Cofano;;;;;;;;;;;;;
b_lombone;Lombone;;;;;;;;;;;;;
b_lombone_adj;Lombone;;;;;;;;;;;;;
b_lombone_desc;Lombone;;;;;;;;;;;;;
b_coronzo;Coronzo;;;;;;;;;;;;;
b_coronzo_adj;Coronzo;;;;;;;;;;;;;
b_coronzo_desc;Coronzo;;;;;;;;;;;;;
b_carban;Carban;;;;;;;;;;;;;
b_carban_adj;Carban;;;;;;;;;;;;;
b_carban_desc;Carban;;;;;;;;;;;;;
b_crocchio;Crocchio;;;;;;;;;;;;;
b_crocchio_adj;Crocchio;;;;;;;;;;;;;
b_crocchio_desc;Crocchio;;;;;;;;;;;;;
b_torto;Torto;;;;;;;;;;;;;
b_torto_adj;Torto;;;;;;;;;;;;;
b_torto_desc;Torto;;;;;;;;;;;;;
b_piedino;Piedino;;;;;;;;;;;;;
b_piedino_adj;Piedino;;;;;;;;;;;;;
b_piedino_desc;Piedino;;;;;;;;;;;;;
b_capanico;Capanico;;;;;;;;;;;;;
b_capanico_adj;Capanico;;;;;;;;;;;;;
b_capanico_desc;Capanico;;;;;;;;;;;;;
b_collello;Collello;;;;;;;;;;;;;
b_collello_adj;Collello;;;;;;;;;;;;;
b_collello_desc;Collello;;;;;;;;;;;;;
b_barchini;Barchini;;;;;;;;;;;;;
b_barchini_adj;Barchini;;;;;;;;;;;;;
b_barchini_desc;Barchini;;;;;;;;;;;;;
b_dalmezzo;Dalmezzo;;;;;;;;;;;;;
b_dalmezzo_adj;Dalmezzo;;;;;;;;;;;;;
b_dalmezzo_desc;Dalmezzo;;;;;;;;;;;;;
b_carello;Carello;;;;;;;;;;;;;
b_carello_adj;Carello;;;;;;;;;;;;;
b_carello_desc;Carello;;;;;;;;;;;;;
b_cecaro;Cecaro;;;;;;;;;;;;;
b_cecaro_adj;Cecaro;;;;;;;;;;;;;
b_cecaro_desc;Cecaro;;;;;;;;;;;;;
b_lasso;Lasso;;;;;;;;;;;;;
b_lasso_adj;Lasso;;;;;;;;;;;;;
b_lasso_desc;Lasso;;;;;;;;;;;;;
b_tarese;Tarese;;;;;;;;;;;;;
b_tarese_adj;Tarese;;;;;;;;;;;;;
b_tarese_desc;Tarese;;;;;;;;;;;;;
b_murago;Murago;;;;;;;;;;;;;
b_murago_adj;Murago;;;;;;;;;;;;;
b_murago_desc;Murago;;;;;;;;;;;;;
b_cesieri;Cesieri;;;;;;;;;;;;;
b_cesieri_adj;Cesieri;;;;;;;;;;;;;
b_cesieri_desc;Cesieri;;;;;;;;;;;;;
b_montacci;Montacci;;;;;;;;;;;;;
b_montacci_adj;Montacci;;;;;;;;;;;;;
b_montacci_desc;Montacci;;;;;;;;;;;;;
b_broggio;Broggio;;;;;;;;;;;;;
b_broggio_adj;Broggio;;;;;;;;;;;;;
b_broggio_desc;Broggio;;;;;;;;;;;;;
b_figlia;Figlia;;;;;;;;;;;;;
b_figlia_adj;Figlia;;;;;;;;;;;;;
b_figlia_desc;Figlia;;;;;;;;;;;;;
b_marchia;Marchia;;;;;;;;;;;;;
b_marchia_adj;Marchia;;;;;;;;;;;;;
b_marchia_desc;Marchia;;;;;;;;;;;;;
b_scazza;Scazza;;;;;;;;;;;;;
b_scazza_adj;Scazza;;;;;;;;;;;;;
b_scazza_desc;Scazza;;;;;;;;;;;;;
b_brazzo;Brazzo;;;;;;;;;;;;;
b_brazzo_adj;Brazzo;;;;;;;;;;;;;
b_brazzo_desc;Brazzo;;;;;;;;;;;;;
b_prassi;Prassi;;;;;;;;;;;;;
b_prassi_adj;Prassi;;;;;;;;;;;;;
b_prassi_desc;Prassi;;;;;;;;;;;;;
b_perga;Perga;;;;;;;;;;;;;
b_perga_adj;Perga;;;;;;;;;;;;;
b_perga_desc;Perga;;;;;;;;;;;;;
b_fuselli;Fuselli;;;;;;;;;;;;;
b_fuselli_adj;Fuselli;;;;;;;;;;;;;
b_fuselli_desc;Fuselli;;;;;;;;;;;;;
b_falito;Falito;;;;;;;;;;;;;
b_falito_adj;Falito;;;;;;;;;;;;;
b_falito_desc;Falito;;;;;;;;;;;;;
b_sulli;Sulli;;;;;;;;;;;;;
b_sulli_adj;Sulli;;;;;;;;;;;;;
b_sulli_desc;Sulli;;;;;;;;;;;;;
b_mirolo;Mirolo;;;;;;;;;;;;;
b_mirolo_adj;Mirolo;;;;;;;;;;;;;
b_mirolo_desc;Mirolo;;;;;;;;;;;;;
b_frone;Frone;;;;;;;;;;;;;
b_frone_adj;Frone;;;;;;;;;;;;;
b_frone_desc;Frone;;;;;;;;;;;;;
b_chiardo;Chiardo;;;;;;;;;;;;;
b_chiardo_adj;Chiardo;;;;;;;;;;;;;
b_chiardo_desc;Chiardo;;;;;;;;;;;;;
b_rocetta;Rocetta;;;;;;;;;;;;;
b_rocetta_adj;Rocetta;;;;;;;;;;;;;
b_rocetta_desc;Rocetta;;;;;;;;;;;;;
b_tarice;Tarice;;;;;;;;;;;;;
b_tarice_adj;Tarice;;;;;;;;;;;;;
b_tarice_desc;Tarice;;;;;;;;;;;;;
b_solcini;Solcini;;;;;;;;;;;;;
b_solcini_adj;Solcini;;;;;;;;;;;;;
b_solcini_desc;Solcini;;;;;;;;;;;;;
b_offaggio;Offaggio;;;;;;;;;;;;;
b_offaggio_adj;Offaggio;;;;;;;;;;;;;
b_offaggio_desc;Offaggio;;;;;;;;;;;;;
b_maccone;Maccone;;;;;;;;;;;;;
b_maccone_adj;Maccone;;;;;;;;;;;;;
b_maccone_desc;Maccone;;;;;;;;;;;;;
b_lucco;Lucco;;;;;;;;;;;;;
b_lucco_adj;Lucco;;;;;;;;;;;;;
b_lucco_desc;Lucco;;;;;;;;;;;;;
b_vizzatto;Vizzatto;;;;;;;;;;;;;
b_vizzatto_adj;Vizzatto;;;;;;;;;;;;;
b_vizzatto_desc;Vizzatto;;;;;;;;;;;;;
b_nascata;Nascata;;;;;;;;;;;;;
b_nascata_adj;Nascata;;;;;;;;;;;;;
b_nascata_desc;Nascata;;;;;;;;;;;;;
b_lizzago;Lizzago;;;;;;;;;;;;;
b_lizzago_adj;Lizzago;;;;;;;;;;;;;
b_lizzago_desc;Lizzago;;;;;;;;;;;;;
b_ramera;Ramera;;;;;;;;;;;;;
b_ramera_adj;Ramera;;;;;;;;;;;;;
b_ramera_desc;Ramera;;;;;;;;;;;;;
b_cerria;Cerria;;;;;;;;;;;;;
b_cerria_adj;Cerria;;;;;;;;;;;;;
b_cerria_desc;Cerria;;;;;;;;;;;;;
b_boffolo;Boffolo;;;;;;;;;;;;;
b_boffolo_adj;Boffolo;;;;;;;;;;;;;
b_boffolo_desc;Boffolo;;;;;;;;;;;;;
b_valnuova;Valnuova;;;;;;;;;;;;;
b_valnuova_adj;Valnuova;;;;;;;;;;;;;
b_valnuova_desc;Valnuova;;;;;;;;;;;;;
b_lazzolon;Lazzolon;;;;;;;;;;;;;
b_lazzolon_adj;Lazzolon;;;;;;;;;;;;;
b_lazzolon_desc;Lazzolon;;;;;;;;;;;;;
b_tubiano;Tubiano;;;;;;;;;;;;;
b_tubiano_adj;Tubiano;;;;;;;;;;;;;
b_tubiano_desc;Tubiano;;;;;;;;;;;;;
b_filongo;Filongo;;;;;;;;;;;;;
b_filongo_adj;Filongo;;;;;;;;;;;;;
b_filongo_desc;Filongo;;;;;;;;;;;;;
b_casti;Casti;;;;;;;;;;;;;
b_casti_adj;Casti;;;;;;;;;;;;;
b_casti_desc;Casti;;;;;;;;;;;;;
b_fredalto;Fredalto;;;;;;;;;;;;;
b_fredalto_adj;Fredalto;;;;;;;;;;;;;
b_fredalto_desc;Fredalto;;;;;;;;;;;;;
b_verga;Verga;;;;;;;;;;;;;
b_verga_adj;Verga;;;;;;;;;;;;;
b_verga_desc;Verga;;;;;;;;;;;;;
b_castelle;Castelle;;;;;;;;;;;;;
b_castelle_adj;Castelle;;;;;;;;;;;;;
b_castelle_desc;Castelle;;;;;;;;;;;;;
b_gratto;Gratto;;;;;;;;;;;;;
b_gratto_adj;Gratto;;;;;;;;;;;;;
b_gratto_desc;Gratto;;;;;;;;;;;;;
b_ioglio;Ioglio;;;;;;;;;;;;;
b_ioglio_adj;Ioglio;;;;;;;;;;;;;
b_ioglio_desc;Ioglio;;;;;;;;;;;;;
b_cesica;Cesica;;;;;;;;;;;;;
b_cesica_adj;Cesica;;;;;;;;;;;;;
b_cesica_desc;Cesica;;;;;;;;;;;;;
b_branoro;Branoro;;;;;;;;;;;;;
b_branoro_adj;Branoro;;;;;;;;;;;;;
b_branoro_desc;Branoro;;;;;;;;;;;;;
b_predda;Predda;;;;;;;;;;;;;
b_predda_adj;Predda;;;;;;;;;;;;;
b_predda_desc;Predda;;;;;;;;;;;;;
b_casseno;Casseno;;;;;;;;;;;;;
b_casseno_adj;Casseno;;;;;;;;;;;;;
b_casseno_desc;Casseno;;;;;;;;;;;;;
b_palmura;Palmura;;;;;;;;;;;;;
b_palmura_adj;Palmura;;;;;;;;;;;;;
b_palmura_desc;Palmura;;;;;;;;;;;;;
b_salio;Salio;;;;;;;;;;;;;
b_salio_adj;Salio;;;;;;;;;;;;;
b_salio_desc;Salio;;;;;;;;;;;;;
b_buonata;Buonata;;;;;;;;;;;;;
b_buonata_adj;Buonata;;;;;;;;;;;;;
b_buonata_desc;Buonata;;;;;;;;;;;;;
b_maure;Maure;;;;;;;;;;;;;
b_maure_adj;Maure;;;;;;;;;;;;;
b_maure_desc;Maure;;;;;;;;;;;;;
b_calaz;Calaz;;;;;;;;;;;;;
b_calaz_adj;Calaz;;;;;;;;;;;;;
b_calaz_desc;Calaz;;;;;;;;;;;;;
b_sille;Sille;;;;;;;;;;;;;
b_sille_adj;Sille;;;;;;;;;;;;;
b_sille_desc;Sille;;;;;;;;;;;;;
b_baglia;Baglia;;;;;;;;;;;;;
b_baglia_adj;Baglia;;;;;;;;;;;;;
b_baglia_desc;Baglia;;;;;;;;;;;;;
b_fassolo;Fassolo;;;;;;;;;;;;;
b_fassolo_adj;Fassolo;;;;;;;;;;;;;
b_fassolo_desc;Fassolo;;;;;;;;;;;;;
b_calvina;Calvina;;;;;;;;;;;;;
b_calvina_adj;Calvina;;;;;;;;;;;;;
b_calvina_desc;Calvina;;;;;;;;;;;;;
b_gallona;Gallona;;;;;;;;;;;;;
b_gallona_adj;Gallona;;;;;;;;;;;;;
b_gallona_desc;Gallona;;;;;;;;;;;;;
b_carruzza;Carruzza;;;;;;;;;;;;;
b_carruzza_adj;Carruzza;;;;;;;;;;;;;
b_carruzza_desc;Carruzza;;;;;;;;;;;;;
b_rllsheim;Rllsheim;;;;;;;;;;;;;
b_rllsheim_adj;Rllsheim;;;;;;;;;;;;;
b_rllsheim_desc;Rllsheim;;;;;;;;;;;;;
b_wittel;Wittel;;;;;;;;;;;;;
b_wittel_adj;Wittel;;;;;;;;;;;;;
b_wittel_desc;Wittel;;;;;;;;;;;;;
b_kramhorn;Kramhorn;;;;;;;;;;;;;
b_kramhorn_adj;Kramhorn;;;;;;;;;;;;;
b_kramhorn_desc;Kramhorn;;;;;;;;;;;;;
b_diesen;Diesen;;;;;;;;;;;;;
b_diesen_adj;Diesen;;;;;;;;;;;;;
b_diesen_desc;Diesen;;;;;;;;;;;;;
b_malsdorf;Malsdorf;;;;;;;;;;;;;
b_malsdorf_adj;Malsdorf;;;;;;;;;;;;;
b_malsdorf_desc;Malsdorf;;;;;;;;;;;;;
b_prieder;Prieder;;;;;;;;;;;;;
b_prieder_adj;Prieder;;;;;;;;;;;;;
b_prieder_desc;Prieder;;;;;;;;;;;;;
b_untering;Untering;;;;;;;;;;;;;
b_untering_adj;Untering;;;;;;;;;;;;;
b_untering_desc;Untering;;;;;;;;;;;;;
b_altsberg;Altsberg;;;;;;;;;;;;;
b_altsberg_adj;Altsberg;;;;;;;;;;;;;
b_altsberg_desc;Altsberg;;;;;;;;;;;;;
b_koppach;Koppach;;;;;;;;;;;;;
b_koppach_adj;Koppach;;;;;;;;;;;;;
b_koppach_desc;Koppach;;;;;;;;;;;;;
b_rothried;Rothried;;;;;;;;;;;;;
b_rothried_adj;Rothried;;;;;;;;;;;;;
b_rothried_desc;Rothried;;;;;;;;;;;;;
b_gossen;Gossen;;;;;;;;;;;;;
b_gossen_adj;Gossen;;;;;;;;;;;;;
b_gossen_desc;Gossen;;;;;;;;;;;;;
b_lenrode;Lenrode;;;;;;;;;;;;;
b_lenrode_adj;Lenrode;;;;;;;;;;;;;
b_lenrode_desc;Lenrode;;;;;;;;;;;;;
b_traben;Traben;;;;;;;;;;;;;
b_traben_adj;Traben;;;;;;;;;;;;;
b_traben_desc;Traben;;;;;;;;;;;;;
b_untern;Untern;;;;;;;;;;;;;
b_untern_adj;Untern;;;;;;;;;;;;;
b_untern_desc;Untern;;;;;;;;;;;;;
b_etshofen;Etshofen;;;;;;;;;;;;;
b_etshofen_adj;Etshofen;;;;;;;;;;;;;
b_etshofen_desc;Etshofen;;;;;;;;;;;;;
b_bruchen;Bruchen;;;;;;;;;;;;;
b_bruchen_adj;Bruchen;;;;;;;;;;;;;
b_bruchen_desc;Bruchen;;;;;;;;;;;;;
b_wundorf;Wundorf;;;;;;;;;;;;;
b_wundorf_adj;Wundorf;;;;;;;;;;;;;
b_wundorf_desc;Wundorf;;;;;;;;;;;;;
b_thendorf;Thendorf;;;;;;;;;;;;;
b_thendorf_adj;Thendorf;;;;;;;;;;;;;
b_thendorf_desc;Thendorf;;;;;;;;;;;;;
b_ungen;Ungen;;;;;;;;;;;;;
b_ungen_adj;Ungen;;;;;;;;;;;;;
b_ungen_desc;Ungen;;;;;;;;;;;;;
b_doberger;Doberger;;;;;;;;;;;;;
b_doberger_adj;Doberger;;;;;;;;;;;;;
b_doberger_desc;Doberger;;;;;;;;;;;;;
b_grobitz;Grobitz;;;;;;;;;;;;;
b_grobitz_adj;Grobitz;;;;;;;;;;;;;
b_grobitz_desc;Grobitz;;;;;;;;;;;;;
b_meven;Meven;;;;;;;;;;;;;
b_meven_adj;Meven;;;;;;;;;;;;;
b_meven_desc;Meven;;;;;;;;;;;;;
b_sarry;Sarry;;;;;;;;;;;;;
b_sarry_adj;Sarry;;;;;;;;;;;;;
b_sarry_desc;Sarry;;;;;;;;;;;;;
b_abrixton;Abrixton;;;;;;;;;;;;;
b_abrixton_adj;Abrixton;;;;;;;;;;;;;
b_abrixton_desc;Abrixton;;;;;;;;;;;;;
b_ayler;Ayler;;;;;;;;;;;;;
b_ayler_adj;Ayler;;;;;;;;;;;;;
b_ayler_desc;Ayler;;;;;;;;;;;;;
b_moley;Moley;;;;;;;;;;;;;
b_moley_adj;Moley;;;;;;;;;;;;;
b_moley_desc;Moley;;;;;;;;;;;;;
b_beven;Beven;;;;;;;;;;;;;
b_beven_adj;Beven;;;;;;;;;;;;;
b_beven_desc;Beven;;;;;;;;;;;;;
b_kugel;Kugel;;;;;;;;;;;;;
b_kugel_adj;Kugel;;;;;;;;;;;;;
b_kugel_desc;Kugel;;;;;;;;;;;;;
b_lieben;Lieben;;;;;;;;;;;;;
b_lieben_adj;Lieben;;;;;;;;;;;;;
b_lieben_desc;Lieben;;;;;;;;;;;;;
b_krossau;Krossau;;;;;;;;;;;;;
b_krossau_adj;Krossau;;;;;;;;;;;;;
b_krossau_desc;Krossau;;;;;;;;;;;;;
b_kilnroyd;Kilnroyd;;;;;;;;;;;;;
b_kilnroyd_adj;Kilnroyd;;;;;;;;;;;;;
b_kilnroyd_desc;Kilnroyd;;;;;;;;;;;;;
b_creley;Creley;;;;;;;;;;;;;
b_creley_adj;Creley;;;;;;;;;;;;;
b_creley_desc;Creley;;;;;;;;;;;;;
b_haskett;Haskett;;;;;;;;;;;;;
b_haskett_adj;Haskett;;;;;;;;;;;;;
b_haskett_desc;Haskett;;;;;;;;;;;;;
b_bilsum;Bilsum;;;;;;;;;;;;;
b_bilsum_adj;Bilsum;;;;;;;;;;;;;
b_bilsum_desc;Bilsum;;;;;;;;;;;;;
b_krusen;Krusen;;;;;;;;;;;;;
b_krusen_adj;Krusen;;;;;;;;;;;;;
b_krusen_desc;Krusen;;;;;;;;;;;;;
b_friede;Friede;;;;;;;;;;;;;
b_friede_adj;Friede;;;;;;;;;;;;;
b_friede_desc;Friede;;;;;;;;;;;;;
b_kster;Kster;;;;;;;;;;;;;
b_kster_adj;Kster;;;;;;;;;;;;;
b_kster_desc;Kster;;;;;;;;;;;;;
b_katzfeld;Katzfeld;;;;;;;;;;;;;
b_katzfeld_adj;Katzfeld;;;;;;;;;;;;;
b_katzfeld_desc;Katzfeld;;;;;;;;;;;;;
b_stallach;Stallach;;;;;;;;;;;;;
b_stallach_adj;Stallach;;;;;;;;;;;;;
b_stallach_desc;Stallach;;;;;;;;;;;;;
b_stfeld;Stfeld;;;;;;;;;;;;;
b_stfeld_adj;Stfeld;;;;;;;;;;;;;
b_stfeld_desc;Stfeld;;;;;;;;;;;;;
b_neusdorf;Neusdorf;;;;;;;;;;;;;
b_neusdorf_adj;Neusdorf;;;;;;;;;;;;;
b_neusdorf_desc;Neusdorf;;;;;;;;;;;;;
b_wills;Wills;;;;;;;;;;;;;
b_wills_adj;Wills;;;;;;;;;;;;;
b_wills_desc;Wills;;;;;;;;;;;;;
b_spryton;Spryton;;;;;;;;;;;;;
b_spryton_adj;Spryton;;;;;;;;;;;;;
b_spryton_desc;Spryton;;;;;;;;;;;;;
b_halmead;Halmead;;;;;;;;;;;;;
b_halmead_adj;Halmead;;;;;;;;;;;;;
b_halmead_desc;Halmead;;;;;;;;;;;;;
b_amore;Amore;;;;;;;;;;;;;
b_amore_adj;Amore;;;;;;;;;;;;;
b_amore_desc;Amore;;;;;;;;;;;;;
b_harne;Harne;;;;;;;;;;;;;
b_harne_adj;Harne;;;;;;;;;;;;;
b_harne_desc;Harne;;;;;;;;;;;;;
b_butts;Butts;;;;;;;;;;;;;
b_butts_adj;Butts;;;;;;;;;;;;;
b_butts_desc;Butts;;;;;;;;;;;;;
b_peterath;Peterath;;;;;;;;;;;;;
b_peterath_adj;Peterath;;;;;;;;;;;;;
b_peterath_desc;Peterath;;;;;;;;;;;;;
b_kahlbach;Kahlbach;;;;;;;;;;;;;
b_kahlbach_adj;Kahlbach;;;;;;;;;;;;;
b_kahlbach_desc;Kahlbach;;;;;;;;;;;;;
b_biese;Biese;;;;;;;;;;;;;
b_biese_adj;Biese;;;;;;;;;;;;;
b_biese_desc;Biese;;;;;;;;;;;;;
b_depen;Depen;;;;;;;;;;;;;
b_depen_adj;Depen;;;;;;;;;;;;;
b_depen_desc;Depen;;;;;;;;;;;;;
b_haarberg;Haarberg;;;;;;;;;;;;;
b_haarberg_adj;Haarberg;;;;;;;;;;;;;
b_haarberg_desc;Haarberg;;;;;;;;;;;;;
b_tarbury;Tarbury;;;;;;;;;;;;;
b_tarbury_adj;Tarbury;;;;;;;;;;;;;
b_tarbury_desc;Tarbury;;;;;;;;;;;;;
b_ashdyn;Ashdyn;;;;;;;;;;;;;
b_ashdyn_adj;Ashdyn;;;;;;;;;;;;;
b_ashdyn_desc;Ashdyn;;;;;;;;;;;;;
b_beeton;Beeton;;;;;;;;;;;;;
b_beeton_adj;Beeton;;;;;;;;;;;;;
b_beeton_desc;Beeton;;;;;;;;;;;;;
b_annsdorf;Annsdorf;;;;;;;;;;;;;
b_annsdorf_adj;Annsdorf;;;;;;;;;;;;;
b_annsdorf_desc;Annsdorf;;;;;;;;;;;;;
b_berges;Berges;;;;;;;;;;;;;
b_berges_adj;Berges;;;;;;;;;;;;;
b_berges_desc;Berges;;;;;;;;;;;;;
b_hohlen;Hohlen;;;;;;;;;;;;;
b_hohlen_adj;Hohlen;;;;;;;;;;;;;
b_hohlen_desc;Hohlen;;;;;;;;;;;;;
b_campston;Campston;;;;;;;;;;;;;
b_campston_adj;Campston;;;;;;;;;;;;;
b_campston_desc;Campston;;;;;;;;;;;;;
b_mickford;Mickford;;;;;;;;;;;;;
b_mickford_adj;Mickford;;;;;;;;;;;;;
b_mickford_desc;Mickford;;;;;;;;;;;;;
b_whaig;Whaig;;;;;;;;;;;;;
b_whaig_adj;Whaig;;;;;;;;;;;;;
b_whaig_desc;Whaig;;;;;;;;;;;;;
b_south;South;;;;;;;;;;;;;
b_south_adj;South;;;;;;;;;;;;;
b_south_desc;South;;;;;;;;;;;;;
b_catshope;Catshope;;;;;;;;;;;;;
b_catshope_adj;Catshope;;;;;;;;;;;;;
b_catshope_desc;Catshope;;;;;;;;;;;;;
b_duckmill;Duckmill;;;;;;;;;;;;;
b_duckmill_adj;Duckmill;;;;;;;;;;;;;
b_duckmill_desc;Duckmill;;;;;;;;;;;;;
b_lamore;Lamore;;;;;;;;;;;;;
b_lamore_adj;Lamore;;;;;;;;;;;;;
b_lamore_desc;Lamore;;;;;;;;;;;;;
b_helphill;Helphill;;;;;;;;;;;;;
b_helphill_adj;Helphill;;;;;;;;;;;;;
b_helphill_desc;Helphill;;;;;;;;;;;;;
b_wearnby;Wearnby;;;;;;;;;;;;;
b_wearnby_adj;Wearnby;;;;;;;;;;;;;
b_wearnby_desc;Wearnby;;;;;;;;;;;;;
b_arlow;Arlow;;;;;;;;;;;;;
b_arlow_adj;Arlow;;;;;;;;;;;;;
b_arlow_desc;Arlow;;;;;;;;;;;;;
b_fritling;Fritling;;;;;;;;;;;;;
b_fritling_adj;Fritling;;;;;;;;;;;;;
b_fritling_desc;Fritling;;;;;;;;;;;;;
b_grane;Grane;;;;;;;;;;;;;
b_grane_adj;Grane;;;;;;;;;;;;;
b_grane_desc;Grane;;;;;;;;;;;;;
b_obersau;Obersau;;;;;;;;;;;;;
b_obersau_adj;Obersau;;;;;;;;;;;;;
b_obersau_desc;Obersau;;;;;;;;;;;;;
b_kreberg;Kreberg;;;;;;;;;;;;;
b_kreberg_adj;Kreberg;;;;;;;;;;;;;
b_kreberg_desc;Kreberg;;;;;;;;;;;;;
b_salchen;Salchen;;;;;;;;;;;;;
b_salchen_adj;Salchen;;;;;;;;;;;;;
b_salchen_desc;Salchen;;;;;;;;;;;;;
b_tesdorf;Tesdorf;;;;;;;;;;;;;
b_tesdorf_adj;Tesdorf;;;;;;;;;;;;;
b_tesdorf_desc;Tesdorf;;;;;;;;;;;;;
b_wlfeld;Wlfeld;;;;;;;;;;;;;
b_wlfeld_adj;Wlfeld;;;;;;;;;;;;;
b_wlfeld_desc;Wlfeld;;;;;;;;;;;;;
b_bucksley;Bucksley;;;;;;;;;;;;;
b_bucksley_adj;Bucksley;;;;;;;;;;;;;
b_bucksley_desc;Bucksley;;;;;;;;;;;;;
b_tregill;Tregill;;;;;;;;;;;;;
b_tregill_adj;Tregill;;;;;;;;;;;;;
b_tregill_desc;Tregill;;;;;;;;;;;;;
b_hipstone;Hipstone;;;;;;;;;;;;;
b_hipstone_adj;Hipstone;;;;;;;;;;;;;
b_hipstone_desc;Hipstone;;;;;;;;;;;;;
b_heinfeld;Heinfeld;;;;;;;;;;;;;
b_heinfeld_adj;Heinfeld;;;;;;;;;;;;;
b_heinfeld_desc;Heinfeld;;;;;;;;;;;;;
b_johausen;Johausen;;;;;;;;;;;;;
b_johausen_adj;Johausen;;;;;;;;;;;;;
b_johausen_desc;Johausen;;;;;;;;;;;;;
b_sching;Sching;;;;;;;;;;;;;
b_sching_adj;Sching;;;;;;;;;;;;;
b_sching_desc;Sching;;;;;;;;;;;;;
b_drren;Drren;;;;;;;;;;;;;
b_drren_adj;Drren;;;;;;;;;;;;;
b_drren_desc;Drren;;;;;;;;;;;;;
b_tritheim;Tritheim;;;;;;;;;;;;;
b_tritheim_adj;Tritheim;;;;;;;;;;;;;
b_tritheim_desc;Tritheim;;;;;;;;;;;;;
b_deburg;Deburg;;;;;;;;;;;;;
b_deburg_adj;Deburg;;;;;;;;;;;;;
b_deburg_desc;Deburg;;;;;;;;;;;;;
b_kusen;Kusen;;;;;;;;;;;;;
b_kusen_adj;Kusen;;;;;;;;;;;;;
b_kusen_desc;Kusen;;;;;;;;;;;;;
b_nacke;Nacke;;;;;;;;;;;;;
b_nacke_adj;Nacke;;;;;;;;;;;;;
b_nacke_desc;Nacke;;;;;;;;;;;;;
b_barside;Barside;;;;;;;;;;;;;
b_barside_adj;Barside;;;;;;;;;;;;;
b_barside_desc;Barside;;;;;;;;;;;;;
b_hucks;Hucks;;;;;;;;;;;;;
b_hucks_adj;Hucks;;;;;;;;;;;;;
b_hucks_desc;Hucks;;;;;;;;;;;;;
b_silley;Silley;;;;;;;;;;;;;
b_silley_adj;Silley;;;;;;;;;;;;;
b_silley_desc;Silley;;;;;;;;;;;;;
b_stony;Stony;;;;;;;;;;;;;
b_stony_adj;Stony;;;;;;;;;;;;;
b_stony_desc;Stony;;;;;;;;;;;;;
b_walsey;Walsey;;;;;;;;;;;;;
b_walsey_adj;Walsey;;;;;;;;;;;;;
b_walsey_desc;Walsey;;;;;;;;;;;;;
b_oslohe;Oslohe;;;;;;;;;;;;;
b_oslohe_adj;Oslohe;;;;;;;;;;;;;
b_oslohe_desc;Oslohe;;;;;;;;;;;;;
b_herhofen;Herhofen;;;;;;;;;;;;;
b_herhofen_adj;Herhofen;;;;;;;;;;;;;
b_herhofen_desc;Herhofen;;;;;;;;;;;;;
b_piesow;Piesow;;;;;;;;;;;;;
b_piesow_adj;Piesow;;;;;;;;;;;;;
b_piesow_desc;Piesow;;;;;;;;;;;;;
b_dersch;Dersch;;;;;;;;;;;;;
b_dersch_adj;Dersch;;;;;;;;;;;;;
b_dersch_desc;Dersch;;;;;;;;;;;;;
b_malland;Malland;;;;;;;;;;;;;
b_malland_adj;Malland;;;;;;;;;;;;;
b_malland_desc;Malland;;;;;;;;;;;;;
b_leugh;Leugh;;;;;;;;;;;;;
b_leugh_adj;Leugh;;;;;;;;;;;;;
b_leugh_desc;Leugh;;;;;;;;;;;;;
b_lurton;Lurton;;;;;;;;;;;;;
b_lurton_adj;Lurton;;;;;;;;;;;;;
b_lurton_desc;Lurton;;;;;;;;;;;;;
b_wellie;Wellie;;;;;;;;;;;;;
b_wellie_adj;Wellie;;;;;;;;;;;;;
b_wellie_desc;Wellie;;;;;;;;;;;;;
b_brobley;Brobley;;;;;;;;;;;;;
b_brobley_adj;Brobley;;;;;;;;;;;;;
b_brobley_desc;Brobley;;;;;;;;;;;;;
b_wooding;Wooding;;;;;;;;;;;;;
b_wooding_adj;Wooding;;;;;;;;;;;;;
b_wooding_desc;Wooding;;;;;;;;;;;;;
b_cosley;Cosley;;;;;;;;;;;;;
b_cosley_adj;Cosley;;;;;;;;;;;;;
b_cosley_desc;Cosley;;;;;;;;;;;;;
b_pencott;Pencott;;;;;;;;;;;;;
b_pencott_adj;Pencott;;;;;;;;;;;;;
b_pencott_desc;Pencott;;;;;;;;;;;;;
b_hacktone;Hacktone;;;;;;;;;;;;;
b_hacktone_adj;Hacktone;;;;;;;;;;;;;
b_hacktone_desc;Hacktone;;;;;;;;;;;;;
b_westone;Westone;;;;;;;;;;;;;
b_westone_adj;Westone;;;;;;;;;;;;;
b_westone_desc;Westone;;;;;;;;;;;;;
b_whill;Whill;;;;;;;;;;;;;
b_whill_adj;Whill;;;;;;;;;;;;;
b_whill_desc;Whill;;;;;;;;;;;;;
b_codslow;Codslow;;;;;;;;;;;;;
b_codslow_adj;Codslow;;;;;;;;;;;;;
b_codslow_desc;Codslow;;;;;;;;;;;;;
b_shirkham;Shirkham;;;;;;;;;;;;;
b_shirkham_adj;Shirkham;;;;;;;;;;;;;
b_shirkham_desc;Shirkham;;;;;;;;;;;;;
b_walkham;Walkham;;;;;;;;;;;;;
b_walkham_adj;Walkham;;;;;;;;;;;;;
b_walkham_desc;Walkham;;;;;;;;;;;;;
b_puckle;Puckle;;;;;;;;;;;;;
b_puckle_adj;Puckle;;;;;;;;;;;;;
b_puckle_desc;Puckle;;;;;;;;;;;;;
b_hawbank;Hawbank;;;;;;;;;;;;;
b_hawbank_adj;Hawbank;;;;;;;;;;;;;
b_hawbank_desc;Hawbank;;;;;;;;;;;;;
b_luxton;Luxton;;;;;;;;;;;;;
b_luxton_adj;Luxton;;;;;;;;;;;;;
b_luxton_desc;Luxton;;;;;;;;;;;;;
b_carthy;Carthy;;;;;;;;;;;;;
b_carthy_adj;Carthy;;;;;;;;;;;;;
b_carthy_desc;Carthy;;;;;;;;;;;;;
b_peardon;Peardon;;;;;;;;;;;;;
b_peardon_adj;Peardon;;;;;;;;;;;;;
b_peardon_desc;Peardon;;;;;;;;;;;;;
b_beachy;Beachy;;;;;;;;;;;;;
b_beachy_adj;Beachy;;;;;;;;;;;;;
b_beachy_desc;Beachy;;;;;;;;;;;;;
b_athton;Athton;;;;;;;;;;;;;
b_athton_adj;Athton;;;;;;;;;;;;;
b_athton_desc;Athton;;;;;;;;;;;;;
b_ardle;Ardle;;;;;;;;;;;;;
b_ardle_adj;Ardle;;;;;;;;;;;;;
b_ardle_desc;Ardle;;;;;;;;;;;;;
b_midge;Midge;;;;;;;;;;;;;
b_midge_adj;Midge;;;;;;;;;;;;;
b_midge_desc;Midge;;;;;;;;;;;;;
b_churst;Churst;;;;;;;;;;;;;
b_churst_adj;Churst;;;;;;;;;;;;;
b_churst_desc;Churst;;;;;;;;;;;;;
b_ravens;Ravens;;;;;;;;;;;;;
b_ravens_adj;Ravens;;;;;;;;;;;;;
b_ravens_desc;Ravens;;;;;;;;;;;;;
b_bradston;Bradston;;;;;;;;;;;;;
b_bradston_adj;Bradston;;;;;;;;;;;;;
b_bradston_desc;Bradston;;;;;;;;;;;;;
b_horpe;Horpe;;;;;;;;;;;;;
b_horpe_adj;Horpe;;;;;;;;;;;;;
b_horpe_desc;Horpe;;;;;;;;;;;;;
b_harpool;Harpool;;;;;;;;;;;;;
b_harpool_adj;Harpool;;;;;;;;;;;;;
b_harpool_desc;Harpool;;;;;;;;;;;;;
b_taton;Taton;;;;;;;;;;;;;
b_taton_adj;Taton;;;;;;;;;;;;;
b_taton_desc;Taton;;;;;;;;;;;;;
b_rodmead;Rodmead;;;;;;;;;;;;;
b_rodmead_adj;Rodmead;;;;;;;;;;;;;
b_rodmead_desc;Rodmead;;;;;;;;;;;;;
b_macewood;Macewood;;;;;;;;;;;;;
b_macewood_adj;Macewood;;;;;;;;;;;;;
b_macewood_desc;Macewood;;;;;;;;;;;;;
b_creen;Creen;;;;;;;;;;;;;
b_creen_adj;Creen;;;;;;;;;;;;;
b_creen_desc;Creen;;;;;;;;;;;;;
b_crood;Crood;;;;;;;;;;;;;
b_crood_adj;Crood;;;;;;;;;;;;;
b_crood_desc;Crood;;;;;;;;;;;;;
b_daleby;Daleby;;;;;;;;;;;;;
b_daleby_adj;Daleby;;;;;;;;;;;;;
b_daleby_desc;Daleby;;;;;;;;;;;;;
b_towell;Towell;;;;;;;;;;;;;
b_towell_adj;Towell;;;;;;;;;;;;;
b_towell_desc;Towell;;;;;;;;;;;;;
b_branfree;Branfree;;;;;;;;;;;;;
b_branfree_adj;Branfree;;;;;;;;;;;;;
b_branfree_desc;Branfree;;;;;;;;;;;;;
b_venhill;Venhill;;;;;;;;;;;;;
b_venhill_adj;Venhill;;;;;;;;;;;;;
b_venhill_desc;Venhill;;;;;;;;;;;;;
b_sington;Sington;;;;;;;;;;;;;
b_sington_adj;Sington;;;;;;;;;;;;;
b_sington_desc;Sington;;;;;;;;;;;;;
b_twick;Twick;;;;;;;;;;;;;
b_twick_adj;Twick;;;;;;;;;;;;;
b_twick_desc;Twick;;;;;;;;;;;;;
b_publey;Publey;;;;;;;;;;;;;
b_publey_adj;Publey;;;;;;;;;;;;;
b_publey_desc;Publey;;;;;;;;;;;;;
b_leaze;Leaze;;;;;;;;;;;;;
b_leaze_adj;Leaze;;;;;;;;;;;;;
b_leaze_desc;Leaze;;;;;;;;;;;;;
b_holles;Holles;;;;;;;;;;;;;
b_holles_adj;Holles;;;;;;;;;;;;;
b_holles_desc;Holles;;;;;;;;;;;;;
b_whisbury;Whisbury;;;;;;;;;;;;;
b_whisbury_adj;Whisbury;;;;;;;;;;;;;
b_whisbury_desc;Whisbury;;;;;;;;;;;;;
b_hinge;Hinge;;;;;;;;;;;;;
b_hinge_adj;Hinge;;;;;;;;;;;;;
b_hinge_desc;Hinge;;;;;;;;;;;;;
b_colly;Colly;;;;;;;;;;;;;
b_colly_adj;Colly;;;;;;;;;;;;;
b_colly_desc;Colly;;;;;;;;;;;;;
b_clarham;Clarham;;;;;;;;;;;;;
b_clarham_adj;Clarham;;;;;;;;;;;;;
b_clarham_desc;Clarham;;;;;;;;;;;;;
b_depton;Depton;;;;;;;;;;;;;
b_depton_adj;Depton;;;;;;;;;;;;;
b_depton_desc;Depton;;;;;;;;;;;;;
b_crowson;Crowson;;;;;;;;;;;;;
b_crowson_adj;Crowson;;;;;;;;;;;;;
b_crowson_desc;Crowson;;;;;;;;;;;;;
b_house;House;;;;;;;;;;;;;
b_house_adj;House;;;;;;;;;;;;;
b_house_desc;House;;;;;;;;;;;;;
b_ferrows;Ferrows;;;;;;;;;;;;;
b_ferrows_adj;Ferrows;;;;;;;;;;;;;
b_ferrows_desc;Ferrows;;;;;;;;;;;;;
b_henby;Henby;;;;;;;;;;;;;
b_henby_adj;Henby;;;;;;;;;;;;;
b_henby_desc;Henby;;;;;;;;;;;;;
b_decote;Decote;;;;;;;;;;;;;
b_decote_adj;Decote;;;;;;;;;;;;;
b_decote_desc;Decote;;;;;;;;;;;;;
b_drake;Drake;;;;;;;;;;;;;
b_drake_adj;Drake;;;;;;;;;;;;;
b_drake_desc;Drake;;;;;;;;;;;;;
b_grimble;Grimble;;;;;;;;;;;;;
b_grimble_adj;Grimble;;;;;;;;;;;;;
b_grimble_desc;Grimble;;;;;;;;;;;;;
b_littley;Littley;;;;;;;;;;;;;
b_littley_adj;Littley;;;;;;;;;;;;;
b_littley_desc;Littley;;;;;;;;;;;;;
b_thorsley;Thorsley;;;;;;;;;;;;;
b_thorsley_adj;Thorsley;;;;;;;;;;;;;
b_thorsley_desc;Thorsley;;;;;;;;;;;;;
b_dunny;Dunny;;;;;;;;;;;;;
b_dunny_adj;Dunny;;;;;;;;;;;;;
b_dunny_desc;Dunny;;;;;;;;;;;;;
b_beacroft;Beacroft;;;;;;;;;;;;;
b_beacroft_adj;Beacroft;;;;;;;;;;;;;
b_beacroft_desc;Beacroft;;;;;;;;;;;;;
b_axtone;Axtone;;;;;;;;;;;;;
b_axtone_adj;Axtone;;;;;;;;;;;;;
b_axtone_desc;Axtone;;;;;;;;;;;;;
b_addleton;Addleton;;;;;;;;;;;;;
b_addleton_adj;Addleton;;;;;;;;;;;;;
b_addleton_desc;Addleton;;;;;;;;;;;;;
b_scrook;Scrook;;;;;;;;;;;;;
b_scrook_adj;Scrook;;;;;;;;;;;;;
b_scrook_desc;Scrook;;;;;;;;;;;;;
b_wreck;Wreck;;;;;;;;;;;;;
b_wreck_adj;Wreck;;;;;;;;;;;;;
b_wreck_desc;Wreck;;;;;;;;;;;;;
b_nupenham;Nupenham;;;;;;;;;;;;;
b_nupenham_adj;Nupenham;;;;;;;;;;;;;
b_nupenham_desc;Nupenham;;;;;;;;;;;;;
b_stasset;Stasset;;;;;;;;;;;;;
b_stasset_adj;Stasset;;;;;;;;;;;;;
b_stasset_desc;Stasset;;;;;;;;;;;;;
b_leath;Leath;;;;;;;;;;;;;
b_leath_adj;Leath;;;;;;;;;;;;;
b_leath_desc;Leath;;;;;;;;;;;;;
b_crossa;Crossa;;;;;;;;;;;;;
b_crossa_adj;Crossa;;;;;;;;;;;;;
b_crossa_desc;Crossa;;;;;;;;;;;;;
b_torpe;Torpe;;;;;;;;;;;;;
b_torpe_adj;Torpe;;;;;;;;;;;;;
b_torpe_desc;Torpe;;;;;;;;;;;;;
b_cosmoor;Cosmoor;;;;;;;;;;;;;
b_cosmoor_adj;Cosmoor;;;;;;;;;;;;;
b_cosmoor_desc;Cosmoor;;;;;;;;;;;;;
b_maghton;Maghton;;;;;;;;;;;;;
b_maghton_adj;Maghton;;;;;;;;;;;;;
b_maghton_desc;Maghton;;;;;;;;;;;;;
b_mustead;Mustead;;;;;;;;;;;;;
b_mustead_adj;Mustead;;;;;;;;;;;;;
b_mustead_desc;Mustead;;;;;;;;;;;;;
b_heyrock;Heyrock;;;;;;;;;;;;;
b_heyrock_adj;Heyrock;;;;;;;;;;;;;
b_heyrock_desc;Heyrock;;;;;;;;;;;;;
b_mingtone;Mingtone;;;;;;;;;;;;;
b_mingtone_adj;Mingtone;;;;;;;;;;;;;
b_mingtone_desc;Mingtone;;;;;;;;;;;;;
b_kneet;Kneet;;;;;;;;;;;;;
b_kneet_adj;Kneet;;;;;;;;;;;;;
b_kneet_desc;Kneet;;;;;;;;;;;;;
b_windaler;Windaler;;;;;;;;;;;;;
b_windaler_adj;Windaler;;;;;;;;;;;;;
b_windaler_desc;Windaler;;;;;;;;;;;;;
b_walmall;Walmall;;;;;;;;;;;;;
b_walmall_adj;Walmall;;;;;;;;;;;;;
b_walmall_desc;Walmall;;;;;;;;;;;;;
b_darwell;Darwell;;;;;;;;;;;;;
b_darwell_adj;Darwell;;;;;;;;;;;;;
b_darwell_desc;Darwell;;;;;;;;;;;;;
b_gascote;Gascote;;;;;;;;;;;;;
b_gascote_adj;Gascote;;;;;;;;;;;;;
b_gascote_desc;Gascote;;;;;;;;;;;;;
b_halwick;Halwick;;;;;;;;;;;;;
b_halwick_adj;Halwick;;;;;;;;;;;;;
b_halwick_desc;Halwick;;;;;;;;;;;;;
b_behrum;Behrum;;;;;;;;;;;;;
b_behrum_adj;Behrum;;;;;;;;;;;;;
b_behrum_desc;Behrum;;;;;;;;;;;;;
b_kothe;Kothe;;;;;;;;;;;;;
b_kothe_adj;Kothe;;;;;;;;;;;;;
b_kothe_desc;Kothe;;;;;;;;;;;;;
b_deelum;Deelum;;;;;;;;;;;;;
b_deelum_adj;Deelum;;;;;;;;;;;;;
b_deelum_desc;Deelum;;;;;;;;;;;;;
b_sulges;Sulges;;;;;;;;;;;;;
b_sulges_adj;Sulges;;;;;;;;;;;;;
b_sulges_desc;Sulges;;;;;;;;;;;;;
b_balkston;Balkston;;;;;;;;;;;;;
b_balkston_adj;Balkston;;;;;;;;;;;;;
b_balkston_desc;Balkston;;;;;;;;;;;;;
b_iving;Iving;;;;;;;;;;;;;
b_iving_adj;Iving;;;;;;;;;;;;;
b_iving_desc;Iving;;;;;;;;;;;;;
b_buxwood;Buxwood;;;;;;;;;;;;;
b_buxwood_adj;Buxwood;;;;;;;;;;;;;
b_buxwood_desc;Buxwood;;;;;;;;;;;;;
b_calcote;Calcote;;;;;;;;;;;;;
b_calcote_adj;Calcote;;;;;;;;;;;;;
b_calcote_desc;Calcote;;;;;;;;;;;;;
b_dunslow;Dunslow;;;;;;;;;;;;;
b_dunslow_adj;Dunslow;;;;;;;;;;;;;
b_dunslow_desc;Dunslow;;;;;;;;;;;;;
b_woole;Woole;;;;;;;;;;;;;
b_woole_adj;Woole;;;;;;;;;;;;;
b_woole_desc;Woole;;;;;;;;;;;;;
b_remsdorf;Remsdorf;;;;;;;;;;;;;
b_remsdorf_adj;Remsdorf;;;;;;;;;;;;;
b_remsdorf_desc;Remsdorf;;;;;;;;;;;;;
b_druxdorf;Druxdorf;;;;;;;;;;;;;
b_druxdorf_adj;Druxdorf;;;;;;;;;;;;;
b_druxdorf_desc;Druxdorf;;;;;;;;;;;;;
b_sippach;Sippach;;;;;;;;;;;;;
b_sippach_adj;Sippach;;;;;;;;;;;;;
b_sippach_desc;Sippach;;;;;;;;;;;;;
b_grosser;Grosser;;;;;;;;;;;;;
b_grosser_adj;Grosser;;;;;;;;;;;;;
b_grosser_desc;Grosser;;;;;;;;;;;;;
b_unterfen;Unterfen;;;;;;;;;;;;;
b_unterfen_adj;Unterfen;;;;;;;;;;;;;
b_unterfen_desc;Unterfen;;;;;;;;;;;;;
b_fredel;Fredel;;;;;;;;;;;;;
b_fredel_adj;Fredel;;;;;;;;;;;;;
b_fredel_desc;Fredel;;;;;;;;;;;;;
b_gerles;Gerles;;;;;;;;;;;;;
b_gerles_adj;Gerles;;;;;;;;;;;;;
b_gerles_desc;Gerles;;;;;;;;;;;;;
b_ledorf;Ledorf;;;;;;;;;;;;;
b_ledorf_adj;Ledorf;;;;;;;;;;;;;
b_ledorf_desc;Ledorf;;;;;;;;;;;;;
b_reipp;Reipp;;;;;;;;;;;;;
b_reipp_adj;Reipp;;;;;;;;;;;;;
b_reipp_desc;Reipp;;;;;;;;;;;;;
b_borgen;Borgen;;;;;;;;;;;;;
b_borgen_adj;Borgen;;;;;;;;;;;;;
b_borgen_desc;Borgen;;;;;;;;;;;;;
b_kastedt;Kastedt;;;;;;;;;;;;;
b_kastedt_adj;Kastedt;;;;;;;;;;;;;
b_kastedt_desc;Kastedt;;;;;;;;;;;;;
b_echwitz;Echwitz;;;;;;;;;;;;;
b_echwitz_adj;Echwitz;;;;;;;;;;;;;
b_echwitz_desc;Echwitz;;;;;;;;;;;;;
b_marsch;Marsch;;;;;;;;;;;;;
b_marsch_adj;Marsch;;;;;;;;;;;;;
b_marsch_desc;Marsch;;;;;;;;;;;;;
b_drichhof;Drichhof;;;;;;;;;;;;;
b_drichhof_adj;Drichhof;;;;;;;;;;;;;
b_drichhof_desc;Drichhof;;;;;;;;;;;;;
b_deich;Deich;;;;;;;;;;;;;
b_deich_adj;Deich;;;;;;;;;;;;;
b_deich_desc;Deich;;;;;;;;;;;;;
b_holmfeld;Holmfeld;;;;;;;;;;;;;
b_holmfeld_adj;Holmfeld;;;;;;;;;;;;;
b_holmfeld_desc;Holmfeld;;;;;;;;;;;;;
b_oberoden;Oberoden;;;;;;;;;;;;;
b_oberoden_adj;Oberoden;;;;;;;;;;;;;
b_oberoden_desc;Oberoden;;;;;;;;;;;;;
b_dargdorf;Dargdorf;;;;;;;;;;;;;
b_dargdorf_adj;Dargdorf;;;;;;;;;;;;;
b_dargdorf_desc;Dargdorf;;;;;;;;;;;;;
b_baller;Baller;;;;;;;;;;;;;
b_baller_adj;Baller;;;;;;;;;;;;;
b_baller_desc;Baller;;;;;;;;;;;;;
b_rutten;Rutten;;;;;;;;;;;;;
b_rutten_adj;Rutten;;;;;;;;;;;;;
b_rutten_desc;Rutten;;;;;;;;;;;;;
b_berth;Berth;;;;;;;;;;;;;
b_berth_adj;Berth;;;;;;;;;;;;;
b_berth_desc;Berth;;;;;;;;;;;;;
b_unter;Unter;;;;;;;;;;;;;
b_unter_adj;Unter;;;;;;;;;;;;;
b_unter_desc;Unter;;;;;;;;;;;;;
b_klaffen;Klaffen;;;;;;;;;;;;;
b_klaffen_adj;Klaffen;;;;;;;;;;;;;
b_klaffen_desc;Klaffen;;;;;;;;;;;;;
b_herwitz;Herwitz;;;;;;;;;;;;;
b_herwitz_adj;Herwitz;;;;;;;;;;;;;
b_herwitz_desc;Herwitz;;;;;;;;;;;;;
b_neugolz;Neugolz;;;;;;;;;;;;;
b_neugolz_adj;Neugolz;;;;;;;;;;;;;
b_neugolz_desc;Neugolz;;;;;;;;;;;;;
b_hunsreut;Hunsreut;;;;;;;;;;;;;
b_hunsreut_adj;Hunsreut;;;;;;;;;;;;;
b_hunsreut_desc;Hunsreut;;;;;;;;;;;;;
b_metzin;Metzin;;;;;;;;;;;;;
b_metzin_adj;Metzin;;;;;;;;;;;;;
b_metzin_desc;Metzin;;;;;;;;;;;;;
b_seyba;Seyba;;;;;;;;;;;;;
b_seyba_adj;Seyba;;;;;;;;;;;;;
b_seyba_desc;Seyba;;;;;;;;;;;;;
b_giesheim;Giesheim;;;;;;;;;;;;;
b_giesheim_adj;Giesheim;;;;;;;;;;;;;
b_giesheim_desc;Giesheim;;;;;;;;;;;;;
b_kirmse;Kirmse;;;;;;;;;;;;;
b_kirmse_adj;Kirmse;;;;;;;;;;;;;
b_kirmse_desc;Kirmse;;;;;;;;;;;;;
b_bredekow;Bredekow;;;;;;;;;;;;;
b_bredekow_adj;Bredekow;;;;;;;;;;;;;
b_bredekow_desc;Bredekow;;;;;;;;;;;;;
b_aulbach;Aulbach;;;;;;;;;;;;;
b_aulbach_adj;Aulbach;;;;;;;;;;;;;
b_aulbach_desc;Aulbach;;;;;;;;;;;;;
b_rochsen;Rochsen;;;;;;;;;;;;;
b_rochsen_adj;Rochsen;;;;;;;;;;;;;
b_rochsen_desc;Rochsen;;;;;;;;;;;;;
b_kromer;Kromer;;;;;;;;;;;;;
b_kromer_adj;Kromer;;;;;;;;;;;;;
b_kromer_desc;Kromer;;;;;;;;;;;;;
b_rebbel;Rebbel;;;;;;;;;;;;;
b_rebbel_adj;Rebbel;;;;;;;;;;;;;
b_rebbel_desc;Rebbel;;;;;;;;;;;;;
b_edern;Edern;;;;;;;;;;;;;
b_edern_adj;Edern;;;;;;;;;;;;;
b_edern_desc;Edern;;;;;;;;;;;;;
b_kiesborn;Kiesborn;;;;;;;;;;;;;
b_kiesborn_adj;Kiesborn;;;;;;;;;;;;;
b_kiesborn_desc;Kiesborn;;;;;;;;;;;;;
b_hitte;Hitte;;;;;;;;;;;;;
b_hitte_adj;Hitte;;;;;;;;;;;;;
b_hitte_desc;Hitte;;;;;;;;;;;;;
b_uller;Uller;;;;;;;;;;;;;
b_uller_adj;Uller;;;;;;;;;;;;;
b_uller_desc;Uller;;;;;;;;;;;;;
b_baier;Baier;;;;;;;;;;;;;
b_baier_adj;Baier;;;;;;;;;;;;;
b_baier_desc;Baier;;;;;;;;;;;;;
b_friethe;Friethe;;;;;;;;;;;;;
b_friethe_adj;Friethe;;;;;;;;;;;;;
b_friethe_desc;Friethe;;;;;;;;;;;;;
b_senthal;Senthal;;;;;;;;;;;;;
b_senthal_adj;Senthal;;;;;;;;;;;;;
b_senthal_desc;Senthal;;;;;;;;;;;;;
b_drecht;Drecht;;;;;;;;;;;;;
b_drecht_adj;Drecht;;;;;;;;;;;;;
b_drecht_desc;Drecht;;;;;;;;;;;;;
b_groefeld;Groefeld;;;;;;;;;;;;;
b_groefeld_adj;Groefeld;;;;;;;;;;;;;
b_groefeld_desc;Groefeld;;;;;;;;;;;;;
b_greusen;Greusen;;;;;;;;;;;;;
b_greusen_adj;Greusen;;;;;;;;;;;;;
b_greusen_desc;Greusen;;;;;;;;;;;;;
b_aichsel;Aichsel;;;;;;;;;;;;;
b_aichsel_adj;Aichsel;;;;;;;;;;;;;
b_aichsel_desc;Aichsel;;;;;;;;;;;;;
b_gleim;Gleim;;;;;;;;;;;;;
b_gleim_adj;Gleim;;;;;;;;;;;;;
b_gleim_desc;Gleim;;;;;;;;;;;;;
b_reibing;Reibing;;;;;;;;;;;;;
b_reibing_adj;Reibing;;;;;;;;;;;;;
b_reibing_desc;Reibing;;;;;;;;;;;;;
b_beishof;Beishof;;;;;;;;;;;;;
b_beishof_adj;Beishof;;;;;;;;;;;;;
b_beishof_desc;Beishof;;;;;;;;;;;;;
b_erfen;Erfen;;;;;;;;;;;;;
b_erfen_adj;Erfen;;;;;;;;;;;;;
b_erfen_desc;Erfen;;;;;;;;;;;;;
